phone,review
Xiaomi 17T Pro,oh my god what happened to those greens in the photos horrible oversaturation it looks like a bbk factory phone not even realme dared to go that far xiaomis photography is getting worse and worse long live the pixels
Xiaomi 17T Pro,hyperos is a breeze to use compared to the stock pixel experience how can a sw company like google produce such a buggy mess is beyond me
Xiaomi 17T Pro,yep as i mentioned very few thats one of the few also a very similar offering to the xiaomi 17t pro  the honor is still available though with a 200 euro coupon in europe i checked in germany so it comes in at 799 euro for 12gb 512gb which 
Xiaomi 17T,cyberday is happening in chile this week with great deals and they just launched it clp 489990 which is about usd 550
Xiaomi 17T,good suggestion 
Xiaomi 17T,yet they spend time switching to 4k60 from 1080p30 thats selected out of the box hence going to be used by most people vivid to natural is a similar onetap change that tremendously improves image quality your point
Infinix Note 60 Pro,"this is so stupidly accurate  
this phone by upper midrange standards does its mid assignment very well  
 
listen if youre coming from a 5year old mid tier midrange like i was redmi note 10 pro legend "
Infinix Note 60 Pro,thats the best review of a device ive come across so far 
Infinix Note 60 Pro,why would you copy something to this extent
Honor 600,another concompromise not mentionned here is the vibration motor which sounds the same as that of the 600 lite highpitched and of the rotating mass category its the kind you would find on much cheaper phones and sufer comparison with midr
Honor 600,"i like it 
but its out of my budget"
Honor 600,does nfs work on the eu version 
Sony Xperia 1 VIII,maybe because its aiming to be a good phone overall with useful features how are you comparing a phone that is specifically made to have the best camera to a flagshipwhich still has a good camera it just isnt the main focus by a lot
Sony Xperia 1 VIII,vivo x300 ultra is much better than this i think sony need to improve the ui too
Sony Xperia 1 VIII,"what are you talking about its literally the simplest naming scheme possible 
 
the first number denotes the model 1 as the flagship the former 5 as the compact flagship 10 as the midranger 
 
the number written in roman numerals de"
vivo X300 FE,i wouldnt want that giant monstrosity imo though  people shopping the x300x300 fe are purposefully looking for something smaller
vivo X300 FE,looks like vivo has given up my phone  1y old vivo t4 ultra  less than half the price of 300fe in india  has much better 10x telephoto shots that actually looks like optical  from the same 50mp 70mm 1195 sensor looks like too much ai slop is 
vivo X300 FE,well ram and memory were overpriced nowadays
OnePlus Nord CE6 hands-on,"any phone is better than this for example oppo k13 turbo is far faster with dimensity 8450 4k60 has more cameras 12gb choice if you want and still a strong 7000 mah battery for far lesser cash 
 
ill say ce6 is a fraud"
OnePlus Nord CE6 hands-on,all of them
OnePlus Nord CE6 hands-on,"n version global is 7500mah battery c in addition to only 5 years useful life on its official website it appears no india 
 
 no microsd  
 sensor camera omnivision ov50d40 
 processor snapdragon 7s gen 4 4nm 
 8gb of ram 
 bluet"
Honor 600 Pro,useless honor they have removed so many features like you cant even say cheese to take a photo and the ai is pathetic useless no lock screen shortcuts either
Honor 600 Pro,"450 eur for pro version  are you sure d   
 
here is even non pro version and without gifts more expansive  
 
but magic8 pro just sometimes was for nice 900 eur and of course will go down under the 800 eur will be magic price for magic "
Honor 600 Pro,"iphone users are the real wannabes 
cheap tier crowd using cheap quality products"
OnePlus Pad 4 hands-on,theyre not shutting down in america i just bought something from theyre going in hoops with another company theyre both sister companies are oppo  i personally have the oneplus pad 3 and its the best tablet ive ever 
OnePlus Pad 4 hands-on,tablets in general have gotten too large the only reasonably sized one is the lenovo tab one and its specs make it less worthwhile imo
OnePlus Pad 4 hands-on,when it comes to android competition in the western hemisphere samsung and google are the 2 top dogs i wouldnt buy anything made by oneplus there shutting down in the north america and i believe if im not mistaken they are getting repl
vivo X300 Ultra,"i bought it finally 
5th day then i hope i get it 
next month"
vivo X300 Ultra,"this is the only positive comment from you on this site i found it interesting  
very igen"
vivo X300 Ultra,find x7 ultra unless you use the uw all the time x6 pros uw cam was better easily but everything else was better on the x7u
Moto G Stylus (2026),i have the 2024 g stylus and i love it best phone ive had in years
Moto G Stylus (2026),tmo currently sells this phone for 189 at that price this is an amazing deal i own the 2025 model and dont see any reason to upgrade but for everyone tired of paying flagship prices for mid phones this is a great option with sorely missed 
Moto G Stylus (2026),i own the 2024 version and it has been the best phone i have ever owned i found my past samsungs google phones expensive with a lot less features
Infinix Note 60 Ultra,i bought the phone with no second thought and super love the design and performance for work dan daily driver all the talk about poco samsung s25fe and xiaomi and realme those are very boring phone its a great deal for the price as i owned huawe
Infinix Note 60 Ultra,price is over too much for a phone with midrange processor
Infinix Note 60 Ultra,can u root infinix devices easily
Oppo Find X9 Ultra,why advertise 100w charging and it peaks at 83w
Oppo Find X9 Ultra,this phone has amazing battery and camera compared to my s24 ultra the both run very fast and are compatible with speed tests like opening apps etc did a side by side 100x zoom and the difference is staggering managed to get on a deal in uk for 9
Oppo Find X9 Ultra,"yep youre completly right 
 
pricing here in austria is horrendous as well i think 1700 even with a coupon and that for only the 512gb and 12gb version 
 
i already have a xiaomi 15 ultra so i wont be buying the phone anytime soo"
vivo V70 FE,i guess the next one will be the oppo find x9 ultra its launching today in china and the speaker test is up plus oppo seems to have supplied it to all the major reviewers and theyre advertising the chinese launch as the global launch  
vivo V70 FE,"what about camera  
like 200mp  20mp"
vivo V70 FE,vivo copying samsung lol they dont have ideas so they are stealing from other companies lol
Samsung Galaxy A37,huh what are you blabbing about
Samsung Galaxy A37," from 500 to dipping under 400 within 1 month  this is bcos samsung phones are worthless and ppl can simply wait it out and buy at 200 or buy other better brands  
samsungs entire production and pricing strategy can be referred to"
Samsung Galaxy A37,nobodys saying the flagship model is less superior 
Samsung Galaxy A57,recently samsung has killed the only advantage of their a series phones starting with the a36a56a57 by removing the sdcard slot  i work at a phone repair shop and get customers daily with unfixable brokensmashed phones looking to tra
Samsung Galaxy A57,"not quite exynos 1680  sd 8 gen 1 and a lot more efficient in real life 
httpsnanoreviewnetensoccomparesamsungexynos1680vsqualcommsnapdragon8gen1"
Samsung Galaxy A57,nokia 232 analog 
OnePlus Nord 6 hands-on,"on the image battery capacity is showing as 7500 mah 
7500mah 
80w"
OnePlus Nord 6 hands-on,"what are you talking about xiaomi is the king of adb 
no other phone is so easy to customize through adb"
OnePlus Nord 6 hands-on,why the software on poco is dog water  i mean hyperos 3 everybody hates that crap waste its completely locked down you can barely run an adb command just buy an iphone at that rate at least the software wont be as childish
Nothing Phone (4a) Pro,there people who not only like this design but would pay a giant premium for it this design this specific one that looks like a kids space phone you
Nothing Phone (4a) Pro,"since when is 500 a flagship price for phones in year 2026  
 
and what flagship would that be  
i asume you mean poco x8 ultra  
 
okay so why is oppo find x9 ultra costing 1800 when poco x8 ultra is so much cheaper and also a flagship "
Nothing Phone (4a) Pro,welp maybe people who have more than 2 braincells in their brains sure it may seem like the 4a pro has a mediocre chip mediocre cameras a small battery with slow charging at a high price but have you considered processing that information 
Nothing Phone (4a),"no it doesnt 
ip69 or ip68 or anything is cheaper as long as there are lot of phones in bulk that need that coating 
 
besides if other brands are providing it then theres no excuse for nothing 
this is a tight market and you hav"
Nothing Phone (4a),calling ip69 excessive and overkill is justified when low end and midrange smartphones have ip69 rating to achieve ip69 it gets really costly hardware wise when you do that on a flagship phone it doesnt seem much cost wise because they hav
Nothing Phone (4a),you probably dont even know what 80 were
Oppo Find N6,the oppo find n6 is way better than the galaxy fold z7 i changed from the z7 to the n6 and it is better in every single way except for maybe the speakers but who uses the speakers on their phone anyway i dont understand how samsung can charge
Oppo Find N6,oppo find n6 id say
Oppo Find N6,for me a disappointment in my opinion the meaningless pursuit of the invisible fold of the flexible display is practically pointless it will not bring any better user experience i have had the vivo x fold3 pro for more than 2 years a
Xiaomi Pad 8 Pro,"12 bit 
after or before dithering 
 
"
Xiaomi Pad 8 Pro,"lol this npc actually answered  
did u use chat gpt to come up with that detailed answer "
Xiaomi Pad 8 Pro,"what and why are you in the middle of a desert that is also assuming theres cellular service if there isnt you be dead too anyway 
 
you would need a sat capable phone like one of those iphones newer pixel or samsung 
 
if this"
Poco X8 Pro,the review does not go into how this phone supports hires audio via usbc and wireless via bluetooth the xiaomi website specs state  hires  hires audio wireless certification dolby atmos and that is the biggest reason id buy this phone s
Poco X8 Pro,its the apple effect when everyone sees the anticonsumer things apple gets away with they want to copy it
Poco X8 Pro,reread my comment until you get it
Apple iPhone 17e,i had been unfortunate enough to have to deal with ios at my job on a daily basis for 6 whole years on 3 separate devices 6s 11 and 14pro and honestly i have no idea how people can use this frustratingly restrictive and bafflingly anti consumer c
Apple iPhone 17e,"im not denying people have used such cameras on their holidays and lots of people to that matter but those people dont care about photography 
 
and i agree people do use smartphones nowadays as their main cameras on their holidays"
Apple iPhone 17e,"you dont live in real life 
in 20002010 people used mostly compact for holidayi used the a1100 up to 2016 as my last one after a sony dscp73 
nowaday people mostly uses smartphones  thats what you can see everywhere  
it"
Poco X8 Pro Max,im sorry but they always skip some great futures like 4k display hdmi out 8k video recording 35mm jack card slot so where is the evolution if 7 years a go samsung s10 had all off this
Poco X8 Pro Max,amazing battery 
Poco X8 Pro Max,you can dimensity 9500s slightly upgrade version  not much but its more powerful then dimensity 9400  last year flagship chip its common sense for xiaomi as b2b with mediatek purchase the same chip  last year  with many quantity wh
Google Pixel 10a,imma get that 10a and also therapy for buyers remorse but it is so fing expensive in eu gusy 600  what the actual f  greedgle
Google Pixel 10a,yes but its still a substantial upgrade managed to squeeze 340 cycles from a 7a and battery life is still reasonable im suspecting that provided cycles like 1000 for 10a arent what youll get in the real world i think 7a 
Google Pixel 10a,true same for every other brand though
Samsung Galaxy S26,wellthank you but no thank youi would never buy chinese trashand watching that os every day is no to me
Samsung Galaxy S26,i love mineno problem with exynos one ui 85 is excellent it also takes excellent photos day and night
Samsung Galaxy S26,i traded my motorola razr 50 ultra for this one in the local store the trade cost me 410 for s26 and watch 8
Samsung Galaxy S26+,so the cameras are almost identical to four years ago the galaxy s22 and yet thats not listed as a con 
Samsung Galaxy S26+,nah you can actually find new ones for that price and that is with vat
Samsung Galaxy S26+,no isnt the ultra having snapdragon and 100mah more battery even with that it lost to exynos plus
vivo V70,"idk about the pro max as they dont sell it offline where i live but i saw an x8 pro once it has the same haptic motor as most xiaomi midranges xaxis but motor is pretty small so feedback isnt as nice as on flagship models  
so it s"
vivo V70,"which is a trend in current wingtech designs  
 
for the most part the space intended for the vibrator is now used up for batteries and an expanding space for cases where the battery may have a chance of inflating despite how sic ba"
vivo V70,who agrees that vivo has just taken a fatal step for its midrange phones especially in terms of cameras where they emphasize their photography capabilities i mean they added a telephoto lens then did a major downgrade on the ultrawide lens 
Samsung Galaxy S26 Ultra,score should be 42 max this is not better than the honor magic8 pro
Samsung Galaxy S26 Ultra,the s10 had an amazing screen idk what your complaining about curved or not it was beautiful and im typing this message on the s10
Samsung Galaxy S26 Ultra,"the curved screen is why i didnt get a galaxy s ultra earlier i did not get one until the s24 ultra i cant stand those curved screens they are the worst 
 
i absolutely hated the curved screen on my galaxy s10 or was it the s8 on"
Google Pixel 10a hands-on,lower battery life
Google Pixel 10a hands-on,this hands on is so negative its odd gsma has been so generous to samsung for doing the exact same thing with their 26series reviews
Google Pixel 10a hands-on,try xiaomi it has call recording out of the box
Tecno Camon 50 Ultra,hows your experience with the camon 40 premier so far
Tecno Camon 50 Ultra,this years camon hasnt quite excited me as much the infinix note 60 ultra tecnos sibling is more appealing to me since it has fast wired and wireless charging and a more iconic design plus a stronger mtk d8400 chipset im w
Tecno Camon 50 Ultra,oh look its a samsung with actual stuff in the box
Xiaomi 17,no esim
Xiaomi 17,china version way cheaper bigger battery cnhyperos with cn and english languages but no esim
Xiaomi 17,"httpswwwyoutubecomwatchvxj6ysrwgwzi 
samsung s25 
xiaomi 17 
iphone 10 
google pixel 10 
 
xiaomi on top here 
video by techmo"
Xiaomi 17 Ultra (Global),galaxy s3 is the reason i dont touch samsung phones again
Xiaomi 17 Ultra (Global),i think xiaomi using boes display not samsung thats for sure
Xiaomi 17 Ultra (Global),does anyone know whether the display is samsung or not thnx
"Samsung Galaxy S26 Ultra, S26 Plus and S26 hands-on",huh
"Samsung Galaxy S26 Ultra, S26 Plus and S26 hands-on",you proved his point
"Samsung Galaxy S26 Ultra, S26 Plus and S26 hands-on",sounds like a waste of money to me given the updates yoy are so small if youre married to galaxy id upgrade every 3 years
Poco M8 5G,snapdragon 6 gen 3 
Poco M8 5G,while offering best for money as always same as motorola and some samsung modelsnot all samsungs ofc there are others that are very good like fairphone cmf hmd etc but people just buy anything aas overpriced as possible
Poco M8 5G,this m8 is definitely not better than x7 
Poco Pad M1,yes not sure if across eu states but czechia poland does sell eu ver of this tablet and its pretty cheap considering its performance
Poco Pad M1,is this not sold in europe 
Poco Pad M1,you mean not recommended in some ways curious tnx
Motorola Signature,i can not believe you guys didnt get to test continuous selfie video the white balance has a serious strobelike effect
Motorola Signature,i also have extra dim in quick menu on motorola g31 with android 12 so i guess its also on signature
Motorola Signature,this or wait for vivo x300 fe guys
Realme P4 Power,missed stereo speakers and a better triple camera in the rear  instead of those fake camera lens  at least a cooling fan should have been provided in that fake camera 
Realme P4 Power,sadly there is no nfc onboard
Realme P4 Power,is it ever going to become available on europe and what the battery capacity is going to look like
Moto G & G Play (2026),"lmao  
best comment on this page "
Moto G & G Play (2026),only if it was in 2021
Moto G & G Play (2026),this is nice phone
Infinix Note Edge,"can u easily unlock bootloader and unlock the root account on all infinix phones 
 
then my next phone might very well be an infinix phone 
im fed up with xiaomi always imitating apple and samsung"
Infinix Note Edge,well dont defend bad optimizations on a phone that should easily outlast most others then ill stop complaining but as is it simply has bad battery life
Infinix Note Edge,bro just get a flagship phone and stop complaining about a mid rage affordable phones like infinix or tecno
OnePlus Pad Go 2,my unit developed a large black patch on the screen within a few weeks of purchase
OnePlus Pad Go 2,ive always wondered what an old man trying to look young by taking selfie with a tablet would look like but thanks to this review i now know
OnePlus Pad Go 2,thats why i avoid oneplus and realme like the plague
Xiaomi Redmi Note 15 5G,"network speed is above 600mbps 
super speed 
high camera quality  
display is edge and vivid colour 
waterproof  
better than iphone and samsung"
Xiaomi Redmi Note 15 5G,"os  still call home and bloated and stutter  
screen protection "
Xiaomi Redmi Note 15 5G,samsung is solid but their oled technology sucks why cant they make a good samsung phone with ips lcd display
Oppo Reno15,overall camera of oppo reno 15 5g is good but slightly shakiness is an issue solve the issue in update is much needed
Oppo Reno15,want to ask bruh does this phone oppo reno15 have a audio recording like iphone whu can record wide stereo audio beside a smoother transition from wide to ultrawide lens
Oppo Reno15,how many os update will get 
RedMagic 11 Air,"the phone spent more time in orange before dropping to red with the cooling fan active compared to it off  
its not a gimmick"
RedMagic 11 Air,"well active cooling and shoulder buttons  
a very strong processor and all of it for 499 thats a freaking good package for thats price"
RedMagic 11 Air,i dont understand why is this phone red magic 11 being given so much attention how is this being called a gaming phone any way just compare this phone with the previous flagship phone s24 you will know wht is what
OnePlus 15R,here comes the grammar nazzi
OnePlus 15R,where are you located
OnePlus 15R,"terrible service and zero support warning do not buy  
 
i want to warn everyone about this companys approach to customers my phone arrived at their service center on february 27th for a warranty repair it is now late march and to thi"
Xiaomi 17 Ultra Leica Edition,"the s25 ultra is still stuck in 2017 with a 8bit panel a real weak point and inexcusable by samsung everyone else does better in this regard 
 
almost all reveiwers either gloss over or undersells how important this is nobody wants to loose ou"
Xiaomi 17 Ultra Leica Edition,un special provision 188 and 49 cfr 173185 limit batteries to 20watt hours or require special dangerous goods shipping which makes it prohibitively expensive to sell batteries larger than 6000mha in phones in the united states and europ
Xiaomi 17 Ultra Leica Edition,of the smartphone brands only huawei is banned in the us  all other chinese brands just choose not to enter the us market
Moto G Power (2026),why would you want anything electronic from china security is a massive issue thats why theyre well spaced and cheap
Moto G Power (2026),i think trump wants everyone to buy his phone the trump phone
Moto G Power (2026),the phone market in the us is really that damaged but most buyers who buy motorola phones are carrier locked and is cheaper basically per month installments
Oppo Reno15 Pro (mini),went from iphone 25 pro and a galaxy s25 bought this guy on sale best phone ive used easy and absolutely incredible battery life
Oppo Reno15 Pro (mini),how this phone do macro pictures
Oppo Reno15 Pro (mini),i had eye strain and irritation issues especially while reading at the night time tried eye care and adaptive tone nothing helped i sold the oppo reno 15 pro mini and switched back to pixel i never had eye strain issues in pixel in the past 7 yea
Realme 16 Pro+,how well does transfer of photos to computer work are the files named after time taken
Realme 16 Pro+,i havent tried any 3rd party app yet but i would expect all of them would only work with the main sensor anyway as per usual unfortunately
Realme 16 Pro+,"can you use all three lenses in third party camera apps 
on the 14 pro plus only the wide angle lens was available"
Honor Magic8 Pro,honor have esim and is cooler than samsung galaxy s26 ultra dont lie
Honor Magic8 Pro,it overheats a lot and does not support esim despite it should do on paper i have the eurpe one
Honor Magic8 Pro,i really want to get the honor phone due to the software however the telephoto is not good enough for me and the photography kit is not available for purchase anywhere this is such a big disappointment they advertised it so much only to not mas
Poco M8 Pro,our society is really degenrating it cant even use google now
Poco M8 Pro,"just revoke your agreement with the terms of msa app ad services 
google is your friend"
Poco M8 Pro,redmi note 15 series including pro are now available in the eu micom shop
The Pro cameraphone comparison: Honor vs Oppo vs Vivo,"about battery in europe the oppo is better  
 
but all in all worldwide the honor is a better choice "
The Pro cameraphone comparison: Honor vs Oppo vs Vivo,iphone is even worse in cameras lmao
The Pro cameraphone comparison: Honor vs Oppo vs Vivo,"this review pretty much sums it up and they havent set their expectations too high its just that all three downgraded from year or so ago  ai slop all 3 of them 
 
i agree about just taking an iphone nowadays sadly"
Best-sounding phones and tablets we tested in 2025,yes poco with 21 system should have a graphical improvement at low frequencies not a decrease but a bigger improvement than the iphone this test seems to glorify the iphone
Best-sounding phones and tablets we tested in 2025,i agree but it comes at the expense of the highs if you want more treble you have to select the 3d surround sound feature but then you lose bass and i found the standard setting to be identical sounding to the premium bass setting i hope they h
Best-sounding phones and tablets we tested in 2025,it seems that no smartphone with higher quality speakers than the rog phone 7 has appeared yet
Huawei Mate X7,"i think it would be the right time getting a huawei mate 
x8 or x9 now that it is durable and has ip58  ip59 too 
 
"
Huawei Mate X7,the only way to get the google play store full gms experience is with microg and the aurora store check first if huawei already installed microg then install aurora store the downloads are fullsize and the store seems adfree unlike apk websites
Huawei Mate X7,"i dont know man 
but seems you fell down in the same trap 
judging about anything according to people is garanteed will not give you an accurate result or conclusion 
you must try it then give your thoughts to share it with others"
Xiaomi Redmi Note 15 Pro 5G,its not the smoothest phone on earth but it doesnt feel different than my sd865 phones admittedly stutter happens while gaming but launching apps should be a breeze with the latest update its also buggy with app switcher lite
Xiaomi Redmi Note 15 Pro 5G,worth mentioning the pro lacks the sd card slot that the note 15 have
Xiaomi Redmi Note 15 Pro 5G,redmi not 15 pro 5g
Xiaomi Redmi Note 15 Pro+," 25  water resistance failed under normal use  not as advertised 
redmi note 15 pro  ip rating does not live up to the claim 
i bought this phone specifically for its advertised water resistance within one month the fingerprint sensor faile"
Xiaomi Redmi Note 15 Pro+,really
Xiaomi Redmi Note 15 Pro+,is the 13 pro better than the 14 pro though
OnePlus 15R hands-on,funny for all the criticisms this phone gets its still better than literally every other phone at this price point to me i got it for 556 with the 120w charger and buds 4 im sure itll last me at least 4 years without giving me ba
OnePlus 15R hands-on,i prefer even heavier phones  looking for over 220grams  oneplus only manufacturer getting close  well done just kidding   now we know so cheap
OnePlus 15R hands-on,yeah like i said it will only really be an issue in some areas that rely on band 20 urban areas towns cities and even many villages have other 4g bands so its not likely an issue but in more rural areas that only have band 20 it may be an 
Huawei Mate X7 hands-on,"i get it now nfc payments is useless for me i can even pay with qr code in the future and payments online  it supports  
so basically almost no problem"
Huawei Mate X7 hands-on,because it is huawei not honor huawei is a premium product by far you have to understand what it involves also being independent of what you already think you know google
Huawei Mate X7 hands-on,if your approach is google oriented thats where you are getting everything wrong
Honor Magic8 Lite,same with honor x9d or not
Honor Magic8 Lite,"in latinamerica it comes with charger and case 
also the battery seems biggers with 8400mah thats what the official stores here are saying so maybe it is an eu thing regulation"
Honor Magic8 Lite,for 456 eur i got a realme ggt 7 51212 version which i think is a far better option for that money than this phone
Nothing Phone (3a) Lite,does it have ufs 31
Nothing Phone (3a) Lite,i does in fact support esim
Nothing Phone (3a) Lite,theyre the only european brand on the market afaik
Poco F8 Pro,what about open the bootloader in this phone will it fix the problem 
Poco F8 Pro,was the camera tested with hdr on or off
Poco F8 Pro,"gsmarena please clarify this 
f8 pro max 280015gips  average avg 241372gips 
x8 pro max max 522138gips  avg 317459gips 
x7 pro max 322407gips  avg 266952gips 
 
no one thinks the x7 pro can beat the f8 pro or the x8pm can beat the "
Poco F8 Ultra,and how is your phone going im thinking about buying it
Poco F8 Ultra,does xiaomi at least do monthly software updates that arent security patches for poco f8 ultra or do they actually do that quarterly too
Poco F8 Ultra,security updates are the biggest bullshido marketing thing
iQOO 15,so i was wondering if i should get this or the motorola signature both available with 12256 config in my country no oneplus no realme here
iQOO 15,why doesnt the iqoo 15 use a 50w wireless charger like the poco f8 ultra
iQOO 15,from my experience its good for overall aspect the better gaming experience with build in chip balance and stability in camera software hardware etc but particularly in some cases if you use this phone for long gaming with high perform
Motorola Edge 70,abhorrent wording from your part but that does sound ai generated indeed
Motorola Edge 70,"here you can see the camera island which has four rings housing the 50mp primary and the 50mp ultrawide cameras plus the led flash the fourth ring appears to be a decorative one for symmetrical purposes 
the fourth ring isnt decorati"
Motorola Edge 70,first of all bro what the skibidi do you expect from an ultrathin phone buy an regular sized one if you want good sounding speakers btw i rarely even use the speaker on my phone much rather prepher some good sounding headphones second of all br
Realme GT 8 Pro,now that is a real flagship killer it also cost 2x less than overpriced iphones
Realme GT 8 Pro,kabayan just ger the china rom realme gt8 pro via lazada its way cheaper and safer china rom always gets the latest major firmware update security updates and bug fix from realme
Realme GT 8 Pro,what a stupid take do you really think lcd panels dont have problems look at the border burn issues and touch sensitivity problems on phones with lcd panels
RedMagic 11 Pro,"1tb  24gb ram good specs  
red magic phones always have excellent hardware  
flagship snapdragon soc  
builtin fans cooling 
red magic always have good software  
 
i would much prefer a pop up camera over under the screen camera se"
RedMagic 11 Pro,great phone altogetherand it has a 35 jack even betterthis is not a phone for taking pictures like an iphone or a galaxy for what it is the pictures and videos look very good to me if i was into photography i would rather buy a canon or n
RedMagic 11 Pro,i have the rm11 16512  subzero silver version very cool phone great looking warp speed fast delivery time was unreal ordered on a saturday got it on the following wednesday thats fast excellent phone all around truly some innovated 
Honor Magic8 Pro hands-on,i agreed with you
Honor Magic8 Pro hands-on,how long will we have to wait for the review of the honor magic 8 pro
Honor Magic8 Pro hands-on,until i see a proper review by which i dont mean a compressed youtube video but full resolution samples like gsmarena provides this is how it is and no dxomarks opinion still isnt worth a dime so waiting on that one wont 
OnePlus 15,the speaker setup is not a hybrid one as stated in in the review it uses symmetrical speakers
OnePlus 15,yes
OnePlus 15,people seriously undermining a simple fact that battery will have double lifespan since the charging cycles will be halved during the entire life of the battery for the same usage
nubia Z80 Ultra,i love this phone its so quick and fluid the full screen is amazing and the battery is unbelievably goodi disabled a few apps seriously good device camera is brilliant selfies are not that bad i dont really use itfor the p
nubia Z80 Ultra,i love this phone its so quick and fluid the full screen is amazing and the battery is unbelievably goodi disabled a few apps seriously good device camera is brilliant selfies are not that bad i dont really use itfor the p
nubia Z80 Ultra,"xiaomi software is actually pretty fluid and feature packed if you disable all the ad nonsense 
im not saying i agree on having ads baked in a phone because i dont but the software itself is pretty good once you disable the crap"
vivo X300,just when playing hdr contents but camera update is a good improvements but not for pro mode that crushes in hdr scenes  reddit post with samples available cn version btw
vivo X300,is this an update on chinese or global version its a bit odd thing to do is that something that affected all the phones is this something changed only while screen is in hdr mode
vivo X300,"update from x300 user since november 
 
 software update i was surprised that vivo with originos is very generous with their update always got optimization update every 2 month yeah that include security update from google  
 speaker got upd"
vivo X300 Pro,doesnt matter as they disclose what battery size the tested phone has which makes it easy to realize that it indeed is absolute garbage when it comes to efficiency for one reason or another compared to the rest
vivo X300 Pro,thats because the battery size is reduced in the eu
vivo X300 Pro,how about looking at actual results where it does pisspoor especially for the western version even though the battery size should imply otherwise
Xiaomi 17 Pro Max,anyone knows why we cant access full gallery from 3rd party apps on chinese firmware of this phone
Xiaomi 17 Pro Max,no esim support really 
Xiaomi 17 Pro Max,find it on each side is the subject
Oppo Find X9 Pro,"110 you should definitely upgrade i had the s24 ultra and the oppo absolutely smokes it in every department  
ive had it since it launched so about 5 months now and it is thee best phone i have ever used without a doubt and this being my fi"
Oppo Find X9 Pro,"im a professional photographer mostly events and portraits use 1 sony a7iv and 1 nikon z6ii have a few good prime lenses for both 
iphone user and had samsung and xiaomi for a few years 
that said this is the best phone camera ive eve"
Oppo Find X9 Pro,thanks for that good to get end user thoughts after using for a while
Xiaomi Redmi Pad 2 Pro,buy this it is amazing but do not trie to bend it
Xiaomi Redmi Pad 2 Pro,for example telia in baltic countries offer wifi or 5g version buyers choise
Xiaomi Redmi Pad 2 Pro,what do you mean theres a 5g version 
vivo X300 & X300 Pro hands-on,because youre never going to carry a separate camera everywhere the point of a great camera phone is you can easily have it with you at all times and so capture things you otherwise might have missed if you rely on a separate camera
vivo X300 & X300 Pro hands-on,because its much more expensive
vivo X300 & X300 Pro hands-on,at this point why not buy a dslr mirrorless camera  a better phone to get the best of both worlds
Xiaomi 17 Pro Max hands-on,works perfectly in india with 5g network and google playstore
Xiaomi 17 Pro Max hands-on,did you bought it from china or outside china will it be working globally if the unit was bought in china im in china right now and planning to buy one but i was wondering if its gonna work outside china as well as i was thinking it is
Xiaomi 17 Pro Max hands-on,i think this is the best phone ive ever come across very fast and easy to use but youll have to play around it before you get used to it im using it in the uk and i dont think im looking for any other phone in the lon
Samsung Galaxy Tab S11 Ultra,yes
Samsung Galaxy Tab S11 Ultra,yes it should work in the usa but if you want to be sure check the 3g 4g and 5g bands in the spec and see if any of them suported in the usa
Samsung Galaxy Tab S11 Ultra,the s11 ultra sold in usa has no 5g and sim card capability will this european version work in usa with cellular carriers
Xiaomi 15T,"so after 3h of usage it dropped from 80 to 40 
which means approximately 10h from 100 to 0 
not greatnot terrible 
now question is at which level of brightness"
Xiaomi 15T,absolute rubbish the only thing about the phone is the hardware but everything else makes it completely not worth buying the camera is okay but it uses some extreme photo processing which makes the photos look very unnatural and very different th
Xiaomi 15T,bought it last month everything is good maybe the battery could be better depending on the price it could be a nice option screen is huge but you get used to it and it becomes a positive
Xiaomi 15T Pro,"anyone bought this phone recently 
have the price came down at your region 
ive been waiting for it to get discounted but nowadays it is still hovering above 600 here and it only getting worse when our currency is getting weaker against "
Xiaomi 15T Pro,yes the sound quality is 5050 used to have poco x6 it was wayyy better in sound quality but overall its powerfull and beatifull device
Xiaomi 15T Pro,i have it before 5 years ago and it still a great phone for casual users ive no complaint when use it
Apple iPhone 17 Pro,and besides compare the sound quality with the a56 and you will be shocked and the a56 is samsungs midrange and 34 times cheaper
Apple iPhone 17 Pro,rooting for you ruly
Apple iPhone 17 Pro,just considering we are 2 generations into usbc its kind of given you have a power brick now i have never been bothered by its lack of inclusion as i always buy third party bricks
Honor Magic V Flip 2,everything u complained about is therewhich version are u using
Honor Magic V Flip 2,because you spelt cooks wrong its crooks
Honor Magic V Flip 2,as coolas they are  id never buy android again   google assistant doesnt even work with the phone closed  there are like no ai features for editing messages and 
Apple iPhone 17,but have you tried xiaomi ecosystem samsung ecosystem huawei ecosystem dont be a lier
Apple iPhone 17,better honor 600 or iphone 17 the difference of price is quite important
Apple iPhone 17,this phone is only 01 pts better than the turd nothing phone 3 really really
Apple iPhone Air,"i honestly think the iphone 17 air is one of the most misunderstood iphones apple has released in years 
 
i came from an iphone 13 pro max with 84 battery health and in real everyday use the air gives me very similar battery life not in synthe"
Apple iPhone Air,"hello 
 
i dont understand why you guys tell camera is good i mean look at car number plate in romania its 980 euro at this price huawei 15t pro make same quality pictures and is cheaper 
if we dont have pretension from apple and"
Apple iPhone Air,dude really said according to artificial intelligence 
Apple iPhone 17 Pro Max,what is the digital zoom range of the 17 pro max
Apple iPhone 17 Pro Max,i really want one it looks cool
Apple iPhone 17 Pro Max,well said camera is not good
Realme P3 Ultra,if you add a sim card slot to it then yes its basically a smartphone running a custom rom
Realme P3 Ultra,"why they both use cable 
its the most perfect comparison is you ask me"
Realme P3 Ultra,angry old man yells at cloudsmp3
Samsung Galaxy A07 4G,no your wrong tecno and infinix phones are 10 times better then this samsung galaxy a07 when comes to budget and midrange they provide excellent build quality better specs and value for money
Samsung Galaxy A07 4G,the phone gets hot quickly and a lot im concerned about this the battery runs down fast especially when internet connection is switched on
Samsung Galaxy A07 4G,me too
Google Pixel 10 Pro XL,ill wait for the oneplus 16 its going to be a monster
Google Pixel 10 Pro XL,to be honest it gets warm sometimes and thats good it doesnt get super hot but i like that its warm sometimes because honestly thats real innovation your phone being warm nokias havent done that
Google Pixel 10 Pro XL,its depend about your purpose when u buy the phone if you want a phone good about gaming choose oneplus 15 or if you want to use the phone for a long term then choose a google pixel phone
Sony Xperia 10 VII,beautiful
Sony Xperia 10 VII,name them none of em have the sd card slot nor the headphonejack
Sony Xperia 10 VII,you get a week by never using the phone or turned off
Samsung Galaxy S25 FE,been great with this phone i like the camera processing navigating through apps are easy just a very nice phone to use although the battery and camera specs are probably behind several competitors the good things really seal it well
Samsung Galaxy S25 FE,what kind of camera glass  s25fe made ofwhat kind of material shoul i use camera lens protector
Samsung Galaxy S25 FE,stop embarrassing yourself broin what world is the 2400 a midrange cpu the fe series arent even midrange phonesthat are more like subflagships
Google Pixel 10 Pro,is the adaptive sync during gaming unique to this phone or is it available for all ltpo displays
Google Pixel 10 Pro,"hahaha false ive got the pixel 10 pro and a toyota rav4 and its working just fine  
 
what case do you use   
 
some magnetic cases are interfering with the qi"
Google Pixel 10 Pro,the phone is not bad but it stopped working in december 31 2025 and i tryed everthing but it is not helping pls tell me what to do
Google Pixel 10,camera is too bad i was used pixel 6 and it is far better than pixel 10 on camera not at all happy not sure why google done like this waste of money wanted sell my pixel 10 
Google Pixel 10,"pictures not bad but wouldnt call heat or so much different than any phones selfie soso to me  
then its heavey for small phone very heavey design very debatable dont like those cheap thick design for some time now google os only reason i"
Google Pixel 10,its alright edge 60 pro still behind pixel 10 for pics mostly burned and oversaturated photos possibly because no option to turn off ultra hdr it does better than the 9a despite having same wide and uw sensors i guess the new
Xiaomi Redmi 15 5G hands-on,"pretty good budget phone really good battery  you can update to hyper os 3 with some smart functions like glass feel display computer phone connectivity functional widgets task planning  scheduling privacy controls etc  
camera is bad c"
Xiaomi Redmi 15 5G hands-on,pretty good budget phone really good battery overall cam
Xiaomi Redmi 15 5G hands-on,"im obsessed guys havent gotten it yet but reading in it daily  
i love redmi"
Huawei MatePad Pro 12.2 (2025),great device
Huawei MatePad Pro 12.2 (2025),this is the best tablet of my dream i love it so much its so beautiful and got the good space for everything so its a wowwwww 
Huawei MatePad Pro 12.2 (2025),great display yes but not software and chipset
The Ultra cameraphone comparison,there are still akps 1 can download to get panorama modes
The Ultra cameraphone comparison,truei literally said so in the reply comment above your
The Ultra cameraphone comparison,"the thing is peoples of the western world dont have much choice when it comes to brands apple  samsung google are mostly the main choices and people buy what is available and they know about 
however if you visit reddit site you wil"
Honor Magic V5,i have v3 i dont think so screen has never been repaired and works great i use the phone 20 months the phone felt a lot of times protective case is ruined
Honor Magic V5,what happened
Honor Magic V5,"good balanced review 
honor foldables are impressive pieces of hardware and their macro are some of the best impressive how close they can get a focus lock 
not sure what is going on with their brightness claims as they are a little tricky t"
Google Pixel 10 Pro XL hands-on,are we getting your full review soon
Google Pixel 10 Pro XL hands-on,obviously pixel fans dont buy their phones for playing games as thats the only place where you would actually notice the lack of performance in comparation with other flagships of the same era thats a big pillow to swallow for many
Google Pixel 10 Pro XL hands-on,google should stop producing google phone no improvement
vivo V60,sure it has decent zeiss cameras so i dont see why not
vivo V60,can this phone be used for content creation this is well in my budget if not which one should i get at the same price range
vivo V60,"i wanted to buy v60 vivo but is it true that it hangs even with 28gb 512gb 
so which is better"
RedMagic Astra,the stylus pen is non existent vapourware
RedMagic Astra,please answer does this device support a stylus pen i hope there is some enlightenment on this thank you
RedMagic Astra,good
Realme 15 Pro,"very disappointed with the phone service poor response delayed support and unresolved issues customer care was not helpful at all definitely not satisfied with the overall experience 
 
dont buy real me phones in online plateforms"
Realme 15 Pro,worst experience with both the phone and online delivery service the phone arrived damaged and the packaging was poor delivery handling was careless and customer support did not provide a proper solution very disappointed with the overall servic
Realme 15 Pro,aluminum frame with no antenna lines
Realme P4 Pro hands-on,yes
Realme P4 Pro hands-on,this phone is good i need it free plssssssssssssssssssssss
Realme P4 Pro hands-on,so it was so amazing that apple copied its design with upcoming iphone 17 pro series
Samsung Galaxy A17 5G,always happy with samsung i will never buy another samsung profuct the a17 5g is a piece of garbage filled with more garbage and not even sandboxed apple and android are finished i didnt pay for a phone that foesnt belong to me a17 5
Samsung Galaxy A17 5G,"id get it because the 8256 is cheap in our country 
 
i really love the design i will use it for the virtue if having the sd card slot and being cheap i need to retire my a11 now because it is not efficient anymore not saying it doesnt "
Samsung Galaxy A17 5G,"yeah its really decent but dat lag tho ever present not to mention weather app runs like ugh no arm v8 is dead in 2026 
it must be done arthas 
never"
Poco M7 Pro 5G,brilliant phone for the price and the 4g version with snapdragon 685 is better and cheaper so i think ill swap
Poco M7 Pro 5G,no buy because its amoled and only 6 nanometer chipset otherwise specs are perfect
Poco M7 Pro 5G,the poco m6 pro  4g is a better buy with better cameras
Infinix Hot 60 Pro+,sounds like a you problem working totally fine for me
Infinix Hot 60 Pro+,im total disagree with this its working is totally bad im facing an issue about auto power on and off
Infinix Hot 60 Pro+,"thank you for reviewing a budget phone 
this is a nice phone for the target market like africa average africans 
4g is ok 5g network isnt provided everywhere 
no headphone jack chinese sell wireless headphones at about 10 
esim not"
Huawei Pura 80 Ultra,we have lovers of huawei here in nigeria all gadgets is huawei from pad to laptop  phones and watches
Huawei Pura 80 Ultra,lol useless smartphone compared to vivo x100 and x200 ultra this year vivo has lost compared to oppo find x9 ultra
Huawei Pura 80 Ultra,depends on your needs all are excellent but a little different my choice would be x300u
Tecno Spark 40 Pro+,the call assistant keeps saying errors
Tecno Spark 40 Pro+,if this whacky battery lasts you a day and a half then its clear that you dont use the phone at all
Tecno Spark 40 Pro+,seriously it heats up a lot and the battery loses power faster than youll expect from a 5k mah battery for goodness sake tecno should try and improve the only good takeaways are the fact that it charges fast and also has good audio but batt
OnePlus Pad 3,honestly one of the best tablets you can buy for that range
OnePlus Pad 3,no biometric security options isnt great in 2025 but other that this looks like a great tablet
OnePlus Pad 3,thats why i also use the stylus to keep the screen clean
Samsung Galaxy Z Flip7 FE,terrible battery life samsung never fails to go below my low expectations
Samsung Galaxy Z Flip7 FE,google the term upsell and youll understand why samsung is doing this
Samsung Galaxy Z Flip7 FE,this phones existence with flip6 and 7 is really baffling to say the least
vivo X Fold5,these smartphones have a flaw they freeze the screen when taking photos
vivo X Fold5,really that sounds too good to be true tbh i saw some guys x fold3 pro global vs cn rom thing or maybe it was the x100 pro and i felt like the chinese rom is nicer looking and snappier but theres a high chance of random chinese creeping 
vivo X Fold5,yeah ive heard similar things from others but you never know sometimes some card types dont work im not gonna take a plunge cus of that but i wish i could the x200 ultra looks like such a great deal
Samsung Galaxy Watch8 and Galaxy Watch8 Classic,60 hours  not a watch nor smart pathetic
Samsung Galaxy Watch8 and Galaxy Watch8 Classic,my humbleaffordable motorola watch 70 lasts a week long with a single battery charge and the software despite basic does the job amazfit smart watches are also quite reliable renowned when it comes to the battery performance
Samsung Galaxy Watch8 and Galaxy Watch8 Classic,"may i ask which can last 5 days oneplus watch 
 
and 10 days garmin i believe 
 
the wearos support apps downloading from play store youtube videos and full gm runs on the wearoses wearos is built from android os therefore samsung and goog"
Realme 15 Pro hands-on,amazon is not safe browser i order the realme 15 pro 5g but amazon deleverd realme 15t why  amazon give me answer
Realme 15 Pro hands-on,please be sincere and tell me what is wrong with chinese phones as compared to american phones
Realme 15 Pro hands-on,i get that samsung and pixel are popular choices but honestly in my family we have 5 phonesc35 x2 c75 edge edition and gt neo 2and theyve all been working flawlessly for over 4 years so i think there are plenty of solid phones out there bey
Samsung Galaxy Z Flip7,i went from a galaxy ultra to the razr ultra and i love it motorola has some cool tricks that i will miss when i willl eventually change phone like shaking the phone to turn on the flashlight i love it moto ui is good phone is updated unfortuna
Samsung Galaxy Z Flip7,my razr ultra 2025 destroys this on battery life and charging speed and that is the most important thing a decent camera is fine with me and most modern phones have a decent camera
Samsung Galaxy Z Flip7,got one and till now it feels premium im a hardcore gamer but this phone is for luxury and socialite not using this for hardcore game for long but used mainly for camera xd
Apple iPad 11-inch A16 (2025),who the heck prioritize on bringing their ipad first over their phone probably only you
Apple iPad 11-inch A16 (2025),no flash youre in dark places and you only have your base ipad with you youre gonna panic
Apple iPad 11-inch A16 (2025),had the xiami pad 7 returned it because the display edge where the front facing camera and volume buttons are is a bit dimmer than the rest of the screen so the potentially better hardware comes at the expense of poor quality control and rubbish so
Samsung Galaxy Z Fold7,i saw the huawei and now this and i checked the old z fold 5 and made me think why so thin
Samsung Galaxy Z Fold7,hi people this is fold 7 is a hard use phone  possible to use for a 4 to 5 years without any issues with ribbon or display  any leads please thanks
Samsung Galaxy Z Fold7,not really no well what can be said about a noname brand then
OnePlus Nord CE5,the battery capacity is 7100 mah for nord ce5 however here its showing 5200 mahi am confused
OnePlus Nord CE5,"i swear on my mother please do not buy this phone if your plan is to play heavy games like pubg on paper it says it can handle 90 fps and even ingame theres a 90 fps option but in real gaming its just not stable at all 
even in a normal c"
OnePlus Nord CE5,maybe the cable got disconnected just go get it checked seems like a cheap fix
Nothing Phone (3),cinematic video recording not available camera needs to be improved
Nothing Phone (3),"are there any users here  
do theynothing use a proprietary cable for charging or can i use any good cable with pd 3031 and charger"
Nothing Phone (3),its not thats the reason why it couldnt catch up to its original competition and they dropped the price
vivo X200 FE,i got bad experience in vivo 200fephons color shaded due to some reason i checked with service centre as the fone is only 23 months old they told i cant be replaced after small argument they told theyy check and will change the display with
vivo X200 FE,yeah
vivo X200 FE,both are same phones but cater to different regions with different names
Huawei Pura 80 Ultra hands-on,well said
Huawei Pura 80 Ultra hands-on,so many bots out there man thanks for the real comments
Huawei Pura 80 Ultra hands-on,not you again bot youve come from reddit to sow false narratives again
Samsung Galaxy Z Fold7 and Z Flip7 hands-on,as a fold owner i frequently thought about switching the thing is none of the other manufacturers pay so much attention with software for folding phones as they do with hardware thinner folding phone for me is useless without pen or multitaskin
Samsung Galaxy Z Fold7 and Z Flip7 hands-on,i like to have samsong galaxy s24 utra
Samsung Galaxy Z Fold7 and Z Flip7 hands-on,a joke really when will people call them out
OnePlus Nord 5,"bear in mind that if you set the voice recorder for the side plus key button you can only record until the filze size reaches 499mb only with the plus key this happens 
 
wish it was stated somewhere but just letting you guys know"
OnePlus Nord 5,"cant be a coincidence vivo had to do it for their x300 xiaomi for their 17 
 
clearly the regulation is affecting it"
OnePlus Nord 5,"that 5500 mah eu limit is pure fiction thats iata aviation rules not eu law and it applies to spare batteriespowerbanks not phones you buy in a store 
phones with 60007000 mah have been sold in europe for years and going poco x7"
Tecno Camon 40 Premier,i was very amazed that this phone is one of the best tecno phone
Tecno Camon 40 Premier,that perfomance favored me
Tecno Camon 40 Premier,that is what they will make ypu tgink eo that you will not buy it
Infinix Xpad GT,if infinix add 16 gb ram and 1 tb2tb storage plus micro sd card a better mediatech 9400 ultra9500 soc included pen and app for painting android 16 and windows 11 os dual support and a free keyboard plus  an ip6869 and 5g support i am happy 
Infinix Xpad GT,i genuinely cannot remember when the last time transsion used a snapdragon chip in one of their devices
Infinix Xpad GT,the 888 was good enough for my need but the lack of 4g5g support is a no go for me
Tecno Camon 40 Pro,is this really true cos i was thinking of buying mine and i dont want to get it and be disappointed later 
Tecno Camon 40 Pro,does it support google
Tecno Camon 40 Pro,ip68 69 is not real mine was water damaged because of my trust on that highest waterproof level
Poco F7,there is no sense in your commenti moved from iphone to poco and i use 5 banking apps on a daily bases including trading apps and a lot of crypto exchange appsi was the best decision to move away from ios ecosystem and the phone is great for everyt
Poco F7,this phone xiaomi poco f7 is for gaming but not for people that use banking apps it is absolutelly unusfull int this sense specially not for european market you need iron patiency as this device is for kids and youngsters that have plenty of time
Poco F7,you do know that different variations of the same model are sold in other countries like india dont you
Honor 400,im using the honor 400 perfectly sized phone and its beautiful if you want a good looker performance is really good for me because i dont game but i played some mobile legends and it works flawlessly cameras are really good like really 
Honor 400,should i buy the honor 400 or the redmi note 15 pro plus im really unsure becouse i feel like the 400 looks much better
Honor 400,you when a slightest issues on any phone in existent this is the worst phone ever guys please dont buy this im the world phone guy so you should trust me
Motorola Razr+ 2025,any real users here how is the software and qc any major bugs or glitches this phone is kinda nice overall and has good value with recent discounts looks like no one buying it for some reason
Motorola Razr+ 2025,2025 you mean 2026 or 20255
Motorola Razr+ 2025,"the cover screen is overkill theres a reason its not a fullfat phone screen sized  
 
ill take the flip 6"
Tecno Pova Curve hands-on,i bought this smartphone used for 1 month at the price 146usd 8256gb variant love the thin and edge body but sadly no android updates
Tecno Pova Curve hands-on,256 is the base version
Tecno Pova Curve hands-on,i got one but cant access internet and failing to download anything what must i do please
Xiaomi Redmi Pad 2,bought the 8256 for about 110 euro during black friday sales incredible value imho
Xiaomi Redmi Pad 2,"yeah but if you ask me its also not a propper sequel even to the original xiaomi redmi pad 1 in fact it will perform even worse  
why because g99 has basically the same performance as g100 processor google the comparison but it will need"
Xiaomi Redmi Pad 2,remember tab s2 80  mega 63 from samsung the legends
Infinix GT 30 Pro,been using this phone for almost a year and i havent seen any issues with it except for the normal ones like heating and some bug apps overall the experience with this phone remains outstanding and enjoyable its worth the buck and pre
Infinix GT 30 Pro,i regret buying this phone you cannot rely on your high speed sim card data when playing ml because of their poor preferred network configuration it shifts from 5g to 4g drastically and vice versa that makes the game laggy i compared t
Infinix GT 30 Pro,this handphone very nice
Motorola Razr 2025/Razr 60,nice model
Motorola Razr 2025/Razr 60,dont buy moto their service is bad and warranty will be denied so please dont buy specially moto flip
Motorola Razr 2025/Razr 60,its not all bad this phone will get discounted later and will become even more affordable its lacking in a lot of performance but if you want to get a new flip phone and guarantee more updates without breaking the bank the base razr is the way t
Xiaomi Pad 7 Pro,snapdragon 8s gen 3 has hw av1 video stream decoder but i have read that xp7 pro has this decoder disabled in firmware it it true
Xiaomi Pad 7 Pro,xiaomi went from being unique with the pad 6s pro 124 touchpad keyboard to being an apple copycat with the pad 7 pro focus keyboard wth xiaomi
Xiaomi Pad 7 Pro,"the review is quite accurate there is one downside i experienced the speakers are a joke maybe not only on this tablet but also the others in its class  
for netflix  the rest i am using a lenovo yoga tab and it is miles ahead with its jbl "
Honor 400 Pro,stop whining it doesnt have better offering in this price range this is the best overal phone for around 500 
Honor 400 Pro,"why whats the issue with the camera 
they seemed quite pleased 
you seem to be complaining for the sake of complaining"
Honor 400 Pro,5300mah thats a shame since the philippine variant got a larger 6000mah
OnePlus 13s hands-on,is this global version
OnePlus 13s hands-on,yep mate
OnePlus 13s hands-on,does 13s13t support android auto
nubia Z70S Ultra,how can i get it in india
nubia Z70S Ultra,nice i have a oneplus 13 were probably the only ones in texas who brandish high quality chinese tech 
nubia Z70S Ultra,so im using a z70s ultra on tmobile in texas a long time ago i had a huawei mate 10 pro which had some translation issues however this nebula os really doesnt have those weird chinese to english translations so far it seems to be a p
vivo X200 Ultra,ah man its gonna be a hassle if i were to share files with others and they have to download an app just for me  thanks for the reply 
vivo X200 Ultra,no but u can useinstall easyshare
vivo X200 Ultra,is quick share available on this device i use this a lot to transfer photos between devices
Realme GT 7,i thnk go for realme 16 pro plus  my relative use
Realme GT 7,hey i currently using the realme gt neo 3 since almost 3 12 years while it has worked without any disappointment nowadays there are some problems like it is getting heated very quickly in moderate uses no gaming and when i try to use the hotspot 
Realme GT 7,gt 7 of course
Samsung Galaxy S25 Edge,if you dont mind the battery and gaming isnt your focus yes it also has a few flagship features that are harder to find at that price like usb 32 with video out and triband wifi 7
Samsung Galaxy S25 Edge,is this phone still worth it in 2026 if you pay 530 euros for it
Samsung Galaxy S25 Edge,you just love numbers remember the processor here is more power effective than the exynos in a56
Motorola Edge 60,"lol who cares lag is still a lag 
no one is thinking about oh i like this lag because its not exynos fault"
Motorola Edge 60,how is the camera performance as of present day gsmarena review found it to be quite inconsistent has it been improved with any updates lately
Motorola Edge 60,as now october 2025 edge 60 is 220 while edge 50 neo is 250 i have both and i can say that edge 60 has way better camera even the camera app is updated faster and better way more brighter display and better battery backup before talking t
Motorola Edge 60 Pro,if your using the moto gaming cpu the battery drains faster than it charges so even if its charging you still end up with a dead phone extremely annoying it then takes 20 minutes before you can use it again the actual phone is brilliant but 
Motorola Edge 60 Pro,yes
Motorola Edge 60 Pro,i recently bought a 512gb12gb pantone shadow one for my girlfriends birthday next week and i hope it can deliver because her s20 fe started lacking holding battery and the display and cameras are feeling obsolete in 2026 i got it on a local 
Sony Xperia 1 VII,display blazer big size not good outside good all side good all manufacturer good but display bezel big size i am not like display
Sony Xperia 1 VII,i like the way sony takes photos a little noise never hurts a photo
Sony Xperia 1 VII,wtf is this throttling are we deadass
Nothing CMF Phone 2 Pro,x264 and x265 are not the same 20 years old x264 produces large deformations on similarly coloured areas i dont understand why anyone uses it  10 years younger x265 is about 2x smaller no areaeffects and everything can encode i
Nothing CMF Phone 2 Pro,overall phone performance is best good camera 5g is working but the worst part when come to scanning my fingers to login to banking apps mcb js bank and pakid app unable to login after 100s of attempts i guess there is an issue with focus of
Nothing CMF Phone 2 Pro,seems like a skill issue tbh get gud
Moto G Stylus 5G (2025),im currently still on verizon 15 when should i expect an update
Moto G Stylus 5G (2025),this good motorola brand
Moto G Stylus 5G (2025),does it have always on dosplay
Google Pixel 9a,"downgraded main cam especially when google never even gives details of their semsors which are just guessed  
 
both wider and brighter than last years 
 
you clearly meant the other way"
Google Pixel 9a,"the best thing about thw phone is about its battery  
and  
worse is its buzzles"
Google Pixel 9a,the only real advantage of the pixel 9a is the size i dont know a single person who owns a phone bigger than 64 and they all want to size downwe are not a huge market over here in germany but most people i see rock the smallest versions 
Motorola Razr 60 Ultra,hi im big fine moto rezr we need emi this mobile sir
Motorola Razr 60 Ultra,no it does not
Motorola Razr 60 Ultra,does this finally support usbc 32altdp mode or is it still usb 2
RedMagic 10 Air,no headphone jack no good ip rating and yes camera bumps whats even the point
RedMagic 10 Air,"this and most card readers in budget and mid range phones will typically give you 1346 mbs speeds while ufs 40 is at 4500mbs  
one can have the best card in the world but the card reader will in 9999 of cases be the bottleneck 
 
i reme"
RedMagic 10 Air,someone is forgetting microsd fastest speeds 170mbs vs and ufs41 4300mbs
Oppo Find X8 Ultra,"you wrote all that but its clear youre not only heavily biased towards samsung but you havent tried any other phones nor do you understand what great picture quality is 
 
people with low knowledge and high confidence have got to be th"
Oppo Find X8 Ultra,"unless you are a retard  let me enlighten you with some knowledge  
just now oppo has released their ultra flagship x9 ultra which has a 10x 230 mm camera   
the last time there was 200 mm plus camera in a phone was all the way back in the janua"
Oppo Find X8 Ultra,your argument was going so well until you mentioned dxomark if theres ever a site i wouldnt trust all there reviews are bought and paid for you might as well still believe in santa than one of their reviews
Infinix Note 50 Pro 4G,any fetchers are good but whatapp call not clearsignal issues i am not recommend for this phone social media for sometime strack
Infinix Note 50 Pro 4G,is good
Infinix Note 50 Pro 4G,this phone is beast with beautiful ui and very responsive build quality and specs is awesome bang for thr buck you wont go wrong in this phone
Google Pixel 9a hands-on,ugliness in pixelation
Google Pixel 9a hands-on,no way for me tensor processor  no way  i cannot understand google why use a samsung processor 
Google Pixel 9a hands-on,phone is looks good but its screen and body is very weak  even if it drops from 12 feet it broke its not worth of money performance wise also still under observation as felt some slowness rating is 25 out of 5
AI Object Removal - which phone is best?,you should compare with oppo and vivo handsets also
AI Object Removal - which phone is best?,agree where is oppo in this test they have one of the best ai removal
AI Object Removal - which phone is best?,youre missing number one smartphone manufacturer on the list  bbk electronics since all their smartphones are using the same ai for their editor whats your excuse
Motorola Edge 60 Fusion,worth it in 2026 for 300 dollars
Motorola Edge 60 Fusion,"i am using both moto edge 60 fusion and iqoo z10r vivo v60 lite from my perspective moto edge is more eye pleasing but with irregular security update at the other side iqoo guarantees regular security updates and patches 
 
if you are not co"
Motorola Edge 60 Fusion,"hello 
i think motorola edge 60 fusion is a popular choicedepends on performance and resistancebut poco is a good chioce too for someone who wants a decent phone"
vivo V50,where  any links 
vivo V50,vivo v50 has lesser and weaker hardware compared to the a56  do better research
vivo V50,bro check again  the vivo v50 has lesser hardware compared to the a56
Infinix Note 50 Pro+,at least infinix os adfree far better than xiaomis adinfested hyperos
Infinix Note 50 Pro+,the hardware is fine the software is trash
Infinix Note 50 Pro+,to anyone who owns a tecno camon 40 premier and an infinix note 50 pro which is the better phone
Samsung Galaxy A26,very bad phone always lost internet connection even though the signal strength is full 5 bar need to manually change the phone connection to reset connection seems has no capability to swithc frequency or move accross lte5g sub band
Samsung Galaxy A26,
Samsung Galaxy A26,"i bought this phone the samsung a26  
this is one of the few phones i have bought throughout my life that is not even worth writing the comment  
its rubbish"
Poco F7 Pro,"removing chargers from packages of new phones started about two years before eu usbc directive dont explain action driven by profit by citing laws  
 
yes it would be nice if we could have at least 45w charging across the board but lack of"
Poco F7 Pro,"well aptx lossless has lower latency but not available on all android devices due to licensing cost from qualcomm  
 
if you want low latency the latest lc3 or opus should suffice"
Poco F7 Pro,transparent maybe but what about a latency comparison 
Poco F7 Ultra,perhaps to clean the system erase needed caches and do a security scan check at least once a week i love that app
Poco F7 Ultra,ive been using the poco f7 ultra for 3 months now and am very pleased with it it has flagship capabilities for a midrange price i solved the problem of the lack of an esim by simply purchasing an esimme adapter which then lets the phone fun
Poco F7 Ultra,which hyperos youre on  22 or 21 
Samsung Galaxy A36,spend a bit of time optimising and debloat the apps  nonsense  these phones will run like clockwork all the way through the whole update cycle  and the one ui is good very good
Samsung Galaxy A36,not at all one year later and i am buying new one at unbelievable price with all those years updated software the oneui is good very good  i have been using s23 plus and happy to change to this phone
Samsung Galaxy A36,i have the a36 too and i love it wiht every game i played like roblox or gehsin impact or melon sandbox no lagg i love it
Nothing Phone (3a),no
Nothing Phone (3a),im getting this phone soon is it good
Nothing Phone (3a),ya
Samsung Galaxy A56,good
Samsung Galaxy A56,you dont own this phone lol if you did you wont type this bs the a52 was good but doesnt come close to the a56
Samsung Galaxy A56,getting the a56 now is the best option its like 350 dollars and it has everything including performance if youre considering the s24 fe or s25 fe theyve gone up in price and wont be coming down anytime soon
Nothing Phone (3a) Pro,i have both and i can tell you 3a is a bit better for photos the 14t have a more complete camera app but not better photos tan 3a
Nothing Phone (3a) Pro,"ive tried pretty much every brand out there except google and some lesserknown chinese phones ive used them all and honestly no exaggerationnothing is one of the best when it comes to ui how fun and unique it feels 
i never keep a"
Nothing Phone (3a) Pro,its correct 
Huawei Mate XT Ultimate,exactly the lack of google support is a nonissue the xt shipps with easy travel android container out of the box and apps like youtube music and maps work better than on samsung for additional convenience install microg and you are good to go
Huawei Mate XT Ultimate,download microg service first of all and then download arora store so you can access majority applications
Huawei Mate XT Ultimate,youd be forced to import it from some chinese online shop and your best bet at accessing googles services on a huawei is through gbox
Oppo Reno13,any update for android 16 in oppo reno 13 i buy from abu dhabi
Oppo Reno13,agree
Oppo Reno13,i dont see any problem like this may be its a issue with your internet or just your device
Apple iPhone 16e,i just bought a second one of these 16e phones for a family member not only is it the cheapest iphone great value arounf 500 euros its more than enough of a phone for the vast majority of people performance is great so is battery life  al
Apple iPhone 16e,"lets clear the fanfog  
 
16e isnt being praised everywhere 
yes i agree it is a phone with flagship pricing 
it doesnt have the fastest cpu in the world hard cope 
it isnt universally faster than a 16 just bec"
Apple iPhone 16e,you mean the same phones that have awful durability cameras and update support
Nothing Phone (3a) and Phone (3a) Pro hands-on,it supports 4x lossless zoom at least since its 50mp so no not completely useless
Nothing Phone (3a) and Phone (3a) Pro hands-on,does it have magic eraser feature
Nothing Phone (3a) and Phone (3a) Pro hands-on,lol i was only asking out of curiosity  i dont really follow nothing and what i was kind of wishing for was that these two could have been one phone at the lower price not at the higher price 
Samsung Galaxy A36 and A56 hands-on,i have the a52 and love this phone  would like to upgrade or just have a breakup of this a52 good belt up  but absolutely want a removable sd card slot any suggestions
Samsung Galaxy A36 and A56 hands-on,wrong a56 processor is exynos 1580 clocked at 29ghz
Samsung Galaxy A36 and A56 hands-on,to avoid exynos
Xiaomi 15 Ultra,no not at all i have one
Xiaomi 15 Ultra,with the latest hyperos3 update is the thermals and battery life better on x15u thinking of buying a new unit
Xiaomi 15 Ultra,this is the eu version and they are really strict when it comes to boarding any sort of transportation like going on a plane since liion batteries with high capacity above 5500mah can cause an explosion or catch on fire since they store alot of ener
Xiaomi 15,this might be better then then the iphone i will now quit my phone plan and move to china and go to a xiaomi store and get the 15 pro and i will be very excited i havent even gotten the phone yet and im giving it a 1010 100 recommend moving to c
Xiaomi 15,for real ive always thought the 16 pro is better lol especially in low light and video
Xiaomi 15,why are you in need of a new phone every 12 years you really need those subtle improvements or new features to buy every new gen i can tell you that most people use a phone for much more than 23 years some for 68 years and beyond because the m
Moto G Power (2025),personal experience i bought a moto g power 2025 in january 2026 to replace a 10yrold lg the installation ended without assigning the phone an ip address so when i walked out of the wifi zone i had no internet further problems necessitated sy
Moto G Power (2025),already worth more to me with a memory slot and headphone jack
Moto G Power (2025),did this phone come with a sim card
Oppo Find N5,i believe he said find nx not n5 whatever find nx means only the lord knows
Oppo Find N5,5 months oppo find n5 literally official announced on february in china and end of february in singapore for international markets assume u bought it around that time  its not even 5 months yet and as far as i remember as long you got the warrant
Oppo Find N5,in review you wrote about 1 gb memory and about esim option but global version doesnt have 1gb memory and china version doesnt support esim so oppo find n5 with 1 gb of memory and esim just unreal nowdays  or you know something more 
Xiaomi Redmi Note 14 5G,redmi
Xiaomi Redmi Note 14 5G,have you figured it out i am wondering the same
Xiaomi Redmi Note 14 5G,whats better redmi note 14 5g or samsung a17 5g
Honor Magic7 RSR Porsche Design,magic7 rsr uses dual oled layers tandem
Honor Magic7 RSR Porsche Design,looks fine to me 
Honor Magic7 RSR Porsche Design,do you understand what an opinion is
Xiaomi Redmi Note 14 4G,i agree i have it as a company phone and its really bad
Xiaomi Redmi Note 14 4G,the european version absolutely able to be charge with more than 33w charger i plug my 65w laptop charger instead of my 33watt charger accidentally and the phone chugging it readily i check charging status  with aida64 the battery section shows c
Xiaomi Redmi Note 14 4G,i just lock the screen myself when making or answering calls never had any issues like that
Samsung Galaxy S25+,i really like the flat colours from the camera it looks so balanced nice job
Samsung Galaxy S25+,i dont understand why this model is underestimated ultra is clearly the new note and it is excessively big plus version should be the true flagship
Samsung Galaxy S25+,"interesting  
 
so its guessing"
Asus Zenfone 12 Ultra,3 months i am using an 8 year old phone and never updated it once and im having 0 issues
Asus Zenfone 12 Ultra,after asus started blocking alternative firmware as they end support for a model id recommended everyone to look elsewhere my zenphone 8 was literally bricked only 2 years after purchase as asus stopped supplying unlockcodes required to insta
Asus Zenfone 12 Ultra,if this is available in pakistan ill buy it for headphone jack and performance
Samsung Galaxy S25,just bought the s25 upgrading from the s20 fe i am disappointed the camera seems exactly the same  the speaker quality is way worse also the camera location is not good for holding on the smaller phone
Samsung Galaxy S25,five stars all the way its taken some hits and without a case a forgot it on the hood of my truck it stayed up there till i hit about 60 mph went around a curve it slid directly off on the pavement rolled a bunch got ran over by the car behind
Samsung Galaxy S25,"absolutely  
ive found out a great experience from the use of samsung galaxy products and i will like to derive a bigger joy from samsung galaxy s25"
Samsung Galaxy S25 Ultra,i have been using iphone 13 pro 4 years and redmi note 13 pro 5g 2 years ago buy news phone s25 ultra titanium silverblue 12512gb in malaysia rm6299
Samsung Galaxy S25 Ultra,i have been using samsung a52 for 4 years now i want to upgrade to an ultra device i have 2 options s24 ultra1tb 12gb ram which costs 1200 and s25 ultra512gb 12gb ram which costs 1300 the prices are like this because in my country we have t
Samsung Galaxy S25 Ultra,no the s25 uses snapdragon and i use this as may main phone you will notice a difference in design camera and performence
Realme 14 Pro+,"realme gt 6 main camera is flagship level and clicks much better pictures 
both are good but when u compare them side by side u will see the difference"
Realme 14 Pro+,"who has better cameras 
realme gt 6 or realme 14 pro 
do both support gcam fully"
Realme 14 Pro+,those who are fond of music should never listen to music with phone speakers
Xiaomi Pad 7 hands-on,dyou mean the pro model the normal version has 4 also the redmi pad 2 may be limited to future hyperos features for tablets but id agree of waiting till 2025s halloween so we get a better snapdragon maybe 8s gen 1
Xiaomi Pad 7 hands-on,who in their right mind bothers to install a custom rom on a tablet pad 7 should have come with at least 45 years of updates and the fact that it gets only 2 meanwhile the redmi pad 2 will get 7 years suggest that users should skip this generati
Xiaomi Pad 7 hands-on,welcome to the beautiful age of androids unlock the bootloader and install a custom rom you will still be able to install the latest android version even after 8 years better than what flagships today offer
vivo X200,"what is your comment even replying to a completely different topic and not even on the smartphone topic 
 
anyway thinking of getting this for my lil bro as im using the x200 pro china variant overall great experience other than t"
vivo X200,you guys missed out on microphone quality it is really bad and should compare with other device with the audio samples bcz in my x200 it cant keep up with the baisc pub speakers and has cracking and hiss like sound captured while recording an
vivo X200,same main and ultrawide as cheaper v40
"Samsung Galaxy S25 Ultra, S25+ and S25 hands-on","why does samsung keep treating european users like secondclass customers 
ive been a loyal samsung user for years but their treatment of european customers is getting ridiculous 
 
first we had to put up with underperforming exynos chips whi"
"Samsung Galaxy S25 Ultra, S25+ and S25 hands-on","please note all purchasers 
 
there are some points you must to note before purchase  
 
1 there is no call recorder exist which is more important for business  
2there is not available  real time network speed  
3there are not much features"
"Samsung Galaxy S25 Ultra, S25+ and S25 hands-on","truthfully i wish i would use a pen more so its more like for future proofness but i use ai edit a lot and even if its not perfect or so good like paid editing its useful so is photo quality restoration   
but with ch"
Xiaomi Redmi Note 14 Pro 4G,something then is definitely wrong with your unit mine works perfectly fine for daily tasks and the camera is better than i expected since it uses samsung isocell hp3 sensor and it satisfies me plus for gaming and daily tasks  it is vastly bett
Xiaomi Redmi Note 14 Pro 4G,worst phone overall if we compare it for its price  processor is so bad  refresh rate  response rate is so bad it is even bad for daily uses only good thing is 200mn that its so disappointed never gonna buy redmi phone again   210 ratin
Xiaomi Redmi Note 14 Pro 4G,does xiaomi redmi 14 pro 4g support esim
Xiaomi Redmi Note 14 Pro+ (Global),with xiaomi im always looking where the biggest discounts are in my part of the world belgium all 14 pros are sold out now considering the price thats a given but right now we can get the 15 pro for 250 considering it w
Xiaomi Redmi Note 14 Pro+ (Global),"in october my redmi note 11 will turn 4 
its the best ive ever had still in perfect condition 
any suggestions on the next redmi note to upgrade to 
thanks in anticipation"
Xiaomi Redmi Note 14 Pro+ (Global),xiaomi is having special deals on their official website here in europe belgium bought this one 8256 with eco leather back voor 171 and got the redmi buds 6 lite added for free at these prices i can forgive the few minor disadvantages gettin
Honor Magic7 Pro,it all depends what type of floor its dropped on and how it falls mine cracked on top left corner from a 2 foot drop on a lino floor
Honor Magic7 Pro,screen isnt weak ive dropped mine on hard floors a few times
Honor Magic7 Pro,bought it in june 2025 had it for 3 months and the screen broke got the 16gb 1tb  from and online retailer for 900 even though i wanted to pay to get the phone screen fixed honor uk told me they were unable to as the phone is from hong kong which
Poco X7 Pro,nope maybe with poco x9 pro
Poco X7 Pro,my phone is a poco f6 is the poco x7 worth replacing my phone with
Poco X7 Pro,"my mobile is a poco x7 pro it hasnt even completed one year yet for the past 15 months i have been facing issues and the service center still hasnt been able to resolve them whenever they fix one problem a new one starts 
 
initially whe"
OnePlus 13R,"oneplus 13r if you specifically value performance battery and slightly longer software support  
 
s23 ultra for everything else better display much better cameras better build spen some more ultra stuff"
OnePlus 13R,oneplus 13r or s23 ultra which one in 2026
OnePlus 13R,"get the 13r 
the g84 is not even comparable to the 13r especially in the soc department"
Xiaomi Redmi Note 14 Pro 5G (Global),no
Xiaomi Redmi Note 14 Pro 5G (Global),it does have a 35mm audio jack on top at least on the global version pro 5g
Xiaomi Redmi Note 14 Pro 5G (Global),"we have to address the confusing bit of the story here the unit we are reviewing today is the global version unlike the chinese and indian models which have a 50mp main camera the european model has a 200mp main camera  
 
wow you"
Poco X7 (Global),its also more expensive
Poco X7 (Global),naaahx7 pro is better
Poco X7 (Global),worth it in 2026
vivo X200 Pro (Global),why wasnt the x200 pro score on the list
vivo X200 Pro (Global),funtouchos is out my x200 pro global recently got a major upgrade and now runs originos on android 16
vivo X200 Pro (Global),"hihow are you 
 
do you have the correct chinese version of the vivo x200 pro 
 
if soi read some comments about several limitations and bugs with google services delayed notifications and after some time lack of synchronization 
 
"
OnePlus 13,one plus 15 for performance one plus 13 for camera both good
OnePlus 13,"oneplus 13 is better overall except battery compare to 15 
if youre getting both at similar price then you can with a new model but cameras arent competitive"
OnePlus 13,which is better the oneplus 13 or 15 whats the better choice to get between the 2
The best-sounding smartphones and tablets of 2024,"hi gsnarena 
you didnt include the honor magic 7 pro and magic 6 prowhy not these two definitely have better quality speakers"
The best-sounding smartphones and tablets of 2024,one thing id love to see is a comparative test of microphones phone mics are good for frequency range but when will they make external condenser mics obsolete please consider a full test of these
The best-sounding smartphones and tablets of 2024,there are only two types of smartphone speakers rog phone 7 and others
Poco C75 5G hands-on,really
Poco C75 5G hands-on,i swear
Poco C75 5G hands-on,what
Huawei Mate X6,i understood emiu 14 from page 4 however you may need to have it resolved
Huawei Mate X6,i cant run google maps and the application in the phone to replace it is not as complete
Huawei Mate X6,gbox is not the best solution because its an emulator microg allows gms dependent apps to run natively
Infinix Hot 50 Pro+ 4G,"i am a proud owner of infinix hot 50 plus which i bought from a reputable off line store 
the issue i am experiencing is pocket mistouch  tried all its settings from intelligent strong and weak it doesnt seem to work"
Infinix Hot 50 Pro+ 4G,first time using infinix phone  keep crashing  impractical setting
Infinix Hot 50 Pro+ 4G,i am experiencing the same
Infinix Zero Flip,does it have heat issue
Infinix Zero Flip,my infinix zero flip is 2days now may 6  hit i experience the phone heat 
Infinix Zero Flip,i could care less about the stupid crease it dosnt bother me as long as it works the price and color is what im looking for i have a flip 3 galaxy works great got it when they first came out but i wish they would come out with hot pink or neon
Ulefone Armor Mini 20T Pro,there is enough space in top bezel to put the selfie camera  the next version should just have screen without the punch hole
Ulefone Armor Mini 20T Pro,as an ulefone power armour 24 user im not satisfied with battery quality  though its 22000mah after 15yr it lasts 1day instead of one week
Ulefone Armor Mini 20T Pro,still small battery
Tecno Phantom V Fold2,anyone facing problems with smartwatch syncnotifications my watchamazefit active2 and phone both show connected nut i dont receive any notifications
Tecno Phantom V Fold2,bro are you crazy not even the normal flagship phones have less than 200g how could you expect this one to have
Tecno Phantom V Fold2,v purse is 214g
Xiaomi Redmi Note 14 Pro+ hands-on,why do you say this
Xiaomi Redmi Note 14 Pro+ hands-on,hard pass at its asking price the last hope i had was for the cameras to be good but i just saw some online comparisons and its noticeably worse than rivals in the same ballpark like the realme 13 pro and the vivo v40 pro ill be check
Xiaomi Redmi Note 14 Pro+ hands-on,do the full review please
Tecno Phantom V Flip2,can you explain this why whats wrong with techno and poco brands
Tecno Phantom V Flip2,whatsoever premium phone tecno releases in india people will certainly not buy it as they want reliability over innovation this is the reason why some people even now try to avoid poco x series
Tecno Phantom V Flip2,lmao he already gave you 
RedMagic 10 Pro,does it have any water damage protection 
RedMagic 10 Pro,it was much better than i expected
RedMagic 10 Pro,what tf u mean
Samsung Galaxy A16 4G,i had 3 xiaomis before this a16 the better one was the very cheapest and oldest xiaomi redmi 5 metal framed it works still today even with the screen broked costed ne in 2019 less than 100 i payed 200 for a xiaomi 12 that was a deception and
Samsung Galaxy A16 4G,update in one ui 7 to one ui 8 please
Samsung Galaxy A16 4G,"this is terrible phone  it heats up and needs to be charged twice a day the screen seems to be  misaligned so touches do not produce the right letters or numbers 
very frustrating it is less than 1 year old and i am looking for a new phone"
iQOO 13,4 years os updates and 5 years security patches
iQOO 13,probably because the iqoo 12 has a much better camera system
iQOO 13,a gaming phone so good and so wellrounded that they have to nitpick about the cameras lmao
nubia Z70 Ultra,feels more premium than s25 ultra main camera is actually quite good for everyday use selfies are bad hotspot is better than on samsung and battery is better software feels better than on xiaomi with 3 major updates performance is expected for s
nubia Z70 Ultra,"i preorder nubia z70 ultra at the begining of december 2024 for 50 euro discount 
suport for softwareandroid is 3 years 
i got software updates every month 
before i used z60 ultra with no issue"
nubia Z70 Ultra,"you clearly dont if youre agreeing with the guy complaining his lg wing a phone using the default android audio tech sounds bad of course it sounds bad hes listening to the default android pcm setting1012bit48khz  
prett"
Oppo Find X8,i got this underrated beast at 36000 with multiple offers combined  exchange with a really cheap phone super premium looking superb performance  color os 16 is unbeatable i miss storage expansion though since this ones perhaps t
Oppo Find X8,i did chose oppo it is widely available here in viet nam i already have an honor 200 so i decided to go for oppo the display a tad small for my taste and not as nice as honors disolay but it has better chip memory camera
Oppo Find X8,"i would choose oppo but theres a problem x8 is available only in china if i remember correctly  
if you can get any of them and chinese software is ok for you see if they have all the bands for the networks in your country"
Oppo Find X8 Pro,this phone has 80 w charger in the box
Oppo Find X8 Pro,i love everything about it
Oppo Find X8 Pro,hi there i have bought the phone almost 2 weeks ago my overall opinion of the phone is very positive i love the big battery it has a much better battery life than any other pixel phone for example the charging speed is also ok i have bought the
Asus ROG Phone 9/9 Pro,like your work good luck
Asus ROG Phone 9/9 Pro,not that packed to the gills really no 2tb no 144hz no 120w charging no 89 thousand mah battery
Asus ROG Phone 9/9 Pro,please outfit black
Realme GT 7 Pro,so first of all it does support it second of all people like you are pretty much paper tigers such small screens like phones even tablets watches from 3050 cm when watching a video do not need to display more than sd quality you do no
Realme GT 7 Pro,it supports widevine l1
Realme GT 7 Pro,"this is an expensive phone no widevine l1 
 
this phone is a joke"
Motorola Edge 50,"battery lasted more than a day only for a month after that it last only upto 8 hrs normal use 
high performance games worked smoothly with 60 fps for the first few months then after that the game works smoothly only for 15 mins then fps drops phon"
Motorola Edge 50,i was about to get the edge 50  but after so many reports about poor battery life i decided to get the neo and i dont regret its a great device  nevertheless the the peach fuzz color is crazy how nice the device looks
Motorola Edge 50,battery timing is not sufficient its draining fastly
Honor MagicPad 2,is this tablet better than the ipad a 16 for drawing
Honor MagicPad 2,i have it the pad is very good and the attachable bluetooth keyboard is lovely to use fast and the screen is silky smooth i am using it for work and it is so much faster than my old dell xps13 which is no slowcoach
Honor MagicPad 2,"i feel like that 1 year update should have honor sued especially as android 16 has improvements for tablets  
 
why sell something expensive and support the software with only 1 major upgrade"
RedMagic Nova,so where do i buy the 24gb ram1tb storage version and how much does it cost i have a feeling thats china onlykeeping the best for themselves like usual
RedMagic Nova,sounds like a skill issue mobile gaming is taking over with the hardware available now days for mobile gaming and the engines these games get developed on is giving console and to a degree pc a run for its money when its comes to cost for val
RedMagic Nova,better in what way
Infinix Zero 40 5G hands-on,in terms of gaming it does exceptionally well for a phone thats meant to do everyday 4k vlogs in terms of performance you wont be losing much performance when playing games the fps doesnt dip too low when playing for a long time
Infinix Zero 40 5G hands-on,did you bought it if yes could you tell me how does it performer does it lag or freeze or how it is for gaming
Infinix Zero 40 5G hands-on,"no and neither can this phone 
 
get outta here you clown you aint buying anything"
Samsung Galaxy A16 5G,i have 8gb256gb model and it is a super good daily driver
Samsung Galaxy A16 5G,please just please revert the scoped storage updateyou just made my life even worse n9w that i cant install mods into my favorite game
Samsung Galaxy A16 5G,"i am using the third phone issued by my company 
it is bad at best  
battery ok 
screen ok 
speed bad 
camera medium with very few available adjustments 
fingerprint sensor fails on every device"
vivo V40 Pro,apologies  rm 1500  
vivo V40 Pro,currently 281125 available in silver or white and 12  512 configuration at 55 discount in the official vivo malaysia  store less than rm 15k
vivo V40 Pro,yes
Motorola Edge 50 Neo,not great in my honest opinion mine is not super reliable
Motorola Edge 50 Neo,only just marginally so much so you would not notice to be fair mine is a let down and my g73 is better
Motorola Edge 50 Neo,the quality of the photos is much better when shooting in raw and 12mp after taking the photo you have to edit it in the free lightroom or similar application the photos are not coloring books and you get much more detail there will be a little m
vivo X200 Pro hands-on,the issue with 12 sensors and larger is that they tend to cause focus problems with the ideal size being 1255
vivo X200 Pro hands-on,it very nice and good camera
vivo X200 Pro hands-on,can someone tell me exactly why as with other phones the meanest smallest sensor is given to the ultrawide lens that can see so much more detail than the other lenses if it has enough lens resolution it will be much noisier and will make all vi
Samsung Galaxy S24 FE,android consumes more than half now considering that i did a debloat the amount of ram is not pleasing at all
Samsung Galaxy S24 FE,no dex no galaxy generative ai features and the a55 is way weaker than this phone in terms of performance  besides where i live i got my phone during the black friday around its launch time and i got it for around 66 of the regular price
Samsung Galaxy S24 FE,hey i agree with the virtual prox sensor its sheet but the 8gb of ram defo isnt a dealbreaker
vivo V40,vivo 40 esim support in my country nepal
vivo V40,i like 
vivo V40,i will use vivo 40 in 8 month good experiens
Xiaomi Redmi 13 5G hands-on,"redme 13 is the worst phone ever dont e er buy it 
its battery is crap its display or video disrupt while playing its sound is too bad overall 010 from me"
Xiaomi Redmi 13 5G hands-on,thats wh i only buy phones with at least 1 year old my friends dont understand that after a year ill know for sure if it isa good buy and the price i will never ever pay more than 300 euros for a phone  as a man i dont need 13 ca
Xiaomi Redmi 13 5G hands-on,not a major changes from xiaomi redmi 12 5g according to review performed by gsmarena there are few increase in processor clock speed and display refresh rate that now reachs 120 hz max the device is fresher than redmi 12 5g which resulted a more 
Apple iPhone 16 Pro,awesome technology
Apple iPhone 16 Pro,theyre somewhat the budget option when you consider the cost of some androids looking at you pixel and sony
Apple iPhone 16 Pro,"i appreciate gsmarenas detailed review of the apple iphone 16 pro its a comprehensive analysis that covers various aspects of the device 
  
however i noticed that the review doesnt mention the camera control button introduced "
Apple iPhone 16 Plus,nope its quite cool in normal usage and scrolling through social media
Apple iPhone 16 Plus,"mastering profitability mostly  
 
but they make good crrap yes 
 
id say it more like that  
 
software is insanely buggy and walled garden and cockypretentious but android copying same shyt locking down like activation"
Apple iPhone 16 Plus,"does iphone 16 plus also has a heating problemissue 
anyone exp even normal use excluding gaming heavy apps"
Apple iPhone 16 Pro Max,me wants this phone and me wants it now feet stomping
Apple iPhone 16 Pro Max,oh my god this is my crushed phone in the world i promised
Apple iPhone 16 Pro Max,is a year over year 25 performance increase incremental
Xiaomi 14T,everything is so very great in your reviewa and you miss important stuff like this phonw having serious charger compatibility issues and the photos look like crap
Xiaomi 14T,the camera is good for content creation
Xiaomi 14T,i have samsung galaxy a54 5g should i change to this phone i think there are many benefits i will have arent
Apple iPhone 16,samsung has been using the same camera for years and everything beside the ultra model is shit
Apple iPhone 16,you are so good
Apple iPhone 16,just using iphone se 2020 charged to 88 in the morning now 121 pm at 7 yes the battery sucks
Xiaomi 14T Pro,viljuska dont forget that it has 120w charging and can charge from 0100 in less than 30 minutes
Xiaomi 14T Pro,very bad battery but very very bad in 8h shit phone is it in pocket and dry 4050 off battery i am not playing games on the fon just calls text and internet and very small time i watching some video and i have to charge phone 34x per day
Xiaomi 14T Pro,still waiting for 15t series
Google Pixel 9 Pro,ive had htc few samsung and huawei phones in the past and google pixel pro 9 is the most disappointing of all one of the main features  phone and especially gallery was laggy from the beginning and never started working after attempts to get
Google Pixel 9 Pro,i upgraded from a pixel 6 to the 9 pro a few weeks ago and i am already loving it aside from the phone feeling snappier the biggest qol improvement to me is the selfie cam face unlock and the battery lasting heaps longer even with youtube playing o
Google Pixel 9 Pro,can i have your old one mate please
Google Pixel 9 Pro Fold,"pixel 9 pro fold is good phone 
but there is always error in mic of loudspeaker or whats up mic"
Google Pixel 9 Pro Fold,the camera blows the fold out of the water but then again most people are drawn to over saturated images where samsung gets you every time the pixel is far better and if you actually edit the photos to your liking produces an overall much better i
Google Pixel 9 Pro Fold,"i am disappointed with the pixel 7a battery i purchased my pixel 7a on september 2 2023 and just one year later the battery stopped working  
 
i kindly request that google establish an official shop in ghana so we can purchase phones batteri"
Samsung Galaxy A06,i bought from temu dirt cheap 40 new its basic and slow start but its ok as a second backup phone screen is good quality for browsing youtube tv etc sound basic new security updates now android 16 if can buy for as little as 50 its a good basi
Samsung Galaxy A06,first time buying sumsung model and im regrettingit always freezing
Samsung Galaxy A06,freezing phone please update it
Honor Magic V3,why did you not mention tha there is no easy way to use primary camera with front screen there is no gesture shutter button or capture by phrase like everyone elso does it it is a big minus and you did not care to talk about it
Honor Magic V3,so as a long time samsung user ever since the s3 ive always had sammy phones then the gear watch then tablets then yearly updates in all devices then it was the original fold and every iteration i updated yearly until i went to malaysia and
Honor Magic V3,"magic os have what issue with their software 
give detail"
Motorola Edge 50 and Edge 50 Neo hands-on,so nice
Motorola Edge 50 and Edge 50 Neo hands-on,i have my edge 50 neo ordered only i havent opened it yet waiting for the full review should i keep it or return
Motorola Edge 50 and Edge 50 Neo hands-on,disappointed in you ive been waiting for a review for the edge 50 neo for more than a month you promised those reviews
Xiaomi 14 Civi,this is a heater phone you can easily make omlates over it
Xiaomi 14 Civi,so this phone worth buying at now
Xiaomi 14 Civi,all photo you uploaded as taken from this phone is fake
Google Pixel 9,"lmao  
battery life ris fantastic on my pixel 9"
Google Pixel 9,pixel 9
Google Pixel 9,oneplus 13r
Google Pixel 9 Pro XL,"all the delusion about ufs not defending pixel btw i myself use a ufs 40 device but theres literally a 2530 difference at most between ufs 31 and 40s random readwrite speeds  
 
highlighted random because thats the spe"
Google Pixel 9 Pro XL,its strange reviewed performance puts me off besides  i cannot discover from this review whether or not it can do panoramas with all of its lenses in fact there is no mention of them at all nor any sample shots as i search for an ultrawide panora
Google Pixel 9 Pro XL,"good but not the best  
hope pixel 10 might be better"
OnePlus Pad 2,"does oneplus pad 2 have native 1b colors display or does it use frc frame rate control  
 
oneplus pad 3 uses frc frame rate control  
disclaimers 
3 12bit color depth achieved through 8bit hardware combined with 4bit frc frame rate c"
OnePlus Pad 2,"does oneplus pad 2 have native 1b colors 10bit color depth display or is it like oneplus pad 3  
 
disclaimers for oneplus pad 3 
3 12bit color depth achieved through 8bit hardware combined with 4bit frc frame rate control while this "
OnePlus Pad 2,hey mate just saw your comment and im planning to buy the tablet especially to play at mcoc is your experience on it still difficult or does it perform well now
Samsung Galaxy Watch Ultra,all samsung watches from the 6 to ultra use android wear power consumption is ridiculously high with less than a day battery life if bluetooth lte and gps sensors enabled im using a huawei gt pro harmony os that gives me close to 2 weeks batter
Samsung Galaxy Watch Ultra,mine lasts 3 days
Samsung Galaxy Watch Ultra,"you can adjust it from the settings  
as the watch supported with ai as well"
Motorola Razr 50/razr (2024),cant agree more you are right narrow screens are terrible i think pura x is a good choice but it has 2 problems too expensive and has no officiallegal google services
Motorola Razr 50/razr (2024),agreed
Motorola Razr 50/razr (2024),true
Nothing Phone (2a) Plus,battery life of np2a is not bad but also not the greatest im a heavy user and cant het it through the day without charging
Nothing Phone (2a) Plus,this still seems like a good choice even if the 3 series are out for me the battery life is a really important thing what are the owners of the 2a pro
Nothing Phone (2a) Plus,please dont say inappropriate things 
HMD Skyline,i dont care about the greatest hardware but i do care about security updates that phone is ewaste after a maximum of three years a repairable phone should be supported for at least five years otherwise it makes no sense just buy a phone t
HMD Skyline,in case you missed my earlier comments ive mentioned specifically that my family members and colleagues use several other nokia devices even today including my parents nokia c32 phones nokia 53 34 7 plus c20 62 g10 c20 plus 1
HMD Skyline,"and what are you doing 
 
you had one phone from hmd nokia just one everyone knows it already because you constantly repeating it since 2017 you had nokia 8 with your crazily good stand by times up to 4 or 5 days i can manage to do that only i"
Xiaomi Mix Flip,ive been watching gsm arena reviews for years those reviews were the reason i bought my first xiaomi i love the testing method and all the clear information this time theyve also delivered a really good review of the mix flip this is
Xiaomi Mix Flip,i like it after months of using it
Xiaomi Mix Flip,quite happy finally some one put telephoto cameraultra wide not producing good photos
Realme 13 Pro+,"i am a realme fan since 2018 i am still using realme xt from last 5 years not a single problem 
just upgraded to realme 13 pro  very good phone with powerful speakers and good camera"
Realme 13 Pro+,just bought mine after using the gt master at first i thought id regret my decision but i dont because this 13 pro plus feels like ive personally customized my dream phone all within a budgetfriendly price hope that helps
Realme 13 Pro+,just got mine and wireless charging is not supported
Realme GT 6T,go spend your entire 2 year salary for software not all people into software plus software this days are really good that it didnt stupid updates just to ruin and make it insufferable and some software updates intended to make your device lags
Realme GT 6T,keep glazing chinese phones will still be superior you software nerds are a different breed and your opinion is invalid
Realme GT 6T,my first and last chinese phone  the phones hardware is very good  but the software is horrible  to make even the easiest changes takes hours of searching where to find to make them  theres a saying you get what you pay for sti
vivo X Fold3 Pro,"dear please help if you did find any solution for the teams issue 
 
i am facing the same once i press the icon the app launches then immediately crashes"
vivo X Fold3 Pro,you are probably wrong  i am 75 years old  a pensioner from slovakia and i change mobile phones every 2 years  cloning works so no problem with replacement and the vivo x fold3 pro is excellent
vivo X Fold3 Pro,wow ots amazing its affordable  and very brilliant
Samsung Galaxy Z Flip6,they need to make a flip version of the s25 ultra same overall dimensions when opened especially the width enough of these good looking devices that are horrible for viewing normal content like reading pages
Samsung Galaxy Z Flip6,tv remote type phonesso you can hold it easily but cant view muchwhat is the point
Samsung Galaxy Z Flip6,nobodys mentioning the convince of using that phone with one hand thinner i think its a more natural size for the hand
Xiaomi Mix Flip and Mix Fold 4 hands-on,what what are you even on about bro im saying that people are gullible enough to buy poor midrangers instead of old flagships and xiaomi knows that some people dont know too much about phones so they take advantage of them by making 
Xiaomi Mix Flip and Mix Fold 4 hands-on,you are so entitled that you forget you got born in the same way and will die in the same way came with nothing will leave with nothing so what if poor people go for an older flagship product
Xiaomi Mix Flip and Mix Fold 4 hands-on,agree 100
nubia Red Magic 9S Pro,while gaming sometimes it crashedhangsupnot moving at all so i have to restart the game
nubia Red Magic 9S Pro,reset your connection on bluetooth and your earbud as well for the software buggy i dont think i have the same issue are you using 99s or just the same brand
nubia Red Magic 9S Pro,ori case a lot of case out there seriously better than the casing xd like too much brother im using the one that has a metal plate behind that allows extra fan to be jack on then game with extra coolness
Samsung Galaxy Z Fold6,15 months old z fold6 user here no issue like you mentioned has happened to me at this time
Samsung Galaxy Z Fold6,they arent going to fix something you broke thats funny
Samsung Galaxy Z Fold6,"hey everyone 
 
i am a regular client of smasung equipment tv computer watch phone ear phone and i was a fan till now 
 
 
posting here because my galaxy z fold 4 bought from fnac  france about 20 months ago  now has two major is"
OnePlus Nord 4,this is a fantastic mid range phone the only thing really letting it down is garbage cameras otherwise great
OnePlus Nord 4,the 7 gen 3 has 10 more
OnePlus Nord 4,not tryna be rude but thats kinda your fault dont automatically assume anything
Moto G Stylus 5G (2024),where
Moto G Stylus 5G (2024),it says 699 so why do you say 400
Moto G Stylus 5G (2024),its a 400 phone  dont expect 800 features
Samsung Galaxy Z Fold6 and Z Flip6 hands-on,now anyone else notice on the 2nd page of this double review where they pit the fold 6 vs the fold 5 internal screens open
Samsung Galaxy Z Fold6 and Z Flip6 hands-on,for my own device once by month its my duty
Samsung Galaxy Z Fold6 and Z Flip6 hands-on,yeah fair enough but dont you backup it often
CMF Phone 1 by Nothing,its fluied and smooth i am happy with this a good performance after 1 year
CMF Phone 1 by Nothing,ingress protection means screen will crack with just one hit
CMF Phone 1 by Nothing,"gsmarena reviews are not trustworthy 
 
as mentioned the cmf phone 1 feels snug and comfortable in the hand thanks to its nicely curved edges 
 
the cmf has hard straight edges which are not at all curved and actually hurt if held for some"
Poco Pad,no
Poco Pad,poco have slightly more performance see the benchmark
Poco Pad,firmware is different 
Xiaomi 14 Civi hands-on,this phone has a nice size about it shame its hard to find in the uk why dont xiaomi just release it globally
Xiaomi 14 Civi hands-on,wheres the full review for civi gsmarena been waiting for some time now please do asap
Xiaomi 14 Civi hands-on,sad fact is samsung lowmidrangers are full of bloatwares so only premium phone gives you good vibes
Xiaomi Redmi Pad Pro,yes
Xiaomi Redmi Pad Pro,they are not the same a pc is a computer keyboard monitor and mouse while a laptop is an allinone a pc requires a constant mains supply while laptops have a builtin battery pcs are also an order of magnitude bigger and more expensive than l
Xiaomi Redmi Pad Pro,do u find the solution i m also facing same issue
vivo X100 Ultra,"is it this video httpsyoutubepbp7wkqjo6y 
 
if it is what are the things that arent even there what timestamps 
 
what videos of x100 ultra vs find x7 ultra do you recommend because i just see video comparing them to x100 pro"
vivo X100 Ultra,"wheres the russian dudes comparison video i cant find it 
 
also can you show me that video of the vivo x100 ultra compared to the oppo find x7 ultra  a dslriphone"
vivo X100 Ultra,ive had the x100 pro and the magic 6 pro vivo is far superior in night photos macro definition in zoom above 8x and night photos in motion in other situations they are similar you cant say that honor is better the dxomark score ma
Oppo Reno12 Pro,"surprised no one picked up on this charging spec contradiction  oppo might be underselling the reno12 pros pd charging capabilities 
you mention the phone supports pd 20 at 9v15a which is 135w max but your own test data shows this doesn"
Oppo Reno12 Pro,so what this is why samsung phones are more expensive than oppo phones as long as its not broken and the key android features are there updates arent necessary
Oppo Reno12 Pro,lmao you traded the ultimate flagship phone galaxy s23 ultra for a mid range good luck haha
Motorola Razr 50 Ultra/razr+ (2024),releasing security updates when google no longer releases it for a version is not feasible google only release security updates for 3 simultaneous version it means about 36 months for each version but not exactly because android is not always rele
Motorola Razr 50 Ultra/razr+ (2024),you are not alone i also love ultrawide camera but manufacturer doesnt really care much about it i had use a lot of phone since the lg g series up until today flagships and as stupid as this may sound lg g5 had the best ultrawide camera among all 
Motorola Razr 50 Ultra/razr+ (2024),didnt have the stupid phone for not even a week couldnt even enjoy the apps that i paid for do not buy this phone i suggest against it
OnePlus Nord CE4 Lite hands-on,ce4 lite is one of the best i have had since ce2 lite both almost indestructible lites in 1 are the best middle range not like de nord3 wich is a fragile and brittle expensive garbage that overheats
OnePlus Nord CE4 Lite hands-on,no nfc not a 1 nord ce4 lite
OnePlus Nord CE4 Lite hands-on,you can install the oneplus store or you can look on ebay and amazon
Xiaomi Redmi 13,i miss my redmi note 9s that was one of the best phone i hade in a while honestly 5030mah battery is a bit wack for these days even honor x6b have better features than this plus ultra wide angle camera and 5200mah battery  i had to rush for an em
Xiaomi Redmi 13,do lag sometime 8gb ram for that
Xiaomi Redmi 13,using the 2gb extra to be reading and writing from your storage is always a lot slower than pure ram i cant even consider this benchmark and test valid
Realme GT 6,"who has better cameras 
realme gt 6 or realme 14 pro 
do both support gcam fully"
Realme GT 6,
Realme GT 6,this mobile waterproof
Infinix Note 40 Pro+,poor battery backup hearing problem
Infinix Note 40 Pro+,nice phone
Infinix Note 40 Pro+,very poor touchscreen
Honor 200 Pro,android auto problems
Honor 200 Pro,i believe so
Honor 200 Pro,in croatia yes came with google play store and all this is why i chose honor after 6 happy years with huawei p30 google services were the main factor for choosing a different brand i wanted a similar phone with better performances and greater m
Motorola Edge 50 Fusion,i been using this phone and its very goodthe cameras are very good screen battery everything is very good for price better than a36 redmi note 14 pro  and some other phones and one thing moto could add and its wireless charging i give 
Motorola Edge 50 Fusion,purchased this phone 2 months agopaid 139 refurbishedthe phone came like brand newbrilliant phonebest phone ive owned really pleased with it
Motorola Edge 50 Fusion,"i bought this phone around 7 months back but its totally disappointing on its performance  
battery lost very fast  
hanging  
once it was not unlocking unable to enter the password after switching on   
5g  is pathetic"
Motorola Edge 50 Ultra,on the main page i already told my opinion on the battery will do it here as well i bought the device in may i work 12hours shift device charged 100 i brows internet a lot during work occasionally play games after 12hrs battery was never be
Motorola Edge 50 Ultra,"let me know your thoughts about battery life pleas 
i want one too  
 
thanks"
Motorola Edge 50 Ultra,"just ordered it on amazon in peach fuzz for under 600 
 
expectations are quite high coming for a s23 ultra and a pixel 8 pro but sold the samsung and ordered a return for the pixel as after a year the overheating and wifi  bluetooth problems l"
Xiaomi Pad 6S Pro 12.4,whats the connection between an 5g modem and global presence
Xiaomi Pad 6S Pro 12.4,shame that some region charger is missing
Xiaomi Pad 6S Pro 12.4,type c hdmi cable can serve the purpose
Tecno Camon 30 Pro,what you mean sluggish
Tecno Camon 30 Pro,bruh is new update 16 android 
Tecno Camon 30 Pro,it is really boring and sluggish
Google Pixel 8a,"i have it for one year now  
 
 small size clean android without bloatware monthly updates nice photos ai function which tells you which music is playing 
 
 battery life could be better cpu is sometimes throthling in games 
 
for th"
Google Pixel 8a,the speaker on this phone is terrible the sound is muffled and too much bass
Google Pixel 8a,its a pixel so expect average battery life
Poco F6,"qualcomm also lowered the cost by using an older modem but its still offering a highend isp as well as nextgeneration connectivity such as wifi 7 
so which modem does she use"
Poco F6,the smartphone does not support google play services for ar the manufacturer authorized xiaomi service centers and retailers market the poco f6 as a flagship smartphone from the poco brand featuring a flagship processor supporting all the latest 
Poco F6,"subpar battery life not the worst but still subpar almost bad 
but i guess its the price to pay if you want a phone that doesnt feel like its fighting for its life just because you have 2 apps open at once"
Apple iPad Pro 11 (2024),no need 10 years ipad pro 2024 speaker is worse than 2021 because of its thinness
Apple iPad Pro 11 (2024),just asking if the ipad pro 2024 11 inch supports pro create i got confused when reading procreate
Apple iPad Pro 11 (2024),i am not an apple fan at all but the benchmarks are insane on this one
Poco F6 Pro,"poco f6 pro is better than honor 200 non pro and samsung a55  
better main camera 4k 60fps better display 526ppi ufs 40 memory charging speed build quality much better performance its not even close"
Poco F6 Pro,"had it for 1 year  until my small niece spilled  unintentionally a full glass of water on table next to itwich killed phone  so was a good phone good chip that fast charging was reliable and amazing good connectivity 
 
cons battery life cou"
Poco F6 Pro,xioami 14t pro both gaming and camera
Huawei Pura 70 Ultra,you ask too much from a phone yes it can be done eventually but the price after all these options will be to big already the ultra phones have a big price most of it because of the chip and photo capabilities that can be compared to some cheape
Huawei Pura 70 Ultra,this is easily the best phone camera hardware ive tried when it comes to image quality but the camera software is infuriating it has an optional 25mp option in the default mode which does genuinely capture even more detail but suppose you want
Huawei Pura 70 Ultra,and many areas will never get 5g
Google Pixel 8a hands-on,sure its actualy a much better option considering the price differences and that you can find the pixel 7 much cheaper for about 500 the pixel 8 is a much better option especially longterm
Google Pixel 8a hands-on,as per conclusion vanilla pixel 7 is also a good option to consider for buying instead of pixel 8a
Google Pixel 8a hands-on,the form factor feel in your hand is great i have to agree but the challenges on fixing modem issue on exynos chips is giving us less performance
Sony Xperia 10 VI,this phone seems like a budget compact phone and i love it the 4nm processor is good enough for me and the front facing speakers is also really good
Sony Xperia 10 VI,please sony for 10vii please make the phone wider like the old xz range more powerful processor i hope they make the 5vii wider as well just like the 1vii i think more people will buy sony phones if they make these improvements and lower the pric
Sony Xperia 10 VI,really  i changed all my samsung charger to sony because it was burned 
Sony Xperia 1 VI,why you said aluminum side frame if it is glass just like on the back
Sony Xperia 1 VI,the xperia 1vi works for me love the audio jack camera software uninterrupted screen and clean android experience
Sony Xperia 1 VI,the philosophy of least effort for most gain i think game freak manages the xperia division 
Huawei Pura 70 Ultra hands-on,this article is a captivating and wellresearched piece that offers valuable insights and engaging content
Huawei Pura 70 Ultra hands-on,"spot on fella  
huawei products are greatly good and i can bet with you other ultras are just a bit good in photography from my experience"
Huawei Pura 70 Ultra hands-on,please try pura 70 pro if you can but if not get p60 pro all the best bro
Honor Magic6 RSR Porsche Design,i agree with you big time
Honor Magic6 RSR Porsche Design,why no speaker test
Honor Magic6 RSR Porsche Design,a lot cooler with flat scr
Tecno Camon 30 Premier,yes indeed
Tecno Camon 30 Premier,how
Tecno Camon 30 Premier,please ts is not a midrange phone alright the phone costs like 300 dollars is that not midrange enough for its features i understand its much but you get plenty of fast ufs 31 storage and amazing specs for the price wh
Honor Magic V2 and V2 RSR Porsche Design,"this review segment is not correct page2 
then we have what we believe to be the more interesting and premium looking variant of the magic v2 which comes with an eco leather back finish 
 
we should perhaps clarify that the "
Honor Magic V2 and V2 RSR Porsche Design,the supported stylus pen is called honor magic pen
Honor Magic V2 and V2 RSR Porsche Design,how many android updates will this phone get and how many security updates how many years from now on will it be updated i undarstand that now honor offers 7 years of os updates but that applies only for new devices
Honor Pad 9,i bought this last year 2025 not knowing it will not have the new update hyper os 10 so its stuck on os 8  but i still loved it i can play good games in it and i used it on college performs like a laptop good for paperwork too and very lightwe
Honor Pad 9,what brand did you use i cant connect mine
Honor Pad 9,"the internal memory is 256gb without micro sd slot to spand shame 
i dont understand why honor did this his costumers my blame for not checking before purchasinganybody want to buy a nearly new cheap tablet "
Apple iPhone 15 Pro long-term,"i have it in black and its a great looking device  
 
although if i could have found it in blue i probably would have gone for that colour instead"
Apple iPhone 15 Pro long-term,gsmarena please is that a titanium blue or black or are there 2 iphones 15 pro in 2 different color
Apple iPhone 15 Pro long-term,we also found it to be an exceptional device and have recognized it as the best overall in our best smartphones of 2024 guide httpsthetopzoneblogcomtoppicksbestsmartphones2024 its performance camera quality and overall design truly set
Motorola Edge 50 Pro,one of the worse phones ive had pile of rubbish im super disappointed endless problems to transfer folders its virtually imposible vía wifi or cable the suite smart connect is increasingly complex and heavy a
Motorola Edge 50 Pro,hi which phone is better xiaomi redmi note 14 pro 5g 12512gb or motorola edge 50 pro 12512gb they are both the same price in my country around 500 eu
Motorola Edge 50 Pro,this is miraculous best phone  than others like iphone or whateveri wish someone to buy for me even a copy of it or a used one
Motorola Edge 50 Ultra hands-on,you can get curved glass screen protectors which match the contours of the screen and wrap right over the curved edges
Motorola Edge 50 Ultra hands-on,why cant all these phones be uniform with the tech this is not rocket science and every damn phone should have a headphone jacks im so tired of this on every new phone ridiculous and absurd 
Motorola Edge 50 Ultra hands-on,uwb not working neither mentioned on their website except on the news website ig its a scam
Realme 12+,what about pwm in this phone
Realme 12+,"this phone is pretty good overall it is totally value for money  
every phone has pros and cons everyone knows about the pros like camera quality is top class  smooth ui but i will tell you its cons 
1when you play heavy games it gets "
Realme 12+,realme 12 have so much features the most phone do not have including its creamer features
Tecno Spark 20 Pro+,there were rumors of a 2yr os update but up to date nothing very disappointed  because the phone is very capable for android 15 and even 16
Tecno Spark 20 Pro+,they are not normal the tecno camon 30 has the same specs chipset and everything but has 3 years of software update
Tecno Spark 20 Pro+,this phone is an advertising bill boardit has an application that has access to every thing in your phone and you can not limit access and it cant be uninstalledthis is wrong is this the reason it was a limited edition
Poco X6 Neo hands-on,poco x6neo is best of pro mood explore spece i hv so many time proof itbest mobile camera all time low rate 
Poco X6 Neo hands-on,"im considering buying this phone if only for the symmetric bezels but custom rom support is the sole determinant factor for me 
 
is this better than moto g45"
Poco X6 Neo hands-on,consider phones that have pwm dimming on their oled screens like perhaps the honor 90
nubia Z60 Ultra,does the nubia z60 ultra come with any preinstalled malware or security vulnerabilities especially considering the concerns about chinese manufacturers and incidents like the cosiloon malware any unusual net traffic
nubia Z60 Ultra,dude stop smoking weeds  with all the upgrades youre asking nubia would have asked maybe double the price and then you would have cried they are crazy to ask so much and complain for that price you could get a samsung or iphoneetc
nubia Z60 Ultra,great phone  main cameras are ahead of the game also gaming and multitasking no issues then only thing i would change is the selfie camera  yes its nice being hidden underneath the display but its not great you have to be in good ligh
OnePlus Nord CE4 hands-on,is it good phone for inr 21500 i am getting this price for 256gb variant
OnePlus Nord CE4 hands-on,it isnt you have a faulty phone or setting of camera should be checked
OnePlus Nord CE4 hands-on,a good set good camera and a good battery life costs re 25k on amazon in india
Samsung Galaxy A55,imo notifications all of
Samsung Galaxy A55,galaxy a54 5g notifications delete all
Samsung Galaxy A55,upgrade na a 56
Xiaomi 14 Ultra,you should add the battery usage while using the camera
Xiaomi 14 Ultra,those the xiaomi 14 ultra turn off camera when the phone is hot when taking photos under the sun
Xiaomi 14 Ultra,"important 
the sound youre all hearing from the backside of the phone is the ois  opticall image stabilization or why your camera is not shkaing like crazy when your hands naturally are not stable its good that youre hearing it"
Samsung Galaxy A35,oppo a3k  hello  samsung galaxy a35
Samsung Galaxy A35,one ui 70 and android 15 already updated on my samsung a35 here in chile pretty good phone 6 months of use no problems the only thing i would change could be the screen pwm to dc
Samsung Galaxy A35,dont drop it too nice
Tecno Pova 6 Pro,yes sure  it is wow fm with 35mm headset
Tecno Pova 6 Pro,pova 6 pro 5g has built in radio does it work without internet
Tecno Pova 6 Pro,how many hours you guys getting screen and idle time when not using the phone does battery drop fast 
Asus Zenfone 11 Ultra,entry level 
Asus Zenfone 11 Ultra,obviously its a rog phone 8 refresh but with the sober zenfone finish components are probably those that narrowly failed the binning and didnt cut it for turning them into a rog phone but its a winwin for asus and their custo
Asus Zenfone 11 Ultra,value for moneythere are probably better options out there if youre looking for value but this is a good compact phone if youre looking for one even the s21 61 screen feels too big when compared to this phonecolour is nice s
Nothing Phone (2a),"its a great product  
and if we talk about mobile then it is a truly amazing mobile"
Nothing Phone (2a),yes the prices are set strangely so the 3a and 3a plus models have come out and the 2a and 2a plus variants have a similar or lower price for the 3a you would think the 2a will get cheaper but no they are more expensive
Nothing Phone (2a),"hi 
i currently have a realme x50 pro had it for 4 years and still works great but looking for a change and struggling to decide 
 
really tempted with the nothing phone 2a but ive previously had a xiaomi and also tempted with a poco f"
vivo V30,my phone broke should i get the vivo v30 main priority is camera i take pics frequently so i need something good and gaming genshin zzz and emulation psp ps2 gamecube switch
vivo V30,charging speed is awesome can go from 30 to 60 in 15 minutes and i dont need to wait long for it to be 90 and the back to using it for atleast 10 hours or more it lasts super long too even when gaming and i love the featurs so far cuz i can d
vivo V30,really buggy software
Oppo Find X7 Ultra,"got this end of june  
first chinese rom phone getting hang of everything now  
updated to a15 and color 15 android auto present  
still have more updates to go but wanted get used to phone first"
Oppo Find X7 Ultra,"i have a oneplus 12 which is a downgraded version of the find x7 ultra and ill tell you its a superb phone worth every penny  
 
find x7 ultra is only 620 here in algeria phone only 
 
the only thing id say going against the"
Oppo Find X7 Ultra,i plan to switch from xiaomi poco x5 pro 5g to oppo find x7 ultra and want to buy it on the secondary market for a lower price and without a complete set with 97 battery for 70555000 ive watched a lot of reviews on it someone says it
Poco M6 5G hands-on,why you use ur phone while charging
Poco M6 5G hands-on,"dont buy this phone there will be no customer support i bought this phone not even a month ago camera not opening when i asked service center they are not giving proper reply  
another highlight is phone cost 9500 but service bill cost 8500"
Poco M6 5G hands-on,the major problem is heating while charging and using it is heating like a oven i hate this mobile
vivo V30 Pro,"true review 
 
even went to service center to downgrade to android 14 still battery draining like 1 34 mins sometime 2 mins overheating issue very severely app usage chrome whatsapp touch n go half day using battery dropped from 100"
vivo V30 Pro,"seriously comparing this to the galaxy a54 with no telephoto lens and its 5mp macro you say compared to the vivo v30 pro you will have to settle a bit in the camera department how about settle a huge amount 
 
and continuing w"
vivo V30 Pro,waterproof 
Xiaomi 14,my battery is 8h 40 min  100 in 2025 december it is new parking device buy on november 2025but hyper os 3 get battery drain
Xiaomi 14,why not 4610
Xiaomi 14,why 4610 mah why not 4500
Honor Magic6 Pro,"hi what problems have magic 6 pro can you clarify 
i want to switch from honor 200pro to this one so i need your feedback for drawbacks thx"
Honor Magic6 Pro,"after more than a year with it as my daily driver i only can say what an amazing device 
 
i wasnt expecting this screen camera sound and software yes software now running magicos9 a15 it has received a lot of love from honor adding many "
Honor Magic6 Pro,httpspostimgccyhqcbzdb
Xiaomi Redmi Note 13 Pro+,i use mine from februaryits really good besides the lack of optimization
Xiaomi Redmi Note 13 Pro+,how to unlock it when the device is locked
Xiaomi Redmi Note 13 Pro+,"the redmi note 13 pro sucks the worst phone i ever had really bad 
it crashes it is filling the memory up to almost 12 gb then it crashes  
need to clear memory all the time sucks"
Xiaomi Redmi Note 13 4G,honestly its the worst phone i ever bought it lags constantly
Xiaomi Redmi Note 13 4G,"of course it will  
mine has android 15 on hyperis 2"
Xiaomi Redmi Note 13 4G,does the redmi phones get the find my device accuracy function  as well as lock protection
Xiaomi 13T Pro long-term,sot statistics is now under digital balance section
Xiaomi 13T Pro long-term,i also have the mi10t pro i would not have upgraded to 13t pro if it wasnt for the software update which they stop for mi10t pro i would say the changes from the upgrade is that it is faster and better camera and of course oled screen  hype
Xiaomi 13T Pro long-term,yes but i cant update  no matter what i do its crap poco m6 pro is acceptable i will watch the 14t pro again  but its the same main camera like on the xiaomi 14 light hunter 900
Samsung Galaxy A15 5G,the 5g with the 4gb ram model is just something else with the one ui 8 the phone just runs slower and apps closes random in the background this phone is like for a teenager first phone not everyday phone
Samsung Galaxy A15 5G,the galaxy a15 5g 64gb is one of the crappiest mobile devices i ever used it  at random times will lose any and all my pictures some non replaceable and decades old of deceased family members my videos or audio files as well as any and all my s
Samsung Galaxy A15 5G,probably the worst phone i have ever had motorolas are much better for the money it does crazy stuff all the time starts playing music or videos while in pocket continues playing videos after closing apps when not in pocket the only way to
Realme 12 Pro+,i will never recommend for anyone to buy realme products as i have had a very bad experience with them when it came to repair  replacement of a realme handset 12 pro purchased by me from vijay sales a year ago purple spots were appearing on the sc
Realme 12 Pro+,"hi all seems that it shots in raw only with primary camera an only at 1x so non raw in telephoto 3x or with primary at 2x  
does someone knows if it was solved with an update or if its possible with gcam  
thanx for answering"
Realme 12 Pro+,"yes the resolution is 3 times as high but the sensor crop of 3 times   also only has 031μm² in surface area per pixel while the 12pro has 049μm² per pixel  
 
you can also bin to 16mp and you have close to 196μm2 of surface per pixel  
 "
Samsung Galaxy S24 Ultra,"best to go for s24 ultra because it is an actual ultra device  
s25 ultra isnt much ultra no more just the name  
saw some of your money go for s24 ultra"
Samsung Galaxy S24 Ultra,i have been using samsung a52 for 4 years now i want to upgrade to an ultra device i have 2 options s24 ultra1 tb 12gb ram which costs 1200 and s25 ultra512 gb 12gb ram which costs 1300 the prices are like this because in my country we have
Samsung Galaxy S24 Ultra,on amazon for example there are even fake ones too
Xiaomi Redmi Note 13 5G,this phone is a scam when you buy this you will either get android 13 or 14 and either way you wont upgrade past 15 2 major updates and i got only 1
Xiaomi Redmi Note 13 5G,i also have the same one for a week now and it was such an amazing upgrade from my previous low end though im having problems with heating while charging gaming even gaming for short periods of time and even in everyday use the phone jus
Xiaomi Redmi Note 13 5G,"ive had multiple iphones samsung galaxies huawei htc oneplus nord and 7t pro and other smartphones in the last 5 years including a brand new iphone 13 pro when it was their latest model so i am comparing this phone to those 
 
as a sub"
OnePlus 12R,how to set hand write chinese and writing english for sending msg
OnePlus 12R,my camera is not working crash camera so please help me 
OnePlus 12R,"bought this 12r phone since may 2024 and i had p30 pro huawei earlier 
 
all i can say is this phone is incredible for only 700 u get so much performance and battery is awesome i usually hate the updates because it sometimes make the phone slow"
Samsung Galaxy S24+,would not recommend having it for years because the battery does slowly get worse over the course of like 2 years
Samsung Galaxy S24+,i have changed my opinion after green line problem in s20 plus and again in s20 plus after screen changed and again in s21 fe 
Samsung Galaxy S24+,why this phone is suddenly withdrawn from market any technical defect  i have samsung s20 plus which has display problem got it changed but again same problem after one year and again s21 fe has same display problem of green line on screen i m g
Samsung Galaxy S24,"dear gsmarena team  
did you got the chance to review the samsung s24 with snapdragon 8 gen 3 chipset please share your detailed review if possible as always you are doing the best review i have been fan since 15 years"
Samsung Galaxy S24,the s24 is the better option your not gonna get more with the s25 and also the s25 is pretty much the same phone and its like 200 bucks cheaper
Samsung Galaxy S24,s25
Xiaomi Redmi Note 13 Pro 5G,"after updated hyperos 3040 wnrmixm 
no usb connection available i have two redmi note 13 pro 5g and both has the same problem 
charging is ok but no usb"
Xiaomi Redmi Note 13 Pro 5G,"hyperos 3 available in the  eu 
version 3030 wnreuxm 
size 60 gb"
Xiaomi Redmi Note 13 Pro 5G,theres something fishy going on in this review in the standalone poco x6 review it takes very good photos especially when it comes to the 2x zoom but here in the comparison shots its suddenly bad like its taken with a completely
Samsung Galaxy A15 4G,my phone  is galaxy a15 good
Samsung Galaxy A15 4G,a15 256 gb i have
Samsung Galaxy A15 4G,the phone is good in terms of gaming performance but when i installed rdr1 i had many screen errors its best suited for playing games from the play store not highend games like rdr1 or call of duty
Samsung Galaxy A25,im living in a country with poor connection and i dont have any problems calling or using the internet with this phone
Samsung Galaxy A25,the phone is life
Samsung Galaxy A25,the new a series sucks so bad all except the a56 but even it is too pricey right now
OnePlus 12,i am using note 20 ultra and have a problem with green line vertically i have changed screen one time but only after one and haft year this happened again i want to buy a good one and this phone is under my consideration can you tell me your exper
OnePlus 12,oneplus12
OnePlus 12,yes its great still
Infinix Hot 40 Pro,"can anyone tell me what to do with my infinix hot 40 pro 
having serious memory space issue  
is showing memory too low cant install any app and cant receive any videoaudio or pictures"
Infinix Hot 40 Pro,i dont have any issues to this phone what i can say is the performance is good for its price but it overheats unless you have a phone cooler your performance will be smooth the camera is okay the quality is meh if your into photography 
Infinix Hot 40 Pro,cant customize around with the lock screens and themes are of no help either
Xiaomi Redmi Note 13 Pro 4G,"is ztenubia a current bestselling brand 
 
why is xioami ripping them off rather than apple and motorolawas it im a little lost here  its no secret xiaomi is shameless about ripping off the sticking out design features of whome"
Xiaomi Redmi Note 13 Pro 4G,"stereo speakers 
triple real cameras and not these fake lenses also 2x and 4x in sensor zoom looking really good and with open camera you can record 2k videos 
35mm 
sdcard 
ir blaster 
ip54 protection against dust and water 
fm radio 
ama"
Xiaomi Redmi Note 13 Pro 4G,no
"Samsung Galaxy S24 Ultra, S24+ and S24 hands-on",bro it has a 200mp camera wdym 12mp
"Samsung Galaxy S24 Ultra, S24+ and S24 hands-on",i like the flat front as it is so much better when in use to view video and compose photographs as well as play games and never have understood the curved screen narrow edge option at all but hey samsung you are still only providing a 12mp ultra
"Samsung Galaxy S24 Ultra, S24+ and S24 hands-on",wrong place to complain bud i suggest you call someone there and ask for help this is gsm arena they are not going to help you with that
Asus ROG Phone 8/8 Pro,you can friend
Asus ROG Phone 8/8 Pro,great review on the pixel 9 i appreciated the detailed insights into its features and performance for those interested in keeping their new pixel 9 safe check out our selection of google pixel 9 cases at thinborne our cases offer excellent protec
Asus ROG Phone 8/8 Pro,holy moly thats 1100usd for the non cooler model with horrendous 50 sustained performance which if you pay 400usd more and glue on a loud atrocious fan to it you get no throttling with only two years of os updates what is asus smoking im 
Poco M6 Pro,bought it a month ago and it has been a blessing from god good in every way possible for the price the only downgrade is no wireless charging
Poco M6 Pro,in every way its a very good phone
Poco M6 Pro,"battery lifedecent 67 watts turbo fast charging 
camera qualityreasonable 64mp main cam has ois better with gcam 8mp ultrawide is average 2mp macro cam is for showcase 
performanceexcellent for daily driver and multimedia consumption d"
Poco X6 Pro,everything too hot even while doing nothing
Poco X6 Pro,"poco x6 pro to worth mobile for money  
 
because that mobile is worm in small tasking 
and high gaming to worm easily "
Poco X6 Pro,hi i really liked your review im creating content around x6 pro for my tech store and would love to use 12 of your photos and videos with permission i can credit your page or mention you in the post let me know if thats okay thanks
Poco X6,"they are definitely stereo with wide separation there is good bass if you adjust the graphic equaliser appropriately  
for the price sound quality is very impressive"
Poco X6,can you confirm that those dual speakers are indeed stereo and not just a pair of mono speakers
Poco X6,"x6 has hi res audio wired and wireless 35mm jack as well 
from speakers the sound was richer than my moto g54 but not louder you got enough sound from the headphone jack you get bass boosted sound that you would definitely like i have realme w"
Xiaomi Redmi Note 13 Pro+ hands-on,thats an amazing phone for that price about camera and battery  really guys thats totally fine
Xiaomi Redmi Note 13 Pro+ hands-on,battary backup is not worth camera also not accuracy clarity i dont recomment this phone because this phone have conception in hour full battery
Xiaomi Redmi Note 13 Pro+ hands-on,i am also breaking between these two phones i think thats xiaomi is better in this case better equipment stronger hardware camera is doing a good job ip68 instead of samsungs ip67 and of course  12gb ram512gb storage memory
Samsung Galaxy S23 long-term,"my battery still 98 after 3 years heaven use  who dont pay attention to safe charging like i charge 5 to 100 while using it  
snappy  i bit small screen but still use it many hours each day  
sturdy with victus and overall design dropped "
Samsung Galaxy S23 long-term,"i recently started using a samsung phone again after a gap of 11 years but im extremely disappointed to see how the quality of service at your customer service centers has deteriorated over time 
 
i submitted my galaxy s23 two weeks back "
Samsung Galaxy S23 long-term,where is it
Realme GT5 Pro,really bro
Realme GT5 Pro,where
Realme GT5 Pro,just install the google phone app
The best-sounding smartphones of 2023,they should be instalacji dac like it was in lg we git hi res music but companys they dont do anything in that direction ans they should do
The best-sounding smartphones of 2023,wireless would depend on codec and headphones themselves
The best-sounding smartphones of 2023,this is comparing phones not earbuds check for earbud reviews
Samsung Galaxy A05s,battery is peak for like half of the time then straight dookie also really bad for recording only a ehh for photos overall id recommend this phone for a kid whos never had one before
Samsung Galaxy A05s,same lol
Samsung Galaxy A05s,"this is common mine same but after time stops  
try clear cache if it turns on or full software update"
RedMagic 9 Pro,its a gaming phone what would you expect the best cameras in the world
RedMagic 9 Pro,its a gaming phone what would you expect the best cameras in the world
RedMagic 9 Pro,its a gaming phone what would you expect the best cameras in the world
vivo X100 Pro,mateyou have no idea what youre talking about
vivo X100 Pro,"oxygenos  that is one os  
vivo china runs  originos vivo global runs funtochos"
vivo X100 Pro,x 200 and after that x 300
Huawei MatePad Pro 13.2,hi i recently purchased a honor 123 version and bought it in chain it has magic os and when in china google will not work you can connect to wifi outside china and install all google stuff and it works fine google stuff will not work in china a
Huawei MatePad Pro 13.2,changing to english is easy maybe you can have a try if possible
Huawei MatePad Pro 13.2,"it said but if you use those apps via the gbox virtual machine you will get 1080p hdr10 streaming 
 
does anyone know how to install this gbox virtual machine is it the same with gbox in appgallery ive tried but streaming is s"
nubia Z50S Pro,the display is bright sharp and has excellent colors but the color banding is incredibly bad even for an amoled
nubia Z50S Pro,they need to stop selling their phones in eu because they dont get any software updates and patches security for their price between 550 and 780 dont buy this brand of phones
nubia Z50S Pro,"today november 1st i just got the latest update to myos 13510 nx713j gb just some stability fixes and battery improvements 
 
nothing else seems like your usual stability update"
iQOO 12,yes
iQOO 12,get iqoo 12 if you want good zoom cameras and great battery life the performance is top notch even in 2025 in daily usage no lags or stutter even on high end games
iQOO 12,iq 12
Samsung Galaxy A54 long-term,worst piece ive read in some time seems viewed from an obviously skewed lense in an unprofessional way you dealing with a midrange phone so treat it as such
Samsung Galaxy A54 long-term,"im currently using the samsung a54  
in gaming it has slight touch sampling rate issues  
basically the screen may not respond to certain touches and swipes done 
secondly the phone heats up easily  
especially when gaming the heat intensifies "
Samsung Galaxy A54 long-term,"please is there a way you know i could fix my redmi note 12 
cause the unit i possess behaves off many a times and i got to know its buggy"
Redmi Pad SE,is this device good for video editing
Redmi Pad SE,samsung is tft redmi is ips in this case redmi is better
Redmi Pad SE,the regular xiaomi stylus pen seems to be working on this tablet according to youtube vids
Oppo Find N3,is it still relevant to buy it in 2026 iam honor 200 pro user
Oppo Find N3,how to rectify folded double screen when opened only show one half screen
Oppo Find N3,just a quick perhaps slightly dumb question but since the ultrawide can do macro does the software allow you to do macro selfies using the cover screen mode if so would you guys at gsmarena be willing to try macro selfies with foldables that sup
Honor Pad X9,i got one on contract and im absolutely in love with mine my 2 kids got the honor x7b cellphone
Honor Pad X9,why did you make it so you have to knock to use certain features like knocking and holding once does the drawn on screen thing and then knock knock takes a screenshot and with to knuckles knock twice to start recording like why its so stupid ou
Honor Pad X9,i got one from my aunt it was great the camera was good and it charges quickly i had several before but i didnt have it as good as the honor pad x9 highly recommended
Poco C65/Redmi 13C 4G,user issues ive been using mine for 2 and a half years and its still perfectly smooth i know its a budget phone yes but it meets my expectations and its really smooth on social media app use and also watching videos
Poco C65/Redmi 13C 4G,your phone is really bad it keeps showing a message that your phone is corrupt every time i restart it im very disappointed not even a month has ended since i bought it please stop manufacturing high copy phones its really boring
Poco C65/Redmi 13C 4G,meh keeps bugging on tiktok but its good for basic use
Moto G54 (Power edition),battery to much bad
Moto G54 (Power edition),same here battery last upto 9 hours
Moto G54 (Power edition),"ive faced battery drain issue 
in pakistani warreint out of box 20wt turbo charger 
in this support 2 physical sims not esim"
Samsung Galaxy S23 FE,dissapointed i bought the exynos varient in 2024 ano now its 2026 i played a lot of games on this firstly it was good but now the camera is getting cheap day by day the battery is hell of a problem i have to charge it 2 times a my iphone se 2020 work
Samsung Galaxy S23 FE,absolutelt disaapointing product much slower than my  6 year old iphone cant beleive samsung selling poor quality
Samsung Galaxy S23 FE,"after one year of being using this phone i have to say i hate the battery life imagine youre on vacation taking photos and videos the battery wont make it half day without needing to be charged 
 
battery life is by far the most frus"
Poco F5 / Redmi Note 12 Turbo long-term,"comparison to galaxy 23u the then real flagship f5s antenna is so weak and indoor internet browsing experience is quite bad the phone turning heat battery drops 
 
gsmarena review has tests on several basic settings of a phone display"
Poco F5 / Redmi Note 12 Turbo long-term,were very happy to see that you can disable the white pill bar that shows up at the bottom of the screen when you turn gestures on since we dont think its anything other than a pointless eyesore but if you turn it off then 
Poco F5 / Redmi Note 12 Turbo long-term,my f5 is refusing to restart lately i must make several attempts to reboot it when i connect the charger and come back after an hour the battery is still at 0 sometimes the rebooting goes into endless loop anyone any thoughts
OnePlus Pad Go hands-on,you could also get an m1 ipad air
OnePlus Pad Go hands-on,can we use sim or esim in this tablet
OnePlus Pad Go hands-on,yes
Realme GT5 240W,funny how these quality brands from the usa and korea dont allow these practises and offer 7 or more years of support
Realme GT5 240W,"haha no please educate yourself 
 
1 they use dual cell battery thus a single cell only accept 120 watt at most  
2 each cell only accept 120 watt when its low the speed taper down when its almost full"
Realme GT5 240W,no software supports since its only for china
Samsung Galaxy S23 Ultra long-term,yes in telephoto 10x image become brighter or white
Samsung Galaxy S23 Ultra long-term,incase you want to upgrade to a bigger one im here to take the s23 ultra i so want that from nigeria
Samsung Galaxy S23 Ultra long-term,any issues with the 10x zoom after the one ui update
Oppo Find N3 Flip,hello i have been using the oppo find n3 flip phone as my primary phone since january 2024 for work and fun i also use my phone as a camera phone i really like the photos i take with my phone my display broke after a year and three months first 
Oppo Find N3 Flip,"oppo find n3s premium service is a complete disaster  no support for 2 weeks 
i am beyond frustrated and disappointed with oppos socalled premium service support for the oppo find n3 the service has been nothing short of a nightmarezero a"
Oppo Find N3 Flip,i definitely hope the next find n5 flip ditches the circular camera island and goes back to a vertical camera layout like in the find n2 flip i think oppo are on to something with the outer screen design especially when it has a near 169 aspect ra
Google Pixel 8 Pro,i had the same issue with a ceramic screen protector just get one that does not interfer with the  sensor and youll be good to go
Google Pixel 8 Pro,"s23u overall 
p8p for cameras and software"
Google Pixel 8 Pro,they should make the front camera similar to that of iphones because in total darkness iphone can use the face id while no google pixel phone cant
Google Pixel 8,you mean tapped or duct taped
Google Pixel 8,your phones taped
Google Pixel 8,pixel 8 is not a good phone for performance at all even the camera is good not the best in todays world basic performance is mandatory like there shouldnt be lag and glitch in basic performance but my experience with pixel 8 is very bad
OnePlus Open,how the hell did oneplus manage to fumble with the op12 regarding camera quality open takes the best night mode pics ive seen on this site and im comparing it directly with a pro 15 max with the same scenes
OnePlus Open,just came back to say that emulation on android has hugely improved since i made my comment current version of yuzu emulator runs most switch games on a oneplus 10t extremely good the reason why a computer struggles is due to the computers ar
OnePlus Open,"after looking at the photos of the telephoto camera and comparing it to all of the competitors including from last year it seems this is by far the best telephoto camera 
look especially at the night photo from the telephoto camera of the buildin"
vivo V29 Pro,e sim and nfc is not supportive which i felt personally dislike to buy or recommend to any one not worth buying
vivo V29 Pro,i doubt manymost of the comments here are genuine screen breaks after one day unfortunate that this section has become mostly useless
vivo V29 Pro,seriously how
Google Pixel 8 & 8 Pro hands-on,i like pixel phones but i dont like that they dont have ui 
Google Pixel 8 & 8 Pro hands-on,im definitely skipping this pixel generation google really needs to work on ithe battery life and that tensynos of a nightmare and stop trying to convince consumers with ai nonsense we need better thermal cpu and battery performance worthy o
Google Pixel 8 & 8 Pro hands-on,literally every online review states notable improvements in battery
Xiaomi 13T,it isnt mine is used with 89 and perfoms like a champ  it heats a bit when gaming your using  it not correctly then
Xiaomi 13T,before hyper os update this was great phoneafter hyper os update this phone is a disaster
Xiaomi 13T,had my redmi note 10pro and still in good conditions until now but i used xiaomi 13t for 1y3m and had been problem with the phone keep starting own its on march2025 the phone been keep restarting 3times in a month and now cant switch it o
Xiaomi 13T Pro,change region at settings then update will pop up
Xiaomi 13T Pro,check your updates be sure to update also the latest google play services via google play store app my 13t pro runs hyperos 202040vmleuxm eu
Xiaomi 13T Pro,my phone is xiaomi 13t pro and operating system umljpsb1070 it is and i have seen it on most phones is umljpxm and i havent received a security update for 12 months and a system update for 17 months if anyone has any information please 
Apple iPhone 15 Pro,15 pro max
Apple iPhone 15 Pro,which iphone is better to buy between iphone 14 pro iphone 15 pro and iphone 15 pro max
Apple iPhone 15 Pro,its perfect from all the specs an features but the only issue is the battery it drains quick
Apple iPhone 15 Plus,so nice phone
Apple iPhone 15 Plus,the guy who stole my iphone 15 plus told the police  they dont even have a 15plus which is why he wanted it he was the mgr of team mobile now isnt that the shit
Apple iPhone 15 Plus,i call apple my family we became friends over the snow leopard apple operating system i wanted one so bad while everyone else had windows  i get it  i never did get the snow leopard because i could not afford it but it was a beautiful dream i 
Apple iPhone 15,is it legit
Apple iPhone 15,not true
Apple iPhone 15,i love you so much tm
Apple iPhone 15 Pro Max,what was the price
Apple iPhone 15 Pro Max,most of these features have been fixed never export an iphone to be like an android
Apple iPhone 15 Pro Max,this is my first iphone bought as a used device on december 9 2025 with battery at 91 and 553 cycles the phone has a solid build great design and high quality screen super performance the ios experience feels unique secure smoother and use
Moto G84,very great phone i use it
Moto G84,i have motorola moto g84 5g i didnt activate any admin app but its showing that 1 admin app is activated when i check there active admin app there not any app are activated
Moto G84,"i am having a bad experience using this phone immediately after its warranty was over the touchscreen stopped working  
theservice center charged rs 6700 to repair it they repaired it without there being any warranty and within a month of spen"
Tecno Phantom V Flip,good
Tecno Phantom V Flip,ok so 45
Tecno Phantom V Flip,samsung has the worst foldable i have the vfold from tecno for over a year now and its a fantastic device despite dropping a couple of times better screens
Motorola Edge 40 Neo,"i am using motorola edge 40 neo for more than one year i would say it is economic edge phone as compared to other edge versions features are ok but sometime some hanging issues was there now its ok after software updates camera is decent 
built "
Motorola Edge 40 Neo,"you didnt mention a single specific flaw you wrote so much text you just talk about how you were disappointed what specifically were you disappointed in 
i think you get paid to spit on products i cant believe how bad it is look at"
Motorola Edge 40 Neo,eege 40 neo is a good phone curved screen 144 hz makes a decent feel
Fairphone 5,"i never had a phone as bad i am sorry for the fair  thats why i bought it but it is my first and my last 
i am really disappointed "
Fairphone 5,"the next phone needs to do 3 things   
 
1 better screen bezels 
2 larger battery or better battery life they should look to put in a 6k7k mah battery 
3 more ram 
 
the chip could also use some work but these are  crucial changes ev"
Fairphone 5,so you havent had a fp before as it seems otherwise youd know there wouldnt be an issu with that
OnePlus 11 long-term,a week isnt enough time for the battery optimizer to work if it still drains after a month or two you might want to reset it transfer your files but your apps you might want to install manually
OnePlus 11 long-term,"the only thing we didnt get was why wifi never wanted to stay off we turned it off manually a few times but it always turned itself back on again within a few minutes every single time 
isnt it so that from android 14 "
OnePlus 11 long-term,with op 11 i get more or less 5 hours over two days i think in one day you get around 78 it depends on what you do but ive never used it so much  all maxed out with the screen 5g mixed with wifi
OnePlus Nord CE3 hands-on,it was best at camera improvement than remaine company mobiles
OnePlus Nord CE3 hands-on,is there no brightness test like other phones or did i miss it
OnePlus Nord CE3 hands-on,i like your comment
Honor 90,the new magic os 9 is making the honor 90 developing a serious heat especially when you are browsing  and its drained the battery so fast
Honor 90,y
Honor 90,camera selfie for whatsapp so bad no software built in to helping customer to happy snap with the beauty face software as long please make customer happy even that face ugly and not beauty face but please make customer heart happy while using hono
Samsung Galaxy Tab S9 Ultra,bought one for 589 so i cant complain
Samsung Galaxy Tab S9 Ultra,me too gott að greitt price
Samsung Galaxy Tab S9 Ultra,"thats literally a laptop computer you potato 
 
people not buying the tab s9 ultra missed out on the best tablet of the decade 
 
they justify this by saying the tablet has a notch let me tell you im someone bothered by notches ea"
Tecno Pova 5 Pro,need android 15 hios 15 i think tecno pova 5 pro 5g deserve android 15 and hios 15 thanks
Tecno Pova 5 Pro,wrost phone i have ever seen battery problem common but software problem also exist
Tecno Pova 5 Pro,my name is xedrickcall me bobif you want a good gaming experience while the battery drains fair put it to only 90hz good for gaming and battery
Xiaomi Redmi 12 5G hands-on,dont drop em from the corners maybe idk 
Xiaomi Redmi 12 5G hands-on,why does any phone haves 5g primary
Xiaomi Redmi 12 5G hands-on,that mobile
Infinix Zero 30,i bought zero 30 5g with 256 gb storage 12 gb ram expandable to 21 gb from storage ufs31 its great in gaming great in stereo speakers great in battery life fast charging no ads unless you download apps that comes with ads or stability issu
Infinix Zero 30,never ever buy this battery problem automatically on and off without reason even after company repairing same problem all money wasted big lose
Infinix Zero 30,"useless phone no updates old default app 
new phone but still on android 13 never buy please"
Sony Xperia 5 V,been use this little guy until now and has no issues at all the battery life last more longer photo  videography was insane and sound system so stunning the bezel a bit thick i dont care
Sony Xperia 5 V,thank you for you honest comment its an encouragement to get the phone
Sony Xperia 5 V,"as a zenfone 10 user god damn the battery life is insane 
 
but also those benchmark scores like how is this so far behind all other sd8 gen 2 phones its almost like theyre using different chipsets"
Xiaomi 13 Pro long-term,funny you dont have the same concerns about google or apple
Xiaomi 13 Pro long-term,thats untrue
Xiaomi 13 Pro long-term,if you like that your fingerprint is somewhere stored and all your possible privat databe my guestdoes your state you live in have all this data
vivo V29,can use i using same fone n esim too need to register at telco customer service to enable esim mode
vivo V29,can screenshot use volume button n aso double tab back fone need to set in setting in accessibility
vivo V29,"i have the same phone  
and you have to press the power button and the volume down button to take a screenshot"
Xiaomi Mix Fold 3,google pay not works only when you have unlocked bootloader when you back to stock rom or relock bootloader google pay will be works
Xiaomi Mix Fold 3,"absolutely awesome mobile perfect value for money excellent customization options for lock and home screen  
video quality is amazing on open fold screen  
camera is an absolute tough competition to samsung fold or one plus  
i am in love w"
Xiaomi Mix Fold 3,i have been using the fold 3 since september 2023 it is overall a great phonei can use google wallet as normal and add all my cards the main issue is that it doesnt show the new notifications like whatsapp or messenger i dont know wha
HTC U23 Pro,now that its 2025 this is a very easy phone to recommend for people who want a used phone under 220 euros with a lot of power for the price and a clean software skin if you live in a country that isnt germany but still depends on amazon
HTC U23 Pro,"seems to be aimed at old ex htc owners looking at the overall wrap of hardwarecode 
but then no sense  
htc always were pricey but you got build quality and a decent performance one thing htc didnt suffer from was slow do"
HTC U23 Pro,its been less than a full year since you commented and the price is already down to 330340 euros
Samsung Galaxy Watch6 Classic,a gshock is way durablelooks cool and can last longer than these so called smartwatches which are gadgets and now actual watches
Samsung Galaxy Watch6 Classic,"i understand that but in these higher end watches the battery would rarely go beyond 3 days  
u can see the same with the apple watch ultra 2 days battery life the same goes with the gw6 it also is able to provide just shy of 2 days battery life  
"
Samsung Galaxy Watch6 Classic,im an owner of galaxy s23 ultra  and was looking for samsung watches especially the new one gw 6 classic unfortunately  battery wise reviews not good so im considering huawei watch amazfit or garmin
Oppo Reno10,if your into gaming this phone is good i played brawl stars on it and got 120fps and in roblox it gets 60  90 fps its pretty good it has 20x zoom and yea i used it for like 3 years not a single time it lagged for me
Oppo Reno10,this model doesnt have record calls in its system
Oppo Reno10,my camera is not good for capture
Samsung Galaxy Z Fold5,i totally doubt it i used to own a foldable phone and its the most unreliable phone ive ever owned i switched to dual screen phone and never looked back
Samsung Galaxy Z Fold5,sorry i ive got to the stage i dont believe a word you write why because ive had all the folds from day one and never had an issue
Samsung Galaxy Z Fold5,my samsung fold 4 serial r3ct8044pxahas completely screwed up within 14 months  screen from the fold line is fully damaged with thick black line samsung care ref 1190172595 fully sucks with out of warranty samsungshit also samsung care exten
Infinix GT 10 Pro,"version 14 only 
nonsense"
Infinix GT 10 Pro,for people complaining about performance issue just custom rom and root the device im getting stable 120fps on pubg and arena breakout 
Infinix GT 10 Pro,i used my infinix gt10 pro for nearly 3 years and it hasnt been a unstable fps in free fire max graphics ultra resolution high
Samsung Galaxy Z Flip5,have been using this phone for almost two years and i like it and hate it its lightweight and not heavy has a 2nd small screen and such a cool phone but i have a lot of problems with it first the screen protector started to form air bubbles wh
Samsung Galaxy Z Flip5,"you need to take care of things 
mine still like new after more than a year"
Samsung Galaxy Z Flip5,dont buy the phone mine in 1 year screen protector already has air under it and need to be changedalso the camera is a total disaster  no good picturesgo for the s25 or apple
Xiaomi Pad 6,i agree mine was rubbish from the start it wont upgrade further than android 13 and its buggy laggy and rubbish i regretted buying it from day one and if i could have sent it back i would have i ended up buying the oneplus pad and it
Xiaomi Pad 6,thank you bro i keep searching how to remove that
Xiaomi Pad 6,ive no idea why your unit is having such a problem are you sure you got an original one literally only you out of thousands upon thousands of xiaomi users are having that problem
RedMagic 8S Pro,it depends whether or not youre used to playing pc games since rog ally is basically a handheld pc youll be playing games made for pc and if you have a pretty good internet speed then thats good but maybe consider other pc handh
RedMagic 8S Pro,why is there no case on my redamgic 8s pro 
RedMagic 8S Pro,well so if i want to buy a phone  i should buy rog 7 ultimate or rog ally  not red magic 8spro well look i want a phone to use it for long time  and play some online games  camera are not important mush 
Motorola Razr 40,is 537 euro on amazon de not 399 lot of your prices are unreal maybe good ideea to use ai to build trusted prices catalogue inside your website
Motorola Razr 40,i have the razr 40 with snapdragon 7 gen 1 and it is not bad at all i play call of duty graphics at very high and the phone never lags and never drops its performance it is good for gaming if
Motorola Razr 40,3years os 4years security after that custom roms
"Galaxy Z Fold5, Z Flip5, Watch6, Tab S9 hands-on",what does the tablet include in the box
"Galaxy Z Fold5, Z Flip5, Watch6, Tab S9 hands-on",tab s9 ultra is beautiful and very capable
"Galaxy Z Fold5, Z Flip5, Watch6, Tab S9 hands-on",every phone has improvements even minor ones count
Oppo Reno10 Pro,phone is very good bu in my country tanzania city mbeya town i ndont see this  phone oppo reno 10 pro 5g
Oppo Reno10 Pro,a52s doesnt have a telephoto and is not a flagship
Oppo Reno10 Pro,its dolby atmos support
Huawei nova 11 Pro,gbox now supports native play store installs just like aurora which the previous user failed to mentionmy banks have app gallery versions because we huawei users asked them to make one and those that arent on app gallery are usable even with
Huawei nova 11 Pro,strange my sideloaded banking apps work some even had app gallery versions maybe its an issue with your devs
Huawei nova 11 Pro,imagine wanting gliomas
Nothing Phone (2),yes difficulty in pairing with car audiobluetooth  it sometimes gets disconnected while driving waited long time for an updatebut in vain sold off the phone after 3 months of use not going to buy nothing phones againnot worth the money
Nothing Phone (2),used the nothing phone 2 for two weeks now its amazing i have no issues with it no lag in daytoday usage havent experienced any glitches in the os nothing customer service is great as well at least in warranty inquiries defini
Nothing Phone (2),source trust me
Honor Magic V2 hands-on,what are you taking about
Honor Magic V2 hands-on,no warranty covers water damage  or broken screens
Honor Magic V2 hands-on,i bought my first cell phone in 1995 and have had a lot of cell phones since then  in 29 years i have never had a phone damaged by water  so i would not miss any type of water proof feature  what i do miss is the capability to remove my battery 
Nothing Phone (2) hands-on,does nothing phone 2 got magnetic ring at the back 
Nothing Phone (2) hands-on,u can use iqoo neo 7 pro or honor 90 as it has best pwm flickering rateif i would be there i would buy iqoo neo 7 pro as it offers best features and processor and its also cheap
Nothing Phone (2) hands-on,my favourite mobile cell i love it
Samsung Galaxy Z Fold4 long-term,i had purchased z fold 4 four year before after 2 years it stopped working after software updates and have to send in for repairs it just happened again after software update it is malfunctioning and not working i took it to service center and they
Samsung Galaxy Z Fold4 long-term,the inner screen foldable technology isnt mature many have had their inner screen fail just after the warranty including myself as described here httpsyoutubeji0nkxl5ovo
Samsung Galaxy Z Fold4 long-term,"i own fold4 for about a year and its great and terrible 
 
i absolutely love and hate the form factor dualscreen design is absurdly fantastic cant say how much i love fold for its inner screen but the device is also heavy"
Honor 90 hands-on,only has 2 years of android update and 3 years of security updates even samsung supports 4 years and 5 years respectively
Honor 90 hands-on,pwm dimming and floating display is sufficient to buy this beauty
Honor 90 hands-on,reminds me of the vivo v27 but slightly better
OnePlus Nord 3,i am using the phone but afraid to take oneplus because of green line dont know why day by day trust in oneplus is losing
OnePlus Nord 3,"oneplus dont be shy just use the dimensity 8200 instead and improve the camera setup  
 
xiaomi 13t is still better than this specswise and its still cheaper formerly the 13t now the 13t pro is still a flagship killerquot"
OnePlus Nord 3,did they add eis for 4k video recording yet or is it still lacking that important feature
Xiaomi Redmi 12,i have redmi 12 octacore helio  g88 but its not good for gaming and also laggiong cant handle multiple apps at the same time when editing in capcut the device crashes playing call of duty mlbb or pubg cant handle by the devi
Xiaomi Redmi 12,i have a redmi 12 wanted to check another review for fun this phone has nfc a somewhat working camera slow and soapy though and is super laggy if you need a phone that you dont actively use studies videography it is a good option for t
Xiaomi Redmi 12,xiaomi redmi 12 shape vise beautiful and bettery time full bkws
Asus Zenfone 10,they added it as a normal android setting so yes it has bypass charging no its not in game genie
Asus Zenfone 10,in my country spain its version records callings a feature i missed from my redmi prime 4 years ago
Asus Zenfone 10,maybe xperia 1 vi
vivo X Fold2,yes but it scratches easy
vivo X Fold2,honor magic v2 is a better option with all its aspects
vivo X Fold2,i have and love this phone o its truth
Realme 11 Pro,get hot easily if playing games or video call using mobile data cpu burned after 1 year plus
Realme 11 Pro,exactly
Realme 11 Pro,very pleased about this phone has everything on a good price
Tecno Camon 20 Premier,same here despite being an amoled display the colors on the camon 20 are annoyingly dull any remedy for this
Tecno Camon 20 Premier,camon 20 premier is water proof
Tecno Camon 20 Premier,am using a tecno camon 20 premier and my camera is very bad but the version is the latest one but i dont know what else to do
OnePlus Nord N30 5G,bottom line is i like the phone for my every day use and thats all that matters
OnePlus Nord N30 5G,the camera quality stated in the review here is better than i have on my own nord n30 macro photos are heavily tinged green and lowlight photos are a nogo maybe the qc on this model isnt great
OnePlus Nord N30 5G,its not a star of david its representative of a toothed gear wheel smh
Galaxy Z Flip4 vs. Find N2 Flip: Our long-term Flip,"super disappointed in samsung flip screen broke at the fold junction and needs repair  
turns out an overwhelming number of users have the same issue this is just a cool looking hardware with no durability"
Galaxy Z Flip4 vs. Find N2 Flip: Our long-term Flip,id prefer the samsung thats just me i like how its more discreet design
Galaxy Z Flip4 vs. Find N2 Flip: Our long-term Flip,"exactly this is why i take phone reviews with a grain of salt 
same with all xperias except the 10s you can use your main cameras for selfies 
thats why xperias with dedicated camera button trumps all 
so versatile you can take pictures"
Realme 11 Pro+,"i have a problem when using camera in hot day time outdoor and the screen is exposed to sun 
the body will heat up so fast mainly in upler area which camera located 
just less in 5 minutes the screen become dark and i can barely seen the pict"
Realme 11 Pro+,how its possible that i get 200mpx shot with resolution of 12240x16320 using street mode without any zoom i was exploring camera for over a year and i still cannot figure out how it sometimes decides to take picture like that and color reprodu tikn
Realme 11 Pro+,this is the best phone for photography beginners
vivo X Flip,does this phone have infrared and have call recorder
vivo X Flip,"typical vivo 
not that good single speaker"
vivo X Flip,"please let us know if you spot a pattern of differences in night mode 
of course in the 5th low light pic across the street on the board titled 140 years of the capital where jesus dude is there plus the one next to it"
Samsung Galaxy A24 4G,it is check again
Samsung Galaxy A24 4G,i thought this device is among the units that will get the one ui7 update
Samsung Galaxy A24 4G,yes it does have
Motorola Razr 40 Ultra,bought this phone last year and just months later experienced problems namely the screen got it repaired only to have the screen fail again 2 months later contacted motorola to request if i could have the phone replaced which wasnt that old  o
Motorola Razr 40 Ultra,look this is not everyones cup of tea its a bit above above average at best but this phone is durable compact when you need it to be and flips open to excellent screen for content and entertainment when needed it could have been a bit c
Motorola Razr 40 Ultra,its a really great phone but for some reason mine came with a thinner box which was meant to have the charging box and case
Infinix Note 30,one month my mobile is going to stay battery warning in red for not being wellcharged and flat too long after the battery was too low after i bought in 2023 till 2026 how can i fix it or not
Infinix Note 30,although it overheats its actually pretty good for gaming
Infinix Note 30,good phone
Google Pixel 7a,its a very good phone and i play games on it too
Google Pixel 7a,world worst mobile for games full shit if you want little bit of performance forgest it
Google Pixel 7a,i always thought they should have retested the battery the phone released with very poor battery but it was fixed nearly all early review numbers are wrong people still get confused when later battery comparisons show it similar to the 6a normall
Poco F5 Pro,"scale of 1 to 10 
 
camera 7510 
 
display 8510 
 
speaker 7510 
 
performance 710 
 
hpos710 
 
network mobile data410 
                    wifi3510 
                    bluetooth910"
Poco F5 Pro,mi wireless 20w stand works great with this poco stealth gaming phone 
Poco F5 Pro,the color in the camera is different red turns out to be orange and green becomes yellow what could be the problem 
Motorola Edge 40,im having a hard time deciding between this phone and edge 20 pro  they are same price at second hand market
Motorola Edge 40,has it got android 14 in europe by now
Motorola Edge 40,"this one or the edge 50 pro  
greetings from sofia "
Sony Xperia 10 V,my phone sony xperia 10 v model zif0tg3 some one stolen from me and i was signed in my gmail in this stolen phone now how i can find imei number of my phone
Sony Xperia 10 V,battery in this phone is insane i can drive almost all day on gps without charger 
Sony Xperia 10 V,not at all
Poco F5/Redmi Note 12 Turbo,hos2 official released and its smooth but the launcher is functionally downgrade in terms of design decisions phone is good as new still fast and good as newer midranges while being 2 years old
Poco F5/Redmi Note 12 Turbo,excellent phone good performance
Poco F5/Redmi Note 12 Turbo,phone died 2 weeks after i got it due to motherboard issues and the same thing happened exactly 1 year and 1 month later
Sony Xperia 1 V,but that would mean its not true  for me  and i hate the fact that the nuggets is less delectable
Sony Xperia 1 V,got sony xperia 1v few months ago i was lucky to have it in just 100 on market place a lady sold it due to have a slight bend issue the phone is itself a beast infact every single thing i love specially the audio a real time spatial sound give me 
Sony Xperia 1 V,high density display 35mm jack dual stereo  very hard to find in new phones powerfull chipset and all other more common stuff in flagships for 1k of course camera with true optical zoom is whole other unicorn
Huawei P60 Pro,with time they are eliminating some specs and possibilities in huawei apps like changing display bit rate and so on some photos are getting bluish since last updates
Huawei P60 Pro,i use microg and aurora store no issues
Huawei P60 Pro,huawei p60 pro price in india was expected to be rs 84190 this is 8 gb ram  256 gb internal storage base variant of huawei p60 pro which was expected to available in black green rococo pearl violet colourthe 667inch quadcurve ltpo screen g
Google Pixel 7a hands-on,one plus 11rs camera and performance is not like a flagship or even a midrange
Google Pixel 7a hands-on,terrible camera perfomance the cameratuning guy shouldve been fired after the pixel 3 release
Google Pixel 7a hands-on,hi gsmarena can your team do the battery life test for google pixel 7a thank you in advance
Huawei Mate X3,true bro the writer need to be more balance
Huawei Mate X3,"how can the some of the cons be  
the free fast charger in the box does support pd when they say nothing about the z fold 5 not having one at all 
they dont like the nm card and yet they say nothing about the z fold 5 not having expendable "
Huawei Mate X3,yes
OnePlus Pad,"in eu no charger is in the box while this tablet is an ok thing it is not acceptable that there is no proprietary charger in a box any other pd charger only charges this tablet at 13w rate which is ridiculous speed for tablets 
the red cable is"
OnePlus Pad,no microsd slot is a killer for me  without it it destroys it as a media tablet
OnePlus Pad,no headphone 35mm jack
Xiaomi 13 Ultra,mi 13 ultra good but s23 ultra is way better i like both but ny looking at spc s23 ultra better
Xiaomi 13 Ultra,go custom dude so easy
Xiaomi 13 Ultra,the 50mp option for the still pictures is as seen here very good i am hoping you post corrected samples from the raw file options and information about the raw files qualities themselves as there are phones that in software edits appear devoid of
Blackview BV9200,yes my ulefone 21 has great speaker but reviewers say bad sound and better buy bluetooth speaker like also tv but my tv has 4 speakers and sound good too without external speaker but maybe they listened too much n loud justin bieber
Blackview BV9200,had it for a few months for the price simply nothing compares ive not had 1 new  sub 400 dollar phone that works as well as this then there  is the rugged and waterproof features both work as advertised  the camera is probably on a par with my o
Blackview BV9200,did u use sound boost
Tecno Spark 10 Pro,i am using last 3 month but screen will be freez different time while using and finger print option is not working
Tecno Spark 10 Pro,you make a wrong decision to buy it
Tecno Spark 10 Pro,the screen freeze up after 7 months of usage and its one one the slowers phone in the market  one of those useless stuff that stressed you up  never get a tecno phone  its just crappy after using for a long time
Realme C55,latest version is not allowing my phone to use tash cell sim
Realme C55,your comment doesnt make sense
Realme C55,realme looks good but the battery you and this software looks horrible
vivo V27,i have this vivo family has very bad bt transmission during calls changed 5 earbuds upto now but heavy disturbance during calls and need to refresh bt to get voice again 3rd vivo seen same issue with multiple good branded earbuds otherwise everyt
vivo V27,best camera phone gyro eis also gaming phone can run pubg in ultra graphics settings so soft gameplay
vivo V27,"i normally am not a fussy person but this phone was the worse purchase been using this phone for almost a year now and here are the issues faced 
 
1 autocorrect despite turning off the autocorrect mode it still corrects my words to make th"
Asus ROG Phone 7,my rog 7 used for 1 year 1 month the battery drain so fast after the latest software update i play for mobile legend bang bang and honour of king my phone only last for 3 hour 15 minutes  to  3 hour 30 minutes the battery battery drop to 1  
Asus ROG Phone 7,"my asus rog 7 battery playing 15 minutes of mlbb drop 1015 as a asus user i am really disappointed will never buy rog phone again  my latest update 350604082068 210625  
 
for those who trying to buys this phone never ever updat"
Asus ROG Phone 7,"the hidden features of asus rog phone 7 check it out 
rog phone 7 the ultimate gaming smartphone1"
Oppo Find X6 Pro,yes available 16512 oppo find x6 pro 5g
Oppo Find X6 Pro,find x6 pro support 4k30fps on its front camera
Oppo Find X6 Pro,"could anyone check if these apps still dosnt work 
  android auto nearby share google backup and even the google location history"
Asus ROG Phone 7 Ultimate,yes
Asus ROG Phone 7 Ultimate,"my dream phone tbh too bad its too expensive 
 
performance 910  the qualcomm snapdragon 8 gen 2 chipset octacore cpu and high benchmark scores indicate excellent performance for demanding tasks and gaming 
 
camera 810  the triplec"
Asus ROG Phone 7 Ultimate,you ever used a phone with a 165hz screen it is day and night difference compare to a 60hz iphone screen and do not doubt the performance of the high end snapdragon chipset nowadays try before you make judgement
Xiaomi Redmi Note 12 5G,worst phone ever made by anyone no more xiaomi for me money leeches and nothing more these xiaomi mfs wasted valuable resources for that piece of st phone
Xiaomi Redmi Note 12 5G,"absolutely the worst phone i have ever had i will never buy another xiaomi again 
i purchased directly from them and the customer service is terrible they do not reply 
phone is to slow 
constant problems 
 
just avoid"
Xiaomi Redmi Note 12 5G,"unbelievable slow with too many problems 
probably the worst phone that xiaomi has released 
i dont recommend it at all"
Samsung Galaxy A34,this is a very nice good device i deff recommend it
Samsung Galaxy A34,hi can you help me with this phone i need mather board samsung a 34 5g
Samsung Galaxy A34,when i replaced the screen the refresh rate also disappeared as in mean it seems to be affected by the screen aslo
Nothing phone (1) long-term,ive been using the nothing phone 1 for the past three months and its truly a complete package the design is unique and eyecatching the glyph interface is both cool and functional and performance is smooth with a clean ui the battery life c
Nothing phone (1) long-term,"well using this phone as my daily phone and almost since launch  
positive  
simple 
always received updates and still going now has android 15 
nothing company always hear you and respond your feedback you have a dedicated form to do that"
Nothing phone (1) long-term,its one of the worst smartphones ive ever had there are a lot of bugs
Motorola Edge 40 Pro,i just ordered mine it cost me 190 american version it has 5100mah battery but 8gb ram does it really not last long enough
Motorola Edge 40 Pro,this phone is perfect you are talking siht battery lasts over 12 hours and im using it very heavy
Motorola Edge 40 Pro,thanks for the heads up but the battery life results here are big maybe its something else you got on the phone that eats battery or maybe the update nuked it im getting really wary of any android version updates on most phones i see
OnePlus Nord CE 3 Lite hands-on,where did you find this smartphone at that price 
OnePlus Nord CE 3 Lite hands-on,just got it for 79 on black friday week sale
OnePlus Nord CE 3 Lite hands-on,i have used almost hand set which  comes in the market but its the best handset i ever used
Xiaomi Redmi Note 12 4G,lcd
Xiaomi Redmi Note 12 4G,im still using this phone but i have no issues like that
Xiaomi Redmi Note 12 4G,lol i had this phone its good when you treat it right not left
Xiaomi Redmi Note 12 Pro,i agree about the ultra wide camera i think i like it more than the main
Xiaomi Redmi Note 12 Pro,very good and powerful phone
Xiaomi Redmi Note 12 Pro,absolutely loving the redmi note 12 pro  the display is super vibrant  the camera performence best and the fast charging easily one of the best phone in its price ranger
Samsung Galaxy A54,the worst phone ever never again samsung terrible battery crashes on stupid things system crashes for no reason i couldnt afford anything worse than this
Samsung Galaxy A54,"samsung a54 is really best water proof mobile  
i check that mobile under 10 meter in water after mobile is working normally"
Samsung Galaxy A54,i use this phone near 2 years phone heats up a lot during summer days battery was awfully bad 56h sot in tearms of stability and fluidity it got much better  after one ui 8 update no more lags in apps everything run smooth my advice to skip th
Xiaomi Redmi Note 12 Pro+,actually i will say fast charging doesnt damage battery but i can only support phones which can be fully charged in 50  1hr but i dont think this redmi note 12 pro can have battery issues although the charging is very crazy yet the ba
Xiaomi Redmi Note 12 Pro+,is the phone worth it because im getting it soon
Xiaomi Redmi Note 12 Pro+,i really regret buying this phone there a big defference between my last galaxy phine and this phone i promise not to by any xiaomi phone from now on 
Tecno Phantom V Fold,yes bro worst phone
Tecno Phantom V Fold,"bought this phone around may 2nd week immediately appeared a dot on primary display and after waiting for 15days display is changed and is given back  by carl care vijayawada 
i found our back flap is open exposing all critical components volume "
Tecno Phantom V Fold,worst service centreworst customer servicedont go for premium segment0100
200MP vs 1-inch - testing the best Android phones for photography,"its not really a marketing trick  
thats how it has been measured for over 70 years now people used to use vacuum tubes specifically video camera tubes the size is the size of the tube not the max usable image within even though vac"
200MP vs 1-inch - testing the best Android phones for photography,"im using vivo for the past 5 years as always buying in vivo mobile online 
 always giving my rating 455"
200MP vs 1-inch - testing the best Android phones for photography,please note that 1 inch sensor has diagonal of only 065 due to a marketing trick 1 refers to a tube width and sensor inside is smaller thus 113 sensor has diagonal around 05
Motorola Moto G53,i love for instance being non biased towards motorola the number of flagship devices that are using 120hz screens while motorola likes the 165hz and 144hz get the processor specs for instance of the edge 30 ultrafusion its like youve 
Motorola Moto G53,better believe it
Motorola Moto G53,wrong somewhat confusingly the sd480 performs better than the sd680
Honor Magic5 Pro,battery drainage is very fast no matter how much ive optimise the battery 100 4 hrs drop to 6067 without any games  no idea if there is a background activity draining the battery without monitoring
Honor Magic5 Pro,2d is not tof its simple recognition 2d needs to flash your face with light to recognize you 3d tof dont need that
Honor Magic5 Pro,the 35 zoom is incredible but at 10x it is weak
Realme GT3,"unfortunately only 3 bands on gt3 works on usa tmobile 
according their website support 
5g ultra capacity 5g n41 n71 n258 n260 n261 
4g 2 4 5 12 66 71 
2g 2 1900 
 
baseband from realme gt neo5 it seems like same on gt3 "
Realme GT3,got realme gt3 for 2 weeks trawelling alot around airports staying at airport sure longer than actual fly time so consuming time on phone waste battery alot so realme gt3 stay wme and  before loading 34 min enough to recharge in full and keep
Realme GT3,best get an envelope and stamp 
Motorola ThinkPhone,thinkphone is the best android phone i ever had awesome rear side sturdy and rugged quick very safe has everything i need really unbelievable
Motorola ThinkPhone,i completely agree 100 percent the chinese version of f5 proredmi k60 is on giztop now for 300 dollars which to me is a better buy than the thinkphone because of qhd display 300 usd for the redmi k60 is insane it sucks how the international vers
Motorola ThinkPhone,this phone has been on sale for under 400 for about 5 months now soon to be 6 this phone is hands down the best phone on the market for the price in the usa  the xiaomi  poco f5 pro is a close second and the poco f5 third i really think the rev
Honor Magic Vs,"1120hz 
2ip rating must ip68 
3 battery charge at least 60 n above  
4camera 50mp n above 
5wiles charge  
all this must have at high end phone level"
Honor Magic Vs,the battery life is only decent i got 2 days out of it yesterday with full on use so that kicks the s23s arse if you are going to write a review with complete put downs dont be anonymous have some balls
Honor Magic Vs,for me the xiaomi mix fold 2 is the best foldablethe battery life is great and its really thinlight for an foldable the front screen is wide and flat and no camera holl in the nice large inner screen i unlocked the bootloader easy and root 
OnePlus 11R hands-on,no
OnePlus 11R hands-on,any green line issue in this phone
OnePlus 11R hands-on,gsmarena says worthless macro 
vivo V27 Pro,"what is display protection in this 
is it gorilla glass 
any review on display durability"
vivo V27 Pro,idk
vivo V27 Pro,its not about the loudness its about the staging and spatial capabilities
Realme GT3 hands-on,thats what im doing skipping over this one and wait for 8 gen 2 realme gt instead
Realme GT3 hands-on,my 80w gt neo 3 already fast on charging cant imagine with this 240w but will wait for snapgen2 ill skip this one
Realme GT3 hands-on,no mention of the gt2 pro which has a better processor than the gt and a quad hd display this should be the comparison model
Xiaomi 13 Lite,ew the curved edges look awful cheap and outdated
Xiaomi 13 Lite,there are a couple pocos which are best for moneynot sure which x5 pro f6 f5 this i searched for because its a compact and high specced xiaomi
Xiaomi 13 Lite,is the poco  f5 a better pick over this
Xiaomi 13,can you share with screen time screen shot
Xiaomi 13,"im using the xiaomi 13  
great camera 
very strong battery 
smooth ui hyperos 2104 
awesome display 
 
gaming aspect 
excellent with 120hz refresh rate  
for emulators like winlator  yuzu 
6045fps very high demanding games 352"
Xiaomi 13,nope this is a flagship the 13t and 13t pro are not flagships although they are near
Xiaomi 13 Pro,it looks like you have bought redmi 13 pro  xiaomi flagship series have wireless charging since xiaomi 1011
Xiaomi 13 Pro,hello it does support wireless charging i bought one and it did charge wirelessly
Xiaomi 13 Pro,the review says that this phone supports wireless charging but according to micom it doesnt  ive just bought the phone and a wireless charging stand so if it definitely doesnt i need to return the stand for a refund but that means
Samsung Galaxy A14 5G,yes
Samsung Galaxy A14 5G,a14 is good phone
Samsung Galaxy A14 5G,you just dont have good internet i has this phone for 2 years and it is awesome it is still working good
Xiaomi 12T Pro long-term,same  i also have the 12 t pro and i face the same problems as you  the camera kinda got blurry but the image processing gets rid of that  but still it wasnt blurry when i bought it
Xiaomi 12T Pro long-term,i have mi 12t pro and 120w original charger but its not working superfast charging what can i do please help me
Xiaomi 12T Pro long-term,"absolutely joke it is my second years using xiaomi 12at pro 
first camera not doing well it doesnt like before  
also the battery needs more than 2 times charging a day 
the last one hate that it is up coming issue about volume it is work"
Honor Magic5 Lite/Honor x9a,and never to magic os 8 android 14
Honor Magic5 Lite/Honor x9a,he was right
Honor Magic5 Lite/Honor x9a,honor
vivo X90 Pro,vivo v100 comes with 100 watt charger with 10000 mah battery 
vivo X90 Pro,"you mean other than charging batshit insane prices and always performing worse than the competition despite having the same or better hardware 
sony is overpriced and not that good just deal with it"
vivo X90 Pro,you know i can buy vivo x90 pro from aliexpress twice or trice cheaper than xperia 1 v sony is great and i really want to have one but the ratio of price and performance are on the vivos side
Oppo Find N2 Flip,please translate to correct englishusing punctuation helpsim not being nasty mate it seriously did my head in trying to read thisand im a native english speaker
Oppo Find N2 Flip,its scam spending rs89990 and as par advertising flagship phone but doesnt feel flagship  phone youtuber bullshit promotion of the  product demo they are not used physically and consumer here lost the money before buy think your hard mon
Oppo Find N2 Flip,"got it for one week now  
 
flipology  
 
plaisant phone great screen fine battery except for charge  
 
use only 44w charger and upper  
oppo 33w and below chargers dont charge it well"
Samsung Galaxy S23 Ultra,"i currently have a samsung galaxy note 10 and i think its finally time to change it the battery life became pretty bad charging feels slow now even with fast charging it now takes it 4 hours to completly charge 
 
right now im hesitating bet"
Samsung Galaxy S23 Ultra,"got the permanent pick line top to bottom just after 2 years i am very upset   
samsung s23 ultra totally rubbish now"
Samsung Galaxy S23 Ultra,is it dual sim card or single
Samsung Galaxy S23+,s23
Samsung Galaxy S23+,charger included in the box isnt gone everywhere in brazil all samsung phones comes with charger in the box s series comes with 25w brick included
Samsung Galaxy S23+,"what dolby vision and 10 bit color really makes 
copl that its one of the most compact phone with this size of screen "
Samsung Galaxy S23,5g network is not working in india
Samsung Galaxy S23, ok i get 34 hours on my current phone truly baffling how ungrateful some are
Samsung Galaxy S23,you cant switch between lenses only while recording in 8k 4k with 60fps its possible
OnePlus 11,"worst experience on a oneplus 11 shifting to iphone or samsung no backup support outside india even though the phone was bought from dubai which is a made in india there is no support they will offer in india 
overall oneplus lost one loyal cust"
OnePlus 11,i have one plus 11 5g mobile this is very bad experience because they have many problem in led green white yellow line coming after software update no have solutions you can buy this mobile you are los your money
OnePlus 11,"which part are you considering con brightness stuttering curved display or something else please share 
how is lowlight performance"
Poco X5 Pro,audio low
Poco X5 Pro,just shoot with regular photo mode
Poco X5 Pro,"and speaking of detail if you really need flagshipgrade one you can achieve it by resizing the 108mp photos down to 12mp the images are a bit noisy but much more detailed 
 
how to do this"
Poco X5,"yes but its a gambling 
x3 pro have a sandwich ram and soc the ram is in between the soc and motherboard if you lucky enough it wont dead but if you arent lucky enough you need to reball the ram and soc cause of overheating "
Poco X5,today only realised that it has only wifi 5 max speed is 433mbps wasted for my internet packages of 1gbps
Poco X5,yes you can play casual games
"Samsung Galaxy S23 Ultra, S23+, and S23 hands-on",i bought a samsung s23 2 weeks ago  this is the third time i found the phone turned off  does anyone else have this problem from what ive heard what i experienced also happens
"Samsung Galaxy S23 Ultra, S23+, and S23 hands-on","bro got a fake phone  
hey but seriously try checking the ratio thingy on top of ur screen in camera 
if it doesnt show 200mp 34 then congrats you got a fake phone"
"Samsung Galaxy S23 Ultra, S23+, and S23 hands-on","the most marked difference is between the 12mp and the 50mp the 12mp gives you much better lighting and different color tones hopefully better ones than the 50 or 200mp since its combining 16 pixels into one  
 
but if you start p"
RedMagic 8 Pro,yeah they are extremely slow on updates   they seem to be shifting from their 1 os version per release model   they initially didnt plan on releasing anything past android 11 on the rm7 but they ended up releasing android 12 update and just
RedMagic 8 Pro,how the hell do you use the zoom feature in fps games  been trying to use it in codm and cant seem to figure it out   it says its compatible with codm
RedMagic 8 Pro,your message is not available
Asus Zenfone 9 long-term,got the phone since it came out its a solid phone overheated alot here in aussie summer weather the frame has a lot of scrathces and dings battery is still mint screen got damaged from extreme heat part of screen got whiterfaded like image bur
Asus Zenfone 9 long-term,ive had my zenfone 9 for 8 months now my first ohno surprise was that the sdcard slot was gone it used to have one in the reviews i read before i bought it and i would never had bought it if i knew another issue is the camera well as it do
Asus Zenfone 9 long-term,hey im on the same boat as you i wanted to get the zenfone 9 but it never came to india and im not really hopeful about the 10 either where did you manage to get the xperia im looking to get one new from amazon uk found a selle
Lenovo Tab P11 Pro Gen 2 hands-on,is this a laptop or a tab
Lenovo Tab P11 Pro Gen 2 hands-on,i had it for a year then suddenly it died and it isnt reparablesuch a waste of money for a good spec tabletalso i forgot to say that i didnt play games or do demanding tasksbut i believe it died from overheating
Lenovo Tab P11 Pro Gen 2 hands-on,"hi 
 
ive bought this tablet recently and i see this problem 
the easier to fix issue is with hdr while the display has good performance while viewing dolby vision and the relatively scarce hdr10 content hdr10 was broken during o"
Motorola Moto G72,"despite the fact it allows you to turn auto updates off it will still forcibly update and boot you out of whatever you were doing turning off updates upon restart in developer options does not solve the issue 
furthermore at one poin"
Motorola Moto G72,this phone has a serious problem with the microphone its almost impossible to record decent sound it constantly fades out and you have to shout forget about recording video with decent sound
Motorola Moto G72,im facing green line issue in moto g72 within 1 year
Oppo Find N2,we are now in 2025 and am thinking about having this foldable phone only for only one reason the compact size which is impassible to find foldablecompact size nowadays
Oppo Find N2,its it 5g though
Oppo Find N2,yes
Samsung Galaxy A23 5G,bro this is a23 5g page not a23 4g they are different phones with different cpuim not saying this is a perfect phone but it is better than a23 4g
Samsung Galaxy A23 5G,nowadays it seems that any budget samsung phone is doomed to lag like hell because of the bad one ui optimization the a23 camera is okayish you can make pretty decent photos with it on some occasions even at night phone sometimes gets a bit too w
Samsung Galaxy A23 5G,"the 4gb ram version just dont seem to cut it performancewise and while its tolerable for a review week its a nervewrecking oddity youd be dealing with for at least a year or two 
 
gsmarena sugesting using a"
Poco F4 long-term,x6
Poco F4 long-term,should i buy this or go for x5 pro
Poco F4 long-term,"i have poco f4  for 1 year  
its very good choice for gamers and power user or people wants buy a phone for mor than 4 years"
Tecno Phantom X2,while typing how to remove keyboard vibration
Tecno Phantom X2,its very nice i must buy it this month i mean the phone is fantastic
Tecno Phantom X2,nice phone
Realme 10 Pro,it sell 163 8128 or idr 2570rb  in indonesia since it ips i gave it avarage  equal with iqoo z7x with same snapdragon 695
Realme 10 Pro,yes right buying this phone is waste of money  its battery also discharged very soon
Realme 10 Pro,"how to downgraderollback all updates and go back to the factory version 
 
my realme 10 pro is updated to build rmx3660_11_a42 
 
want to do this because updates make phones worse and companies make phones obsolete through updates so that peo"
iQOO 11,teraflops comparison is very wrong the render and rasterization performance is the most important one example comparison the ps5 gpu to pc gpu the pc gpu that match ps5 teraflops gpu even lose to the ps5 due to better rasterization bandwith etc
iQOO 11,but i think its not for value for money its over price and ip68 not available
iQOO 11,oh and its qhd screen is 144hz vs 120hz on other mainstream phones its a beast of a chip
Realme 10 Pro+,does realme 10 pro supports pd 30 charging please confirm because i saw this in gsm specs but it is not mentioned in realme website
Realme 10 Pro+,i have tried using iphone and so many android brands from htc lg asus oppo realme xiaomi samsung learned its pro and conssince 2012and the only brand im considered wont ever purchase again is only samsung they are very
Realme 10 Pro+,maybe you got a defective one ive played genshin impact on this phone and the performance is good
Tecno Phantom X2 Pro,where is finger print on phantom x2oro
Tecno Phantom X2 Pro,the tecno phantom x2 pro was promised to get 3 years of software support with two major android updates launched with android 12 in 2023 the phone is currently running hios 145 over android 14 from now onwards for next 6 months we will receive s
Tecno Phantom X2 Pro,better stick to my s10 5g
Moto G82,"moto g82 was very good phone with great display great battery life great speakers 
charging time 1hr 20 minutes lag free  ad free user interface  
not for gaming 
for camera use gcam 87 edition 
thanks"
Moto G82,yes the camera is atrocious i expected atleast an average camera with this phone i know that moto phones cant be trusted for camera even with gcam image quality is not good other than that the phone is good
Moto G82,"great screen great battery life great charging speed 
 
awful awful camera and very basic camera software 
 
ive gone back to my 5 year old honor play which has a better camera im selling my g82 if anyone wants one"
Honor Magic Vs hands-on,"vs is an englishfrench moniker 
its typically used in brandy and cognac and meant to signify a quality product as opposed to lowclass drinks like whiskey rum etc 
 
btw htc did this back in 2012 with their on"
Honor Magic Vs hands-on,just a rebadge of the old mate x  honor used to be under huawei before
Honor Magic Vs hands-on,i dont think the v used here stands for 5  i believe it represents a silhouette of the phone slightly opened like you see in the main pic  theyre copying samsung  they had to find their own letter
Nokia X30,yes nokia x30 have 50mp mode in main camera instead of 125mp default mode and 16mp mode in front facing camera instead of 4mp default mode
Nokia X30,do you have 50mp mode enabled in the camera settings
Nokia X30,"this phone is upgradable to android 14 
 
and snapdragon 695 phones actually do not fully support wifi 6"
Samsung Galaxy S22 Ultra long-term,does samsung galaxy note 22 ultra have the issue of bringing lines on the screen
Samsung Galaxy S22 Ultra long-term,thought of swapping my s22 ultra 5g to its competitors but i had a change of heart camera works perfectly fine both still photos and videos most of my friends wanted to use mine instead of their high end iphones or flagship droids despite it being 
Samsung Galaxy S22 Ultra long-term,"as a person that got the s22 ultra recently i can confidently say its one of the worst phones ive ever used  just after the pathetic fold4 and totally unusable a53 
 
slowdowns hiccups lags you name it they happen everywhere ever"
OnePlus Nord N300,my phone is brand new and its hanging up on people dropping calls when you call people im frustrated already do they make good phones any more the battery last  all day thats the best thing this phone got
OnePlus Nord N300,this phone sucks i got it in november 2022 because my last phone was slowing down then i started having problems with this phone about around january the phone would just randomly power off and restart in the night time the drop calls and the process
OnePlus Nord N300,the phone is a very  nice phone
Poco M5,im still using hyperos and i have amazing battery life
Poco M5,"i was also satisfied but when i upgraded operating system to hyperos it couldnt stand more than half a day  
 
so just keep the original os"
Poco M5,amazing battery life simply amazing
Huawei MatePad Pro 11 (2022),this product is shit 0 stars i have 5 apps to try and download games and i still cant every time i try it doesnt work i tried everything how does an ipad made for games not be able to install them not to mention the youtube who keeps malf
Huawei MatePad Pro 11 (2022),what were you trying to say
Huawei MatePad Pro 11 (2022),i cant install autodesk sketchup without gms still no apps for enginner in huawei
Poco F4 GT long-term,try to install gcam
Poco F4 GT long-term,i can still buy a phone from 6 ago at a local shoprite south africa
Poco F4 GT long-term,facebook is not impartial and it shows
Realme 10,so idk how yall know when someone replies but i just wanna say im not recommending this phone not bad but there are better ones at this price only thing this phone got is nicer back cover then the others system is stupid how you do anythi
Realme 10,i have bought the realme 10 8gb 256gb rom the charger i got from this device is model vcb3hdyh 3 pin however i found other people who are using realme 10 8gb 128gb rom devices they got the charger model vcb3gaih 2 pin can anyone verify
Realme 10,honestly can someone just give a compliment about this phone i mean yo all be bla bla bla how this phone is not satisfying the camera the battery draining to fast  the processor the software is idk what if you d
Samsung Galaxy A04s,i got it in malaysia it has a 15 watt charger but usb type a to type c
Samsung Galaxy A04s,definetly there is i use this phone for 2 years and it is terrible
Samsung Galaxy A04s,i want to see the phone location
Motorola Razr 2022,i still find it hard to believe that this is currently the only foldable screen flip phone to have usbc 31 with wired video output and desktop mode support samsung should be able to do the same thing with dex on the upcoming galaxy z flip5 especi
Motorola Razr 2022,"the iformation about charging speed is wrong  
i have motorola razr 2022 it full charge in 40 minute"
Motorola Razr 2022,yeh agree
Huawei Mate 50 Pro,dude  8 gb on huawei is like 16 gb on shaomi  its qualcom cpu 
Huawei Mate 50 Pro,damn right    was apple fanboy  after about 40 apple phones  switch to huawei  never go back   i said it all    as adult content barby doll lady in aaa  production  say once you go black   you never go back 
Huawei Mate 50 Pro,hellooo i was just wondering if my mate 50 pro will get harmonyos next
vivo V25/X80 Lite,"im using a y21t for a week as a temporary phone as my poco x3 nfc bit the dust im getting realme gt master on monday but ive a few things about vivo id like to mention 
 
even though fun touch os is a bit bare bones on thi"
vivo V25/X80 Lite,i dont use google software because itself is spyware 
vivo V25/X80 Lite,now google tells us some apps on playstore have spyware and bad codeslooks like google is finally going spyware huntingabout time
Google Pixel 7,is the phone that bad
Google Pixel 7,what a review 
Google Pixel 7,wait what pixel 7 receiving 7 years of os updates
Google Pixel 7 Pro,heating is really an issue
Google Pixel 7 Pro,i have good exprese good looking and smart 
Google Pixel 7 Pro,mine does
Oppo Pad Air,oppo is a strong brand
Oppo Pad Air,i am a fan of oppo since the first oppo came out so im carried away with anything oppoi have waiting for oppo tab for longwhen i saw this oppo air pad i was arranging to buy anytime from nowbut i was discouraged with only one thing just on
Oppo Pad Air,i was planning to buy this tablet but changed my mind after reading gsms review
Realme Pad X,how connect with oneplus z2 wireless headphones
Realme Pad X,snapdragon and 5g worth the price different
Realme Pad X,single core score in ad 695 is better than sd 845 there is huge perfomance gape between cortex a78 and a75 845 has better gpu
Xiaomi Redmi Pad,everyone
Xiaomi Redmi Pad,this is a good tablet i bought it with 64gb storage and 3gb ram slightly laggy sometimes but the colour is nice suggest to get the redmi pad pro when on sale is really nice
Xiaomi Redmi Pad,no
Honor Pad 8,why no gyroscope on this ipad 8
Honor Pad 8,is there an audio socket in this gadget
Honor Pad 8,did this phone get the android 14 update
Huawei nova 10 Pro,i dont think fast charging equals fast drainmy oneplus 11 has 100w but battery has been great to me
Huawei nova 10 Pro,"thid new nova 10 pro have some battery issue 
 
fast charging  fast drain"
Huawei nova 10 Pro,camera is a step back nova 9 was noticeably better in low light nova 10 pro is almost same as p50 pro which was also worse than nova 9 nova 10 prop50 pro are just lightly better than s22 and quite much better than iphone 14 pro mate 50 pro doin
Apple iPhone 14 Plus,liar
Apple iPhone 14 Plus,"my iphone 14 plus stopped working after 15 months of use 
 
it was good till the night the battery percentage was around 70 when i go for bed the next when i took my and pressed the power button there is no display i tried all the troubleshoo"
Apple iPhone 14 Plus,they said they made the iphone 13 mini and have never made a 13 plus please read properly
Google Pixel 7 and 7 Pro hands-on,if youre going to rant and boil over into politics at least make the first sentence you write an accurate one the pixel 5a was the last pixel with a secure os available and a headphone jack a dac isnt expensive unless you buy an expens
Google Pixel 7 and 7 Pro hands-on,except the pixel 7 and its modem have taken the top spot over apple for highest average 5g speeds worldwide except the modem isnt outdated because it was released this year except the apples bullcrap a chip performs greatover a one m
Google Pixel 7 and 7 Pro hands-on,yet doxomark uses professional audio tools to do several tests and the pixel 7 is rated 13 out of every deviceever maybe get your ears checked or do you think that cranking the reverb up and the bass through the roof with xtrememusicquot
Poco M5s,the audio quality is really great though it sounds true to life very good surround sound not to mention i was reviewing some footage i recorded with this phone where someone was speaking and it literally sounded like that person was in the same ro
Poco M5s,ive had the phone for two years and it works like the first day i think its excellent if samsung sold it it would undoubtedly be at least 150 more expensive for what it offers it has withstood many falls and only the protective glass 
Poco M5s,the devices contrast is so high especially on youtube videos are over blown and no theres no fix to that
Motorola Edge 30 Neo,camera is really bad pixel 3a runs circles around this plus camera app toggles maximum brightness and theres no way around it wouldnt bother with gcam ports  90 of the times they dont work and when they do they are unreliable 
Motorola Edge 30 Neo,its ok depends on how picky you are and what youre gonna use it for i guess photos taken with the stock camera app look fine but with gcam i cant really tell much of a difference between 3aneo when looking at the photos directly
Motorola Edge 30 Neo,and how about the camera iam also a pixel 3a user
Xiaomi 12T Pro,never regret i once started using 11 t pro and now having this 12 t pro the performance is marvelous this is one of the best economical price phone congratulations xiaomi
Xiaomi 12T Pro,have any one faced green line issue with this phone
Xiaomi 12T Pro,one of the best phones i ever have thank you xiaomi and hope to get a new 13 pro as soon possible i would not change it ever
Xiaomi 12T,"for user mi 12t i have positive to talk about this phone disiplay camera video support 60fps and the best is charging its so fast from 0 to 100 2030 minutes 
 
rating phone   485"
Xiaomi 12T,"i have had this phone for 11 months now 
heres some feedback and advice 
 
1 crashes  ive had some crashes randomly i think they are caused by some orientation  top bar interaction happens very infrequently so its not a hu"
Xiaomi 12T,i have this for almost 9 months bit during last month is charging more slowly it needs around 50minutes to fully charge and how some problems with charging hope is from dust gonna try clean it other then that very satisfied with the phone
Samsung Galaxy Watch5 and Watch5 Pro,had a samsung galaxy watch classic its battery life was attroocious the ecg was not available in my region and still isnt i wrote to samsung but nothing despite buying it in my region i thoroughly regretted replacing my huawei watch gt 2 for th
Samsung Galaxy Watch5 and Watch5 Pro,i have this watch more than a year now it is completely useless because of terrible battery life even with some important functions turned off like location it cannot last from 7 in the morning to 7 in the evening disaster never again samsung w
Samsung Galaxy Watch5 and Watch5 Pro,does it have lte
Xiaomi 12 Pro long-term,nope 14 ultra has qhd screen
Xiaomi 12 Pro long-term,bro they dont offer low quality screen it has the high resolution screen till now even 14 ultra doesnt get 2k resolution screen
Xiaomi 12 Pro long-term,"got a green line after hyperos update after 11 years of usage 
 
the service center accepted the phone without an issue  asked if it happened after the update now they have sent a msg for payment saying its out of warranty 
 
xiao"
Apple iPhone 14 Pro Max,it is still not as secure as face id
Apple iPhone 14 Pro Max,yes it is still a very fast phone with good display and camera and plenty of updates to come to the software
Apple iPhone 14 Pro Max,but is the 14 pro max any good in 2025
Apple iPhone 14,the iphone was so nice phone in the world
Apple iPhone 14,can this phone play good quality videos on youtube and other streaming platforms my current phone starts glitching if the quality is higher than 1080p
Apple iPhone 14,can this phone play good quality videos on youtube and other streaming platforms my current phone starts glitching if the quality is higher than 1080p
Apple iPhone 14 Pro,i currently have this phone and on ios 26 it still runs buttery smooth however the signs of aging due to the aging battery are starting to show and heats up quite a bit when updating apps or using mobile data instead of wifi but besides that it is
Apple iPhone 14 Pro,
Apple iPhone 14 Pro,2022 what a time huh
iQOO 9T,"does anybody is facing green line issue after update 
my phone suddenly got green light over night post update"
iQOO 9T,you can buy iqoo 9t from india
iQOO 9T,which country are you from i also want to get this device
ASUS ROG Phone 6D Ultimate,yeah if phone companies arent allowing the option of an sd slot standard id at least want 1tb internal storage with these same specs will definitely be getting the next release if they keep the 35 mm jack and ridiculously good battery
ASUS ROG Phone 6D Ultimate,"just found out that phones similar to rog phone 6 failed the bend test i would rather wait for the 2023 rog phone which may have the following specs 
1 snapdragon 8 gen 2 
2 better resolution 
3 1tb or 2tb internal storage 
 
otherwise"
ASUS ROG Phone 6D Ultimate,i wont trust cloud storage especially when you go to places with little to no internet
Motorola Edge 30 Ultra,its a great phone the fast charging and reverse charging always makes my friends raise their eyebrows for 999 euro i wouldnt have thought but i managed to get it for only 320 euro for the 25612 version so it was perfect for me i jus
Motorola Edge 30 Ultra,worst mobile worst inbuilt quality
Motorola Edge 30 Ultra,any potential buyer who does a lot of os travel please be aware that this supposedly flagship motorola phone does not support esim  i bought one for my son and we only discovered this disappointing fact when he booked a trip to japan w
Xiaomi Mix Fold 2,nice 
Xiaomi Mix Fold 2,"your first comment was about bigger importance of outer display instead of the inner one of course since xiaomis inner display significantly lowered its battery life 
 
since your entire argument is based on a basel"
Xiaomi Mix Fold 2,well said the software experience functionality on xiaomi fold 2 is not close to samsung fold 4 xiaomi is good for chinese market and chinese apps fold 4 software and its functionality is unmatched
Motorola Edge 30 Fusion,"great phone even today is very fast 
new android 14 released and fixed all of bugs that bothered this phone above that adds a new features and optymalisations 
very nice colorful screen very fast processor and great software cameras also not b"
Motorola Edge 30 Fusion,iphone са най омразната ми марка телефониаре пич бий камшика
Motorola Edge 30 Fusion,bought this over s21 fe snapdragon slimmer than poco and redmi has custom rom development and is not mediatek with latest update nav bar can be hidden but bluetooth range is less overall good phone does manage heat very well
Motorola Edge 30 Ultra hands-on,it has only 16x zoom i saw on youtube some zoom tests with 100x zoom is there any setitng please help
Motorola Edge 30 Ultra hands-on,can anyone confirm one way or the other does the ultra support a stylus similar to the motorola edge 30 pro
Motorola Edge 30 Ultra hands-on,true bulldozer
Honor 70,the phone works very slowly at times and social media including tiktok does not work well
Honor 70,i used honor 70 for more than a year specs are great but its battery heats up real quick i had the battery replaced but it just froze up i could no longer turn it on i tried charging it but it also doesnt work the technician told me that i shou
Honor 70,"ive been using the phone for about 7 months it is a very good phone and im very impressed and happy with how well it holds up 
 
the camera quality is insane the specs for a mid range phone are also amazing and the best part  the di"
Sony Xperia 5 IV,gsm arena should have given warning about the use of this samsung manufacture processor  which cause heating  qualcomm snapdragon processor are usually  very good but not manufactured by  samsung   it is so disappointing  will recommend not to buy
Sony Xperia 5 IV,i bought another phone for my wife and i get back the sony my wife has now the s24 with the snapdragon processor and i cant really see any difference in normal use s24 boots a little faster but thats it camera is far better in sony and i
Sony Xperia 5 IV,no overheating mine is at the repair centre constant overheating and so laggy my xiaomi mi 8 is faster surprising a pixel 4 was booting faster then the sony 5 iv 855 vs 888 gen1 joke 
vivo V25 Pro,"vivo v25pro was not have ir blaster  for controlling by ac  
im facing that issue please dont   buy the phone   i hope you all understand by problem "
vivo V25 Pro,"wired headphones are superior to wireless headphones in many ways  
thats why high end audio devices are still using wired in 2023 and maybe for many years to come 
 
 
you know i think its kinda sad that kids today are easily fool"
vivo V25 Pro,only in some countries
Samsung Galaxy Z Fold4,the fine print starts with the fact that the main camera on the fold4 is based on the samsung gn3 sensor whereas the s22s have an gn5 at the core both sensors have a 1156 optical format 50million 10µm pixels and a tetrapixel filter
Samsung Galaxy Z Fold4,"the cover screen of the fold4 also got a change of aspect moving away from the 259 thats nearly 31 if you hadnt thought it that way to a more manageable 2319 while maintaining the diagonal 
 
this is wrong the f"
Samsung Galaxy Z Fold4,"the flexible layer above the oled pixels is still only sort of glass as far as our understanding goes even though samsung and the products most likely supplier schott call it utg ultrathin glass 
 
 schott and soon cornin"
Samsung Galaxy Z Flip4,this is the worst of the samsungs i have ever used 6 months down the road and the screen shuts down as if the fibre is spoilt i dont even know how to repair it i cannot access anything on the main screen can only receive calls at the front screen
Samsung Galaxy Z Flip4,i purchased samsung z flip 4 on 13th january 2023 with one year warranty as soon as this warranty period overtrouble in this set started this phone gets switched off as soon as this phone is folded again it is to be switched on and has to restart
Samsung Galaxy Z Flip4,yes i agree in last 2 years i have almost paid the cost price in repairs worst buy ever battery back up after 2 years is 6 hours
OnePlus 10 Pro long-term,missing esim features and the cam is not good
OnePlus 10 Pro long-term,i agree with you
OnePlus 10 Pro long-term,did you buy it i actually have that same version that you mentioned for about 6 months already and so far i am very happy with it my previous phone was the poco f3
OnePlus 10T,allright apple fanboy lololol
OnePlus 10T,so what u recommend 
OnePlus 10T,maybe for you the fastest but its not the fastest what i use  its not a oneplus and never will be oneplus brand oneplus is dead
Poco M4 5G,trash phone always lagging when u open vc and open another app it goes crazy waste of money
Poco M4 5G,"very bad experience its has so cheep software that you would have reset again and again this phone its only good thing is that it is 5g otherwise it has nothing special you would regret after buying it  
                     "
Poco M4 5G,very very bad software 
Motorola Moto G62,its worrest mobile last 2 week back puchenge now get battery issue when visiting service center they are told as per rules no exchange dont buy any one
Motorola Moto G62,"i received my g62 on the 16th of february 2023 and after using it for a few days here are my pros cons and neutral parts of the phone the ones that didnt surprise or disappoint me 
 
pros 
 stellar design and super light weight 
 g"
Motorola Moto G62,i got the g62 todayand am extremely  disappointed as the charger is not charging the phone so it back to the dealer tomorrow
Samsung Galaxy Z Fold4 and Z Flip4 hands-on,yes dude you are right
Samsung Galaxy Z Fold4 and Z Flip4 hands-on,is good
Samsung Galaxy Z Fold4 and Z Flip4 hands-on,well laptop webcams usually have vga 480p or 2mp 1080p so imagine taking a selfie with z fold 4 unfolded front camit would look like a cheap mediatek phone
OnePlus Nord 2T,battery drain fast and camera quality is not good
OnePlus Nord 2T,maybe just not for everyone ive had this phone for almost 2 years and the battery drains like max 4 or less overnight
OnePlus Nord 2T,too good to be true man
Google Pixel 6a,no bypass charge for 6a
Google Pixel 6a,bypass how please
Google Pixel 6a,if your whatsapp cant run on this device its probably because your phone has been rewritten so that the original imei was replaced with a cloned one as a result the whatsapp system detects it as spam and your account keeps getting blocked
Huawei Mate Xs 2,worst phone i have ever used
Huawei Mate Xs 2,xs 2 battery life its excellent a charge a day of normal use when at home gaming i can easily charge the phone and not worry about it i got a huawei 10k power bank in case of emergency outside a nice huawei headphones on the go and amazing 
Huawei Mate Xs 2,"hello 
gms apps are easily accessed through gspace easy to use and get all the necessary apps you need i use nova 9 with gspace got all the needed apps for myself"
OnePlus 10T hands-on,all things considered the 10t positions itself as a successor to the 8t  albeit with some interesting trade offs for one the cheaper overall build quality as well as the materials themselves are more in line with what youd expect from a 
OnePlus 10T hands-on,the upscalibg performed by the 10t is really evident when you compare it to the same photos taken by the samsung galaxy s22 ultra my wife and i recently upgraded our phones i got the 10t and i encouraged her to get the s22 ultra on a recent vacati
OnePlus 10T hands-on,i am really surprised by the quality of your constant posts you really are a genius one qus for you oneplus nord n20 5g new mobile available 2022 in all country plz ans me
Realme GT2 Explorer Master,excellent phone worth buying in this price range
Realme GT2 Explorer Master,why is it bad otherwise ur just an attentionseeker
Realme GT2 Explorer Master,wireless charging ip rating and telephoto you can have those with samsung or other brands with twice or thrice the price of this realme phone 
Tecno Camon 19 Pro,what charging protocols does it support  quick charge is definitely there but what about power delivery  tecno infinix according to information has its own fast charging protocol  has anyone tested the charging unit with usb testers
Tecno Camon 19 Pro,its a good phone i am  honestly okay woth the camera quality and the photo battery so much last longer even not actually but still better than my last phone well its 5050 from my realme 3 telephoto camera really help me in so much 
Tecno Camon 19 Pro,thats not how it works only the maximum charge level matters discharging to 0 does not harm the battery just dont leave it completely drained for months
Asus Zenfone 9,"nice thanks a lot 
4k120 is a lot of frames and a lot of resolution at the same time try making some good use of it when you can all the best 
 
my lg g8x does 4k60 or 1080p240 at best"
Asus Zenfone 9,yes i just checked on mine and 4k120fps is an option under slomo
Asus Zenfone 9,guys can this phone do 4k120 as listed in gsma specs
RedMagic 7S Pro,dang man osm 
RedMagic 7S Pro,so it aces the benchmarks and you give it only 4 stars
RedMagic 7S Pro,if it has same software issues as 5g wouldnt even recomemd
Nothing Phone (1),how
Nothing Phone (1),the most mistaken design i have ever seen ever it is terrible nonsense that makes me puke
Nothing Phone (1),video camera 4k 60 fps available
Oppo Reno8,so i have issues with my how can i change all they future to english cause am tired of all this india of a thing
Oppo Reno8,you are right about reno 8 easy to overheat the constant overheating also cause damage to the motherboard my uncles reno 8 was not even 1 year old when it started to develop wifi connection issue and eventually deteriorated to phone turning o
Oppo Reno8,"yeah all about 5hrs only  
fast draining my oppo reno 8 5g  
my phone is fully optimized but 
its the same situation "
Oppo Reno8 Pro,after unboxing i will make google account but play store is not working
Oppo Reno8 Pro,yes
Oppo Reno8 Pro,but realme phones are notorious for being non splash or dust resistant not even a basic ipx4 or ip5x rating
Xiaomi 12S Ultra,"thats how our reasoning goes and we stand behind it 
 
a lie is a lie no matter how you spin it the fact is the panasonic cm1 was the first"
Xiaomi 12S Ultra,its still a phenomenonal phone in 2024 far better than the s23 or 24 ultra id rate it similar to the x90 pro plus in 2o24 81 gen 1 holds up well still and although the cameras can be hit or miss at times and sometimes take a few snaps
Xiaomi 12S Ultra,still a good mobile for 2024 xiaomi flagships or not are known for obsolescence 
Oppo Reno7/F21 Pro,replying on an almost 2 year old comment since the existence of poco x5 pro and f5 i think its time to leave the x3 pro alone
Oppo Reno7/F21 Pro,and then your poco x3 pro got deadboot 
Oppo Reno7/F21 Pro,i am also its battery drain too much fast
Realme 9,my software in down lod
Realme 9,you expect budget phones to be on the same level as flagships coming down from the royal palace and telling peasants what is good and what is not based solely from his personal experience and taste ive never seen him give any good comment abo
Realme 9,guys a joke comin down from his royal palace and telling peasants what is good and what is not ive never seen him give any good comment about about any phone ive checked here he expects budget phones to be on the level of flagships lma
Xiaomi 12 Lite,"overall a good phone  
the camera is good enough the signal reception is more than acceptable but its losing the wifi sometimes i think the most bad thing is that it has a volume limit the speaker is not loud enough in calls or in music p"
Xiaomi 12 Lite,the only thing missing is memory card slot ive been using lite 12 for over 2 years now and its the best phone ive had from xiaomi 
Xiaomi 12 Lite,778g 5g thats the chipset i want to try
Poco X4 GT,dc screen dimming and no strobes which is better for eyes when checking phones in dark spaces
Poco X4 GT,exactly this its ridiculous that oled is the end all be all nowaday i want a pwmless display as i cant handle pwm
Poco X4 GT,the oled fetish of all these reviewers is killing the narrative ips are just fine  think of the people with pwm sensitivity who cant use an oled phone cause of the flickeringto penalize the phone so much over just not having an oled is ridic
Asus ROG Phone 6 Pro,you must be commenting on a different phone the rog 6 pro has a headphone jack it is also splash proof a built in fan is cool to have but if dust water liquids sand or anything else gets inside a builtin fan will it die or is it dust and wat
Asus ROG Phone 6 Pro,better buy nubia latest redmagic 8 pro with snapdragon 8 gen 2 cpu which yep is bit of better than gen 1 snapdragon cpus and all of that for price much more abordable
Asus ROG Phone 6 Pro,idk
Realme 9 5G Speed edition hands-on,realme 9 5g speed edition handson review
Realme 9 5G Speed edition hands-on,this phone is not good because this phone app crush problem and battay issu phone hot issu im using only 2week
Realme 9 5G Speed edition hands-on,"buy the oppo reno 7 5g 
it has the fastest charging and best battery life among the 3 according to gsmarena 
it also has the best camera skills although the vivo has it for selfies but still the oppo is the better option"
OnePlus Nord 2T 5G hands-on,i have this phone for a year now its flawless about the design i think it looks nice if its of any importance battery life is good camera is good fast charging works perfectly no lagging whatever app i use regular updates so i w
OnePlus Nord 2T 5G hands-on,who can tell me what are the shutter speeds available for main camera with imx766 sensor in hedgecam 2 camera app
OnePlus Nord 2T 5G hands-on,"i guess every camera island is ugly anyways so if its a good buy wherever youre at 
 
still that one circle with the two like why 
its ugly as sin 
 
even a newborn kitten would claw its eyes out like dear god did the ph"
Samsung Galaxy M53,i think the 5000 mah battery is solid for this phone
Samsung Galaxy M53,this phone is one of the best in his rang im very satisfy with its performance
Samsung Galaxy M53,"ive had this phone since november 2022 and here are my thoughts on it 
plenty fast chipset 
great camera for the price 
battery life is acceptable though shouldve been better for the price in my opinion 
screen is great 
cool d"
Poco F4,how i rotate my screen when type massage it is in single mode
Poco F4,gotten on of this phone it seem that i could not find a prenatally program to make use of the ir
Poco F4,i wonder if they fixed the jumpy focus hunting of eis fighting with ois here now that f5 is out even the redmi note 12 pro had blurry video when panning perhaps due to the stabilization used
Samsung Galaxy A52s long-term,im in the same boat as u  my s21 got the greenline after receiving last os update dec2025 for android 15 and few days later  green line happen  i am very glad that i bought this back in june2022 originally meant as my fallback in case
Samsung Galaxy A52s long-term,ive had to revert back to this phone after having issues with my new samsung ultra s21 and i must say im glad i opened the box and started using my a52 as ive had this since 2021 and its very reliable i like how you can exte
Samsung Galaxy A52s long-term,even the base a52 is epic likesince a54 i hated the midrange market of samsung they removed the bigger a7x series ditched the depth sensor sticked to exynos and no major improvements but when a52 launched it was perfection purely it could
Which cameraphone is king of natural bokeh?,"why didnt you include nokia 9 pureview it has the best bokeh out of these phones 
 
unfair selection"
Which cameraphone is king of natural bokeh?,see an anon posters comment after yours of course the optical specs are different i wasnt even talking about it were already deep into computing territory even second class setups with powerful isps perform decent these days a 
Which cameraphone is king of natural bokeh?,not sure why they left out the pixel 6 pro  great for a phone of course natural bokeh from the main and 4x optical zoom
Realme 9 5G (India) hands-on,latest update from my mobile phone realme 9 5g
Realme 9 5G (India) hands-on,i think your fact is not true
Realme 9 5G (India) hands-on,first sensible phone this year a single useful camera two sim slots and a separate sd card for huge transferable storage a headphone jack a fast modern efficient processor and 5g for those who can use it though turning it off makes no difference 
Samsung Galaxy Z Fold3 long-term,"dont buy this phone because repair centre is not doing there repair free of charge 
in my phone i faced trouble in my back screen appeared one green line according to my knowledge it is common fault in samsung phones but when i discuss with re"
Samsung Galaxy Z Fold3 long-term,i have one z fold 3 phone i bought it before 2 years suddenly yesterday it was appear green line on back screen i have heard samsung company is doing free repair it so i discuss with repair centre but they told  it cant apply for this phone i d
Samsung Galaxy Z Fold3 long-term,i can no longer make video recording on phoneit indicates you cant make videos during calls even though im not on callspls can you help
iQOO Neo 6,please bring funtouch os 15 update to iqoo neo 6
iQOO Neo 6,my phones performance just like a wow 
iQOO Neo 6,no
Oppo Reno7 Lite 5G/ F21 Pro 5G,im selling my oppo reno 7 z 5g phone been used for 2 years now if interested say so
Oppo Reno7 Lite 5G/ F21 Pro 5G,stupid oppo very stingy battery capacity 5g technology must provide a bigger battery at least 6000mah
Oppo Reno7 Lite 5G/ F21 Pro 5G,i used a samsung galaxy a53 5g disaster cell phone jerk stack heats up never again
ZTE Axon 40 Ultra,good hardware terrible updates and worse support
ZTE Axon 40 Ultra,whilst i like the 16mp results a lot we are still after all these years not being shown full sensor resolution results edited from raw files  looking at the full resolution jpegs from this quadbayer sensor here i note they are really dr
ZTE Axon 40 Ultra,i use axon 40 ultra smartphone very nice  pure full display screen phone  i really like this phone   thanks for zte
Black Shark 5 Pro,1meter as always for 120watts charging it is always a 1meter
Black Shark 5 Pro,very good for gaming as cooling phone and no heating process
Black Shark 5 Pro,so true i wonder what the displayglass material are it never mention at all huh
Realme GT Neo 3T,thanks for this honest review speakers and screen aint enough to justify the price and appears that there are more disatvantages all over
Realme GT Neo 3T,a big notice that you have to disable show pointer settings or itll be terribly lag ive just notice this after a few months using
Realme GT Neo 3T,"after 2 months of usage 
 
plus 
speakers 
camera 
quick charge 
 
minus 
 
battery backup 12 hours 
performance not good  phone just froze for 30 minutes when i was just watching insta reels 
 
even simple games like shadow ninja 3 "
Oppo Reno7 5G/Find X5 Lite,"battery backup very bad 
battery life very bad 
zero star"
Oppo Reno7 5G/Find X5 Lite,did i miss it or is this essentially a camera review nothing else about the phone what 5g modem is it using for example
Oppo Reno7 5G/Find X5 Lite,i bought oppo reno 7 pro 5g rs 39500 cash its cheap than iphone but i phone change thier system every year so i do not like it it is best brand with geniune price reno 7 pro 5g is better than iphone i like his night mode camera  h
Xiaomi Redmi Note 11S 5G,i can tell you its awful im gonna exchange for a pixel7a the câmera is good but eveything else its too bad or slow very unreliable it died in my hand after 3 months due to overheat and i only play bullet echo and candy crush lol i do not recomend 
Xiaomi Redmi Note 11S 5G,this is a powerful machine xiaomi redmi note 11s has very amazing features camera is very sharp you cant different it with an iphone camera
Xiaomi Redmi Note 11S 5G,"hybrid 
either second sim or mem card"
Realme GT Neo3 150W,hello technology is growing very fast what release in just half year ago could be a very inferior product than the newer one so you cannot compare directly the new one with the old one as the new one could be in a total different league i think 
Realme GT Neo3 150W,haw this phone for 2 years now i play pubg mobile on ultra 60 fps all looks very very very good
Realme GT Neo3 150W,"is dimensity 8100 such a good processer 
 
what are the other phones that as the same or similar type of processer"
Blackview BV8800,i am disappointed in this phone coming from the 9500pro which was nearly indestructible my 8800 fell from  a meter and a half and died the battery ribbon ripped in half which i havent repaired yet so i dont know if there are other iss
Blackview BV8800,"i bought the bv9900 pro when it first came out the device has gone through hell 
it fell from 3rd floor height in a construction site more than 4 times 
it fell on the highway while i was driving my motorcycle at 140 kmh 
it was run over b"
Blackview BV8800,blackviiew 8800 great cellphone had it for a 6 months now had  no issues rugged dependable good weight does what all topend cell phones donight vision mode awsome battery life awesome awesome screen brightness and price of the ph
vivo X80 Pro,you can use google files app safe folder option to lock files
vivo X80 Pro,it is sad  you are not aware of 35 advantage  no battery no charging  plug and play works with most of all devices
vivo X80 Pro,the only concerning thing in funtouch is that it lacks a password protected app lock or a private safe
Honor Magic4 Pro,you can get an honor magic 5 pro for about 600700 on ebay
Honor Magic4 Pro,security updates are frequent im current on a patch from the 1st october and magicos 80 and android 14 will be coming to this phone in the upcoming weeks
Honor Magic4 Pro,why
Testing the brand new Snapdragon 8+ Gen 1,"the snapdragon 8 gen 3 and 3 nm should be powered by a higher clocked prime core with up to 37 ghz 
the 3rd generation chips adreno 750 gpu is said to offer 50 percent better graphics performance  
 
10 cores  
modem 5g x75  
upgrade"
Testing the brand new Snapdragon 8+ Gen 1,now thats a true upgrade from snapdragon 865 series of chips
Testing the brand new Snapdragon 8+ Gen 1,ofc they confirmed it has headphone jack but you could dream about a phone having an expandable storage samsung a52s both have headphone jack and expandable storage
OnePlus Nord N20 5G,very bad battery service any one year better broken
OnePlus Nord N20 5G,yes
OnePlus Nord N20 5G,no not at all its a hectic mobile
Samsung Galaxy A33 5G,whats up with the asus photo on the first page
Samsung Galaxy A33 5G,"has anyone experienced ic failing my a33 5g after 2 years of usage my phone keeps switching off  restarting and shows green line display and then permanently going off 
 
i am told my ic has packed up  need to be replaced as phone is no"
Samsung Galaxy A33 5G,i was reading tte reviews and somehow after years many different parts in different phones started brraking my chraging port broke after 2 years i cant use power delivery on my chargers and its not really chargung
OnePlus Nord CE 2 Lite 5G hands-on,"oneplus nord ce 2 lite 5g 
the charger of this phone can be found"
OnePlus Nord CE 2 Lite 5G hands-on,im not satisfied with the phone theres bugs here and the battery are draining fast
OnePlus Nord CE 2 Lite 5G hands-on,camera quality is very bad
Samsung Galaxy A23,thank you so much
Samsung Galaxy A23,im just going home and im just trying not too long and then im just getting to my moms so im not too worried but im not worried at this time im not sure if its a big thing or a little big deal but im not really sure what im doing right away 
Samsung Galaxy A23,i guess you phone have some malwares maybe try resestting if you can im not sure its gonna fix or not but i wpuld try it atleast
Sony Xperia 10 IV,it is very okay or unwise to soeak
Sony Xperia 10 IV,"whats the spec of 30w charging of this phone 15v2a 
thanks"
Sony Xperia 10 IV,i do think its ludicrous how many features are just not optional very frustrating that regardless of what youre trying to focus on the screenside camera will lock onto any perceived face and theres no way to turn face detec
Sony Xperia 1 IV,any user know how to use 2 whatsapp in this xperia 1 iv since it is dual sims
Sony Xperia 1 IV,the worst phone ive ever had it overheats while i was watching a youtube video it cant handle bluetooth
Sony Xperia 1 IV,"the tall aspect ratio wont bother you longer you would eventually find it cool specially for app usage its very good only slight issue is typing which might take some time to be adjusted 
overall top phone the best display in the bu"
Samsung Galaxy Z Flip3 long-term,the fold cannot be protected thus the screen gets damages and ink spills  it cost over 370 to replace the screen and its likely to happen again 
Samsung Galaxy Z Flip3 long-term,couldnt take screen shots after approx 8 months of owning the phone then massive dark line across the fold line wouldnt switch off then completely black screen lost all my photos  everything else been sent to service provider a
Samsung Galaxy Z Flip3 long-term,"amazing phone but i  wouldnt  recommend it for people  who are clumsy this phone is pretty easy to  break  its a huge upgrade from the flip 1 and 2  the battery life last for about the hole day id give it a 810 
 the back screen is pret"
OnePlus 10R 150W hands-on,if it works i already tried it with one that has a type c and jack output
OnePlus 10R 150W hands-on,is there a usb c to minijack for analogue headphones 
OnePlus 10R 150W hands-on,are you kidding me  i have just wrote a review in its specification page it is the most amazing phone i won compared with samsung a54 huawei mate 20 xiaomi 11t and iphone 11pro check it
Oppo Find N long-term,truly appreciate you taking
Oppo Find N long-term,"you can buy this on aliexpress and pay an extra 24 for fast dhl shipping  
its a great phone helped my friend order one i fooled round with it and its gorgeous the software is great and the phone performs so well a near invisible "
Oppo Find N long-term,i wouldnt buy it if i were you this phone does not support sending or recieving group or picture text in the us i called oppo and they couldnt help
Honor Magic4 Lite,this explains the screen on 11t pro many people said it has a similar issue but i did not notice it
Honor Magic4 Lite,honor  come back again in market   avraham chaim kerendian
Honor Magic4 Lite,generic on the front nokia on the back
iQOO 9,screen retention issue in iqoo 9
iQOO 9,"keep your phone on 30fps 1080p 
you will see the wide angle option"
iQOO 9,how many android and security update will iqoo 9 get
Poco F4 GT,when you have low battery then it starts doing the weird glitch sounds
Poco F4 GT,ive been 4 months with this phone i had an issue with sound they will distorted while im playing genshin and call of duty the sound goes like abroken game or broken disc i dont know why i already try to reinstall the game and 
Poco F4 GT,who said camera not good i buy this phone for gaming and game performance perfect and camera you have to complete you cam setup i love to photography now any one need examples text me in snap sabberxs ill send pic and prove them wro
iQOO 9 SE,worst mobile  please  dont buy any iqoo mobiles
iQOO 9 SE,this is the waste phone of the iqoo 9 se dont bye this phone please i amble requesting for byes
iQOO 9 SE,"not good this phone battery no back up fast battery down  
any body no purchase this phone not a good  
another problem whatssap not back up"
RedMagic 7 Pro,cod is just 90 fps and i think all gaming phone can access this
RedMagic 7 Pro,omg thats not good i have an alcatel
RedMagic 7 Pro,its good
Xiaomi Redmi Note 11S,yes
Xiaomi Redmi Note 11S,is call recording available with 11s
Xiaomi Redmi Note 11S,turn off ram extension pal
Oppo Find X5 Pro,the design of this phone is phenomenal looking forward to this phone
Oppo Find X5 Pro,there is a dxomark score for their flagship find x5 pro check again it scored a lot higher than the regular find x5
Oppo Find X5 Pro,snapdragon has never disappointed  mtk is average but that samsung chipset is crap
Samsung Galaxy A53 5G,so cool
Samsung Galaxy A53 5G,well about the comment 2 months ago i went to a phone repair store and it got fixed and a few days later my phone went back to normal overall i would say that the a53 is a pretty decent phone and the camera is good as well
Samsung Galaxy A53 5G,it seems am the only one rocking my a53 5g without single issues all thanks to my god lucky me
Oppo Find X5,i still have my x5 and its brilliant in low light ive just gone for the honor 400 pro both great phones i love the ai stuff and this was cheaper than last time
Oppo Find X5,best phone ive had
Oppo Find X5,i would actually say go for the find x5 the poco x6 pro is still more expensive and u get better camera  build quality and prestige among others in exchange for a little boost in performance that may not be felt by the average user
Samsung Galaxy A13,viber on the phone
Samsung Galaxy A13,one ui 7
Samsung Galaxy A13,a13 one ui8
Apple iPhone SE (2022),"yeah i took note also what old frame design are they talking about 
reviews are a joke"
Apple iPhone SE (2022),"well said brother 
 
the only reason why im not too keen on this se 2022 is the screen resolution 
 
i currently still use an 8 plus a1864 red 256gb which i bought back in 2021 but its starting to get a bit dated as more and more apps req"
Apple iPhone SE (2022),"i think this phone is a splendid option in 2025 if you want to have practical yet good device 
its great as detox phone as it has all things youd need but in a small form factor so you dont use it all day i use it as "
Motorola Edge 30 Pro,motorolas failure to provide a software update for the current year is nothing short of a disgrace given the exceptional processor and ram additionally all android updates were released more than a year after their scheduled release i
Motorola Edge 30 Pro,"if you want a camera phone get a pixel 
i have owned the 30 pro for a year and it is absolutely capable of running an otg usb hdmi ethernet hub and acting like a chrome book on roids 
processor actually designed by snap dragon and amd 
jb hif"
Motorola Edge 30 Pro,"the edge 30 pro is promised 2 os and 3 years security updates while that is bad for a flagship it gets worse for lower motorola models most moto g models only getting 1 os and 2 years security while e models usually dont get any os update  
 
m"
Poco M4 Pro,my speaker one is not functioning properly and because of that its affecting both my earpiece and my wireless bluetooth  please what is the solution because am about to format my phone to see if that will fix the problem
Poco M4 Pro,im a new user of pocco m4 in the beggining i se it not much friendly use to me because im a huawei user but i trying pocco m4 for a change i buy it but no other freebies no charger no head phone only cable charge included im a mistaken buyer
Poco M4 Pro,i am in the uk and had a text from vodafone uk telling me my poco m4 pro isnt 4g compatible for calls when the 3g ends but when i checked on their phone model  make drop down it doesnt list it under the xiomi phones so followed thei
OnePlus 10 Pro,restart loop is usually sign of software issue but can also be motherboard issue
OnePlus 10 Pro,update problem my phone usually hangs up and get automatically restart with little heat up as well almost 3 to 4 times a day
OnePlus 10 Pro,lmao so true the 10 pro absolutely sucks compared to all those other phones mentioned
Xiaomi 11i HyperCharge / Redmi Note 11 Pro+ 5G,for all of the commentators i have xiaomi redmi note 11 pro 5g chinese version i have use this phone since january 15 2021 its have a memory card slot its is a beast the most powerful phone i have ever seen
Xiaomi 11i HyperCharge / Redmi Note 11 Pro+ 5G,that trash doesnt have memory card and other things
Xiaomi 11i HyperCharge / Redmi Note 11 Pro+ 5G,youre so right its amazing and very complete only it would deserve more software updates from xiaomi
Realme GT2,buy a professional dslr camera
Realme GT2,does realme gt 2 have face shape change  thinner or opposite form front camera because of lack of telephoto
Realme GT2,in my country gt2 8128 and poco x5 pro 8256 have the same price tag i dont mind having less storage right now i have samsung a50 664 and im fine with its storage i also like its gui and underscreen fingerprint sensor i know it
Poco X4 Pro 5G,i just got my poco x4 pro 5g but unfortunately there was no charger or anything added except the phone and the seller told me thats how theyre packaged now cant even get the cover to buy but i love the phone
Poco X4 Pro 5G,how can turn off the eis in video camera
Poco X4 Pro 5G,i changed the screen and front camera after it took a nasty fall however now my rear camera is blurry and the camera app crashes after i take a picture please help
Samsung Galaxy S22,used this s22 for 3 year and its just hold until last dec 2025 its got black dot  oneui system problem after update to android 16 now got think twice to own his brother s26
Samsung Galaxy S22,it has just 3700 mah it cant be helped 
Samsung Galaxy S22,"the battery does not last long  
overheating"
Xiaomi 12X,honestly that sounds more like a software or battery issue than the phone itself the xiaomi 12x is a solid device  if apps arent working or the battery drops like that its usually due to outdated software or battery wear not the phones actual
Xiaomi 12X,"avoid at all cost  
pictures disappearing from albums 
revolut is not working  not supported android version   
gets stuck 
gets overheated easily 
battery from 20 goes to 0 within maybe 5 minutes  
the worst mobile i ever had  
before i"
Xiaomi 12X,best necessity phone with flagship feel and affordable price not overkill specs my only complaint is the curve screen
Xiaomi Redmi Note 11,thanks
Xiaomi Redmi Note 11,redmi note 11 pro 5g
Xiaomi Redmi Note 11,changing android level requires clean install
Xiaomi 12,the time it was launched globally i added this to cart then due to financial constraints i couldnt have it at that time so i bought just a case for the phone but never have the actual unit  i just have to imagine it was there it feels
Xiaomi 12,the xiaomi 12 series is getting 3 years os and 4 years security updates the 13 and 14 series are getting 4 years os and 5 years security updates
Xiaomi 12,will this phone get 4 years major android update and 5 years security patch
Xiaomi 12 Pro,i did software update and lines are now showing the screen what should i do
Xiaomi 12 Pro,yes i ll love one bro
Xiaomi 12 Pro, a few years back we would have complained about a punch holelolthat is the problem
Xiaomi Redmi Note 11 Pro,i have been using this phone for about 3 years the problem i face at the beginning is overheating i ignored it the about 1 and 89 month later the sound quality began to dropped and sound decreased eventually to a level that now i have to use head
Xiaomi Redmi Note 11 Pro,"3 years in and i now regret it did seem a little slow to start with but it didnt bother me much at first recently it has started freezing and crashing it also over headed quite often in the past i guess that might has caused damage  
i have "
Xiaomi Redmi Note 11 Pro,"i have this phone now more than 2 years and i am very happy no problem whats so ever 
phone works perfect even after all these years  
happy customer"
Nokia G21,"after updated system bluetooth wont work facebook not working as normal  if scrolling videos turn to black  
sometimes unable to receive charge only receive charge after restarted sometimes lagging and others not worth to buy  my pr"
Nokia G21,can anyone assist i have a nokia g21 which froze while on facebook local technicians suspected i open corrupt facebook page and phone software crashed hence it switched off for good can anyone assist how this is fiexd
Nokia G21,"ive had nokia g21 for half a year now and these are the problems ive had with it so far  
1 it randomly loses 4g it shows it has a 4g mobile data connection but the connection doesnt work turning airplane mode onoff solves t"
Xiaomi Redmi Note 11 Pro/Pro+ 5G,will be good in 2025 supported untill
Xiaomi Redmi Note 11 Pro/Pro+ 5G,nsa network connectivityairtel 5g is worst so 5g usage in this phone
Xiaomi Redmi Note 11 Pro/Pro+ 5G,"i have this phone for nearly two years shit product dont buy xiaomi 
good points 
my phone is a pro plus 5g version which have 110w massive charger and charges to full in 1015minutes really love it and even after two years of using it"
Realme 9i hands-on,yes very gud mobile in gaming normal usage camera wise and battery wise also
Realme 9i hands-on,"i like this phone but im unsure about the cpu  
does it offer a smooth performance in light usage meaning only social media calling texting no gaming 
does it have a good battery life"
Realme 9i hands-on,not long last battery yara
Realme GT2 Pro,camera is good and phone is good only issue is quick overheating
Realme GT2 Pro,"display is amazing and performance also very smooth and speed 
but main issue is over heatingand no telephoto sensor for better portraits if realme changed magnification cam to 12 mp or 10 mp telephoto camthat was better"
Realme GT2 Pro,i could never buy this phone with a stupid with 10 days replaced
Honor Magic4 Pro and Magic V hands-on,"in the past 34 years i have been using samsung fold phones and i am not planning to go back this is the biggest deal of innovation in the mobile industry of the past two decade 
it comes with a simnificative price so its hard to accept any compr"
Honor Magic4 Pro and Magic V hands-on,its been 2 and a half months
Honor Magic4 Pro and Magic V hands-on,when is the honor magic 4 pro going to be released in the uk
RedMagic 7,pls unlock max refresh rate on mlbb
RedMagic 7,nice
RedMagic 7,funny when people keep asking for pubg 90fps it was the pubg devs fault who didnt update their game lol
Samsung Galaxy S22 Ultra,yes samsung s22 ultra is very good and i have taken sandhand mobile phone smoth performance
Samsung Galaxy S22 Ultra,samsung galaxy s22 ultra is really good  and l love it
Samsung Galaxy S22 Ultra,good
Oppo Find X5 Pro hands-on,"oppo really should include at least 5x or 10x optical zoom for it to be worth the price 
2x just isnt satisfactory at all"
Oppo Find X5 Pro hands-on,samsung and pixel provides better security and software support compared to oppo this oppo phone is over priced
Oppo Find X5 Pro hands-on,currently in the market iphone 13 pro has one of the best image processing and the best video camera in the smartphone market nothing can beat an iphone in videos as of right now furthermore 3rd party camera apps works well with iphone compared to
iQOO 9 Pro,im like 3 months late but op 11
iQOO 9 Pro,iqoo 9 pro or op 11
iQOO 9 Pro,yes the chinese version is not sure about global version
Samsung Galaxy S22+,i have this phonesometimes display goes off when its on direct sunlight and then turn on when the outdoor brightness is less while i plug on the charger the touch does not work the touch is automatically working while gaming the touch is not prope
Samsung Galaxy S22+,"my 12mp camera randomly stopped working one evening  
the camera says warning camera failed anytime i open it the 50mp camera works just fine though does anyone whats wrong with the camera and how i can fix it 
i have already"
Samsung Galaxy S22+,the phone seems pretty solid the one things that bugs me about all phones is the trend away from sd cards i take a lot of photos and have used the micro sd cards in most of of my old samsungs just another way to get more  out of us makes u
Realme 9 Pro+,1011 is a very good update the system runs more smoothly and seems to use less energy
Realme 9 Pro+,dear realme community please give the android 15 and realme ui 60 update to realme 9 pro plus in futurethanks
Realme 9 Pro+,"i am concerned about battery timmings and camera performance i regretted updating from android 12 to 13 
battery performance and screen on time instantly dropped around 20  and camera quality around 1015 
please update about pros and cons of "
OnePlus Nord CE 2 5G hands-on,oneplus community photo devices
OnePlus Nord CE 2 5G hands-on,yes
OnePlus Nord CE 2 5G hands-on,yes
Realme 9 Pro,network connection very 2 bad phon hot too fast wil charging and playing game and hanged 5 sec  network ping 280 ms if i call to someone 4060 ms network connection is too and too very very very bad so i threw in the wall 23k waste of money worst mob
Realme 9 Pro,true battery life is not good enough battery getting discharged faster otherwise other parameters are far good
Realme 9 Pro,maybe its a user problem
Infinix Zero 5G,good for about 2  3 yrs  after that its all downhill phone starts to bug cause no more software supports 
Infinix Zero 5G,"infinix zero 5g phone no good phone no os uptodate and no security uptodate 
this os 11 good opreting but go to os uptodate 12 then  
meany bugs call future not working and internet not working etc so guys no purches infinix smart phone"
Infinix Zero 5G,absolutely
Motorola Moto G200 5G,"good phone for the money two major issues for me 
1 5g is a huge battery drainer  3 every hour in phone standby eg charge your phone to 100 at midnight and you wake up at 8am  24 of the battery is gone so basically i am switching to 4g w"
Motorola Moto G200 5G,how to resize photo  photoshop  snapseed 
Motorola Moto G200 5G,i think g200 will be better just my opinion
"Samsung Galaxy S22, S22+, and S22 Ultra hands-on","samsung is not a great mobile device their software doesnt match up to other os brand when 
samsung is still using the old way of making money from their clients their mobile devices is still build on craping written software and more than "
"Samsung Galaxy S22, S22+, and S22 Ultra hands-on","agreed 
why are peoples so passive about paying more and getting less 
there should be an outcry by the masses and boycott of these stupid smart phones that cant do what the old phones can do 
but i dont see it 
i suppose p"
"Samsung Galaxy S22, S22+, and S22 Ultra hands-on",are you sure for you are saying
Motorola Moto G51 5G,how to fix it when i wish to turn off the power and it is not working i try to press the bottom and it is not respnse
Motorola Moto G51 5G,"do not get this phone if you wanna play games at all even on low settings most games stutter freeze and crash  
 
if you minimize the games they stop all together its ok for daily tasks like messaging payments google maps internet se"
Motorola Moto G51 5G,i have motorola moto g 51 5 g mobile phone the problem is you get drop of water on your hand the mobile phone shut down  you have to take back cover off mobile phone off them get the tool to pull out tray from the mobile phone check the sin card and
Huawei P50 Pocket,"i cannot undo my comment but after several testing and studying of teardown lack of antennna for wireless charging i have no idea how my phone could show it was charging on the wireless pad 
my apologies 
chilli"
Huawei P50 Pocket,p50 pocket does have wireless its located in the bottom part of the phone probably it is missing in the specs because it doesnt work reliable actually you need quite some luck to get energy into the phone
Huawei P50 Pocket,you can download all the needed gms apps through gspace pretty simple to get all the apps you need
Oppo Reno7 Pro 5G hands-on,is background remove in this phone
Oppo Reno7 Pro 5G hands-on,do oppo reno 7 pro still need a micro sd card
Oppo Reno7 Pro 5G hands-on,how many 5g bands present in oppo reno 7pro 5g phone
Huawei P50 Pro,looking forward
Huawei P50 Pro,that is a show king battery result which ruins a good phone unfortunately
Huawei P50 Pro,looking back at this phones camera performance i only noticed just now on how utterly brilliant the zoom photos are i expect to see the usual oversharpened effect but im not seeing one at all heck i even dare to say that its no
OnePlus Nord 2 long-term,"some excellent things that are not mentioned in the review and obviously comparing with competitors in this price bracket 
 
1 great haptic feedback no other phone in this range a52s or 11 lite 5g ne has this thing on to some it is very impo"
OnePlus Nord 2 long-term,had my nord 2 since 2021 upgraded from a drowned huawei and by far the best phone ive had but also my first really good smartphone did not run into any software bugs battery life great charge at the end of the day and everything works smooth now
OnePlus Nord 2 long-term,"i had the nord 2 for little over a year 
good main camera good display  the 90hz instead of 120hz did not bother me 
great battery life way way better than my current nothing phone 1 
but the bugs were just too many in the software 
oneplus "
Huawei P50 Pro hands-on,have you used huawei with no gms i had mate 40 pro great phone camera battery life etc but i sold it for poco f3 why bcs in app gallery so little amount of apps my banking app was outdated nfc was not working some apps even when i found them
Huawei P50 Pro hands-on,no dont say thatu will get over that when u start using the phone afterall harmony os is great slightly better than android they have their huawei app gallery in place of play store so the phone is great
Huawei P50 Pro hands-on,nice phone but to expensive also without gms give me a reason why should i buy this phone for the price i can buy any high end phone
vivo V23,had my vivo v23 for several years since release date and it has been a reliable phone super fast using google and you tube with no lag and no delay takes good photos and videos but struggles in night time photos outdoors however after usin
vivo V23,is the phone has the nfc future
vivo V23,s20 fe 5g is a bit outdated regarding os  so its only gonna get updates till android 13  it was released on 2020 with android 10 out of box  eventually samsung relaunched s20 fe 5g 2022 version its really pricier than old s20 fe 5g
vivo V23 Pro,yes vivo v23 is 5g
vivo V23 Pro,vivo v23 is a 5g or 4g mobile
vivo V23 Pro,no
Samsung Galaxy S21 FE 5G,ive been using this phone since its announcement mine has a snapdragon 888 5g processor 6gb of ram and 128gb of storage after nearly four years as my daily driver what can i say its been a great phonefast snappy with excellent features and
Samsung Galaxy S21 FE 5G,ive been using s21 fe for more than 2 years now undoubtedly the battery has lessened by day but after one ui 7 update surprisingly im getting very good battery backup it never happened before
Samsung Galaxy S21 FE 5G,hows that phone after one ui 7 updateim looking forward to buy itim hearing mixed reviewssome say it got green lines issues and poor battery life and heating issuesim not a heavy useri dont play games all i do is take some photos and
OnePlus 9RT 5G hands-on,same camera in
OnePlus 9RT 5G hands-on,android 13 available ota with android 14 in beta
OnePlus 9RT 5G hands-on,amazing rapid charging purchased for dual sim capability no noticeable difference with samsung galaxy s20 functions and performance like screen colors stereo sound and features mine was used and this is probably one of the best phones ive 
Samsung Galaxy M52 5G,have had this phone for almost 3 years now except for the camera crashing sometimes ive had no issues with the phone up until a month ago as i noticed how fast it overheats all of a sudden it even started glitching yesterday  nothing that 
Samsung Galaxy M52 5G,my battery keeps bulging and opening the back cover when left to charge for long am replacing it for the second time
Samsung Galaxy M52 5G,i have used samsung galaxy m52 5g from last 3 years  but still i facing green red pink and white lines on display without any damage to mobile and samsung care says change the display
Samsung Galaxy S21 FE 5G hands-on,the review unit seems to have a network issue as is indicated by no network bars my s21 5g has had the same problem for months now how did you work your way around it
Samsung Galaxy S21 FE 5G hands-on,yikes this just thuds
Samsung Galaxy S21 FE 5G hands-on,yeah i have tested like 5 different chargers and cables and seems like the problem has gotten even worse in one ui4 it says remove charger immediately because of moisture which is a total joke
"TCL at CES 2022: 30 V 5G, 30 XE 5G, Project Chicago...",im having technical problem with my phone browser cant connect to look up or search the website at all
"TCL at CES 2022: 30 V 5G, 30 XE 5G, Project Chicago...",good thing there are cases
"TCL at CES 2022: 30 V 5G, 30 XE 5G, Project Chicago...",i am still waiting for nxt paper
Back to iOS after years of Android use,"what phone does my favorite will use 
hey whats up guysam will for gsm arena "
Back to iOS after years of Android use,i was searching for a genuine pro and i found nothing lol guess i will have to say away from apple now
Back to iOS after years of Android use,ive always been able to put the cursor at any point on a word in ios its not that difficult you can also hold down on the space bar abs slide the cursor anywhere you want i guess you just need to learn about how the software works  like tapping
Samsung Galaxy A22,i what to see my phone
Samsung Galaxy A22,this phone is toogoood i need a new one but i cant find it in zimbabwe anyone with lead or which one is a recommended upgrade
Samsung Galaxy A22,the phone is perfectly fine and good but am having some problems with the phone network both call network and internet connection and i have reset it many times but still
Oppo Find N,agree and it is always some ithis ithat
Oppo Find N,the beginning of the text always starts talking about other brands tendentiously
Oppo Find N,i cant get the phone to detect 5ghz wifi network never any clues anyone
Samsung Galaxy A03s,sharp phone 
Samsung Galaxy A03s,yes
Samsung Galaxy A03s,good
Oppo Find N hands-on,the customer service representative write consumer protection law now i know my rights you should learn to know yourstoo stand up for your rights
Oppo Find N hands-on,the mate x was my favorite phone ever and its a horrid thing to see these tall skinny tongue depressors that are called phones id still use my mate x  but in a month it wont be usable on any service in the us because of the 3g shu
Oppo Find N hands-on,there isnt any free country and every thing is not just black and white so we have grey too
Best US market phones of 2023 - buyer’s guide,wow they really havent touched this list in over a year come on guys but at the same when an entire market has evolved to being flagshiporbust and has banned and discouraged certain brands from selling in it it kind of kills any motivatio
Best US market phones of 2023 - buyer’s guide,please update the list for holiday season 2024
Best US market phones of 2023 - buyer’s guide,if s24u is the best phone according to your list and available in the us why is it not the best phone for the us
Poco X3 Pro long-term,bought april 2024 8256 variant for 100 usd second hand only change the battery because of deterioration and adding another storage micro sd 256 gb still going strong with android 12 and collecting 38717 photos on gallery even tho i have iqoo 
Poco X3 Pro long-term,if i missed it now get back to it
Poco X3 Pro long-term,ive been using this device for a long long time its been heated dropped and crushed mercilessly i also recently smashed it in a fit of rage and bought a 16 pro but 3 months have passed and im starting to miss my precious phone
vivo iQOO Z5 hands-on,hey can you leave my cousin in law alone he is right things have gotten so complicated  you must be some kind of newbie who would rather watch john wick than a classic like spiderman 2007 so let me make this straight with you  if you think my co
vivo iQOO Z5 hands-on,but some of u guys will jump from moon to earth saying the brand is cheating and is not giving the charger with the phone
vivo iQOO Z5 hands-on,full review please waiting for it since
Ulefone Power Armor 13,i was told by att this power armor 13 will not work in the united states
Ulefone Power Armor 13,the ulefone armor series rugged phone has a customized belt phone holder which is very portable
Ulefone Power Armor 13,laser rangefinder is pretty good
Sony Xperia Pro-I,im sorry but if youre not a pro photographer and you buy this for the camera again i dont understand who would ever buy this mediocrity is there such a thing as under processed cause if it is then this is it sony thought
Sony Xperia Pro-I,ultimately it is because korea which manufactures galaxy and japan which owns sony are on extremely bad terms
Sony Xperia Pro-I,what  how d i had xperia sola for 5 years and now its been couple of years that my sister is using it as a music player so i think it really depends on how well you keep it you need a doogee or something i dont think any other phone can 
Xiaomi Mi 11 Ultra long-term,should i buy the mi 11 ultra mi 10 ultra oneplus 10t or nothing phone 2 a at least a phone above android 12 or higher
Xiaomi Mi 11 Ultra long-term,no it overheats like hell in 2021 cant imagine nowadays
Xiaomi Mi 11 Ultra long-term,"is mi 11 ultra still worth buying in 2024 
any one still using it till date"
Tecno Camon 18 Premier,its not if you are a camera freak
Tecno Camon 18 Premier,will it come to 18p
Tecno Camon 18 Premier,android 12 hios 86 released 
Honor 50,i agree camera is bad
Honor 50,i have a honor phone but i try to reset the phone i forget the device code please guys i need a help please
Honor 50,honor 50 is better than mi 12 x
Google Pixel 6,"i am about to buy this phone 
please i need advice"
Google Pixel 6,ive changed my pixel 6a display twice within just 6 months and again the display is damaged i use my phone very carefully so this is really disappointing it seems the display quality or fitting is very poor spending so much money for frequent r
Google Pixel 6,worst phone because overheatingand even charging is not good dont buying and dont loss your money
Poco F3 long-term,yes the fingerprint bar i was so imressed and i was right its such a fast phone overall but that fingerprint faster then a moorlo button liquid cooling solution gaming edition present
Poco F3 long-term,have been using it since 2021 now minus here and there but still great phone for its value but one problem that sometime really take me off the volume down button not working anymore first its stuck then after a month its stop workin
Poco F3 long-term,i dont think so it was released in 2021 so almost 3 years old now for a new phone in 2023 you can have poco f5
Poco M4 Pro/Redmi Note 11T 5G,ive had this smartphone for 3 years now and im very happy with it
Poco M4 Pro/Redmi Note 11T 5G,i need d screen
Poco M4 Pro/Redmi Note 11T 5G,all android version 13 dos that
Oppo Reno6 Pro 5G (Snapdragon),its on jiji
Oppo Reno6 Pro 5G (Snapdragon),"hi guys  
im considering buying this device for like 430 is this a good deal  shipping from europe so no import taxes"
Oppo Reno6 Pro 5G (Snapdragon),it doesnt matter most android smartphones have a generally lower resale value though there is some exception it should be something that one has to know and accept if heshe decided to purchase an android especially most models from chinese
Infinix Zero X Pro,how come you forgot to mention the 60x zoom in your review
Infinix Zero X Pro,this phone is priced 180 usd right now so i guess it is the budget king on the camera phone segment
Infinix Zero X Pro,sorry about your phone getting stolen
Huawei nova 9,i have nova 9 and i really like curve screen is nice feel like premium phone and night photo is good but not too good quality image battery is small but  watching youtube and daily app is can use with single fully charge audio is loud but not good 
Huawei nova 9,been using this phone for about an year the was quite a good in the start its batter performance and everything was upto mark but after 6 to 7 months the batter got a heck of downgrade performance still quite samemain camera is good but others are
Huawei nova 9,"excellent  phone regarding performance screen and cameras fast charge also 
no cons except you find it tricky to handle google supported apps i recommend it  but if you have a google app you cant live without then samsung and oppo will b"
Google Pixel 6 Pro,go for pixel 6 pro
Google Pixel 6 Pro,go for 6pro pls
Google Pixel 6 Pro,google pixel or iphone 12pro please little advise
OnePlus 9 Pro long-term,1st smartphone in its class which has 4k 120fps and 8k 30fps video recording its a big deal even in 2025
OnePlus 9 Pro long-term,the battery life on this phone is horrible even the oneplus 8 pro is significantly better in that aspect i dont recommend a phone that only lasts 4 hours with screen time
OnePlus 9 Pro long-term,yes its a flagship phone buy it
Sony Xperia Pro-I as a video camera,thats was the z3 and z5 in 2015 it had the infamous snapdragon 810 which was known to be the hottest chipset ever made for a phone every single phone with that processor overheated but sony managed to dissipate the heat very quickly using tw
Sony Xperia Pro-I as a video camera,xz3
Sony Xperia Pro-I as a video camera,i had an xperia once and i loooved it until its was getting so hot you could fry an egg on it i dont remember what model it was but i would like to have another shot with sony any advice please 
Infinix Note 11 Pro,"the phone is fantastic enjoy using it 
fast surfing charging long battery duration in fact everything about infinix note 11 pro is great "
Infinix Note 11 Pro,i have been using it for 2 years and enjoying it its a fantastic phone
Infinix Note 11 Pro,my phone is fingerprint is dasible our sound low 
Sony Xperia Pro-I hands-on,the limitation lies in qualcomm spectra 580 isp
Sony Xperia Pro-I hands-on,"for a product with the catchphrase a real camera in a smartphone it seems halfbaked 
 
sales points 
10inch image sensor with unparalleled descriptive power 
a shutter button that looks like a camera 
 
however the 10inch im"
Sony Xperia Pro-I hands-on,asus zenfone 8 flip
vivo X70 Pro+,a very nice and smart fone i would love to own oneone day
vivo X70 Pro+,do you have this phone
vivo X70 Pro+,i like the phone
Huawei nova 9 hands-on,"the oppo reno6 5g is truly incredible 
i have been using it for a while cant imagine that this quality comes from the phone without using filters or other apps to edit the picture 
the games review experience is really unmatched"
Huawei nova 9 hands-on,huawei nova 9 is good but for me it is still not viable due to the limited applications installed for the device usually for playing online casino like in casinodayscom
Huawei nova 9 hands-on,gogel service not available thats not good
Realme GT Neo2,yeah sell it
Realme GT Neo2,global models have google dialer install o dialer its available for comoros oxygenos realme ui
Realme GT Neo2,gt 2 series were released later with android 12 unsure if it stops at 15 or 16
Realme 8s 5G,its very useful product realme8s5g camera quality 100excellent
Realme 8s 5G,"this phone is really vry bad guys pls dont waist your money for buy it my set is hanged many and many times when i play games and battery backup also is vry poor  
i suggest realme team please fix these problems"
Realme 8s 5G,mainly poor battery life and weak signal strength curiously realme phones perform well in battery lab tests but not that well in real life best example would be the x3 superzoom it got 103 hours endurance rating but in real life barely able to l
Android 12,i am not feeling happy about android 12 update the interface is looking very ugly over all my handset performance is not going good ringtone is going cut while ringing unwanted system pop up are arriving while unlocking also pop up window flickri
Android 12,hi after update to android 12 from 11 i have problems to synchronize the contacts with my car multimedia in android 13 the problems remained the same i do multimedia update software but the problems with synchronization are there with android 
Android 12,why does google still not have options to sign out of most google servicesand why has google included sign in by a third party allowed in their latest chrome browserwhy does google calculator also need to use my data in the backgroundall google s
Apple iPhone 13 mini,unfortunately i dont think well get any actually mini phone let alone from apple or samsung the small phone is dead the smallest thing you can get nowadays is like 63 maybe 61 on a good day but thats nowhere near
Apple iPhone 13 mini,"will 2026 be the year when a new mini is release 
when do you guys think we will have a new mini"
Apple iPhone 13 mini,"will 2026 be the year when a new mini is release 
when do you guys think we will have a new mini"
Apple iPhone 13 Pro,yes 13 pro jas physical sim and esim
Apple iPhone 13 Pro,update it to ios 26i swear to god its a good update
Apple iPhone 13 Pro,in the specification ive readi didnt see a anything concerning the networking sim slot cause i heard iphone 13pro support a hardware sim and an esim i what to confirm about this before buying the 13pro model
vivo X70 Pro,had the x70 pro phone for 6 months dropped it and now cracked screen was told that screen change will cost rm700 plusso will have to live with it
vivo X70 Pro,no 4k in ultra wide and periscope
vivo X70 Pro,does x70 pro record 4k 60fps from ultrawide camera
Oppo Reno6 5G,"considering battery drain 
kindly  
1 check your apps battery consumption at battery section under settings 
 and find out if you over use some of you apps  or some apps is hungry and draining your battery 
2 turn off allowing foreground"
Oppo Reno6 5G,im facing battery drain issue for some days and the the charging time takes about 6570 minutes even though when i plug in it shows supervooc 65w please answer me somebody
Oppo Reno6 5G,i like this device but can find in nigerian stores to buy ill be glad if somebody have an idea on where to buy it
Apple iPad mini 6th gen (2021),arent those rounded corners called squarcles
Apple iPad mini 6th gen (2021),woware you giant
Apple iPad mini 6th gen (2021),i want ue that like phonei want to use this as a phone because the current keys on the phones are so small and the screen can be used instead of the phone tired of dialing the phone
Xiaomi 11T,my xiaomi 11t fingerprint just wipe out from the phone and i cant have access to it again any solution
Xiaomi 11T,"no phone last 20 hours or 2 days 
normally what you get goes from 6 to 10 hours sot 
screenontime 
rest is standby   trying to inflate numbers 
 
whatever battery seems fine when watching video"
Xiaomi 11T,not bad
Apple iPad 9th gen (2021),pls dont lie lmao the iphone 12s camera wipes the floor with this ipad
Apple iPad 9th gen (2021),"honnestly i used to buy android tablet but even with samsunt tab s series you have poor software support so i stop buying them 
you can add also medium level config cpugpu to that 
 
even with an a13 this ipad play all the game is fluid has g"
Apple iPad 9th gen (2021),i dont know what youre hearing but in the recordings the ipad sounds painfully anemic our phones sound better along with most other tablets i dont think it was recorded right maybe
Apple iPhone 13 Pro Max,"worst series ever on iphone is 13 series  
i was just about to change my 13pm to 16 pro when it got white screen issue and had to spends tons of  changing the screen  
lots of people especially 13 pro max users has this issue dont buy"
Apple iPhone 13 Pro Max,good afternoon family how much does the iphone 13 pro max 512gg with 6gb ram cost
Apple iPhone 13 Pro Max,iphone 13 pro max has the worst camera
Apple iPhone 13,wow
Apple iPhone 13,i wish it had 120hz promotion
Apple iPhone 13,4gb ram 
Samsung Galaxy A52s 5G,compared to samsungs newer releases this is a 48
Samsung Galaxy A52s 5G,i am use samsung a52  very nice cemara and good profomese   loveit  mobile
Samsung Galaxy A52s 5G,same issue 
Realme 8i,heating problem
Realme 8i,picture during sunlight over makup shows display over brighten at sunlight
Realme 8i,is this 5 g
Xiaomi Redmi Note 8 2021,slow motion was downgraded too from 240 fps to 120 fps so be aware even gsmarena didnt notice
Xiaomi Redmi Note 8 2021,"i thought only samsung that made little downgrade to their new phones specially changing ufs back to aged emmc typr storage 
goodluck then xiaomi"
Xiaomi Redmi Note 8 2021,i dont understand why release this phone with old name
Realme Pad,i have the same issue getting it upgraded sell  and buy latest no other option
Realme Pad,this tablet is good but i after 2 years it is started heating and this heating suddenly heats up this is first issue and second one is worst it always do ghost touches touches randomly on screen  with out any reason and how to solve it i dont
Realme Pad,"heating issue 
 
i once got a cover to protect my 3year old real me tablet  the following morning i noticed the battery was drained and the back of the device was relatively hot  
 
i figured i transfer the realme tablet back to the old case af"
Motorola Edge 20 Pro,7 3 2023  still we dont have jio 5g canectivity  and android 13 update please do something motorola team its your primium range smartphone 
Motorola Edge 20 Pro,i am from bangladesh and i desperately want to buy the phone but it is not available in my country how can i get it and i am confused about the actual price now anyone help if possible thanks
Motorola Edge 20 Pro,"im a huge fan but it hasprotection at all the addition of ip67 dust and water resistance up to 1 meter depth for 30 minutes makes this a great buy i just dont know if it would get further updates from android 11 though 
 
rea"
Xiaomi 11 Lite 5G NE,thank you i just purchased a second hand xiaomi civi which offers similar battery life will arrive in 10 days
Xiaomi 11 Lite 5G NE,i get regularly 10 hours of sot easily with heavy use i leave the energy save mode on constantly
Xiaomi 11 Lite 5G NE,hello can this give you 6 hours of sot
ZTE Axon 30 5G,i just got it for 240e for this price its a great phone i almost never use the selfie camera and battery life is also not that big of an issue for me so all good
ZTE Axon 30 5G,from 500 down to 277 now its not bad at all or
ZTE Axon 30 5G,the main camera has 64mp 08um   so the digital zoom should be fine
Xiaomi Pad 5,how is the stylus pen is it compatible with clip studio
Xiaomi Pad 5,the usual fill hardware from xiaomi   only 1 android update then no more which means the device becomes junk quickly
Xiaomi Pad 5,if you are planning to buy the pen as well do not it has so much bugs and since it was almost 70 i thought it would be atleast durable but in less than 30 times of dropping it on accident it even added more bugs like for example when it
Xiaomi 11T Pro,hi xiaomi 11t pro is not available in service centre itself where do u get pls reply
Xiaomi 11T Pro,i dont write reviews but i came here to tell you reading this that this is the best phone i have ever used  and um using it heavily doing all things i need with him  recording editing using apps running business runnig ads multitasking it had
Xiaomi 11T Pro,i replace mine once after 3 years and running good again just like new
vivo iQOO Z3 5G hands-on,ihv been using this device for the past 4 years and i have to say its best for its price except for the battery
vivo iQOO Z3 5G hands-on,phone is good but my phone charging animation is not working 
vivo iQOO Z3 5G hands-on,not working ashphalt 9games
Realme GT Explorer Master,yeah unfortunately opporealme and xiaomi dont have this feature huawei and honor have it built in to their  own software so you dont need google lens and it works perfectly vivo also have it on origin os but have never used their phon
Realme GT Explorer Master,good battery good screen good camera im totally happy with my buy no zoom only digital night shots simply amazing difficult situation absolutely coped with fill light and night mode my friends got amazed with the outcome photo to me most impo
Realme GT Explorer Master,no screen translate tool option in the smart sidebar because its chinese version and no 3 finger translate either because youll need a global rom with google lens maybe it will be released globally but i highly doubt it
Motorola Edge 20,i can get it brand new for 206 euros is it worth it
Motorola Edge 20,"great phone 
uses android 13 
great camerause in pro mode you get live exposure histogram tilt indicator landscape grid exposure control plus or minus two stops white balance control asa choice focus point  
selection and aperture se"
Motorola Edge 20,i have received the android 13 update in uk
Samsung Galaxy Watch4,bright
Samsung Galaxy Watch4,an update just released in india now health monitor is working ie ecg and bp option available
Samsung Galaxy Watch4,why did you buy it them why buy tech without research dont seem too brite
Google Pixel 5a 5G,buddy the main thing is that you are healthy but what prompted you to write such a lie about this device did honorxiaomis competitors really give 1 million tell the truth at least once in your life lol
Google Pixel 5a 5G,"same case happened to me bought two years before now looks like dead 
 
visited one and only exclusive service center in 1mg mall bangalore they said this is not launched in india and dont get parts so cannot service dont"
Google Pixel 5a 5G,the same situation now with my one long tap on power button 30sec or more can restart this phone if battery is charged i think this is the time for battery replacement
RedMagic 6S Pro," selfclaimed expert 
  owns every top phone 
  makes arguments with no backing 
 
shilling much"
RedMagic 6S Pro,no it is not you just have no clue what youre doing leave that up to the experts like me
RedMagic 6S Pro,i own every top phone as of 2022 rm6s pro clearly is better than any other one from real world experience but when you find that perfect phone that has no bugs and makes you win every pubg battle oh please let me know cuz it doesnt exist
Asus ROG Phone 5s Pro,i purchased rog 5s recently it was my worst mistake suddenly the wifi ip stopped working hotspot and wifi were dead i went to service centre for compensation and they rejected and after 2 days the entire hardware went dead the customer care ser
Asus ROG Phone 5s Pro,what it is available
Asus ROG Phone 5s Pro,orginal camera app when video recorded it shakes video and gps spining around
Samsung Galaxy Tab S7 FE,tablet wont stay on have to keep pressing power key jumps from one point to another
Samsung Galaxy Tab S7 FE,very good tablet shame about the pen  i have had a number of tablets and phones made by samsung and i have always chosen to have a pen the pen has always neatly tucked into the tablet or phone and as always been responsive  however the stylus on 
Samsung Galaxy Tab S7 FE,i have had this tablet for almost 1 year and i should say the 4 gig ram is not as fast as i needed for multitasking whenever i switch between my google chrome browser and skype i must reload the chrome web page again
Realme GT Master,how do you measure battery health
Realme GT Master,6 hours of screen on time on a 3 years old phone is amazing what the heck are you talking about the majority of smartphones nowadays can give you 57 hours of screen on time you getting 6 sot on a 34 years old phone and you complain  lol 
Realme GT Master,how did you check battery health
Xiaomi Redmi 10,yet to be at home for now you can call it from you can see me in my
Xiaomi Redmi 10,"greets 
 
what should i buy to connect my redmi 10 phone to ny tv monitor and watch thank you"
Xiaomi Redmi 10,everytime i update system my external memory reformat such a waste all my music data lost
Xiaomi Redmi Note 10 Pro long-term,im still using it now even though its already redmi note 15 series era and xiaomi 17 no game app i installed but lot of productivity apps i installed my phone has dropped many times yes the back cracked everywhere but never changed the
Xiaomi Redmi Note 10 Pro long-term,i have this device since june 2023 i compared it to the redmi note 11 11 pro 12 12 pro 13 13 pro nothing to complain about the note 10 pro the only thing it cant do is stabilization in 4k the super macro mode with its 5mpixel sensor is 
Xiaomi Redmi Note 10 Pro long-term,you are right
Samsung Galaxy Z Fold3 5G,lol
Samsung Galaxy Z Fold3 5G,why did my screen crack in the middel2 and if i replace it againi could just buy a new one2 out of 15 friends have the same problem i dont have kids im a nurse and it did not fall come one samsunggive me a brake started covid with this pho
Samsung Galaxy Z Fold3 5G,it means your phone is carrier locked
Oppo Reno6 Pro 5G hands-on,very good phone no overheating
Oppo Reno6 Pro 5G hands-on,"after purchase within a few days found out that many functions do not even work 
 
for instance 
 
 create groups of the contacts 
 backup oppo in cloud heytap cloud 
 devices own email app is missing but mandatory use of gma"
Oppo Reno6 Pro 5G hands-on,"oppo reno 6 pro 
2021 year camera not ois  are you ok"
Samsung Galaxy Z Flip3 5G,why my flip 3 goes off when i close it it doesnt become on even if i switch it on
Samsung Galaxy Z Flip3 5G,"i suggest not to buy samsung flip and folding phonethese mobile phone is having display problem always 
i had  bought 2 mobile of  samsung galaxy z flip 3 and display is having problem after 12 month  of purchase and customer service center is as"
Samsung Galaxy Z Flip3 5G,"the name of the game is convenience  a galaxy z flip 3 is on its way for 199 
  its miraculous the ongoing evolution of technology that i can carry with meanywhere  cannot do this with any other device  cant waitg"
Realme GT Explorer Master & GT Master hands-on,unfortunately its a dream since gcam ports work only in nokia phones even motorola doesnt allow it
Realme GT Explorer Master & GT Master hands-on,gt master  gcam port  great value
Realme GT Explorer Master & GT Master hands-on,gt master  gcam port  great value
Asus ROG Phone 5s Pro hands-on,oh and when u just do a little bit more gaming boom it will do an explosion bigger than the yellowstone supervolcano and then when u ask for a refund u will get only the cpu
Asus ROG Phone 5s Pro hands-on,added benefit  go camping with a portable cooker
Asus ROG Phone 5s Pro hands-on,who the heck would want an phone which can cook food even if its flagship or not and hopefully mtk comes in flagship and removes the overheating sd 888 sd 898895
Samsung Galaxy A52 5G,true with my samsung a52s  back really did detach after 2 yrs but phone still functional
Samsung Galaxy A52 5G,not a quality product same thing happen to my phone also within 1 12 years back cover automatically open up
Samsung Galaxy A52 5G,not quality product within 2 years back cover automatically open up and loose its water resist power gg  service is also bogus g g baily road
Samsung Galaxy Z Fold3 and Z Flip3 hands-on,when you have more money than sense
Samsung Galaxy Z Fold3 and Z Flip3 hands-on,"note series was redundant with s series ultra line up that has the same or more features except the s pen  
 
if apple can take great photos with 12mp camera so should samsung work on that direction rather than limit itself to bulking up the came"
Samsung Galaxy Z Fold3 and Z Flip3 hands-on,im not gonna lie im a samsung fanboy but i am disappointed that the note has been pretty much replaced with the fold 3 the note was premium had all features of the same year galaxy s range and more but the camera specs on the fold is 
Motorola Defy (2021),does rugged case makes your phone waterproof
Motorola Defy (2021),"the motorola defy with it 5000amper bateey and 230 grams is light phone  
      i have ruged blackview 6600 phone it weight is 380 grams with 8000 amper batery i want to take this blackview to 4 day tekking route without charging possibilities  "
Motorola Defy (2021),"what about droping pbone in the water 
my last huawei sank in tea 
my sister peeled potatoes and droped her phone in bowl with water and potatoes  
  security case do not protect regular phone against the water  
i decided to try "
Poco X3 GT,after 3 years hard using playing pubg mobile legends couple of hours every day i can said this is really good phone too much heating but no explosion  battery still in good condition i have 140gb in games and apps now i think to update on x4 g
Poco X3 GT,"why my fone not support 5g  
for umobile telco"
Poco X3 GT,i use umobile network  but no 5g  i call telco network my sim card already have 5g  why my fone not support 5g for umobile
Sony Xperia 5 III,honestly this phone is great tbh i got no line problems sooooo anyways great phone
Sony Xperia 5 III,it got line issue
Sony Xperia 5 III,5 series i really would like to have this the problem is the green line issue
Huawei MatePad 11 (2021),finally someone that speaks  im not against apple in anyway but just the so close ecosystem the skyrocket prices together with the grazy idea of not having expansion for memory card in any device not to mention the way th
Huawei MatePad 11 (2021),"hey i have to say it performs excellent in all areas really all 
the construction is very good the display more than fine the speed super fast the sound maybe the best of all tablets and phones you can check on measurements or in a store th"
Huawei MatePad 11 (2021),you basically have to just downlpad gspace and download every google play app that you want to use easy as 123 
Moto G50,you can buy the nokia g50 with similar specs for 150 usd from the official usa nokia webpage
Moto G50,im on a 200eur budget and need a new ringer where the funk do i find a g 5g plus for this money welcome to march 2022
Moto G50,"i bought one for my wife to replace the her one vision 
 
the device is great theres nothing wrong with it  clean ui  great battery life and camera takes good pics 
 
for less than 200 what more do you need  i dont fancy phones "
Samsung Galaxy A22 5G,this one would make us think to have some good
Samsung Galaxy A22 5G,is there no 48mp watermark
Samsung Galaxy A22 5G,a225g
Realme Narzo 30 5G hands-on,problem net
Realme Narzo 30 5G hands-on,it is heating not hitting
Realme Narzo 30 5G hands-on,hitting problem
OnePlus Nord 2 5G,waste of money dont buy this phone phone heating not a flagship killer cameras are worst in this rate many best phones are there my opinion is to not buy this phone 
OnePlus Nord 2 5G,just disable it from the display settings
OnePlus Nord 2 5G,i like it very much  but i need help  how to remove always on display  can you help 
Samsung Galaxy S21 Ultra long-term,it supports 45w charger too just that the phone has been optimized to charge with 24w so even if you use a charger with higher watts the charging speed would still be the same for safety purpose
Samsung Galaxy S21 Ultra long-term,the performance is amazing in 2024 it feels like a rocket
Samsung Galaxy S21 Ultra long-term,yes it is
Sony Xperia 1 III,"hello everyone  
i ill buy sony xperia 1 mark 3 good device buy cast too camera active time little hot otherwise good devicesong listening loudspeaker and using headphones both are good outputi will buy this devicesong listen"
Sony Xperia 1 III,using a phone meant for photos for gaming 
Sony Xperia 1 III,front camera of xsmax is sharper and hold better quality tha xpera 1 mark 3 back cameras
Tecno Phantom X,was the water deep and how long was it in the water
Tecno Phantom X,my techno phantom x front screen stopped working only the inner bigger screen is showing please what is happening is the life span over
Tecno Phantom X,"you bought a non original device 
when you bought it from them did u think to check the imei number 
the phone is equiped with 85gb of ram 256gb rom 
you come they talk as if tecno is a useless company  
beware of scammers"
Realme X7 Max 5G / GT Neo,"still using phone bought around its launch no issues works very well only problemphoto lens needs to be cleaned frequently battery got a bit worn out  
now im bored with having it for so long otherwise no issues"
Realme X7 Max 5G / GT Neo,still using this phone in 2024 nice phone no lag untill now and great camera
Realme X7 Max 5G / GT Neo,is anyone facing call drop issue in 5g areai am having continue call disruption
Realme GT 5G,it has a glass or leather back but the sd888 is still an overheating mess so you should use an external cooler
Realme GT 5G,ive had the phone for a year it does overheat when playing certain games brawl stars rocket league sideswipe genshin impact roblox call of duty mobile and when watching lives on twitch an external cooler is almost necessary
Realme GT 5G,"u should make the researchor read the article where u are commenting on 
 
realme gt throotle heavily 55 of the performance at full load is  
 
i would like to see how it performs with external cooling like a fan or a peltier cooler mine"
RedMagic 6R,it comes boxed with an adaptor though to plug your headphones in
RedMagic 6R,reall its gotten up to like 80 on cpm2 max graphics
RedMagic 6R,010 rating very low or support services i am not happy with their support team
Xiaomi Mi 11 long-term,i use hydrogel film its great
Xiaomi Mi 11 long-term,tempered glass protectors are impossible to fit to the gorgeous screendoes anyone have a solution
Xiaomi Mi 11 long-term,battery life is very very bad
Tecno Camon 17 Pro,"maybe you factory reset it 
that usually makes it less effective most times 
 
but how about the battery "
Tecno Camon 17 Pro,ive seen lots of camon 17 pro and the chipset that shows in the settings is helio g90t
Tecno Camon 17 Pro,"depends on what you want 
 
camon 17 pro can capture videos in 4k and has a nice selfie camera ultrawide also has autofocus which means you can take macro shots with it 
 
camon 18 premier has a more premium build versatile set of cameras an"
OnePlus Nord CE 5G,phone overheats a lot when using hotspot the video recording while moving is also shockingly bad resulting in extreme shakiness even delicate footsteps end up looking like an earthquake would not recommend
OnePlus Nord CE 5G,overheating a lot using it as a hotspot quite often and if i do something else on the phone meanwhile it turns the hotspot off first and last time for oneplus
OnePlus Nord CE 5G,only problem is with its proximity sensor which doesnt seem to work sometimes otherwise its a great phone no bugs or anything
Samsung Galaxy A32 5G,i bought samsung a32 5g phone   my sister wanted to look at it and she started pushing buttons on the camera and all of a sudden the camera took a 25 burst shot pictureit was awesome but she cant remember how she did it does anyone know
Samsung Galaxy A32 5G,im currently on android 12 it shows download failed when i try to upgrade to 13 pls anyone with a solution
Samsung Galaxy A32 5G,it shows some corrupt format tools bar and how to solve that issue
Huawei MatePad Pro 12.6,i do want to correct this comment of mine i only found out that this isnt the only harmonyospowered huawei tablet that exists to date this is the only harmonyospowered huawei tablet with a flagship kirin soc newer matepad models now use s
Huawei MatePad Pro 12.6,i think im safe to say that this tablet remains the only harmonyospowered huawei device to be officially available for the global market as of december 2022 even the latest mate 50 series runs on emui for the global market
Huawei MatePad Pro 12.6,can i install windows on this tablet  to operate like matebook e
vivo iQOO 7 Legend hands-on,its true or fake
vivo iQOO 7 Legend hands-on,visit any iqoo service centre and u will get the cover 100 same
vivo iQOO 7 Legend hands-on,i qoo 7  is best phone in life
Sony Xperia 10 III,how was 5g network set in india
Sony Xperia 10 III,"how to enable 5g network in malaysia 
any workarounds"
Sony Xperia 10 III,mine is very good and i wish to continue by another one good and bigger than this experia 10 v1 i want to test this one hop it will be good like experia 10 111
Poco M3 Pro 5G,ive had my poco four years now and happy with it although it seems im not using 5g i wanted to know if this device is esim compatible for japan on advance settings esim option comes up asking to disable second sim whilst using esim bu
Poco M3 Pro 5G,the very worst mobile i ever experienced turn off and then after 2 days will tun onbunch of pop up ads wasting alot timehang problemsits just my mistake to buy never recommendthink 1000 times before buy any pr
Poco M3 Pro 5G,my recommendation for this phone is for poco m3 pro 5g 6128 fast charging fully charged only 15 hours dont update the miui to 13 stay at 12 its stable the screen is comfortable enough to use as long as we dont install super
vivo V21 (5G),very best phone i have highly recommended
vivo V21 (5G),please solve the battery performance very low  performance and back camera is not good and fast drained please vivo need bigger update for this phone waste my money to buy this kind of phone vivo v21 5g
vivo V21 (5G),worse phone ever very low battery performance at a very high price my regrets on buying this phone such a waste of money
Xiaomi Redmi Note 10 5G,15
Xiaomi Redmi Note 10 5G,unfortunately i have to flash custom rom on my redmi note 10 5g due to heavy throttling ui lag and skipping frames on gaming and device heating
Xiaomi Redmi Note 10 5G,yeah search it in the settings search bar game turbo should show up
ZTE Axon 30 Ultra 5G,very grateful and the most comfortable phone
ZTE Axon 30 Ultra 5G,hallo i got a silikon case not the same from your pikter i want this case so much
ZTE Axon 30 Ultra 5G,would love to see more mobiles with 90hz displays tp provide an option in the settings to lock the refresh rate to 90hz im not talking about adaptive refresh just a plain and simple extra option for 90hz along all the other options that a
Xiaomi Black Shark 4,can anyone hlep me how to use bypass charging in bs 4
Xiaomi Black Shark 4,its possible you need to turn off all running apps in the background to get as much free memory as possible also turn off notifications using the shark space app
Xiaomi Black Shark 4,i would like to know if 6gb ram is enough to run games at high graphics configuration without problems thanks
Xiaomi Mi 11i/Mi 11X Pro,"using from last three years  of late the phone has started descending in performance 
 
 the quickball automatically hides itself after restarting the phone 
 the interconnectivity feature between xiaomi phones  tablet has never s"
Xiaomi Mi 11i/Mi 11X Pro,battery drainage quickly
Xiaomi Mi 11i/Mi 11X Pro,get it imported from india  will workout cheaper as well
Realme 8,"hello sir  
my device realme 8 automatically battery drain problem solved 
please support me"
Realme 8,i have use this pic but now few day ago updating new vesion are not working properly all applications speed are very slow internet speed are very slow working now some applications not working like google crom is not working also several time app re
Realme 8,i used this phone from last 10month  i am very happy with this phone all features  app works good except voice recording app
Xiaomi Redmi Note 10S hands-on,the bttry dies quickly and  badly so poor
Xiaomi Redmi Note 10S hands-on,you can find a perfect one with a charger for like 100 in my country definitely the best mediatek phone for the price
Xiaomi Redmi Note 10S hands-on,this phone is beast4k 30fps at only 141 is crazyand i can play codm with this phonebut the only problem is that this phone overheating quicklyso you need a cooler
Realme 8 5G,my personal phone updated
Realme 8 5G,its is a waterproof phone or not 
Realme 8 5G,5g sa not applicable on dito telecom only 5g nsa is working base on my experience
Asus Zenfone 8 Flip,what is an apn setting
Asus Zenfone 8 Flip,"i just bought a zenfone 8 flip in june 2024 the major reasons i bought this were two  
1  it has a microsd card slot a feature that turns out was rapidly going away in many main smartphone lines during 2020 and beyond  
2  the second reason w"
Asus Zenfone 8 Flip,thats ridiculous  you probably have the wrong apn settings
Asus Zenfone 8,i would highly recommend anyone looking into getting an asus zenfone mobile phone to think twice after 18 months of it being one of the better phones ive used it suddenly bricked while taking a photo completely non responsive wont tur
Asus Zenfone 8,forget to add in cons too slow charging
Asus Zenfone 8,great phone one of the best phones i have bought and will remain in the top 10 phones in my life it checked almost all the boxes in my requirement lists and so i decided to buy it even though it was expensive wish asus had provided more os and sec
Poco X3 NFC long-term,i have been using the poco x3 nfc for four years and my experience with this device has been outstanding its performance remains the same as when i bought it four years ago i personally love this phone for its fast charging and i believe it is th
Poco X3 NFC long-term,the phone is very good when it comes to its price however a major drawback that you wont find out unless after some time of use is the terrible network if you put this phone and another of a different make in the same place and have someone 
Poco X3 NFC long-term,i have been using this phone since 4 years  i even now dont want to change this phone but my son has thrown this   phone for hundred times now its into pieces but yet in use and working goodbest phone i ever had but now i think i have  to change 
Oppo Reno5 5G / Find X3 Lite,is this phone water resistant was just wondering
Oppo Reno5 5G / Find X3 Lite,is it because u hate on oppo in fact i use an apple iphone 13 but i think the oppo has a good gaming performance since i play some highgraphics and with the 64 mp camera is a huge difference between my 12 mp camera ill rather use that in
Oppo Reno5 5G / Find X3 Lite,oppo is very unreliable brand this phone is not worth for its price the camera gets laggy when you open it and even filming you can see some stutters gaming is not good also the phone gets very hot on 10mins while playing some decent games like m
Xiaomi Mi 10T Pro long-term,i am in uganda and i have used my xiaomi mi 10t pro 5g for four years and it is still superb
Xiaomi Mi 10T Pro long-term,you are obviously trolling youve never even seen this phone in real life let alone used it long term ive had it for more than 2 years  battery life is still superb photo quality is excellent and its processor  ram combo handles ever
Xiaomi Mi 10T Pro long-term,i have xiaomi 10t pro and its awful camera quality is just 0 refresh rate of screen is auto dropping to low by itself so for games its useless for other goals u dont need 144hz battery is also quick getting out after a year of using also very 
Xiaomi Mi 11X Pro / Mi 11i hands-on,f3 pro
Xiaomi Mi 11X Pro / Mi 11i hands-on,"gsmarena has become a puzzle go through the review of mi10t pro and the camera is put to disgrace by gsmarena review whilst mi11x pro is admired but then again go through the quick comparison the mi10t pro just shines 
one gets puzzled for his de"
Xiaomi Mi 11X Pro / Mi 11i hands-on,its not justified maybe 600 buck
Samsung Galaxy A72,you should try a71 absolutely marvelous phone using it for the last four years no problem occurred
Samsung Galaxy A72,i want to top up my samsung galaxy a12 with the samsung galaxy a75 please may till me if  it was there in you office samsung galaxy a75
Samsung Galaxy A72,i love
Xiaomi Mi 11 Ultra,"for xiaomi 11 ultra users 
 
if you want to take videos that can switch the 3 lens automatically from ultrawide to main to zoom camera while recording just set the stock camera app to 4k at 30fps 
 
currently running hyperos 2"
Xiaomi Mi 11 Ultra,well maybe xiaomi 14 ultra and 15 ultra are better
Xiaomi Mi 11 Ultra,using mi 11 ultra for more than three years now and if i had the option i would buy this again without giving any second thought for few days used google pixel 8 pro but it cannot match its image quality or overall user experience surprisingly 
Xiaomi Mi 11X hands-on,you can add  a custom rom as this phone is provided with a great  variety of custom roms which gives you a cleaner ui
Xiaomi Mi 11X hands-on,no
Xiaomi Mi 11X hands-on,but the mi11x 4k30 log is unbeatable you can even compare with iphone 13 or may above
Oppo F19 Pro+ 5G hands-on,oppo f19 pro5g open device pattern lock 
Oppo F19 Pro+ 5G hands-on,i am using this model but the screen size is small battery charging is great but battery capacity is small considering the price range and nfc support is not available for this price range and the storage features are good for this price range of 8 g
Oppo F19 Pro+ 5G hands-on,i have this model but i am not satisfied by this because it shows 8128 gb but on 1 gb it was shown it was full
vivo X60 Pro+,congratulations
vivo X60 Pro+,"and besides not flying nor driving 
"
vivo X60 Pro+,literally the x60 pro plus are some of the best smartphones but they are not widely available such a mis opportunity for vivo they should have released in more countries
Xiaomi Mi 11 Lite,front camera stop working after some time finger print also not working after 1 year
Xiaomi Mi 11 Lite,i do same front camera not work also back camera get stopped if i do one second picture bug muiu 14 also getting suck sometimes i touch the screen is hard sometimes he dont move i dont know to downgrade again in miui 12
Xiaomi Mi 11 Lite,used it for a while and the front camera stopped working the power botton became hard
vivo X60 Pro,"i bought this phone in 2021 and have used is really heavy  
 
i am a bike rider i have used it my bike handle bar which has ton vibrations it has slipped from my hand many timesduring rides from considerable height and speeds and it performed "
vivo X60 Pro,vivo does have bugs but xiaomi has sooooooooo many mroe and they didnt use to have them like 5 years ago but now xiaomi miui is total trash poco ui is better but not that much funtouch is nice very feature rich but theres one navigat
vivo X60 Pro,screw the camera 11t pro wins for value and other specs
Motorola Moto G10 Power hands-on,still have g9 power use it for work after so much abuse multiple drops and ending at the bottom of the canal phone still works perfectly it seems experiences are very different across the board
Motorola Moto G10 Power hands-on,has this phone got any gorilla glass
Motorola Moto G10 Power hands-on,i would happily take lesser specs at least i dont get ads rammed in system apps and osfirmware like the competitors and it is cheaper then other 6k mah phones
Xiaomi Mi 11 Lite 5G,best phone lightweight sleek under 30k happy user for 3 years
Xiaomi Mi 11 Lite 5G,"this is a great phone its strong light and compact with a big display great camera and basically everything you need  
it could use larger batery though  
lately the battery isnt holding up well and i was wondering how long i have it"
Xiaomi Mi 11 Lite 5G,this phone or a galaxy s10e
RedMagic 6,"its been hell for me though i also bought mine after the launch but its been overheating and nothing else for me 
 
the phone heats up to 62c in genshin impact on the lowest settings 57c in codm on medium graphics settings and the"
RedMagic 6,"its been like this for me as well and its been well over a year that im using it this way there is no prompt leading you to the login page of that public network 
 
i always have to ask my friends or family for the login ip addr"
RedMagic 6,my redmagic 6s pro will automatically use mobile data if wifi is weak if you cut off mobile data while connected to public wifi you will see the wifi icon appear i am on an unlimited data plan so this functionality is great for me
OnePlus 9R hands-on,also green and pink line
OnePlus 9R hands-on,same story also lined
OnePlus 9R hands-on,can cordreader connected with oneplus 9 r
Huawei Mate X2,based on my experience with mate xs  the screen was really solid  it had 2 layers of expensive polymer film that were protecting and holding it tight in my opinion this is better than glass  yes  scratches is always an issue with any plastic scre
Huawei Mate X2,the mate xxs was way better than anything samsung had made till then but the technology was not there yet the screen folded outwards and was made from plastic which meant it scratched easily and was not that durable but as soon as foldable glass 
Huawei Mate X2,"apart from the extra ram i cant see what are the pros of a z fold from a hawardware point view 
 
possibly and hopefully z fold 3 solves those but until then mate x2 is a no brainer as long as you can find it that is because practicall"
Poco F3,my phone suddenly unable to connect to android auto anymorereally wierd
Poco F3,i have been using this phone for 3 years i can still play genshin impact and pubgmobile with it the video consumption still very good i have an rog phone 6 the performance is still not quite far considering its already 3yrs old im keeping this pho
Poco F3,it wont and xiaomi isnt what is used to be better to buy a samsung not the a series only s series
Motorola Moto G100,i bought a moto g100 1 12 years ago and it suddenly overheated and when i checked it the technician told me there was nothing to do total loss so after 10 years of using motorola i am considering changing brands next month
Motorola Moto G100,id like to point out something about the battery life  this thing will chew through battery by default  turn on battery saver all the time and battery life is fine  its plenty fast on battery saver  i can game without turning it off
Motorola Moto G100,in low light the preview on my selfie cams look okay but the end result is a blurry mess  anyone know whats causing this  should i just screenshot the preview
Realme Narzo 30 Pro 5G hands-on,i like it so much
Realme Narzo 30 Pro 5G hands-on,ok
Realme Narzo 30 Pro 5G hands-on,gotta agree with you they just launch random ass phones and smart devices while were still waiting for a stable android 11 update on their phones
Realme 8 Pro,i sometimes wonder if reviewers on this site look at the photos with their eyes closed the 3x lossless zoom shots look absolutely horrendous literally just ai hallucinating the detail
Realme 8 Pro,"just bought this phone secondhand for less than 100 90  
have to say that this for my use case is 100 as wellrounded as it gets 
the small size hits instantly together with the rounded backsides gives a really thin and small feel i also "
Realme 8 Pro,my front camera not working properly
Xiaomi Redmi Note 10,can i used magnetic charging on this phoneand how to know where the place to find it
Xiaomi Redmi Note 10,bad cellphone i got same this same model and im suffering most app cant be installed its always giving message that cant run on rooted device i bought it new most apps i need for work and for important app like govt app
Xiaomi Redmi Note 10,yesit has dual apps function 
Samsung Galaxy A32,there is a problem with my phone speaker its very soft even on full volume how can i fix it please assist
Samsung Galaxy A32,when you register your fingerprint do it slowly and properly make sure even register your finger twice
Samsung Galaxy A32,usb not support way
Samsung Galaxy A52,my back case came off last year too samsung probably used a weak glue
Samsung Galaxy A52,mine too had to go to cellphone repair to glue it again and the camera is lagging even the performance
Samsung Galaxy A52,do you mean like a custom rom
OnePlus 9 Pro,pls help i have a question if i have a 4k 120hz tv how i must connect my phone to tv for playing 4k 120fps native videosi need a usc c  hdmi 21 adapter and hdmi 21 cable and just run the movie from phone memory and the tv display 4k 120fps video
OnePlus 9 Pro,stop lying lol
OnePlus 9 Pro,it functioning well but the quality of the phone drops every new model after one year of use it gave a couple of greenwhite lines on the display the similar thing happened with my 15t where the display turned to purplish its a shame that 
OnePlus 9,i have this phone with 4 greenlines on display my recommendation not to buy this phone
OnePlus 9,is oneplus display green line issue fixed 
OnePlus 9,"upgraded up to android 14 not a problem 
looks good feels good works good 
more battery capacity would be fine but surely would have consequences on the thickness"
Poco X3 Pro,"still rocking this phone after 7 years of usage granted battery isnt what it used to be and updates are no longer supported but its an endurance beast  
i will be upgrading now 2026 just because it stutters and struggles sometimes "
Poco X3 Pro,did you update
Poco X3 Pro,i have poco x3 nfc and poco x3 pro i bought nfc last october of 2020 and pro last dec of 2021 as of my nfc that is still up and running with broken lcd my pro just died yesterday after 2 major issue no warning just died with 60 battery plain b
Motorola Moto G10,after using this phone over 2 years now i can only say yes it hasnt got the best camera not one moto i owned had can be a bit sluggish at times but its been over 2 years and i cant count how many times it fell down to the groun
Motorola Moto G10,the motorola g10 get really sluggish if you have too many apps installed what too many means is not readily available but its a number that doesnt give the samsung s10 lite any pause i may be down to the amount of ram but 
Motorola Moto G10,no specs or price worth xiaomi miui after experience with redmi9  mandatory permissions inc location monitoring tracking harvesting your personal information recording callsturn off data before making phone calls other 100chinese company 
Oppo Find X3 Pro,"hello gsm arena 
 
ive owned this mobile since 2021 and i absolutely love it its been one of my best electronic purchases im completely enamored with this phone the design is amazing one of the most beautiful ive seen"
Oppo Find X3 Pro,you better ask your internet provider what happened this phone has mode of switching between 4g and 5g depends on external factors like phone temp and how much battery you have
Oppo Find X3 Pro,"have owned this for 6 months so far 
i like it a lot everything is great except battery life i get between 4 hours and 5 hours if screen on time the bizarre thing about this phone is that location annihilates battery life the phone reaches more"
Motorola Moto G30,i still have that phone after almost 4 years of purchase it was doing fine with android 11 until android 12 dropped and it required 6gb ram while my device only had 4gb ram its dexent but it freezes for a bit whenever i open apps like tiktok
Motorola Moto G30,"the most disastrous purchase i ve ever made 
2months kept it and throw to the basement 
stucking always dysfunctional apps battery last only for 10 hours fully charged"
Motorola Moto G30,awesome gadget
Asus ROG Phone 5,hey bro the wifi problem is coming after the update so i bet itll be fixed in next update
Asus ROG Phone 5,"i can bet that you are listening to radio on the phone once in about a year 
 
dont speak as if you know me very well i bought an lg v50 and huawei mate 20 because they are flagshipgrade phones that still have offline fm radio "
Asus ROG Phone 5,what the real shame is are the people that seem to always find something to complain radio my a i can bet that you are listening to radio on the phone once in about a year but hey something to complain well if there was the radio givin the 
Xiaomi Redmi 9T,you are right i also have some apps disabled to run when phone turn on granted i use pixelos on my 9t but it is the same anyway
Xiaomi Redmi 9T,agreed 100 quite amazing since came here because looking to get new phone not having any problem about my 9t seriously a very underrated phone using for almost 5 years and still no prob the battery is amazing if redmi 9t version 5g is out i
Xiaomi Redmi 9T,48mp
Samsung Galaxy A02s/M02s,"its literally the same phone with a02s just different names 
samsung "
Samsung Galaxy A02s/M02s,this phone is very good for only 100
Samsung Galaxy A02s/M02s,nice super phone
Xiaomi Redmi Note 10 Pro (Max),yes i do it started after i changed my screen i have mtn and airtel sims whenever i use the airtel on 4g and i reach a place with low signal then it happens but whenever i use the mtn everything is fine maybe has someone to do with the antenna p
Xiaomi Redmi Note 10 Pro (Max),i bought this phone in 2021 i only replaced screen exactly a month after screen replacement the phone just went dead cannot start cannot charge that was last month october 2025 it held up pretty well never had software issues or bugs battery 
Xiaomi Redmi Note 10 Pro (Max),no i think its problem is came from touch glass not the tempered glass or something else
Realme X7 Pro hands-on,does anyone know the difference with the two model numbers
Realme X7 Pro hands-on,really excellent phone display is superb battery charging speed is fabulous battery backup is also good after some update performance is also excellent i play cod in very high graphic quality frame rate max mode it runs smoothly only con is t
Realme X7 Pro hands-on,i bought realme x7 pro and within 3 months it starting bulge out from middle and realme service center did not bother to help me out rather charge me 9300 rs for repair it was not even broken or damage from anywhere
Doogee S88 Pro,"i bought an s88 pro in 2021 i used it for a week then tried reverse wireless charging on a friends crapple and it instantly died i reached out to doogee who never responded to my many emails they truly are totally crap at customer service "
Doogee S88 Pro,i is a phone it makes calls it runs apps and it kind of takes pictures it runs for days and does more then a lot of people will believe but the manufacturer is a bit shady and the qa is worse then i would care to see a good doogee phone is actual
Doogee S88 Pro,my doggee s88 pro cannot receive incoming calls it will ring but will end the call once i press to receive the call
Samsung Galaxy A12,hey my mom has this phone the last update it gets is android 12 which is one ui 4 i recommend galaxy a16 if you wanna upgrade to a phone that will get you good performance on a cheap price a16 is also getting android 15 even 16 it will have upd
Samsung Galaxy A12,definitely not
Samsung Galaxy A12,of course it sucks its a 5 gen old budget phone dont even think about good gameplay when its about a budget phone
Xiaomi Mi 11,absolutely true
Xiaomi Mi 11,this is a well known issue with the mi11 series there is a problem with the deisgn with a large number of units suffering from burnt motherboards and wifi xiaomi has acknowledged this problem and have offerered replacement rather than repair if it 
Xiaomi Mi 11,very poor quality control this is my fourth trip the service centre over the same issue the motherboard   and related wifi and sound issues keep resurfacing even though after the third trip they replaced the phone
Camera test: Galaxy S21 Ultra vs. Note20 Ultra,i think its cool
Camera test: Galaxy S21 Ultra vs. Note20 Ultra,dude are these comparisons supposed to be taken seriously the shutter and aperture are totally different from a to b for every one in some cases significantly so the framing is off the zoom distance not set exactly some shots have clearly no
Camera test: Galaxy S21 Ultra vs. Note20 Ultra,can they just remove d onscreen fingerprint sensor on s22 tho i honestly dont understand the use of bixby on the side buttons when the fingerprint sensor can be there like m51
Apple iPhone 12 long-term,i was a lg fan till they stop making phones because they were always ahead  by at least 23 years of the current thec and the super quality of the phones i had my lg 3 for 8 years and it had already been out for 2 years when i bought it plus it was
Apple iPhone 12 long-term,iphone 12 is a good choice in 2024 there is a lot of ios updates ahead
Apple iPhone 12 long-term,i was on iphone 6s plus for a really long period february 1 2024 i upgraded to iphone 12 128gb this is after reading a lot of reviews about the model considering its age im amazed at how fast this phone is i still have a ton of storage includin
Google Pixel 5 long-term,yes 4a best phone ive ever owned i have the 5 now 2026 and its been slow battery needs to charge 2x a day and apps keep shutting down i am trying to find anything comparable thats made in the past few years for an affordable price 
Google Pixel 5 long-term,google pixel 5 is a very good phone but the problem is the price is still not compatible with the economy if you can help us reduce the cost it will be very nice good phone low price 
Google Pixel 5 long-term,almost any phone can its not a big deal
Samsung Galaxy S21+ 5G,i have an s21 plus and i played all those videos from page 6 at once and it worked fine
Samsung Galaxy S21+ 5G,use black wallpaper
Samsung Galaxy S21+ 5G,i bought the samsung s21plus i noticed that my screen backlight does not really turn off in dark mode
Xiaomi Redmi Note 9T,on my side its ok and fine as hell battery is stronger as shit not 5g user but at city it works pretty good so 95 go for it mate
Xiaomi Redmi Note 9T,35 years  and still the phone still works well
Xiaomi Redmi Note 9T,i have come into conclusion that mediatek are the best processors than qualcomm my redmi note 9t still fucntions well i recently bought redmi note 11 which use qualcom 6 nm process its useless phone ui issues hungs too much
Samsung Galaxy Note20 Ultra long-term,its the stabilization camera noise
Samsung Galaxy Note20 Ultra long-term,how can the pic  quality not surpass the note 9 that sounds pathetic to me and samsung aught to give a discount to every note 20 ultra 
Samsung Galaxy Note20 Ultra long-term,i have had a p30 lite since 2016 and havent had a problem with it however i am now considering upgrading to a note 20 ultra as it has recently become available at one of the service providers in sa considering that it has recieved its final 
Moto G9 Power,how did you fix the hanging
Moto G9 Power,still using this thing since 2020 everything works fine the battery holds up to its name
Moto G9 Power,bought this phone in 2021 on a flash sale for only around 100 so far still working fine for ordinary phone users and not heavy into gaming nor social media this is pretty much a good reliable phone it comes  with a good storage size thats
Moto G 5G,this is my 2 nd moto this year first stylus was locked remotely by my rx and his buddy right before my flight to poland with my baby which didnt happen either they stole my gmail i had since 2003 with all the google pictures i collected in th
Moto G 5G,this is my second motorola this year first one was a stylus in march my ex and his friend almost drove me nuts by stealing my google account together with my gmail i had since 2003 so imagine guys not having a s
Moto G 5G,bd prices in official phone
Samsung Galaxy S21 Ultra 5G,mine doesnt allow multiscreen
Samsung Galaxy S21 Ultra 5G,the image distorted at white angle
Samsung Galaxy S21 Ultra 5G,yes
Samsung Galaxy S21 5G,you bought a usachina variant ask for a good phone technician to unlock the carrier to malaysian carriers or buy the s21 international variant network is international
Samsung Galaxy S21 5G,green line issue in my phone smg991 n
Samsung Galaxy S21 5G,this phone is useless buy import set from usa i am having problems to connect internet in malaysia this samsung phone is really suck  useless like samsung
Samsung Galaxy S21 & S21 Ultra hands-on,i control my av receiver air con many models tvs and so much more with the ir blaster on mi phones it is so very useful because unlike a normal remote these dont stop working
Samsung Galaxy S21 & S21 Ultra hands-on,"pretty obnoxious post 
i can think of plenty of scenarios where itd be useful  
in particular for me  if my girlfriend is asleep in bed and i dont want to rummage around looking for the tv remote waking her up i just do it on my pho"
Samsung Galaxy S21 & S21 Ultra hands-on,id love to have some raw files to download and edit
Oppo Reno5 Pro 5G hands-on,"i am oppo reno user dont buy oppo product their team is not capable of providing solutions for customer 
due to oppo software bug my oppo display has been damaged as i saw in dadar service centre multiple customers facing same issue  o"
Oppo Reno5 Pro 5G hands-on,yes
Oppo Reno5 Pro 5G hands-on,it was a great phone from inside till outside it have a great texture and a good performance the camera lens module will glowing at dark and the texture of back glass cover is smooth and it show different colour when you change different position 
Which cloud gaming service is the best?,nope xbox series s also works
Which cloud gaming service is the best?,just a heads up dont buy vortex streaming   there is no support and the games will not load or work i spent 30 mins trying to get a game going which never worked customer support told me that they dont have that game which is impossible since it
Which cloud gaming service is the best?,when will playstation come with a streaming 
vivo V20 Pro 5G hands-on,eye focus
vivo V20 Pro 5G hands-on,i need vivo v21 cover or case to buy
vivo V20 Pro 5G hands-on,5g
Samsung Galaxy S20+ long-term,currently at battery health approx 80 simply it doesnt last very long  record just 15 min video it sucked up 6 of the battery if your battery condition is pretty good or unused then its def worth the price in 2024
Samsung Galaxy S20+ long-term,"been using the s20 5g since it released 4 years ago and my phone still works flawlessly the battery wore down after 4 years so i paid 5070 for it to be replaced and the phone still works great 
 
if you think you need a more powerful phone"
Samsung Galaxy S20+ long-term,yes its big problem 
Samsung One UI 3 mini,s20 ultra  update  14
Samsung One UI 3 mini,hello im using s20plus and i couldnt get to download and the install the new one 3 and android version 11
Samsung One UI 3 mini,worst update
Samsung Galaxy A42 5G,it hasnt been announced at all i was also looking for all the updates and news because im still using the phone since it was introduced can you give me the news that samsung announced there are searches you did and history
Samsung Galaxy A42 5G,please my  comment  full  color  of  this samsung galaxy a42 5g please  i want samsung galaxy  factory or company to help me restore my full background color back
Samsung Galaxy A42 5G,i couldnt get android 13 updation in this phone but samsung already announced that will get updationbut i didnt get yet
ZTE Axon 20 5G,does it support dc dimming
ZTE Axon 20 5G,its 5g dude
ZTE Axon 20 5G,i agree far to much time and review effort are put into the cameras  even the so called bad cameras take decent everyday pictures wide angles nice etcbut more on the phone does it work well when callingsort of a major important poin
Oppo Reno4 Z 5G,"i regret buying this phone so many problems so few things work properlywell 
i cant return the phone because i cant say categorically what is wrong with it just about everything fails every twothree days but not every day utterly "
Oppo Reno4 Z 5G,definitely is happens to me as well i think this is because they made the phone too good for too cheap has many drawbacks probably gonna get a new phone and sell or give to my sister that still uses an iphone 5s 
Oppo Reno4 Z 5G,"im getting upwards of 8h on 60hz something wrong with your battery 
 
must try 120hz though just try 90 a nice little compromise"
A month with the Huawei Mate 40 Pro,"i love this phone camera is awesome 
i wish someone will replace my mate 10 pro with mate 40 pro"
A month with the Huawei Mate 40 Pro,unpopular opinion but the best soc for android is kirin 9000
A month with the Huawei Mate 40 Pro,"one of the best in this category  
camera battery life and touch is amazing  
only problem is we dont have many applications in huawei app"
Poco M3,same i also changed it 5 days before every android phone needed battery replacement after 4 year
Poco M3,ive been using this one for 4 and a half years now and honestly its still going great havent needed to service it even once and im stoked about that i probably need to get a new battery but 6000mah is absolutely monstrous e
Poco M3,horrible phone after 34 dead booth issue it has completely died motherboard is giving critical error in ram memory  the only choice to replace whole board which does not make any sense
Samsung Galaxy M51,best working my m51 with all functioning well from last 5years hats off to my mobile m51
Samsung Galaxy M51,best phone
Samsung Galaxy M51,best phone i ever have its been 4 and half years running smoothly without any issues value for money
The best chargers for your new iPhone,wrong i dont read the whole article since its really relevant but i use mi qualcomm 30 quick charge for my iphone xs and it works very well i usually charge my iphone to 8090 which takes 1 hour or even less
The best chargers for your new iPhone,i really want to buy samsung again and get back faith in them they might surprise me well with s21 lineup lets see they def in zero land now not up land so they must make bigger innovations to resume going up and not staying at zero level
The best chargers for your new iPhone,make your own phone dude
Xiaomi Redmi Note 9 Pro (Max) long-term,the redmi note 9 pro is an amazing phone it has worked smoothly and flawlessly for me since i bought it in 2020 until now end 2024 no lags no bad battery drains cameras still excellent as good as brand new only have to change to anew pho
Xiaomi Redmi Note 9 Pro (Max) long-term,update i managed to update the rn8 pro to the latest supported miui version 125150 eu and performance is smoother and at least as fast with almost no hiccups or freezes and feeling faster than the rn9 pro also running its latest miui 14 ver
Xiaomi Redmi Note 9 Pro (Max) long-term,i have note 9 for 4 years there is some problems i have with it the android miui has the worst bloatware i have ever experienced it was unstable my phone randomly restarted and i had to disable all of bloatware to make it stable again in few mon
Xiaomi Mi 10T Lite 5G,"hey guys 
i have some problem that when i have a missed call and provider notifies me about it in sms after that i just cant click on that number to give a call back right away that phone number in sms is just simply not clickable nor can "
Xiaomi Mi 10T Lite 5G,yes i use it with amazon music in my merc
Xiaomi Mi 10T Lite 5G,ive dropped this phone in the toilet pulled straight out turned off dried out still works perfect
Camera test: The top flagships of the year,no phone in the world can take pictures as well as a camera a phone is something that is always available  the camera is not always available but the phone is everywhere  if a random scene happens the camera is not available to you you have to 
Camera test: The top flagships of the year,imma tell you what i know a thing or two about taking photos and i would take a proper camera over this
Camera test: The top flagships of the year,thats why i have a sony rx100 vi for trips and outings when i want better pictures than with my phone i can zoom in optically a lot and it has a nice picture quality no need for a dslr unless you are a paid photographer or need it for work or
Realme 7 5G,i have realme 7 5g it hasnt remote control options before this mobile i use redmi note9s that was good  it has more function but it doesnt have
Realme 7 5G,that moto and some other model motos will be unusable in the usa after 3g sunset on feb 22  it is not certified here for volte evil carriers kicking it off network
Realme 7 5G,"it almost certainly doesnt but it has tmo band 41 5g  att doesnt even offer 5g to all subscribers only those with 5g eligible plans 
also none of these dual sim phones work on cricket or metro pcs at all anymore  blacklisted 
"
Oppo Reno4 Pro 5G,dont buy it oppo any model soft issue has come past one year service center also charging near mobile buying cost worst service center
Oppo Reno4 Pro 5G,main thing you didntmention significantly lower weight
Oppo Reno4 Pro 5G,check prices on idealode
Apple iPhone 12 Pro Max,yes i need it so much
Apple iPhone 12 Pro Max,iphone12 is the best
Apple iPhone 12 Pro Max,are you serious
OnePlus Nord N10 5G,this is a unique problem but not reason enough to condemn the entire modeldo revisit your settings and then go on air about your findings
OnePlus Nord N10 5G,this phone is gorgeous comfortable to handle and above all meets the basic requirements of a good phonefast spacious storage and a resilient batteryone thing thoughat times the screen goes blank when making a calldunno whether it is an isolated
OnePlus Nord N10 5G,why one plus nord 10 5g is not accepting ethiopian sim card
Apple iPhone 12 mini,i love the white iphone 12 mini
Apple iPhone 12 mini,s23 to i12 mini is a big downgrade like  are you even serious
Apple iPhone 12 mini,"still relevant about battery life  
 
i have an s23 with a stunning battery life but i saw some nice iphone 12 mini renewed  
 
like hanging out a few hours 30 minutes maps some text 10 minutes web commuting i wonder if the little batter"
TCL 10 5G UW hands-on: Verizon 5G speed test,why dont think its a secret that now vzw and tmobile are not offering 5g installed in home once sometime gets a taste of mmwave theyre not appt to wanting that kind of speed anywhere they can get it tmo doesnt even have m
TCL 10 5G UW hands-on: Verizon 5G speed test,its actually worse as wifi signal can penetrate glass wood metal stone and people mmwave cannot
TCL 10 5G UW hands-on: Verizon 5G speed test, notice how the speeds are more consistent with the tcl 10 5g uw than the lg wing 5g despite both having the same snapdragon 765g soc with qualcomm x52 5g modem i could only hypothesize that the 5g antennas were more prone to interference due t
Which iPhone 12 to get - upgrader's guide,whats so good and perfect
Which iPhone 12 to get - upgrader's guide,so good and perfect
Which iPhone 12 to get - upgrader's guide,on my prepaid plan both 4g and 5g are capped at 150mbps download speeds so i have to disagree on that
Camera test: iPhone 12 vs. 12 Pro vs. 11 Pro,iphone 12
Camera test: iPhone 12 vs. 12 Pro vs. 11 Pro,12 mini
Camera test: iPhone 12 vs. 12 Pro vs. 11 Pro,thinking about buying iphone 11 pro 12 or 12 mini
Honor 10X Lite,what
Honor 10X Lite,this phone is great for my dad
Honor 10X Lite,yep
Amazfit GTR 2,why do ppl use always on raise to wake exist
Amazfit GTR 2,is this watch crown functional
Amazfit GTR 2,mine works well it is almost one year since i bought one
ASUS ROG Kunai 3 Gamepad & TwinView Dock 3,"emulators work great with the phone and its accessories 
while the citra 3ds emulator doesnt work with the twinviewdock on dual screen it has native support on the kunai gamepad  
the drasticds emulator has dualscreen support with the t"
ASUS ROG Kunai 3 Gamepad & TwinView Dock 3,why would asus make a clip that supports other controllers but not the kunai controller making it the kunai  easier to use with other phones just absent minded in my opinion
ASUS ROG Kunai 3 Gamepad & TwinView Dock 3,happened to me too
Huawei Y7a / P smart 2021,really good phone in my opinion except the camera but we wont talk about it now people are whining here that it doesnt support google if you cant live without google buy any other phone or just emulated it and go by your day i
Huawei Y7a / P smart 2021,where can get the emui 11 how
Huawei Y7a / P smart 2021,been using it as my daily phone for 1 year now updated to emui 11 google play services is just in gbox honestly a really good phone
Apple iPhone 12 Pro,iphone 12 pro ios update
Apple iPhone 12 Pro,12 pro
Apple iPhone 12 Pro,i completely disagree but for me its just relative i upgraded to a 12 pro from an se 2020 ive seen sitcom episodes  that lasted longer than the battery in the se anemic would be a gratuitous compliment so for me the 12 pro is a full season of
vivo V20,599 what currency dollar euro rupiah
vivo V20,it is true the prices  of vivo v20 is 599 only
vivo V20,thank you for this useful information
Apple iPhone 12,i like it
Apple iPhone 12,how can i get mine
Apple iPhone 12,2 weeks using the iphone 12 ive been using android all my life and i can say iphone is worth it its very fast good cameras battery is not as bad as everyone says its almost close to android this was my best decision ever
Poco F2 Pro long-term,still my dailydriver in 2026
Poco F2 Pro long-term,still using poco f2 pro as main devicelove the full screen 
Poco F2 Pro long-term,bought this phone on release for around 320 which was a steal not had any issues really bluetooth works fine with my two headsets got one for working out and one for normal use and have not had any connectivity issues aptx and ldac both works g
Google Pixel 5,entry level phones will put in the bare minimum for a useable experience as they are way more cost sensitive than a midrange or even a flagship phone
Google Pixel 5,meanwhile some 2025 entry level phones still use 3 or 4gb ram
Google Pixel 5,awesome phone
Huawei Mate 40 Pro,love huawei
Huawei Mate 40 Pro,3 years too late but no but there are some service that offer you to change chinese rom harmonyos not to be mistaken with nonandroid harmonyos next
Huawei Mate 40 Pro,"indeed 
 
still getting emui updates up till now security update last week after a massive jump to emui 13 a few months back that added a whole bunch of connectivity features"
OnePlus 8T,better then i phonex
OnePlus 8T,good
OnePlus 8T,i was shocked that after changing the display due to 3 green line green line appeared againit made me depressed
Moto G9 Plus,did u forget to check for updates i have android 11
Moto G9 Plus,"not true it has android 11 usig it for 2 years nowand no problem 
great batery life and camera"
Moto G9 Plus,motorola is also historically and notoriously bad at providing software update the g9 plus started with android 10 in 2020 and after 2 years is still on android 10 actually motorola should be called legendarily bad because xiaomi and realme phones
OnePlus 8T hands-on,"i have been a regular one plus user with regular updates from 3 to 8 oneplus 8 has been most disappointing purchase till dateno of issues 
1 on screen fingerprint sensor does not work for most fingers behind screen physical sensor had no issues "
OnePlus 8T hands-on,lol mediatek sucks
OnePlus 8T hands-on,so you wanna replace sd865 a highend chip with a upper midrange chip
Realme 7,should i buy realme 7 or realme 8 suggest please
Realme 7,my realme 7 both the camera are not being openwhat should i do
Realme 7,yes same issue here autofocus not working  cant focus when moving from one to another subject also brightness reduced during shooting videos after 15 sec
LG Wing 5G,is it possible to upgrade the os to android 15 or latest 16 version my primary samsung s22 screen cropped with green linesafter dec2025 os update and screen replacement is not practical cost big joke so i want to relive up my wing5g but the
LG Wing 5G,the only
LG Wing 5G,easily i use my wing as my sole mobile vlogging gear and it never disappoints also the swivel screen still turns more heads than any foldable phone
Xiaomi Mi 10T Pro 5G,i bought the phone in the summer of 2021 ive been using it for five years without any problems it also has serious drawbacks  a fragile glass back  ive replaced it twice theres no call recording and many others mentioned by ot
Xiaomi Mi 10T Pro 5G,i got this phone in jan of 2021 and its still working fine and the main camera on this thing is really good even in 2024 the only thing i wish it also had is a 35mm headphone jack
Xiaomi Mi 10T Pro 5G,hey guys im really enjoying the phone try oneso far so good all i can say is one of best phones produced in the market
Samsung Galaxy S20 FE 5G,yess
Samsung Galaxy S20 FE 5G,nice phone with long lasting battery lifethe picture quality is so sweet 
Samsung Galaxy S20 FE 5G,"bought this phone refurbished in 2022 for around 200usd still using it ive looked into getting a newer more modern device a couple times but at the end i always change my mind  
photos look great games run smoothly battery life kind of s"
Realme 7 Pro,i think this is still a recommendation for normal use especially for playing games because the chip used is still suitable for use in 2024 charge support is 65w which i think is fast
Realme 7 Pro,"only android phone i always buy even i sold my previous realme 7 pro now i use same model satisfied for  
 
camera result fast charging battery life dual speaker eis built in 4k video resolution  amoled display in display finger print com"
Realme 7 Pro,real me 7pro android 12 update battery draining fast on standby dont update
OnePlus Nord long-term,bro this is the best phone for 5 years works the same  gaming phone
OnePlus Nord long-term,oneplus nord 20 has several display issues and general software issues i purchased this phone through tmobile and their tech department could not fix these issues and the oneplus technicians could not repair simple software issues i do not recomm
OnePlus Nord long-term,yes
vivo X50 Pro+,i think it could be maybe indeed possible to achieve a slightly higher resolution with quad bayer dual pixel sensors than with quad bayer sensors by using a super resolution algorithm but it seems that vivo doesnt do that
vivo X50 Pro+,samsung you promised that the gn1 sensor can take 100 megapixel photos so just a marketing liesamsung said samsung also provides a software algorithm that takes light information from each photodiode to produce image resolutions comparable t
vivo X50 Pro+,hi great camera but im still curious if you can improve photo quality using a gcam port specially on ultrawide and telephoto has anyone been able to found such a multicamera conscious gcam
Ulefone Armor 9,"i have owned an armor 9 flir for 3 years with the optional case  
bought from no so express aliexpress for half the price of a flir cat63  not as good  
no problems ever in an industrial environment 
phone will not charge now because the type "
Ulefone Armor 9,"i have had this phone in the us for 18 months 
 
it is not only the worstquality software and overall quality of any cell phone i have used since 1997 it is the worst tech product i have ever purchased   
 
it comes close to giving me a heart"
Ulefone Armor 9,i too initially felt the same way about buying a brand from overseas that i have never heard of after reading several reviews on many different makes and models i decided buying the thermal version just cause i thought it was cool and only 30 mo
Sony Xperia 5 II,thats what had happened to my friend the same issue what is the reason for that to happen
Sony Xperia 5 II,use xperia firmware tool
Sony Xperia 5 II,use this phone for 1 yearar the 6 month of usage green line starts to appear this is the sad fact about this phone but i love this phone because of the performance and a lot of intresting features
Moto G9 (Play),do you actually complain about overheating when charging whan about 50 of phones on the market skyrocket their temperature when under load 30 minsif you didnt get it it means its a normal thing and you are literally paying 170 buck
Moto G9 (Play),its a great phone for the money asked not recommended for heavy gaming or stuff like that but if you just want the least in everything this things got you also android experience is good moto knows what theyre doing with their 
Moto G9 (Play),i actually own this phone and i can say that its deemed itself worthy over the years the only problem i recall having is the cameras it kinda lowered the saturation on them the processor may not be the best but for the money you really don
Tecno Camon 16 Premier,good but loud speaker and ear speaker all demige
Tecno Camon 16 Premier,my fingerprint is not working
Tecno Camon 16 Premier,"best tecno and unique with everything unless you got the fake onez i have camon 16 premier original 
camera front and back are very okay clear and fantastic 
speed in operation and very fast internet 
this phone is very good"
Apple iOS 14,yes is best is apple is great maybe but no
Apple iOS 14,now all apple needs to dethrone android is to make their atrociously overpriced products available for less than 60 make them usable without itunes and allowing facetime and bluetooth with other platforms which they will never ever do even symbi
Apple iOS 14,"is it true that you cant get homeback and close buttons on screen 
i mean iphone 13 and how about new 14 model"
Motorola Razr 5G hands-on,what
Motorola Razr 5G hands-on,climate change is a trojan horse and inside of it are the legions of a globalist system poised to jump out and share their dreams of communism and absolute state powers for all
Motorola Razr 5G hands-on,"ive had this phone now for about 3 months my first foldableand these are my main gripes 
the screen has a tall aspect ratio  and i have big hands so typing on the keyboard without errors is difficult 
the battery life is horrendous 
th"
Xiaomi Mi 10 Pro long-term,after 2 years of usage the battery it s sucks the phone diacharge very fast even when it have the screen off or on night time the battery drop some 45 percent with all conectivitty off
Xiaomi Mi 10 Pro long-term,"this device still deserves to be top 10 cameras even to this year i mean this thing is the most versatile cameraphone yet alongside with the mi 10 ultra which unironically still has the best camera setup in the market 
 
just wishing they"
Xiaomi Mi 10 Pro long-term,no they are not have you got one well you know nothing because most chinese phones made by huawei xiaomi etc all have exemplary build quality and are not cheaply made little do you know
Poco X3 NFC,"after 4 year still working well camera good i have just replaced battery 
i like this phone and like poco phones 
my next phone surly would be poco f  x  series"
Poco X3 NFC,amazing phone i am using it since 4 year and it is still working flawlessly i dropped it multiple times but the last blow on cobblestones really cracked the touch from top corner however it is still working  i hope the new series poco x7 pro w
Poco X3 NFC,i dropped it like once a month or something yes im very clumsy but its been going strong for the last 4 years
Android 11,you can d that in the developers option
Android 11,dont upgrade 10 to 11 it is not good compare to 10
Android 11,android 11 is the worst android ever trying to improve some features they have downgraded them from my perspective conversation bubble is a straight downgrade on messenger chat heads were far better that this new bubbles the look uglier bugg
Samsung Galaxy Z Fold2,"strip issue after some time of usesif you unfold it it will be switched off 
manufacturing defect"
Samsung Galaxy Z Fold2,samsung galaxy fold 2
Samsung Galaxy Z Fold2,hi i have fold 2 phone  this phone is ever worst phone i bought this mobile 15 days ago and its screen is showing bubbles neither this phone has fallen nor damagedbut customer care stated to not take it back without paying money i was switch
Samsung Galaxy M31s hands-on,very poor network connectivity
Samsung Galaxy M31s hands-on,they not designed properly to uphold the updates within 2 yrs of use corrupted the mother board lost all the data and samsung is charging 8k for new mother board which is of no usei dont felt this is a worthy product
Samsung Galaxy M31s hands-on,"motherboard in first 6 months of use luckily was in warranty so got it replaced 
slow and laggard in performance due to outdated chips set 
recently faced an issue were battery fails to charge"
OnePlus 8 Pro long-term,"coming back to this phone after a year i can really say that this phone has aged really well 
 
installing gcam would be a very great idea and plus this phones display is still way more impressive than the iphone 12 pro maxs 
 
i"
OnePlus 8 Pro long-term,actually oneplus never had original design its all base on oppo because there are bbk company  the only thing oneplus is awesome because free bloatware and light software me personally still like oneplus btw but the only thing they lacking i
OnePlus 8 Pro long-term,yes
Xiaomi Mi 10 Ultra,i wont change my 9t until they make a something similaire or smaller would be even better
Xiaomi Mi 10 Ultra,same
Xiaomi Mi 10 Ultra,i would be damn happy if they made a 2022 version of the k20mi 9t series
Infinix Zero 8,yes
Infinix Zero 8,who playing the pubg mobie infnix zero 8
Infinix Zero 8,why my zero 8 having booting issues
Realme 7 Pro hands-on,which network are you going to use 5g phone on reaserwch 5g first then talk instead of making stupid comments
Realme 7 Pro hands-on,yes
Realme 7 Pro hands-on,no
Realme 7 hands-on,i used this phone brightness was very less but performance was good photos were also good
Realme 7 hands-on,not too different but ram and soc are more good realme
Realme 7 hands-on,"depends on the model of the phone i am not recommended realme 7 i had delay touch issue on this phone since 8 months ago i used realme gt master it is very good 
 
for realme gt master i recommend it but for realme 7 no"
Oppo F17 Pro hands-on,"nice one like it  using 5 years with happy 
thankyou oppo"
Oppo F17 Pro hands-on,oppo s best phone i am using it since 2020  now only battery service little damage over all 5 years are so long for any electronic devices good phone full paisa wosul
Oppo F17 Pro hands-on,i lost mine but best ever is this f17 pro
Asus Zenfone 7 Pro,what will be a better choice this asus or samsung s20 fe 5g
Asus Zenfone 7 Pro,have zenfone 7pro dlna function i dont find in specs
Asus Zenfone 7 Pro,zenfone 7 with telephoto but not ois or 1 8t with ois and no telephoto 
Realme C15 hands-on,i also have a realme c15 handset will 5g work on it if it does please suggest a solution
Realme C15 hands-on,im using this unit 4gb  128gb can i use 256gb for external memory
Realme C15 hands-on,
RedMagic 5S,not support 90fps on mobile legends 
RedMagic 5S,i was just browsing here about this phone coz ive seen it used by my fav streamer on facebook  yt his name is narco i hope id still get one of these 3 years from now
RedMagic 5S,seems like ios designed for kids only to play few powerful games the os doesnt let you get the potential advantages of its specificationscapabilities on the other hand in those years android has almost overcome its lags now a days andro
Fairphone 3+ hands-on,reading and watching this review with a feeling of nostalgia on my upgraded fp3 after six years still going strong just installed the february security update great fun reading the comments where people doubt the longevity of this phone as a t
Fairphone 3+ hands-on,i wonder if they could make it even cheaper by not even assembling it just pack it in a box like legos and let users assemble it themselves i think a lot of cost comes from labor in charge for assembling it i wouldnt mind assembling it
Fairphone 3+ hands-on,ill buy it because fairphone provides 5 year tech support replaceable parts and fp 3 has official e and lineageos support thats basically all i need from the phone long software support period parts availability and custom os with 
Asus Zenfone 7 Pro hands-on,i just got my zenfone 7 and i knew in advance that it didnt have a 35 headphone jack but i am surprised that it didnt have a usb adaptor and headset like the pixel 5 has  is this the case with all zenfone 7 s or am i missing something t
Asus Zenfone 7 Pro hands-on,"optical finger print sensor lags 
you clearly have never used oneplus flagship devices optical takes like 001 second to unlock its instant and always reliable 
 
price is right 
it costs a fortune and more clos"
Asus Zenfone 7 Pro hands-on,finally ois in the camera and a flagship phone with ultrasonic fingerprint sensor on the side  optical finger print sensor lags and i hate it so much that no longer use it on my samsung if the price is right i will definitely buy this phone i can
Oppo Watch,can we connect with apple 
Oppo Watch,cant connect to hey tap health
Oppo Watch,"just bought oppo 41 mm today and feel so much disappointed with battery seller was cheating me by saying that the battery life is up to 14 days but its less than 6 hours the battery almost fully drained 
how can i say about it"
Samsung Galaxy Watch3,where is made
Samsung Galaxy Watch3,love it
Samsung Galaxy Watch3,"this i know too but since screen is smaller its way worse  
and paying by watches is a no for me  
once i had nfc and used it for some time ago  
and one nice summer day of 2016 after paying at tesco counter i got a call from my bank they told "
Samsung Galaxy Note20 Ultra 5G,try note 20 ultra
Samsung Galaxy Note20 Ultra 5G,for me i think  you go for  your budget  phone
Samsung Galaxy Note20 Ultra 5G,depending  on your  budget  guess you go for note 20 ultra
Samsung Galaxy Tab S7+,this camera has a lot more options exposed in gcam stock camera app is completely restricted by software
Samsung Galaxy Tab S7+,your tab probably is wifi version which doesnt have sim slot even if you remove that black thing sim wont work because theres nothing in the tab to read the sim or the antenna signal transmission
Samsung Galaxy Tab S7+, the screen is plenty bright no matter what so you will have no issues even in the brightest of days  ahha so thats why i cant see it in shades
Google Pixel 4a,camera is 100 same as 6a
Google Pixel 4a,question how is the picture quality compared to 6a  in my brief comparisons i found the differences especially on open sunny days with the sun facing me the 6a did better with flare control obviously hdr
Google Pixel 4a,im amazed at many of these negative comments ive had a 4a since it came out nearly 4 years now its a second phone to my 6a which i got nearly 2 years ago the 4a has performed outstandingly the battery is as as good as new even
OnePlus Nord,yes you are able to use 5g but i hope youre software version is 121
OnePlus Nord,i bought this oneplus nord starting released date from purchased onwards im getting issues overheatingspeed draining battery camera automatically closing issues my device is oneplus nord 5g 12 256
OnePlus Nord,my one plus nord  the battery life doesnt last long  without gaming it has dropped to around 40 percent since i bought it have been using it for almost 2 years gets heated up no dust or water proof
Samsung Galaxy Note20 Ultra hands-on,"holy poop ive dropped this phone at horrendous angles quite a few times without a case and it still doesnt have a scratch on it 
 
top teir phone quality and strength my last phone huawei p90 smart cracked in my pocket when a small"
Samsung Galaxy Note20 Ultra hands-on,yes its water and dust proof for around 30 minutes with 1m depth pool
Samsung Galaxy Note20 Ultra hands-on,because samsung is very tired with all your complaint regarding the broken back panel because drop to the floor and if you are using phone case some phone case will close the shiny back panel plus you are free from doubt that glass will broke whil
vivo X50 hands-on,x50   can you say  macro mode from main camera lens 25mm or tele 50mm one
vivo X50 hands-on,"guys those who plan to buy this read this 
 except camera and look everything is cheap  spending 34k on this is useless"
vivo X50 hands-on,very cheap earphonebuying for 35k they can provide a decent ear phone
Samsung Galaxy A21s,i have been using an a 21s since 2019it is still useful up to now in some degree
Samsung Galaxy A21s,i post this comment now from a21s  before this phone was the best in this price but now  it sooo bad was me i hope i can upgrade it nearly i will say again it was so perfect before now it doesnt
Samsung Galaxy A21s,wow
Oppo Reno4 Pro,please would like to know the origin of the phone
Oppo Reno4 Pro,my reno 4 pro just got three green line after the latest updatei am oppo user since oppo f1i used that almost 4 and half years but this time result is very unsatisfied oppo company should take care of the user who pays lots of money for the mobi
Oppo Reno4 Pro,actually 720g is not much difference with 732g so logical that oppo bought many 720g also for realme for getting higher bulk discount price rather than buy similar 732g thats why they can get margins higher than what you think also it looks like 
Motorola Moto G 5G Plus,"an extremely bad buy for the following reasons 
1 slow software updates 
2 short life of updates model released in july 2020 the last update is from july 2022 and it is not on android  
3 software bugs that were fixed extremely slowly 
4 h"
Motorola Moto G 5G Plus,custom rom developments are ongoing and lineageos is bringing up this device for official support on android 13
Motorola Moto G 5G Plus,"i think this phone is discontinued 
no android 12 update"
Xiaomi Redmi 9 (Prime),huh you stole mt nickname
Xiaomi Redmi 9 (Prime),yssjhshfgf
Xiaomi Redmi 9 (Prime),i have this phone since march 2021 still running smoothly and it got the lcd replaced one time months ago overall good budget phone if you dont use it for gaming but i think the android version in this phone will finally caught up and i ha
Motorola Moto G Pro / G Stylus,"ive had a moto g stylus 2020 for about 3 years i love it because its a great phone but its time to get a new one ive been faithful to the motorola brand since my droid x which i purchased in 2010 
 
im very disappo"
Motorola Moto G Pro / G Stylus,mine doesnt battery lasts a few days for me i used to have a samssung note that got hot and needed charging daily the moto is a vast improvement
Motorola Moto G Pro / G Stylus,just purchase a data transfer cable
Realme 6i/6S hands-on,its samsung gm2
Realme 6i/6S hands-on,"which main camera sensor does the realme 6i6s use 
is it the same as realme 6 samsung gw1"
Realme 6i/6S hands-on,actually ive been using this phone for 3 months now and trust do not buy this garbage connections really goddamn slow id prefer redmi phones that realme phones
Asus ROG Phone 3,"i resolve the same issue by conducting cpu reball 
448 usd repair cost"
Asus ROG Phone 3,"wifi suddenly dont work after the update you can press the wifi button on the settings but if you go back home and return to the settings its now turn off 
 
it will stay no wifi for a week then after that when you reset the phone the wifi"
Asus ROG Phone 3,"same here mine is still running android 10 i downloaded the uodate manually but its refusing to update it shows me update failed  
apart from that i have no issues with the phone everything still works perfectly"
OnePlus Nord hands-on,"oneplus nord issue list  deficiency list 24 total issues  think before you buy oneplus nord 
 
 
issues list 
 
1 during phone call screen get locked and you have to unlock again to do anything like disconnect call 
2 after every c"
OnePlus Nord hands-on,"i cant understand why youre calling it terrible 
when the prices go down velvet would be a affordable midrange phone with premium look 
also you didnt tried gcam on your v30 anyway the stock camera app is terrible it adds lots of"
OnePlus Nord hands-on,"if my lg v30 has a garbage selfie camera i can only imagine how terrible your g6 one is  
 
and of course im going to complain about the price nobody wants to wait a few months for an already terrible phone just to buy it used"
Samsung Galaxy S20 Ultra long-term, 2nd dat 
Samsung Galaxy S20 Ultra long-term,samsung super class is always good quality
Samsung Galaxy S20 Ultra long-term,28
vivo X50 Pro,please dont buy many of my friends purchased this phone and after almost one year green vertical lines appear on screen very pathetic
vivo X50 Pro,you can use any image resizer app on android on windows you can simply use ms paint as i did you can even use photoshop or photopea which is a browserbased opensource alternative to photoshop if you want more freedom
vivo X50 Pro,how can i downsize the image manually 
Xiaomi Mi 10 Lite 5G,"hi 
this phone has s better camera or redmi note 10 pro 
thanks"
Xiaomi Mi 10 Lite 5G,asd liquid cooled
Xiaomi Mi 10 Lite 5G,the mi 10 lite and the mi note 10 lite are different phones my guy i have been daily driving a 10 lite for almost a year now and i can say the colours are excellent
Samsung Galaxy A41,i have a 2020 a41 will it work in the usa with a tmobile sim card thanks
Samsung Galaxy A41,i got this phone 2 weeks ago from my mother as a replacement for a no name 5yo single cam dual sim android its better in all aspects but its not a good phone i have no expectations but phones havent changed much in low end for the
Samsung Galaxy A41,i soooo agreee we all want small compact phones again
Honor 30 Pro+,"android is literally google 
 
syaying you dont need google for android is basically saying you dont need a leg to walk"
Honor 30 Pro+,give me honor 30 pro plus
Honor 30 Pro+,is your phone that good for you to bypass and bypass installing apps i do a simple touch of install button
Samsung Galaxy A31,i am from ethiopia my phone is samsung galaxy a 31 call recorder is not available
Samsung Galaxy A31,i have been using a31 6gb for the past 4 yrs no issues until now except for android 12 only the camera is very good in daytime battery is excellent only occasionally lags
Samsung Galaxy A31,"you should go to some service point bro am using the same from past 5 years and never ever faced bettery issues 
 
single charge it works whole day without having any issues so far till now"
Motorola One Fusion+,may 2026 and its still going strong with two day battery life most of the time and running quite ok still amazing value and battery resilience considering it wasnt expensive to begin with too bad it has no nfc
Motorola One Fusion+,"todays date is aug 26 2023 and mine is still running fast n smooth ive always been a motorola fan 
however when i found the deal and researched the phone it specd at 6gb ram bc im heavy ram user but when i bought it i "
Motorola One Fusion+,ive been using this phone since september 2020 and in 2 years of use i have not had a single issue really happy with this phone keep the great work going motorola 
Samsung Galaxy A51 5G,samsung  a 51
Samsung Galaxy A51 5G,even gsmarena review said that the exynos 980 is efficient and its at sd765g performance you probably dont even tried this phone and think that because it has an exynos chip its bad
Samsung Galaxy A51 5G,samsung a51 doesnt has a back case
Oppo Reno3 Pro 5G  / Find X2 Neo,bought for 299 at this price is a very nice phone i agree with the build the screen and the overall feeling like a flagship sadly im not impressed by the front camera imho it have problem with colours and lights adaptation of the sensor also w
Oppo Reno3 Pro 5G  / Find X2 Neo,"no my mistake 
 
its not"
Oppo Reno3 Pro 5G  / Find X2 Neo,yep mine is
Realme X3 hands-on,yes
Realme X3 hands-on,best photos
Realme X3 hands-on,hello i take it for pubg i think this device is a good device so whats good and whats bad
LG Velvet with DualScreen,is this phone has esim
LG Velvet with DualScreen,where can we buy as of today this lg dualscreen case for velvet thanks
LG Velvet with DualScreen,it has a built in modem in the processor sd765g which came in oneplus nord toothere might be not as much bands supported and your service provider might not have the requisite band
Xiaomi Redmi Note 9 Pro/9 Pro Max,buy a high speed micro sd card of around 128 gb and format it as internal storage yes this option is available in this phone by default i have done it myself and have around 90 gb free in internal storage i have 64  6 gb model also additional
Xiaomi Redmi Note 9 Pro/9 Pro Max,been using it since 4 and half years and its still butter smooth except for running short of memory as my model is 464
Xiaomi Redmi Note 9 Pro/9 Pro Max,still best xiaomi phone camera before redmi note 10 proredmi series like note 10s note 11 series note 12 series have not good camera
Xiaomi Redmi Note 9,i use this phone and i recommended this because when i play sky the children of light its not many lag
Xiaomi Redmi Note 9,the internet always turning on  off by itself
Xiaomi Redmi Note 9,worlds most worse phone i ever used redmi note 9 waste phone the normal network signal is worse to worst cant able to connect in proper network and wifi signal my personal suggestion to all people of this world is dont ever buy th
Xiaomi Mi Note 10 Lite,the essue mi note 10 lite camera to front
Xiaomi Mi Note 10 Lite,i am on the same page i loved my 10lite  one of the best phones i ever had that works flawlessly after 4 years unfortunately i have also to upgrade due to storage 64gb is a killer these days i bought the new redmi 13 pro but i was dissapointed
Xiaomi Mi Note 10 Lite,s me to also
Testing 5G: Hype vs. Reality,wow you must be living in a good spot
Testing 5G: Hype vs. Reality,youre capping bro
Testing 5G: Hype vs. Reality,ive been subscribing to 5g from last year already average monthly usage is between 15 to 2 terrbytes per month only streaming between 4 users got my s20 ultra around 2 months ago and got an add on 5g sim in it ive never go
Samsung Galaxy M21 hands-on,its been 4 and a half years and still running pretty good for daily use
Samsung Galaxy M21 hands-on,one of the worst phone i ever use
Samsung Galaxy M21 hands-on,i purchased refurbished m21 from xtracover mobile they sell this phone with 1 year warranty after six months it have problem in ic means whole phone is useless i complaint a query online and get cc address when i reach there they told me your phone w
Huawei P40 Pro+,"if you repackage this phone into a new body youll never notice that its a 4yearold device 
the optics are still great to this day not to mention its two telephoto modules and great ultrawide and macro shooting features the charging"
Huawei P40 Pro+,at khadenga po deobharandi pin 764074
Huawei P40 Pro+,good
Sony Xperia 10 II,sonys one of the best affordable mobile but amazon website is out of stock in india im waiting for sony 10 ii mobile in india
Sony Xperia 10 II,great phone at this price range but the processor could have been a tad better but other wise a superb midranger from sony the camera is pretty good too
Sony Xperia 10 II,big fun of sony so i have this model the last 6 months and i can say its pretty good today i put it accidentally in the washing machine 15 minutes later i realized it was in there i didnt want to test if its water resistant bu
Realme X3 SuperZoom,try cleaning the camera cache every so often  it boosts performance considerably regarding quality definition i think x3 is very good but it does depend a lot on subject matter and lighting some of them standard comparison with my nikon d610 ds
Realme X3 SuperZoom,phone   is absolutely right but condition dole   is  im using realme 6 pro and realme 5 or 5i realme 7pro speaker is absolutely right
Realme X3 SuperZoom,dead trigger 2 does run at 120fps
Poco F2 Pro,"just install the new android 14 build for crdroid  
 
httpsxdaforumscomtrom140betaofficiallmicrdroidv100121120234640996post89157409"
Poco F2 Pro,agree  this phone has issue of charging port this problem is common on the poco f2 pro which has had to replace both the charging circuit assembly including type c port and the cable connecting the charging circuit and main motherboard
Poco F2 Pro,ive had this phone for 30months now i still love it 6gb ram is the only reason i am looking for a new phone it had to go back once for a internal charging cable issue and i paid for the battery to be swapped at that point has been perfect 
Sony Xperia 1 II,no sadly
Sony Xperia 1 II,hey u can see difference clearly with any satsung flagship or chappal flagship phones download a 4k movie and play simultaneously which looks clear and without any motion blur then u can see the difference dont go on colous the movie looks very nice 
Sony Xperia 1 II,sony xperia 1 ii have x reality engine  triluminos display 
Huawei P40 Pro long-term,yes i can confirm that this is the best phone i never had thats why i will wait the p70
Huawei P40 Pro long-term,"p40 pro is still camera king even s22 ultra photos are worse sometimes selfies with 3dtof are way superior dunno why no one includes it anymore 
and with googlefier google works like 95 
 
please smartphone companys build more phones"
Huawei P40 Pro long-term,huawei p40 is best  if you are a huawei user than google is not an issue infact having google authority in phone is an issue
Amazfit T-Rex,you must have seriously damaged both your watches for them to have stopped in water i have trex 1 which i have worn over 2 years to work as a technician so physical labour and i am in the sea 4 days a week in our long summer i think it is a brill
Amazfit T-Rex,dont know how you was using but i have trex pro for two years now and 0 issues at all taking off only for charging using everywhere diving at work not taking off even then going in sauna
Amazfit T-Rex,junk i have had  two  trex smartwatch both dead in  less and  year one  dead after swimming in 3 feet of  sea water and the other  in  swimming  pool no  under water  all testing is  false the  company has  poor quality  and  warranty
Motorola Edge+,beautiful nice 
Motorola Edge+,maybe you should get insurance that covers things you hand to your wife 
Motorola Edge+,you ask to many questions just live your life  instead of asking about  how its going for others
Motorola Edge,about getting my first
Motorola Edge,i love the way the phone works but it is super fragile even with liquid glass and a case i am on my third screen for this thing
Motorola Edge,go collect your check from samsung anytime you want
Huawei Mate Xs,bought it in 2024 wonder why first i had huawei p30 pro them i swiched from xiaomi 13 pro and realisez its snapdragon thats consumin a lot of energy and wasting and heating
Huawei Mate Xs,i cant help but think that lg or any other brand can use this phone as an inspiration for their rollable screen smartphone i mean the camera and the powervolume button is placed on one side with no bezel or notch or even punchhole interrupt
Huawei Mate Xs,it comes with a pre installed screen protector ive had mine 9 months its still on there
Moto G8 Power,rubbish wifi disconnect constantly no 5ghz wifi
Moto G8 Power,one is probably the g8 power sold internationally and one is the g powerthey look different
Moto G8 Power,plastics are not harmful to the environment  the thoughtless littering andor improper disposal of plastics by self absorbed morons is
Oppo Find X2,in that case iphone 11 pro max should be around 550
Oppo Find X2,it is in china
Oppo Find X2,anyone have call issue this device
Xiaomi Mi 10 5G,installed miui 1405 and it works much better than current best midrange phones
Xiaomi Mi 10 5G,still using this amazing phone in 2025 got the chinese version and its as excellent as they advertise android 13 and a security patch from november last year i think theyre discontinued but its still amazing big ups to xiaomi
Xiaomi Mi 10 5G,"hyper os is now downloading for me with security patch 032024 
 
so happy with this might keep it for another year 
good job xiaomi"
Apple iPhone SE (2020),i am using this phone around year and i am happy with it only the battery is issue
Apple iPhone SE (2020),i wish you guys would consider the old db levels at least for ring tone and  loudspeaker levels this new method isnt practical for those 2 very important need to know items imo thanks
Apple iPhone SE (2020),"only complain is idle battery drain  
 
drain like 10 for 8 hours at night too much apple forcing bluetooth scan for their smart devices tags and sht even you disable bt also i suspect wideband network management scan is bad  
 "
OnePlus 8 Pro,8pro better
OnePlus 8 Pro,8pro is best
OnePlus 8 Pro,please suggest me i should buy oneplus 8pro or oneplus 9r or oneplus 7prowhich is the best in these models
Xiaomi Redmi Note 9S / 9 Pro,using the same phone posting this comment i had this phone since may 2020 2 weeks after release not sure about people who said they had issues after 2 years ive had this for almost 6 years and still no issues other than it doesnt fully supp
Xiaomi Redmi Note 9S / 9 Pro,used this phone for about 3 years i would say it lasted long enough i am a heavy phone user played games used for extended hours it was ok for 2 years and didnt face any major issues after that started facing some hardware issues like vol
Xiaomi Redmi Note 9S / 9 Pro,itni shiddat se maine tumhe paane ki koshish ki hai  ki har zarre ne mujhe tumse milane ki saazish ki hai 
OnePlus 8,please my mobile updates one plus 8
OnePlus 8,i would like a new oneplus based on the same size of op8  now are too bigger
OnePlus 8,i have been using a oneplus 8 for well over a year now and the battery lasts at least a day but sometimes 2 i use my phone about 3 hours a day for games like clash of clans or fallout shelter watching youtube and using snapchat and searching the 
vivo iQOO 3 5G,i am using 12256 with 5g version bought in 2020 and still works only inconvenience for me now is not having nfc thats it otherwise everything is awesome
vivo iQOO 3 5G,how i connect 5g network there is no options are available
vivo iQOO 3 5G,display
Xiaomi Mi 10 Pro 5G,i have one but its locked
Xiaomi Mi 10 Pro 5G,yes good mobile
Xiaomi Mi 10 Pro 5G,so do you
LG V60 ThinQ 5G,"where would i go to have the same refurbishing done to my v60 i am old and have no clue my battery is getting worse and worse and i do not want to give up the best phone ever made 
 
 
 
 
just finished refurbing my two dual screened v60s wit"
LG V60 ThinQ 5G,how difficult was it to replace the back glass and why is everyones broken on the back only anyway is it involved at all to do
LG V60 ThinQ 5G,just finished refurbing my two dual screened v60s with new batteries charging ports and back glass they are like brand new again i did notice some newer phones have 1t byte storage i may look at them in a couple of years and use my headphone qub
Realme X50 Pro 5G,"camera 10 on 8 
display 10 on 7 
interface 10 on 9 
charging 10 on 10 
overall 10 on 85"
Realme X50 Pro 5G,"camera is too good than iphone 12  
using since 15 year"
Realme X50 Pro 5G,so which phone is the better phonethis realme x50 pro or the standard one plus 8both run the snapdragon 865 with 90 refresh screens and both cost the same in 2022 at 250 pounds newi need to know this please
OnePlus 8 Pro hands-on,yes it is available
OnePlus 8 Pro hands-on,"please do dxomark for oneplus 8 pro there is only preview in dxomark 
 
also please gsmarena do full review of oneplus 8 pro"
OnePlus 8 Pro hands-on,yesss
OnePlus 8 hands-on,woah careful dude not everyone likes android
OnePlus 8 hands-on,wheres the bloody review
OnePlus 8 hands-on,does oneplus8 have esim option can anyone suggest
Realme 6i,tell me short about  display  led or lcd  i cant understand
Realme 6i,full day not coming battery 
Realme 6i,mmsd card up to how much sd size
Huawei P40,it can but xiaomi 13 pro and 12s ultra got better cameta then mi 11 ultra
Huawei P40,yes and
Huawei P40,i think a flagship from 2020 can be better than a flagship from 2023
"TCL 10 Pro, 10 5G and 10L hands-on","tcl 10 5g 
 
so the dual sim is the micro sd slot second sim slot are both 5g connection when used together is it t790y model number"
"TCL 10 Pro, 10 5G and 10L hands-on",yes
"TCL 10 Pro, 10 5G and 10L hands-on",is the tcl 10 5g a dual sim device
Realme 6 Pro,best phone have been using for last 5 years and has been working without any issue
Realme 6 Pro,camera is defined not poor the camera has a lot of features that youll only get in a flagship phone like a telephoto lens ultra wide and an ultra wide selfie camera never heard of a phone which has an ultra wide lens in the selfie camera
Realme 6 Pro,its quite surprising that a phone like this never got almost absolute reviews  i have had this phone for 3 years and have not yet found realme product that supercedes this 6 except for their camera outputs all upgrades have successfully corre
RedMagic 5G,can game at max graphics 60fps on any mobile game currently only downside this phone will melt the skin off your hands it gets that hot
RedMagic 5G,what is pogo pins
RedMagic 5G,does this phone available to phillippine
Realme 6,yes
Realme 6,still using realme 6 until know2025
Realme 6,why my realme 6 wifi connection in 24ghz is so low like one bar but if i connect to 5g its good how do i fix this
Huawei P40 Pro,yes i got mine 3 week ago i got easily 67 hours of sot
Huawei P40 Pro,what about if i buy second hand can it still give me 5 hours of sot
Huawei P40 Pro,anyone here this 2025 currently still using huawei p40 pro while typing this comment still the best phone for me 5yrs and counting no issues whatsover 
Huawei P40 hands-on,i think all negative comment about p40 series because they never hold this phonefor me gms is not a deal breaker just use my older phone for bussiness and the new no gms phone for private time the power of p40 series camera is my main reason th
Huawei P40 hands-on,im buying the huawei p40 pro god willing i have been a huawei enthusiast since the day of p8 gms or not i no where i belong
Huawei P40 hands-on, what i wont buy or transfer all apps as i saidi dont care about gms
Samsung Galaxy S20+,damn
Samsung Galaxy S20+,its ok
Samsung Galaxy S20+,ive got two
OnePlus 7T Pro long-term,i think 7t pro and 7t pro maclean best phn on oneplus
OnePlus 7T Pro long-term,i still love the phone and i think its still going to be my phone for the next 5 more years
OnePlus 7T Pro long-term,it is 2g standby so i think people use it for 2nd business line on personal smartphone 1st sim
Xiaomi Redmi Note 8 Pro long-term,best camera phone comparatively other phone thats why i am not changing this phone
Xiaomi Redmi Note 8 Pro long-term,i have been using rn8p for 5 years and its better than a lot of flagships so idk what the hell are u talking about
Xiaomi Redmi Note 8 Pro long-term,yes it is very nice phone i am also using it since 2019 and is working very well
Oppo Find X2 Pro,ive being using this beast device since april 2021 and wow i cant get enough of it last year i had an battery issu it was draining very fast and i changed it for 44 euros and it was like a new device today 062025 i got a black screen proble
Oppo Find X2 Pro,"the oppo find x2 pro is a beast of a device that still holds up remarkably well even in 2025 heres why 
 
design and display 
 
this phone is a stunner with a sleek design thats both premium and comfortable to hold the 678inch d"
Oppo Find X2 Pro,hello so if i buy this second hand this january 2025 battery is a lot worse what about if you use 60hz for screen refresh rate well it help thank you
Huawei P40 Lite / nova 7i,my play store is not working
Huawei P40 Lite / nova 7i,my huawei p40 lite has two places for sim cards sim1 and sim card but its only sim 1 that is reading l cant activate sim 2 what could be the problem or cause of this only sim 1 is showing
Huawei P40 Lite / nova 7i,this phone is amazing for me because i been use this phone 4 years now even now i still use this phone for gaming only one thing that i disappointed is to buy memory card for this phone at my country malaysia way too expensive 
Samsung Galaxy S20,yeah s20 is better but somehow the s20 value has dropped a lot particularly in the second hand market compared to s21 and even s10 much likely bcs of outdated android and its overall design both s10 and s21 still look very nice in 2026 while s20 lo
Samsung Galaxy S20,i bought a s20 plus 5 and i cant reset it i entered wrong pins several times and it locked how can i unlock it its has box by voice activated
Samsung Galaxy S20,stil well nowfaster my s20 5g
Honor 9X Pro,good phone
Honor 9X Pro,ok
Honor 9X Pro,i agree it us great phone depend what  are you looking for not for gaminig so is perfect  for me is what i was looking for
Infinix S5 Pro,the phone is nice and its very good for gamingthe screen type is the best but it overheats a lot and when ever it overheat the battery runs down and lastly the phone is ugly
Infinix S5 Pro,is there is no update for its android version
Infinix S5 Pro,brilliant phone
Realme 6 Pro hands-on,i have question that does realme 6 pro supports 50w or more fast charging
Realme 6 Pro hands-on,yes absolutely  better camera configuration 
Realme 6 Pro hands-on,"hi gsmarena team 
im michael from india here i have got confused a little in realme 6 pro review youve given more than 283789 to 6 pro on antutu 8 when youve given pro hand on review while reviewing out realme 6 you have lowered pros antutu 8 "
Oppo Find X2 Pro hands-on,"to my dear smart phone companies 
 
please make small smartphonescompact ones the 55 inch ones"
Oppo Find X2 Pro hands-on,only camera performance is worrying me nothing else lets see the final software and product camera and video samples and decide def very promising 2020 contender
Oppo Find X2 Pro hands-on,"i think it isnt a problem if you do regular backups 
like we do for all desktop hdd 
internal storage can fail anytime for multiple reasons only thing saving you is regular backups besides if you lose your phone you lose all your data plus th"
TCL futuristic foldables hands-on,the design is unnecessarily flashy
TCL futuristic foldables hands-on,glass cant bend ever heard of optical fiber
TCL futuristic foldables hands-on,tcl keep it up
Realme 6 hands-on,my cameras were fine they could take stunning photos my friends would always use my phonerealme 6 in photo ops
Realme 6 hands-on,when will be available in egypt
Realme 6 hands-on,"i bought it my comments about camera wasnt good 
so blur"
Samsung Galaxy Z Flip,phone has cracked in the middlei would not recommend this phone to anyone i did not take the warranty due to normally solid samsung quality however they missed the boat on this one
Samsung Galaxy Z Flip,"buy the warranty it worth it i got mind changed for only 13000 
 and i got a replacement 2 times already"
Samsung Galaxy Z Flip,"can i have you number please i want to talk you about that  
please because i am going to purchase that one mobile"
Oppo Reno3 Pro,best best phone
Oppo Reno3 Pro,no
Oppo Reno3 Pro,i am use this phone before 5 years it is the best phone
Samsung Galaxy S20 Ultra,ultra
Samsung Galaxy S20 Ultra,thanks for this info i would have never thought about that i will give it a try
Samsung Galaxy S20 Ultra,"the battery test is made on 3 g net work  
whats  the purpose the network is most of time 4g to 5 g"
LG V60 ThinQ 5G hands-on,have this foon on contract now and for 36 months and for this price its not playing wma filesdoesnt have its own file system use google filesfinger print scanner work if youre lucky and i have lost some of my contacts not o
LG V60 ThinQ 5G hands-on,this phone is only available in the us that bad lg you are losing buyers because of your poor distribution and selling policy the latest model available in my country is the v40 cmon it is your fault
LG V60 ThinQ 5G hands-on,"so lg  
when are you going to allow others around the world to purchase this  im in australia really would like it but your distribution truly sucks"
Galaxy S20 Ultra camera comparison,of course i didnt use all the phones it will be stupid to think so i think i was using nokia 6120c at that time but there is internet there is gsmarena who has a lot of samples you can check them too just make sure you check them on a good srg
Galaxy S20 Ultra camera comparison,theres also third possibility you never had 808 but are stupid enough to show your ignorance
Galaxy S20 Ultra camera comparison,"i have p30pro and lumia 950xl both great camera phones in detail and colour department 808 is better only thing it has worse is dynamic range due to lack of hdr 
so sush"
vivo iQOO 3 hands-on,im in the same position as you i am thinking black shark 3 pro cuz of the triggers and battery but if theres some good phone with 665and 5000 mah for a cheaper price i might consider that one
vivo iQOO 3 hands-on,what do you mean
vivo iQOO 3 hands-on,lost me at 60hz
Samsung Galaxy M31 hands-on,"i am having  m31f15ds since 2020 now i facing  mobile network  problem  in 1st sim _ jio mobile  data signals become  weak and no network  for data when checked  i found instrument  is 3g   
"
Samsung Galaxy M31 hands-on,i have this phone but just after a year the charging problem started than display got problem i replaced and now finally some software issue came up and the phone is now in active i have been using samsung phone for a long time but whenever we go 
Samsung Galaxy M31 hands-on,i have bought this phone in 2020 and still using the same in 2025 no issues
Huawei Mate Xs hands-on,"im not going to go into total rant ill save that for huawei customer service im disappointed with two things 
1 i rather the phone open up like a book to reveal the screen i can see it now little metrial scratches from  being"
Huawei Mate Xs hands-on,no stereo speakers and no headphone jackcreases when folded and unfolded and wildly expensiveearly days yet
Huawei Mate Xs hands-on,its out with three now
Realme X50 Pro 5G hands-on,realms x 50 pro frant camera better than one plus
Realme X50 Pro 5G hands-on,"every yeara phones has to miss something 
 
all i eant is phone with jackirdual front and triple back camerastereo speakers4000mah batterysd card slot 
 
is that too much to ask phone makers"
Realme X50 Pro 5G hands-on,when is the full review coming out i am confused between the oneplus 7t and the x50 pro i like the chipset and ram of the x50 but wanted to know how its camera compares to the x50 pro
Samsung Galaxy S10 Lite,posting this in 2026 from my 55 year old s10 lite it has been a great phone was here to compare and see how it fairs with the new phones out there but it seems we havent come very far there will be some nice technological upgrades but no
Samsung Galaxy S10 Lite,posting this in 2026 from my 55 year old s10 lite was planning to buy a new phone and wanted to just compare how far we have come but it seems we havent leaped exponentially this one is a great phone though
Samsung Galaxy S10 Lite,yes
Realme C3 hands-on,i have been using this mobile since 2020 and its battery is amazing 
Realme C3 hands-on,na wala po yan yon cp ko
Realme C3 hands-on,absolutely same my thoughts
Xiaomi Mi Note 10 long-term,long range wifai not working
Xiaomi Mi Note 10 long-term,i had this phone the best phone i ever had
Xiaomi Mi Note 10 long-term,is there anyone face display blinding problem
Samsung Galaxy A51,overall the a51 remains the best in the categorylatest development have only improved size and processor mainlycamera and the rest remains basically the same and the price has slightly increased also after 51 no memory card availablea real 
Samsung Galaxy A51,how can i command a text translation
Samsung Galaxy A51,i like the phone
Xiaomi Redmi K30,does it compatible with any screen display drawing tablet devices such as xp pen
Xiaomi Redmi K30,i like this phone
Xiaomi Redmi K30,"so plastic or aluminum frame 
to be sure before buying"
Honor V30 Pro,the price  is too high if compared to the quality and the performance the processor is kirin which on paper specs are great but really the performance is average i dont understand what were the manufacturers thinking while pricing the handset
Honor V30 Pro,nice
Honor V30 Pro,front camera hole is utterly ugly doesnt fit the ui no padding below and huge padding above s10e single well positioned into ui hole on right is far better
"Best phones for selfies, Jan 2020","wouldnt the  samsung galaxy a80  be a decent offering 
pretty cool flippy camera 48mp selfies"
"Best phones for selfies, Jan 2020",give me a top 10 ranking
"Best phones for selfies, Jan 2020",if youre talking about samsung then saying sensational might be actually true though if its in the likes of xiaomi oppo huawei and that sort then thats one good joke locked bootloaders can stay right where got madenot to mention all the labo
vivo U20 hands-on,wow
vivo U20 hands-on,superb
vivo U20 hands-on,redmi note 8 pro is ips screen and v17 pro has super amoled display v17 prov17 and s1 pro much better display quality compare to redmi note 8 pro
Mi Note 10 vs. Galaxy Note10+: Do you really need 108MP in a phone?,good
Mi Note 10 vs. Galaxy Note10+: Do you really need 108MP in a phone?,actually we need 8k but 50mp is enough for that
Mi Note 10 vs. Galaxy Note10+: Do you really need 108MP in a phone?,dslr cameras are not phones m8
Redmi Note 8 Pro vs. Realme X2: Showdown,bst feature is ir blaster
Redmi Note 8 Pro vs. Realme X2: Showdown,in this mi note 8 pro first i have super slow motion camera but now is not there why u remove i need that camera
Redmi Note 8 Pro vs. Realme X2: Showdown,i think i will choose redmi note 8 pro because of its powerful performance and long battery life like me gamers
Xiaomi Redmi 8a hands-on,ok
Xiaomi Redmi 8a hands-on,exactly im facing the same challenges
Xiaomi Redmi 8a hands-on,my redmi 8a i was trying to update my phone system so as soon as it was done it went off and cant on again now if i want to on it is not working only vibrating
Samsung Galaxy M30s,you cant upgrade past android 11
Samsung Galaxy M30s,how to upgrade my m30s to higher android versions from 11
Samsung Galaxy M30s,m30s has exynos chipset these kind of chipset directly gives some amount of power to cpu that is why this product got stuck and hot sometimes qualcomm always use charging ic as a mediator to give power to all ics
Samsung Galaxy Note10+ long-term,"have had this phone since launch still going strong aside from the following not a big deal for me but it may be for you  
 battery on the spen failed and now has limited features  
 wireless charging works intermittently not sure if i damage"
Samsung Galaxy Note10+ long-term,kinda but i dont recommend a screen protector with it in my case the fingerprint sensor is unusable with my screen protector
Samsung Galaxy Note10+ long-term,what about issue of ultra sonic fingerprint is it fast
LG V50 ThinQ 5G Dual Screen,"have u found anything to replace it 
 
under 65 with solid audio  video capture"
LG V50 ThinQ 5G Dual Screen,duo screen is the killer weapon of this phone sadly 95 of people arent interested in this
LG V50 ThinQ 5G Dual Screen,i had a great time updating lg phone product this phone if switched from watts apps to duo its a handheld computer a smartphone on steroids its a one of a kind
Motorola Moto G8 Plus,is the moto g8 plus more resistant than the moto e7i power
Motorola Moto G8 Plus,sums it up very well
Motorola Moto G8 Plus,what is tha stok motorola moto g8 plus
OnePlus 7T long-term,"use adb to trim down the telemetry services and all 
and then enable some unused resources like gpu acceleration n graphics handling you can easily get 6 hrs sot for normal daily use  exclude gaming as they are getting heavier i just stayed on a"
OnePlus 7T long-term,i have a oneplus 7t with 8128gb i bought it in 2019 it still holds its own against todays smartphones the battery life is reduced but still not bad it still charges rapidly on warpcharge the only downside is that it is a 4g phone 
OnePlus 7T long-term,i would say after using for 3 years now i have not seen such an amazing smartphone of that time it still copup with todays flagships battery do shows now little fastter discharge but is manageable by the usage this smartphone served it purp
Xiaomi Redmi Note 8T,is epic d
Xiaomi Redmi Note 8T,you can remove everything with adb
Xiaomi Redmi Note 8T,"ive had a better experience with the camera for me it captures stunning detail and is smooth are you on a beta update or are you running the latest miui available for the note 8t 
 
if none of this helps take this up with xiaomi throug"
Realme 5s,"this phone amazing and iam using 5years  
wery thanks realme"
Realme 5s,you are absolutely right
Realme 5s,"yes the phone is not bad 
but it didnt give the software update since 3 years 
so it is a risky phone for cyber security  
also it heating up and hanged in many times in a day also 10w charging capability takes upto 3ho"
Google Pixel 4,n9
Google Pixel 4,thats just fanatical
Google Pixel 4,"i think its a pretty good option for 100200 
the performance is good for average use and gaming too and the camera quality is way better than other options at the same price"
Xiaomi Redmi Note 8,using 64gb4gb version 2020 model working fine  only had to replace battery after 4years display brightness not that good compared other modelsi bought this phone mainly for sensor compassgyro accelerometerfinger print you wont find g
Xiaomi Redmi Note 8,yes
Xiaomi Redmi Note 8,how can i upgrade my redmi note 8 to mini 13 android
Honor V30/V30 Pro hands-on,"the lcd is a little bit of a setback in the case of this phone but not the end of the world 
 
what i like is the kirin 990 and the separated balong 5000 chipset for 5g this should be a better battery saving option then a process or with integrat"
Honor V30/V30 Pro hands-on,an ips lcd that is a deal breaker why
Honor V30/V30 Pro hands-on,checkmate edition
Best smartphones of 2026 - buyer’s guide,"in 2026 the best smartphone really depends on what you need but a few clear flagships stand out across reviews and rankings 
 
toptier phones like the iphone 17 pro max samsung galaxy s26 ultra and google pixel 10 pro xl are consistently ra"
Best smartphones of 2026 - buyer’s guide,bold of you to be so confidently wrong the honor magic series gets 7 years of software updates it seems the only thing with a short lifespan here is the accuracy of your comment
Best smartphones of 2026 - buyer’s guide,is this guide always update from period to period seems a good guide to me it helps me choose a good android since there are tons of androids phones in the market which some im not even familiar with
Realme 5s hands-on,its really a nice and  reasonable phone for allim satisfiedq
Realme 5s hands-on,yeah got mine but the camera upgrade doesnt seem tempting for me to swop my set to the newer one
Realme 5s hands-on,"i mean its the thing with most of these budget chinese brands they care about their customer only up to the point when he buys their device then he can fck right off for all they care  
 
theres a reason why these devices have such a strong p"
RedMagic 3s,"3 month user  recording lag audio buzz  cast auto on when recording start 
 
reset factory  update nothing change goodluck boy"
RedMagic 3s,hi gsmarena iwoul like to ask if i can use a game capture device with the dock accessory of magic 3s so the idea would be magic3s  game dock type c to hdmi with power  elgato hd60 s plus
RedMagic 3s,you need a software update sometimes my home buttons disappear or even my files just message the company itself as its major problem they not give us support after sales
Best flagship phones 2026 - buyer’s guide,you need to separate the flagship section from foldables
Best flagship phones 2026 - buyer’s guide,dxomark hahahaha you joking
Best flagship phones 2026 - buyer’s guide,"gsmarena is just for specification of mobiles 
its reviews are not reliable instead the dxomark is the best source for compressions and costumers guide"
Phones with best battery life 2026 - buyer’s guide,honor x9d has 8300 battery and reverse charging so superb
Phones with best battery life 2026 - buyer’s guide,iqoo z11 and samsung galaxy s26 ultra not in the list
Phones with best battery life 2026 - buyer’s guide,poco x8 pro max the best battery life
Best compact phones 2026 - buyer’s guide,why oneplus 13s13t is not on the list is this list a joke
Best compact phones 2026 - buyer’s guide,you are so right i really want to buy compact phone my tablet lenovo legion y700 has 88 inches and its big enough for a tablet phone should have 5659
Best compact phones 2026 - buyer’s guide,"this is unreal 63 inches is anything but compact these are tablets for christs sake  
buy a zenfone 910 if you want something even remotely small"
Best camera phones 2026 - buyer’s guide,"this is exactly how you should test and compare your cameraphone 
do you want to create professional looking images or do you want to remember moments  
i never thought id be using a xiaomi device but here i am"
Best camera phones 2026 - buyer’s guide,i am just waiting for the price of the oppo find x9 ultra to go down a bit this phone has everything you could ask for and then some but the price is just too high at the moment
Best camera phones 2026 - buyer’s guide,how is the xiaomi 15t pro better at cameras than the higher rated xiaomi 15
Best gaming phones 2026 - buyer’s guide,wheres infinix gt 50 or poco x8 pro max from the list
Best gaming phones 2026 - buyer’s guide,apple ios 26 is chaotic wdym ios 26 is chaotic 
Best gaming phones 2026 - buyer’s guide,hey what do you think of the redmagic 11 air
Best midrange all-rounders 2026 - buyer’s guide,what country 2g its outdated network and very insecure because no have authentication between tower and cell phone have very poor expired encryption and its possible to hack in real time call conversationsms and data gprs  or edge if w
Best midrange all-rounders 2026 - buyer’s guide,i wouldnt have removed the poco x7 pro from the list its available for 200230 and massively outperforms everything else in the 200 category for gaming
Best midrange all-rounders 2026 - buyer’s guide,xiaomi on every list but the os is absolute cr4p
Best premium all-rounders 2026 - buyer’s guide,looks good
Best premium all-rounders 2026 - buyer’s guide,what the hell is realme 12 pro doing here its two years old already plus it never even supposed to be in this category lmao
Best premium all-rounders 2026 - buyer’s guide,so why realme gt 6 got removed from this listand u dont have a samsung phone so maybe s24 fealsopixel 8 pro is now like 600 eurosno point keeping pixel 8 and is miles better than 14t pro
Best entry-level smartphones 2026 - buyer’s guide,same garbage just added the sprinkle
Best entry-level smartphones 2026 - buyer’s guide,motorola g45 should def be on this
Best entry-level smartphones 2026 - buyer’s guide,"hmm infinix note 50x didnt make it into the list 
i wonder why"
Best flagship killers 2026 - buyer’s guide,"the honor 400 pro is excellent in most aspects for its price the only noticable weak point is the use of usb 20 which is too slow to do regular backup as it takes 3 to 4 hours to backup just 350gb 
this wouldnt matter if cloud backups are u"
Best flagship killers 2026 - buyer’s guide,"how the fck is this a flagship killer 
gsmarena you fking kidding"
Best flagship killers 2026 - buyer’s guide,consider honor 400 pro  flagship level of performance camera ai excellent experience goodfor its price a flagship killer
Motorola Razr hands-on,bought a razr needed repairing 3 times during ownership i have been without it 94 days or 7 weeks dont buy a motorola
Motorola Razr hands-on,motorola must launch budget razar phonewe are still missing old razerbut new one is too expensive
Motorola Razr hands-on,there is no issues to iron out but you prob mean till the price comes down i have razr and z flip and trust me all the negative reviews are having used razr for 6 months have no issues there is no negative its far nicer to hold than z flip an
Nokia 6.2,"my nokia 62 power button stuck while power offcontinues restarting 
network disconnected  network bars disappeared its happened very often"
Nokia 6.2,hi i have a nokia 62 but the volume on the what app voice message is very low can hear anything
Nokia 6.2,its an option for saving your eyes you can stop it any time
Samsung Galaxy Fold long-term,"a quick answer to most questions and silly answers  people who talk about thick or foldable phones plastic screens size of front screen 4in etc have to be realistic 
 
1  ever tried to use a nokia communicatior from 13 years back  e90  com"
Samsung Galaxy Fold long-term,"great concept feels sturdy however screen is ridiculously sensitive  
even putting it in your pocket is a hazard for dust for  it to get damaged 
when i first got it in november last year had it a week screen managed to get a small indent 
ended "
Samsung Galaxy Fold long-term,thats cool
Realme X2,"i think something on your phone not everybody i think or i hope my phones battery health is still good i think i can get 12 to 14 hours still i am using 
 i buy on 2019 december more than 3 years ago "
Realme X2,"super and excellent phone in mid range  segment 
 i am using in 3 years still going on and awesome camera no leg hang anything else still unique  "
Realme X2,nfc work this phones
Xiaomi Mi Note 10,i need change  skin how can i get original  one
Xiaomi Mi Note 10,same issue here only bottom part is broken but still working i wanted to change the screen how to order also back cover is broken
Xiaomi Mi Note 10,i used the phone for 4 years and 2 months and now my display is broken and now i cant get the display does anyone know where to get the display
Xiaomi Mi CC9 Pro hands-on,very good
Xiaomi Mi CC9 Pro hands-on,i have been able to use this phone for about 1 year   the camera performance of the phone is very good  but there are many over hits as a result my phone has processor reballing issue and the display shows 67 green lines  and then the entire di
Xiaomi Mi CC9 Pro hands-on,where can i find the back cover
Xiaomi Mi 9T Pro/Redmi K20 Pro long-term,for a few years 3 years could be minimum and 45 years should be how long it lasts
Xiaomi Mi 9T Pro/Redmi K20 Pro long-term,defective unit or fake one usually these kind of ones are fkae and cheaper then the real price
Xiaomi Mi 9T Pro/Redmi K20 Pro long-term,nah all of the stuff that pop up breaks and is fragile is fake it can last you for years
LG G8X ThinQ Dual Screen,does the g8x thinq support volte fido is leaving 3g and moving to volte and they say my phone will no longer support calls
LG G8X ThinQ Dual Screen,since lg is no longer around smartphone business it looks like you have not updated since ver10 and it will not find a lg server update so thats it  its always to be in a habit to check os updates from the manufacturer for this  reall
LG G8X ThinQ Dual Screen,my own is still android 10 and is telling me up to date
Oppo Reno Ace,it will not launch in india
Oppo Reno Ace,hey guysthis phone comes with ads like the xiaomi phones or not
Oppo Reno Ace,what is the launched  of oppo reno ace launch in india please
Amazfit GTR watch,"i bought one and still working but i lost my charging cablei cannot use it when there is no spare cable available to buy 
please me guide a place to buy the cable for gtr"
Amazfit GTR watch,it has both options it is the users choice to either select always on display or not
Amazfit GTR watch,is this watch display alway on or wrist connect
Google Pixel 4 XL,simply no
Google Pixel 4 XL,i mean if you want qhd display at this price then definitely buy it
Google Pixel 4 XL,i use the pixel 4xl as my main phone everyday and its very decent i have no complains it never lags the only things i dont like is the small storage space i have the 64gb version and the fact that it doesnt have a headphone jac
OnePlus 7T Pro vs. OnePlus 7T,no
OnePlus 7T Pro vs. OnePlus 7T,is it 5g
OnePlus 7T Pro vs. OnePlus 7T,you right
Realme X2 Pro,i also had this now switched to one plus 12 24gb ram for only 850
Realme X2 Pro,been using this phone12256 cn rom since 2019 its been a good experience so far gotta buy a new phone tho might give this to my granny imma buy a vivox100 pro 1tb for another 5 years use d
Realme X2 Pro,i bought x2 pro 12 256back in year 2020 been using it for about a year when it suddenly lagged when i ws texting my son via whtsapp it nvr revived i felt so cheated and disappointed i hv nvr trusted a realme ever since i am now using regular 
Honor 9X,honor 9x harmony software is not installed
Honor 9X,huawei has a habit of launching the same device under different names for various marketing reasons so selling a slightly modified version of p smart z as honor 9x is nothing unseen but its for the first time we see an honor device bear the m
Honor 9X,its this problem only with my phone when i make a video with my back camera  the video is croped and when i want to see is all in little cubes and if the video is 30 sec i can see only 5 sec and after that i cant see anything 
Nokia 7.2,im used the phone for 5years solid phone but now im using vivo v 29but still im miss my nokiaevery time im dorp it but still can usenot like nokia  vivo ones drop have to change screen i love nokia alot
Nokia 7.2,after updated my cameraflashlight also not working
Nokia 7.2,"still use my phone since 2020 in south africa  camera is good for what use it for   
value for money  pity the free firmware updates stopped  still a good solid phone  
like the gorilla glass therefore no need to buy a screen protector"
Motorola One Zoom,"im still using it 8hrs a day in 2024 best sound ever heard for music richest tones like in dolby digital 
it keeps me 1011 hrs on browsing 
only disadvantage is the sound volume on recording video which is lower than others 
great ph"
Motorola One Zoom,2 years later and the 2018 chipset 675 does still beat the 695 since it can do 4k at 200 bit rate meaning the phone can burst out full sized 8mp pictures 30times a secound  samsung 8k doesnt even reach a 200 bit rate so the details on this 
Motorola One Zoom,are you kidding stock android is the best this phone isnt lagged down by an annoying skin like samsung s series it also already has the newest version of android thanks largely to the limited altered ui  it makes it nearly as quick as a fla
OnePlus 7T Pro,still going strong and see no alternative as beautiful as this piece of art
OnePlus 7T Pro,no
OnePlus 7T Pro,always a way around it
vivo V17 Pro,"hi there 
i have issue with my vivo v17 pro connecting through with wifi 
after entering wifi code it dos connect to wifi but no wifi network in phone and i did try to other wifi to connect but still same problem 
om data network it is work"
vivo V17 Pro,"hi there 
i have a vivo v17 pro 
i have a issue with connecting through wifi 
after entering wifi code it dos connect to wifi but no network of wifi in phone and i did try to outer wifi network and shows same result but on data it working "
vivo V17 Pro,good morningits just that the phone screen protector and pouch or jacket hardly to get still looking for it
OnePlus 7T Pro McLaren Edition hands-on,older 7 pro are still available with lte 4g only
OnePlus 7T Pro McLaren Edition hands-on,not unless it contains metals
OnePlus 7T Pro McLaren Edition hands-on,turn off your selfie camera and the world well be better instantly
vivo NEX 3 5G,does it support wireless charging
vivo NEX 3 5G,i like it vivo nex 3 5g
vivo NEX 3 5G,vivo nex3 is available here in brazil
"Realme X2, X2 Pro hands-on",why would u need that
"Realme X2, X2 Pro hands-on","and 
 mimo network antennas 
 hires audio 
 liquid or any specific cooling system 
 curved display glass 
 stereo speakers"
"Realme X2, X2 Pro hands-on",it easily lasts a day with regular usage about 89 hours with extreme usage and will last nearly 2 days for lowmedium usage
ZTE nubia Z20,"comment to test the reactions 
dont delete"
ZTE nubia Z20,"there is no yellow tint it is a blue eye filter that you just turn off in the settings im very pleased with my nubia z20 had the z17 lite before and that was a bargain 
i think if you like me like to have something a bit different then the nubia"
ZTE nubia Z20,can anybody tell how to flash nubia ui on nubia z20 global rom
Xiaomi Mi 9 Lite/Mi CC9,yes it has this option but hidden by factory you need to download an app called anc camera pro to unlock it
Xiaomi Mi 9 Lite/Mi CC9,its a glass mate
Xiaomi Mi 9 Lite/Mi CC9,i dont know yours but mine is glass yes
OnePlus 7T Pro hands-on,when will the full review of the oneplus 7t pro be published
OnePlus 7T Pro hands-on,my nokia n82 had a great macro mode
OnePlus 7T Pro hands-on,they could but having this update gives them a more competitive edge against other manufacturers which have 855 phone assuming 7t pro is priced the same as 7 when it just came out
Motorola One Macro,nice
Motorola One Macro,nice phone
Motorola One Macro,please dont purchase motorola one macro it  drops data signal
Oppo Reno2,i have had this since 2019  now a days its my go to backup phone whenever i am switching phones or require a  2nd phone its quite tough the case provided excellent grip  without it its very slippery and often slips out of pockets and from the des
Oppo Reno2,my son bought the reno 2 in 2019 he handed it to my brother 3 years later when he got an iphone my brother is still using it today in 2025 i replaced my galaxy edge with this phone 4 years ago im still using mine the 40 mp  camera is excel
Oppo Reno2,no dear
Huawei P30 Pro long-term,it depends on price you are paying and if there are apps or services for example i had to buy an iphone due to intune compliance at work ending up taking out my huawei everytime i reach a disappointment like a 3x macro zoom
Huawei P30 Pro long-term,i have it since 6 years it has raised my expectations from mobile phones you just have to deal with google services
Huawei P30 Pro long-term,yes on screen middle bottom side
Xiaomi Redmi Note 8 Pro,"im thinking of buying this phone 
i have 3 options  sharp aquos r7 nokia 8v 5g redmi note 9pro or redmi note 8pro 
which one should i buy"
Xiaomi Redmi Note 8 Pro,i am using this phone for now 7 yrs
Xiaomi Redmi Note 8 Pro,my redmi note 8 pro is holding strong still after 5 years of everyday usage and everyday charging it is unbelievable how strong it still is the battery is like day one it never lagged and never lags in daily usage amazing phone from xiaomi for lo
Huawei Mate 30 Pro,"samsung 108mp in s20 ultra 
"
Huawei Mate 30 Pro,mate 30 pro or oneplus 7t pro mclaren 
Huawei Mate 30 Pro,wtfjust watch youtube and you will be learning fast how to put gapps on huawei smartphone  great with no concerns
Samsung Galaxy A50s hands-on,your charging port has problem due to frequent usage either clogged with dirt loose or damaged a good phone repairer can fix to reinstate the slow charging issue i got my slow charging problem fixed
Samsung Galaxy A50s hands-on,great device  samsung a30s and a50s
Samsung Galaxy A50s hands-on,its my 5th year with this smatphone  up to this moment its still work very well except a slight problem with charging port
Realme 5,realme 5 backup lock picture mobile lock
Realme 5,i use realme 5 since october 2019 with no issuebest low budget handphone i may say
Realme 5,my realmi 5 phone 2 years no no update
Apple iPhone 11,really
Apple iPhone 11,iphone lack of accessories in the new purchase is senseless
Apple iPhone 11,"the only reason i can get the money is a good place to get the money to pay you are a great friend and you are the only one who can  
iphone apple  
laura n vue"
OnePlus 7T,i agree it is 20266 years has passed  and still rockin this powerful beauty
OnePlus 7T,bes production phone all updates 3 years in use overpowers most phones to this day oneplus dint dissapoint its the best price best thing to buy well the new model are weaker then my old phone thats a bit shame since comparing benchmark after 3 
OnePlus 7T,battery is weak
Apple iPhone 11 Pro and Pro Max,what is the price of iphone 11 pro max pta approved haiving 516 gb storage and white colour
Apple iPhone 11 Pro and Pro Max,how do you mean
Apple iPhone 11 Pro and Pro Max,dear were currently in 2025
Samsung Galaxy A60/M40,this phone is bizarre no 35mm jack but there is fm radio and only a 3500 mah battery while most if not every samsung a phone had a 5000 mah battery during the era this phone was released
Samsung Galaxy A60/M40,spare parts not available with the samsung service centres itself the start button got problem i took to 2 centera they told the oart will it be avialable better to try out side else buy new one   its really horrible answer
Samsung Galaxy A60/M40,very very bad batteryrun faltu
"Huawei Mate 30, 30 Pro, 30 RS hands-on",well done thank u so much
"Huawei Mate 30, 30 Pro, 30 RS hands-on",dont cry kid i own huawei mate 30 pro and ive no google but who cares ive facebook instagram etc via apkpure can add anything if u dont onw a phone mate 39 pro dont talk u saying just bullshit
"Huawei Mate 30, 30 Pro, 30 RS hands-on",its price
Sony Xperia 5,is it water proof can be used underwater
Sony Xperia 5,"android 11 not  come my system  901so   
 
end over hitting problem"
Sony Xperia 5,"sony xperia 5 
model 90s10 
recoding system actives 
please"
vivo NEX 3 hands-on,i love the vivo brand but its new flagship disappointed mehe still has no wireless charging on his phones why really
vivo NEX 3 hands-on,sowhich has more juices8 or vivo
vivo NEX 3 hands-on,i dot know hw 2 appreciate da great innovation bt all thanks go 2 u
Realme XT,why are you outofspace people always posting things like that here this is no service center nor a chat room
Realme XT,my mobile phone screen is white its not working how to resolve my problem
Realme XT,i absolutely agree an excellent mobile phone especially at that price 220 back in january 2020 if the charging hadnt gone crazy it thinks it charges all the time and will only take up to 93 from the original charger i wou
Asus ROG Phone II,"this is my dream phone 
 but i dont have enough money to buy it i cant afford the price"
Asus ROG Phone II,most irritating as my rog 2 auto reboots frequently it seems the phone cannot handle abit of usage it keeps shutting off during emergencies also
Asus ROG Phone II,"can i get all the accessories all along with the phone together  
jst like a complete setup"
Redmi K20 Pro vs. OnePlus 7,k20 pro records only in 480fps it uses frame interpolation method to double the frame rate
Redmi K20 Pro vs. OnePlus 7,"bought the oneplus 7 last week 
8256 for 32k inr or 450 in japan  
here it was sensible to buy an op7 as 
 it has a better ui 
 the price cuz here k20 pro is a  
also the durability factor played a big role  
the k20 pro is better with a b"
Redmi K20 Pro vs. OnePlus 7,"bought the oneplus 7 last week 
8256 for 32k inr or 450 in japan  
here it was sensible to buy an op7 as 
 it has a better ui 
 the price cuz here k20 pro is a 2000 inr costlier and the op7 felt more value for money 
i knew id be compromi"
Samsung Galaxy A90 5G hands-on,"the rear glass of mine cracked where can i get it pls 
am in gombe"
Samsung Galaxy A90 5G hands-on,keep them away from water
Samsung Galaxy A90 5G hands-on,if you had big hands you and saw how bright it is you wouldnt be saying that
LG G8X ThinQ first look,im very suspicious about lgs claim that the 2nd screen only sucks down 20 more juice the screen is the single largest power draw on every phone ive ever used which makes sense how did lg get this 20 number im guessing they turned the lighti
LG G8X ThinQ first look,i want it without the dual screen
LG G8X ThinQ first look,i have several lg phones even though the battery seems too small on paper the phones actually have good battery life and are quick to charge as well
Motorola One Zoom hands-on,its android one i think i saw it in the quick guide or over the box when i bought it i suppose
Motorola One Zoom hands-on,utterly disappointed about the android 10 update delayi was a hardcore fan of motorola phones ever since i had my first android phone moto g1 pure android experience is the only thing made me opt this phone among many other at least three other 
Motorola One Zoom hands-on,android 10 update is still pending utterly disappointing to those who ignored all other below par specs just for a pure android phone i guessi loved motorola g and z series and has been a hardcore fan of motorola phones ever since my first first 
Sony Xperia 5 hands-on,listen sony its me dc boy people love the play station 5 but people dont no about the sony xperia pro phone or any other phones you make i like the new phones but only way people will buy one have it as a bunble package  sony earbuds son
Sony Xperia 5 hands-on,good phones but battery downgrade overheating
Sony Xperia 5 hands-on,i owned 2 sony xperia phones now i am owner of samsung galaxy s10e because of size sony i no need showel 
"Nokia 7.2, 6.2, 2720, 800 hands-on",where is your manual for 139 cannot find it anywhere
"Nokia 7.2, 6.2, 2720, 800 hands-on",terrible phone make it or stop 
"Nokia 7.2, 6.2, 2720, 800 hands-on",love it and i need to purchase one
Android 10,"its great to read about android 10 sure do wish there were a simple way to find phones with it 
 
any word on when 10 is going to be added as a filtering option in the phone finder apologies if this had been addressed its a damned difficult t"
Android 10,yep its true and i really miss those old css tricks for making 3d effects like beveled button edges you could do so much with color and shading material design is suitable for peeps whose right brain is numb 
Android 10,i cannot agree with this and the traditional threebutton navigation bar has returned too bafflingly  whats baffling is that you spout that piece of nonsense right after you trashed the alternative  the new gesture navigation  well that deser
Samsung Galaxy Note10,ive had my battery replaced very recently and battery drainage is a fact at least twice a day i need to recharge the battery im also told that the fact that no updates availble for the note 10 contributes to this issuesamsung wants us to invest 
Samsung Galaxy Note10,with in 2 years i have faced battery drainage problem  i have charging my phone 3 to 4 times per day always my charger in my packet
Samsung Galaxy Note10,"yes after 5 years i have a battery problem in my phone it have gave me very good experience but now it have lagged  i need to charge 3 times a day on normal use and sometimes it switches off itself on its own on 20 
i need to change the battery"
Realme 5 Pro,what do you mean y alr know its only capable of 60fps
Realme 5 Pro,then what you expect to it play 4k 120 fps games without lagging its a budget phone from 2019 it only has 10gb ram and a snapdragon that isnt capable for newer games nowadays
Realme 5 Pro,my mom still using this phone till today for watching youtube and basic phone usage two years agothe screen came off but i fixed it with double sided tape and has stayed on till today speakers on it still sounds good even today and snappy enough t
Xiaomi Redmi K20 Pro/Mi 9T Pro,bought this beauty 5 years back in corona time for myself after its 1 year launch used it for 2 years then my elder son used it for 2 years now my younger son is using it for the last 1 year redmi k20 pro running for the last 5 years
Xiaomi Redmi K20 Pro/Mi 9T Pro,"march 2025 
 
mi9t pro still rockin 
waiting for nonnubia under display selfie camera or no selfie camer at all"
Xiaomi Redmi K20 Pro/Mi 9T Pro,after this the poco f3 of xiaomi was really good too but xiaomi fell after that
Lenovo Z6 Pro,after a faithful 5 years of service the glass on my phone cracked when it was dropped again i cant find a replacement anywhere can anyone suggest where i can order the glass from the screen works
Lenovo Z6 Pro,was this the last lenovo smartphone review ever
Lenovo Z6 Pro,my lenovo z6pro facial recognition gone all the sudden what should i do
Samsung Galaxy Note10+,looking for spire part of samsung galax note 10 plus if it is avairable how murch it is
Samsung Galaxy Note10+,how much lcd for samsung galax note 10 plus
Samsung Galaxy Note10+,i had the note 20 fell in   i now have the s24 and long for a note 20 still
Realme 5 and 5 Pro hands-on,go to settings then sound and vibration then scroll to the very bottom and look for real sound technology and turn off the eq
Realme 5 and 5 Pro hands-on,realme 5 pro audio if use headset sound like bathroom echoy pls comment tq
Realme 5 and 5 Pro hands-on,s
LG W30 hands-on,troll no single bloatware app stop being st i have this and its clean android not even their own apps in the device
LG W30 hands-on,just got june 2020 security patch up from sep19 security patch no android 10 yet
LG W30 hands-on,its good and superb i got 3 gifts from the phone one is selfie stick and one ring and one bluetooth headset also thanks for launching the lg w 30
Motorola One Action,no autofocus on front camera means some facial recognition apps wont work because your face becomes blurry when you need to get closer i wish i had known this prior to purchase because now i have to keep two devices to be able to use all of m
Motorola One Action,hmmm very good manufacture body high speed resolution display good working i like moto mobiles  i suggest to buy best model moto 1 action really
Motorola One Action,i love this phone pretty good till now completing nearly 2 years
vivo Z1Pro hands-on,running 8year but still good work good
vivo Z1Pro hands-on,good but it fingerprint sensor doesnt work any more
vivo Z1Pro hands-on,best phone my phone is 5 years old but very good condition
Samsung Galaxy Note10 and Note10+ hands-on,i dont believe my samsung note 10 dont have the function to record conversation when my xiaomi 6 already have it
Samsung Galaxy Note10 and Note10+ hands-on,"as i said earlier  sorry samsung iam out  
    after long years with you one hour laiter i will be useing huawei this is my last message from samsong phone just i wished samsung  listen to users more than followng apple phones 
any one happy wi"
Samsung Galaxy Note10 and Note10+ hands-on,"agreed well a high end professional needs to answer calls and attend to conference calls and how to do that without a 35 mm jack required for a wired headset  
 
also a high end professionals needs a note series phone with a stylus to sign off "
Samsung Galaxy Tab S5e hands-on,you can get it at slot or order it from amazon
Samsung Galaxy Tab S5e hands-on,i have this tablet around 2 years and its a really great multimedia tablet granted not the fastest but for some games netflix and web browsing its still perfectly fine the screen is just fantastic and the sound from the speakers is rea
Samsung Galaxy Tab S5e hands-on,i have this tablet around 2 years and its a really great multimedia tablet granted not the fastest but for some games netflix and web browsing its still perfectly fine the screen is just fantastic and the sound from the speakers is rea
Xiaomi Redmi K20 Pro hands-on,high qualityrich and louder soundbut i think you wont get a headphone with the phone
Xiaomi Redmi K20 Pro hands-on,that was a perfect reviewredmi k20 pro rules over oneplus 7asus 6 and many more in overall performance
Xiaomi Redmi K20 Pro hands-on,noyou will get a gorilla glass 5 protection in both sides with the phone
Asus Zenfone 6 vs. Samsung Galaxy A80,a80 is the best smartphone w a camera that can flip 
Asus Zenfone 6 vs. Samsung Galaxy A80,"i love samsung galaxy phone  
 
 
samsung galaxy is the best"
Asus Zenfone 6 vs. Samsung Galaxy A80,could you use better english that was almost unreadable go for the 1 though
Xiaomi Mi A3,excellent
Xiaomi Mi A3,im a fully satisfied user for over 5 years a great no nonsense value for money work horse in the jungle of smart phones google xiaomi stand apart as a useful choice
Xiaomi Mi A3,i want to say same about the phone but you almost coverd all the words i am also using the same since 2019 and will complete 5 years in this august really a nice machine
Samsung Galaxy S10+ long-term,in my s10 have green line center of the display without hit and damage any solution of this problem
Samsung Galaxy S10+ long-term,used since may 1 2019 i just replaced the battery this year test results at the samsung center for battery capacity remaining 7080
Samsung Galaxy S10+ long-term,am planning to buys one is it a good choice though can it run car x street and latest versions of game properly
Mobvoi TicWatch Pro 4G LTE,where is this clock in your database
Mobvoi TicWatch Pro 4G LTE,youre thinking of the ticwatch pro 3 this is a review for the 2019 model
Mobvoi TicWatch Pro 4G LTE,check the chipset  it is not snapdragon wear 2100  it is qualcomm snapdragon wear 4100 platform
RedMagic 3,hi guys i just want to ask is it worth to buy nubia red magic 3 i am planning to buy for myself so i just need your advice if it is worth or not before getting one thank you for those who will answer have a good day everyone
RedMagic 3,hi i dont know if anyone experienced this on their red magic 3 yet but mines showing a pink line any ideas on how to remove it
RedMagic 3,can gsmarena or anyone here confirm if the phone supports lte carrier aggregation  i cant seem to get it to work on this phone i know the snapdragon 855 and x24 modem support it i fear that nubia has intentionally disabled this feature on the pho
Honor 20,can someone confirm that honor 20s screen is not gorilla glass
Honor 20,i using honor 20 last 6 month i get 5 star this phone its all good camera profamence or battreylife all very good work every time
Honor 20,try wipe partition cache phone will run better
Asus ROG Phone II hands-on,will you play games underwater eh xd
Asus ROG Phone II hands-on,devs earn not via just selling the game but user buying in game data diamonds shell in game bundles etc they will own more than just selling the game  battle passes and many more how do you think coc mlbb  vainglory flourinshed they have the 
Asus ROG Phone II hands-on,does this phone is waterproof
"Black Shark, Red Magic vs mainstream flagships","hi 
please do a 2022 version 
including flagship midrange and entry level phones"
"Black Shark, Red Magic vs mainstream flagships",and the oneplus 7t with the 855
"Black Shark, Red Magic vs mainstream flagships",i have a sd845 device which is the unlocked version of the lgv40 and it doesnt throttle at all in the throttle test they shouldve been using the gpu gflops fp32 test for a base comparison the new mate 40 pro for example has a arm malig
Our editors talk: 2019 H1 highs and lows,i am looking for the best telephone power  because many devices suffer from this power in faroff geographical location of the good network covers
Our editors talk: 2019 H1 highs and lows,"you may be right but one aspect how much quality they give  some phones life has too small some has reasonable some has ultra good in my opinion one plus phone have small life comparing samsung phone   
this is most important aspect when there"
Our editors talk: 2019 H1 highs and lows,in my opinion what is important in smartphone game is to hold the performanceprice ratio higher for example the difference between oneplus 7 pro and samsung galaxy s10 series is that ratio oneplus phone delivers equal or even better performance t
"Realme 3i, Realme X hands-on",realme is a good phone
"Realme 3i, Realme X hands-on",3i when arrive myanmar
"Realme 3i, Realme X hands-on",india gets upgraded p70 cpu at a cheaper price
OnePlus 7,a real gem very well balanced performer for life and business i am sorry oneplus do not make 64 inch or smaller units
OnePlus 7,"very good phone still working in excellent condition purchased in 2019 still working fine i have replaced phone battery in service center a year before 
there is no issues except battery performance is average 
software display charging time n"
OnePlus 7,its 2024 september im texting this from a oneplus 7 5yrs of great performance  happy with the purchase just that my storage is full couldnt run heavy tasks and i broke my screen got it replaced outside the store so few accidental touc
Black Shark 2,is this code really works
Black Shark 2,who is batter realme 8 1month old or black shark 2 13month old who is best
Black Shark 2,does gpu boost 666 improve gaming performance overall or is it only for bhenchmarking because i am getting frame drops with turning on  gpu boost i dont know why tho please reply 
MOQI i7s Android game console,verizon will work fine for phone calls mobile data and sending texts but receiving texts will only work if your sim is setup for cdmaless devices the one i used was the tcl 10 pro and i think my oneplus nord n200 5g would also trig
MOQI i7s Android game console,unfortunately this device got stuck on android 81 but still all the latest games i tested runs quite well and very good for emulation
MOQI i7s Android game console,what phone services can be used on this device i tried verizon but it doesnt work i put in the sim card and talked to a verizon representative and he also couldnt get it to work on verizon
Xiaomi Mi 9 SE,im using this phone for like 28 months and thebonly flaw its the battery its tl small
Xiaomi Mi 9 SE,gps problem in this phone is very annoying
Xiaomi Mi 9 SE,same feeling here the size is just perfect for me bought it on 1st day it available here in malaysia about 2 years ago if only mi 11 lite come with the same display size then we got replacement for it
OnePlus 7 Pro vs. Samsung Galaxy S10+,oneplus 7 pro 
OnePlus 7 Pro vs. Samsung Galaxy S10+,sooooo
OnePlus 7 Pro vs. Samsung Galaxy S10+,the s10 is the obvious champion
Xiaomi Mi 9T/Redmi K20,very good
Xiaomi Mi 9T/Redmi K20,very good
Xiaomi Mi 9T/Redmi K20,wonderful
Samsung Galaxy M30,how to put software in samsung galaxy m30 is coming from china
Samsung Galaxy M30,super phone very fine clarity photos took from this
Samsung Galaxy M30,bro u are right
Samsung Galaxy A30,how restore or clean android phone galay a30
Samsung Galaxy A30,here i am using samsung a30 with custom rom with oneui61 and android 14   all thanks to xda forums idk what id do with this phone without them still feels smoothhh since 2019 im using a30
Samsung Galaxy A30,good
Motorola Moto Z4,model z3 force doesnt exist
Motorola Moto Z4,moto z3 force better then z4
Motorola Moto Z4,i love this phone it takes the best pictures ever the screen cracked and it quit working so i went with the edge i hate it camera is not near as good as the z4 my pictures were so awesome taking with the z4 i cannot say that about the edge most of th
Xiaomi Redmi Note 7 Pro hands-on,yes
Xiaomi Redmi Note 7 Pro hands-on,yes
Xiaomi Redmi Note 7 Pro hands-on,my phone is evaryday off 11 30 pm
Sony Xperia 1 vs. Samsung Galaxy S10+,quality never goes out of stylethats sony
Sony Xperia 1 vs. Samsung Galaxy S10+,i am  sony boy from my childhood days it tried and tried with many other brandsbut experience with sony is marvelous sony phone is like its something connected with your mind and body once you with sony you never compromise with quality and 
Sony Xperia 1 vs. Samsung Galaxy S10+,yeah
Smartphone buyer's guide: Mid-2019 edition,s10e also a phablet
Smartphone buyer's guide: Mid-2019 edition,no smartphones  only phablets
Smartphone buyer's guide: Mid-2019 edition,i think people should consider about realme 5 instead of realmeit has bigger screenbigger battery and quad cameraand it has a better soc too
Sony Xperia L3,was good to use could not understand why manyones calling worst phone  good experience with sony i4312 
Sony Xperia L3,thats simple this phone is a dry spell for them its like what happened to the galaxy note 7 which is way worse than the issues you could have with this sony model not saying samsung are a bad company as there not but my point is every company has
Sony Xperia L3,why sony still in phone market sony xperia l3 the worst phone i have ever use
Sony Xperia 1,tf you means by 5g lacking only special version of sd855 phone have 5g like s10 5g at that time tbh wireless charging isnt that great other complaint are just you being nitpicky 4k screen with 3300mah anyone with brain can know that the b
Sony Xperia 1,"had sony xperia 1 never again think phone over heats etc  
think sony xperia 5 was the best battery life on that was for very long compare to 1 not haveing xperia has to be samsung "
Sony Xperia 1,after two and a half years my phone still has 88 battery capacity the battery is small but of very good quality
Samsung Galaxy A80,learned the hard lesson of it when going back to my mums rural hometown thats why i learned to stop relying on the internet all the time times like that make me realize that the socalled outdated old tech is still far more 
Samsung Galaxy A80,come back to me when rural places have stable internet coverage which of course it wont so much for get with the times 
Samsung Galaxy A80,it was released in 2019
Honor 20 Pro,btw there is no ir blaster and its a great phone
Honor 20 Pro,yes it have
Honor 20 Pro,does this have ir blaster for use as tv remote
Oppo Reno 10x zoom,"oppo reno 5g 
yes or no"
Oppo Reno 10x zoom,is there two models for this device single sim and dual sim
Oppo Reno 10x zoom,very cost for me      but like it
Asus Zenfone 6,me too here after 5 years in2024 everything even the battery is still fine
Asus Zenfone 6,best all rounder phone by asus great flip camera which means high quality selfies great sound quality full screen ips display 5000 mah battery 35mm jack sd card slot slim  compact built sadly these type of innovative phones are no long
Asus Zenfone 6,best and useful comment till this year
Samsung Galaxy A70,had this phone since feb 2019 i think still going strong only got a new phone today because australia were shutting off support for the a70 something to do with security laws and that this particular model is liable as well as a few other samsung
Samsung Galaxy A70,same with me ive had it since october 2021 best value for money a few hiccups but what a solid phone
Samsung Galaxy A70,i think the phones were manufactured in 2018 but released to the public in 2019 i bought mine in 2020 march sadly needed a battery change recently and the battery was dated as 2018 manufactured
Android 10 Q beta,so i currently just updated my pixel 3 to this update and now i am stuck on the boot up logo for pixel it wont even access anything and i have tried a hard reset and still nothing any advice
Android 10 Q beta,indeed but if it brings the compact line back it might be worth it
Android 10 Q beta,from what i heard so far the xperia 4 name was based on rumors going on esato forum one of few places where sony fans gather to get news and rumors and one of the reliable sony leaker said xperia 4 could be the chosen name for the compact line
Honor 20 and 20 Pro hands-on,honor 20 pro vs reno 10x zoom which one is better
Honor 20 and 20 Pro hands-on,okay so current phones should still working
Honor 20 and 20 Pro hands-on,honor 20 pro is way better
Asus Zenfone 6 hands-on,still a great phone in 2021 especially with nonaging lcd ips display
Asus Zenfone 6 hands-on,unfortunately this zenfone 6 has not been launching in malaysia as promised were not getting this unit unless we import from other countries through online shopping platform like shopee and lazada sad to say this
Asus Zenfone 6 hands-on,yes i has a hidden cabinet on the file manager
Motorola One Vision,good
Motorola One Vision,suddenly after android 11 update the phone charges really slowand sometimes doesnt charge at all have factory reset it still the battery issue persist any suggestions will be of great help
Motorola One Vision,"i have this phone for 15 years 
camera is good 
charging is fast and compatible with fast chargers from other vendors samsung hmd usually i charge it for 3040 min by getting 50 more juice 
battery health is 99 and it can handle 8h for s"
OnePlus 7 Pro,"still using it incredible phone performance is still very nice  
battery life is poor 1 day in normal usage and my usb port is becoming more and more capricious but for a phone of more than 5 years it is still very nice"
OnePlus 7 Pro,"wonderful  
mobile  one plus amazing"
OnePlus 7 Pro,xiaomi poco f5 pro is the best option
Realme X,"1 not able to open front camera 
2 phone is not vibrating  
3 speaker volume is very low now 
4 screen doesnt get on when call comes 
5 charging gets down rapidly 
 
bought on august 2019"
Realme X,not able to open front camera
Realme X,it is difficult to ansewer the call
Huawei P30 Lite,because of your careless that is why you broke the back cover
Huawei P30 Lite,i have 1t gb in mine
Huawei P30 Lite,"i got one such a phone 
the phone is on and functioning but since  yesterday it doesnt display light that i cant do anything on it 
how do i go about it to enlight huawei p30 lite"
Google Pixel 3a XL,is it waterproof
Google Pixel 3a XL,is this phone completly made without metal even the inside battery etc
Google Pixel 3a XL,is the pixel 3a xl ready for v 12
OnePlus 6T long-term,"good phone without problem from 6 years hearing up is only problem with fingers burning sensation 
when not in much use also heating why"
OnePlus 6T long-term,best phone ever since have been using phones in my entire life 
OnePlus 6T long-term,great phone actually but i have tiktok burned in my screen for like 1 year of having tiktok
Samsung Galaxy A40,"what did you expect from a smartphone like a40 and that price 
 
i bought mine in 2019 and i still use it no battery problems social media user twitter  x instagram youtube and all fine 
 
i will buy a new one still do not know what bran"
Samsung Galaxy A40,and here i am on my a40 with oneui 61 installed on it with 0 problems yes it is not a speed demon but it is far from bad netflix and most other just work fine some banking and other apps that rely on strong device integrity will not work
Samsung Galaxy A40,
Samsung Galaxy Fold,return your device to the place to got the fold
Samsung Galaxy Fold,email samsung this isnt gsmarenas issue
Samsung Galaxy Fold,i am using samsung gallaxy 5g fold and it is not charging please can rectify the problem
Oppo Reno 10x zoom hands-on,"96kbps is really enough for good quality sound already almost at mp3 beginning days but definetly now with modern encodes 
 
so without listening to the vid id say the problem is the microphone quality or size or placement"
Oppo Reno 10x zoom hands-on,can you hear the low quality sound in video taken oppo didnt learn from past i see who on earth would set the bitrate of camera audio to 96kbps only oppo would 
Oppo Reno 10x zoom hands-on,why as it is most sensible notch less option for me i will order it
Realme 3 Pro,yes i can confirm mine still have no crack at all on the original screen protector since i bought it on the early released date until now
Realme 3 Pro,been using this phone for 5 years and a month never used a screen protector rather than the one thats already on the phone  that thin protector dropped this phone countless times even from 16 meter or 5ft nothing happened to the screen
Realme 3 Pro,ive had a realme 3 pro since jul 2019 and its been a great phone i am now looking to replace it as a few months ago i dropped and cracked the screen which i had the screen replaced and put a protector on but this screen has now started t
Samsung Galaxy S10e vs. Apple iPhone XR,s10e is sharp really the best anything iphone below 11 dont try it you might end in regret
Samsung Galaxy S10e vs. Apple iPhone XR,how far it goes cant be thesame with xr it maybe similar but never good working as it xr is like a cheat to s10e still has everything and more
Samsung Galaxy S10e vs. Apple iPhone XR,i will go with xr xr is supereb in performance 
Samsung Galaxy A50,my mobile  slow  charging
Samsung Galaxy A50,battery problem replace battery and dont  overcharge the pho e
Samsung Galaxy A50,im with you brother slick and smooth
Samsung Galaxy Fold hands-on,i love the original fold  ive had it 7 months now  still in love with it couldnt go back to a normal phone now foldable phones are definitely the future
Samsung Galaxy Fold hands-on,my future phone one of the most awaited device
Samsung Galaxy Fold hands-on,hey is that edinburgh museum there in the pictures
Huawei P30,"i cant find a way to testy display 
 
it used to pop up all the time but now i want to test my display o cant find it 
i guess you dont like bad reviews"
Huawei P30,yes i stille using nu p20 and have p30 as sparen in the box i charge it weekly tot user it when nu p20 dies but thats nog happening
Huawei P30,am astonished my p30 has gone 6 yearsand am not even planning to change it
Samsung Galaxy A80 and A70 hands-on,got cheated fingerprint notworking
Samsung Galaxy A80 and A70 hands-on,please dont compare that cheap crap adware phone with this
Samsung Galaxy A80 and A70 hands-on,"under display fingerprint making to place so many times 
apart from that other options are very nice"
LG G8 ThinQ,recently got this phone from my employer for a work phone i have never been an lg fan of phones but so far this one is treating me well time will tell
LG G8 ThinQ,i love the lg phones  not so much the bloatware  i bought mine renewed at 176  now they are 129  this is a flagship phone  when it boots up it says verizon  i think it updated to android 10 when i got it then 11 and now 12  it 
LG G8 ThinQ,an lg costs 250 and an asus costs 650 for basicly the same features and has its own problems i will definite keep the 400 difference in my pocket and buy an lg
Nokia 9 PureView,battery is so much small
Nokia 9 PureView,i took this smartphone with the battery exhausted replaced it and participated in a photo contest in my small country of residence well i won
Nokia 9 PureView,i sadly had to give up my lumia 1020 as my regular phone years ago as whatsapp wasnt supported anymore such a shame the 9 cannot compete with the 1020 yet i am not disappointed in the photo quality at all even managed to get some good resu
Samsung Galaxy M20,aug 2025 and i still use this old phone daily since i bought it new in 2019 still solid while its competitors in my families phone in the same era and class namely asus zf mp 1 etc were already dead
Samsung Galaxy M20,this phone is very nice but i broke up display
Samsung Galaxy M20,this phone is vary nace
Honor View 20 long-term,my honor view 20 so far still good until nowvideo plus photos still beautiful my problrm because i cannot put the sd card as the internal memory is not enough for me
Honor View 20 long-term,ebay stock it about 25
Honor View 20 long-term,my honor view 20 broken any one knows were can i find a lcd for my phone 
Samsung Galaxy M10,i have it now for 3 years and its absolutely good i love this phone 
Samsung Galaxy M10,"i had bought the m10 and i feel that this phone was created to bolster the m20 all the marketing campaigns focus on the m20 and theres not a whole lot on the m10 
 
still this feels way better than its chinese competitors though i will say"
Samsung Galaxy M10,superb phone when i bought this i was upset for no fingerprint sensor why i am not purchasing m20  and always comparing with m20 because m20 is only 1k costly form this phone but time passes and passes after all average phone but this is also 
Camera VS: Huawei P30 Pro against the world,good
Camera VS: Huawei P30 Pro against the world,so true
Camera VS: Huawei P30 Pro against the world,from remote hub
Huawei P30 Pro,configuration
Huawei P30 Pro,this is the second p30 pro ive owned in 2025 youd its out of date having said that the cameras are still very good i use the macro camera a lot for work as a microscope the battery is still a 2 day battery the thing i d
Huawei P30 Pro,great camera great lens makes great photos love the leica presets great to carry around next to my leica q and canon d1s
Huawei P30 hands-on,just noticed second photo in samples with a cup is not telephoto camera its a digital zoom from main camera wonder if its deciding for me what camera to use as this 3x and 5x photo looks pretty bad very pixelated but 3 rest of photos are take
Huawei P30 hands-on,fake news it does has 4200 mah
Huawei P30 hands-on,very nice  what is the praise
Sony Xperia 10,how to unlock sony xperia 10 if you forget the pin
Sony Xperia 10,"because only has 3gb ram which is too small and snapdragon 630 which only relies at a53 cores this is low performance cores which means snap630 is identical like 4xx not 480 
 
if you want a reliable phone buy flagship 8xx and ufs no regret eve"
Sony Xperia 10,i have been a sony fan for many years now and own have owned many sony products this phone however does not do the sony brand justice as its the worst sony device i have ever owned after 2 years of use like so many other users its 
Samsung Galaxy S10e,very nice mobile phone
Samsung Galaxy S10e,great phone
Samsung Galaxy S10e,yes i do
Oppo F11 Pro,hello i am oppo f11 pro user for almost 3 years ive encountered the same problem where popupcamera is not showing i asked my uncle which is kinda expert about phone he told me that theres a ribbon thingy that you need to
Oppo F11 Pro,how do i get my front selfie camera to start working again
Oppo F11 Pro,how do i stop the volume from reducing by itself
Sony Xperia 10 Plus,"not have screenshot system 
and you can do video calling battery is dead in 12 hours"
Sony Xperia 10 Plus,samsung a50 or a70 at the same android pie and ufs and better chipset plus oled also oppo reno and realme also offers similar like samsung at the lower cost than sony many oem offers more interesting features than sony at the similar premium price
Sony Xperia 10 Plus,do you still have that water proof sony
vivo V15 Pro,"this phone all over very fine speacilly both camera is the best  
i love vivi v15 pro"
vivo V15 Pro,phone pop camera was not working properly
vivo V15 Pro,very nice phone look display and smart phone
Sony Xperia XZ3 long-term,and it still performs great after all these years 
Sony Xperia XZ3 long-term,why version 11 or 12 is to late for this mobile
Sony Xperia XZ3 long-term,"does anyone know where can i buy a good battery for my z3 dd300 
thank you"
Samsung Galaxy S10,android galaxy s10 5g
Samsung Galaxy S10,"the usb charge does not work anymore and there are  
 crack on the glass on front side and back side due have uselly  
but 
still working perfectly with wireless charge with 86 of battery health connected with windows 11 as i can use for web"
Samsung Galaxy S10,yessir
Realme 3,i have been using realme 3 since may 2019 and it is still working but i faced some problems with android 10 with some lags and slow so i had to go back to android 9 and now it works better
Realme 3,realme3 4gb rem64gb storage
Realme 3,"i am using realme 3 since july 2019 
it is working well there is an issue with battery life but that is obvious for almost 4 years old phone 
there is not any lagging issue but sometimes the fingerprint doesnt work"
Motorola Moto G7 Play,"its an ohk phone but i lost the pin used to open up the sd area what do i do 
im also wondering if it is a dual or single sim phone 
the memory space is rather small"
Motorola Moto G7 Play,hate this phone after a few months its laggy on doing even the most basic tasks like opening the keyboard to type into an app literally a 45 second delay to get the keyboard i reboot it constantly to keep it snappier  and it still 
Motorola Moto G7 Play,the snapdragon 632 whips through most games without issue the lower level adreno 506 kind of lets it down if youre getting it for games still itll handle almost anything you throw at it
Samsung Galaxy S10+,this phone was insane 12gb of ram and 1tb of storage in 2019  and more than 7 years later we get s26fe with 8gb of ram and only s26 ultra also goes up to 1tb
Samsung Galaxy S10+,hows the battery life compared to the note 10 plus
Samsung Galaxy S10+,great phone
"Samsung Galaxy A50, A30, Tab S5e hands-on","bought a new a50 after i changed my huawei y9comapred to y9 samsung a50 is no where near huawei 9  
poor network quality 3g and 4gcompared to y9 
y9 more user friendly  
camera only better than y9 i have regretted picking a50"
"Samsung Galaxy A50, A30, Tab S5e hands-on","bought a new a50 after i changed my huawei y9comapred to y9 samsung a50 is no where near huawei 9  
poor network quality 3g and 4gcompared to y9 
y9 more user friendly  
camera only better than y9 i have regretted picking a50"
"Samsung Galaxy A50, A30, Tab S5e hands-on",its normal dudee
"Sony Xperia 1, 10 Plus, 10, L3 hands-on",wow what a phone hands down
"Sony Xperia 1, 10 Plus, 10, L3 hands-on","you cant delete my comment cause i mentioned your mistake guys 
for a device to be labeled as 4kqhdfhdhd we should look at vertical pixels not horizontal pixels  this is an elementary term in resolution topics 
 
so if a device doesnt ha"
"Sony Xperia 1, 10 Plus, 10, L3 hands-on",65 in 219 is equal to having a 52 display in 169 and having its up and down stretched
"Xiaomi Mi Mix 3 5G, Mi 9 Explorer, and Mi 9 SE hands-on",they price is what
"Xiaomi Mi Mix 3 5G, Mi 9 Explorer, and Mi 9 SE hands-on","wow  nice display  
 how about the quality "
"Xiaomi Mi Mix 3 5G, Mi 9 Explorer, and Mi 9 SE hands-on",xiaomi mi 5g mobile with infrared sensors and light sensors and 5000 mh battery and 5 inches display  my choice
LG V50 ThinQ 5G and LG G8 ThinQ hands-on,if you have a lg g7 or older phone please upgrade i had lg g6 it had many problems cant charge due to moisture detected can only use wireless charging then i bought the lg g8 in red from tmobile in may 2019 at a discount price 600 omg
LG V50 ThinQ 5G and LG G8 ThinQ hands-on,my lg v20 is the last good phone removable battery sad they dont make these anymore a battery will only last 2 years max phones are now disposable with a premium price sad sad sad
LG V50 ThinQ 5G and LG G8 ThinQ hands-on,may choice is lg v50 thinq 5g
Nokia 9 PureView hands-on,nokia management loves jokes and use silly customers making most expensive phone with most shitty batteries if this doesnt stops then after nokia lover i will fall to haters side now im neutral still watching such nastiness or siliness
Nokia 9 PureView hands-on,zte
Nokia 9 PureView hands-on,nice phone
"Nokia 4.2, 3.2, 1 Plus and 210 hands-on",approved and of good quality product
"Nokia 4.2, 3.2, 1 Plus and 210 hands-on",3000
"Nokia 4.2, 3.2, 1 Plus and 210 hands-on",i love the phone but its sad that when i want to record a conversation it allows the other end receiver to know i want to start recording wtf who does that what then is the essence of making a record if its not for personal use 
Huawei Mate X hands-on,"hi  
how are you  
i am fine  
i was also finding such a phoneits look very nice but l need long battery timing"
Huawei Mate X hands-on,"huawei is clearly telling us that phone is manufactured during the week days and go on sale on friday   
what im curiously about is why not sale it on their showrooms around china 
 
i think we should make a fair comparison between brands  "
Huawei Mate X hands-on,awesome device
"Samsung Galaxy S10, S10+, S10e, S10 5G handson",i have the screen if you still need it
"Samsung Galaxy S10, S10+, S10e, S10 5G handson",wow mine is also broken and i got a lot of stuff on it too i want to retrieve back i currently gave it to fix in a shop best you can do is the same go to a shop where they fix phones screen and you will have fix looking good brand new face in a
"Samsung Galaxy S10, S10+, S10e, S10 5G handson",himy s10 5g screen got damaged and i need to replace it cause i have lots of information i need to retrieve any help on how i can get the screen replaced have really tried and i couldnt get it though any credible information would duly be 
Xiaomi Mi 9,this phone outlasted 2 other phones i had to date of this post a lg and an oneplus other than the battery this phone is going strong the only thing i fear that will undermine this phone or bottleneck this phone in 13 years would be the support
Xiaomi Mi 9,same here been using since 2019 system is almost flawless and it is working as swiftly as it was with a minor hiccup here and there i wish it received updates though cameras are still great with gcam mod
Xiaomi Mi 9,i have been using mine since 2019 no single fault till date apart from battery is slightly weaker now
vivo V15 Pro hands-on,"the side frame is just 175mm while the top one is merely 222mm 
why didnt mention bottom bezels size as well"
vivo V15 Pro hands-on,almost there vivo but no quite with that small chin
vivo V15 Pro hands-on,"the camera result is good for the price but not for pixel peeper  
 
it only good for small screen not for zooming in 
other than that this is a terrific phone"
Motorola Moto G7 Plus,it comes with a case
Motorola Moto G7 Plus,this phone is 120 right now which makes it a great deal only problem is trying to find a case for it
Motorola Moto G7 Plus,"how long are you getting now  
also any slowness or breakdown happened since day 1"
Motorola Moto G7 Power,i love my moto g7 power it didnt cost much doesnt have as much bloat as samsung and simple i actually returned a pixel 9 because it had too much the only reason im upgrading to a new phone is that they stopped updating the os on
Motorola Moto G7 Power,moto g7 power is a piece of crap because the speaker is nothing but rubbish junk and i dont recommend anyone buying it but if you decide to get one make sure you get a hearing aid and then maybe you might hear it  also the text notification suc
Motorola Moto G7 Power,"phone battery is replacable but i think you will need to take it to a phone shop  
expect to pay about 50"
Motorola Moto G7,is not capatible for audio streaming hearing aid protocal
Motorola Moto G7,"my partner has had this phone for about two years and at some point it was updated from android 9 to 10 we believe that before the upgrade it was possible to select 4g calling but now this option doesnt appear on the menu 
this was not a pro"
Motorola Moto G7,hi is a moto g7 any good would you recommend it
Asus Zenfone Max M2 hands-on,"asus_x01ad 
cant activate volte fully updated"
Asus Zenfone Max M2 hands-on,ive been using my asus zenfone max m2 for more than a year already and i am satisfied with it satisfaction depends on your usage if you want a long life battery i can say that this is worth it it lasts up to 48 hours depends on your usage
Asus Zenfone Max M2 hands-on,"asus zenfone max m2 is the worst handset i had ever purchased  
 
purchased year jan 2019 
 
performance jan 2020 replaced motherboard due to software issue and same had been incurred after 4 months without any physical damage 
 
now compa"
Moto G7 family hands-on,"apples quality is on top  
i just wonder why some basic and major functionalities have issues apprearing in their devices im pretty sure that they are testing their devices but i think not that well i think their dev team is not doing unit and i"
Moto G7 family hands-on,"apples quality is still on top 
 
hahaha what a comedian xd 
 
apples got a lot of money and they obviosly save a lot on testing as they clearly dont do much of it 
 
lucky for your wife she got the 5s where the 5 was the public beta d"
Moto G7 family hands-on,"vanilla android is helpful on opening basic apps a milisencond faster but that does not take away the performance advantage the sd660 have over the sd636 where it actually matters games 
 
not sure which version of the note 7 they compare 3 4 "
Xiaomi Mi 8 long-term,im writing with it and it doesnt have any issue 
Xiaomi Mi 8 long-term,i loved my mi8 but since it fell down and the screen was inked i cant get the screen for my phone anywhere else can anyone please  help me to get the screen please  im in bloemfontein free state south africa
Xiaomi Mi 8 long-term,i used for 4 years without any issues and would more but it fell in water so must find some new 
Xiaomi Redmi Note 7,note 7 pro uses snapdragon 675 which is capable of taking actual 48 mp photos and 4k videos while note 7 uses snapdragon 660 which isnt capable of that much
Xiaomi Redmi Note 7,chipset
Xiaomi Redmi Note 7,pls what are the differences between redmi note 7 and note 7 pro
Huawei Mate 20 X,it definitely doesnt last 6 hours anymore but thats likely just due to battery degradation might be worth seeing if you can put a new battery in one
Huawei Mate 20 X,thank you so much are the rear cameras fast to focus even in indoor shots it has only regular pdaf but it has laser autofocus autofocus speeds matter much to me
Huawei Mate 20 X,yes ive had mine since 2019 and started using it again after sitting since 2022 and it still gate 8 hours no  problem
Huawei P Smart 2019,this phone very powerful but battery is not okay so just make 6000ah battery then your phone becomes proper like this p smart 2019 battery are not good thanks for your products 
Huawei P Smart 2019,best phone i ever had serviced me from 2019 till 2025 without a single problem of planned obsolescence still works just as good as the day i got it sure it got some scratches but its the best phone ever
Huawei P Smart 2019,have that phone from 2019 to 2024 never freezebaterry 1 day never problems 55
Honor View 20,proximity sensor
Honor View 20,anyone can confirm whats at the topbeside microphone one is ir and the other
Honor View 20,the display quality isnt flagshipworthy  actually ips screen with single dot  35 jack is why i am going to buy this phone in 2020 it even has 31 usb typec even despite most newer flagman use 20 sadthey skipped sd card so i need to hun
vivo NEX Dual Display,you may contact your local vivo for more information
vivo NEX Dual Display,i bought this in ghana and i cant even change the country and region on this phone  can anyone assist me with this please 
vivo NEX Dual Display,nice
Pocophone F1 long-term,2026 and still on it what a monster device it is
Pocophone F1 long-term,hi i bought this model when they started producing it price 310 this is my second xiaomi the best thing is that if something breaks they fix it right away ips is great safe phone battery in very good condition ive been using it for 5 
Pocophone F1 long-term,omg me too it just keeps chugging along
Honor View 20 hands-on,popup slefie camera ont good
Honor View 20 hands-on,please post a full review on this mobile its the most discussed phone now
Honor View 20 hands-on,those 48 mpix shots are still worse than the 38 mpix ones from my old nokia 808 and we are in 2019 thats incredible but yes probably unfair to compare it with a quadbayer filtered sensor
Xiaomi Mi Mix 3,such a brilliant design and they dropped for the punch hole and they udc
Xiaomi Mi Mix 3,lmao what how is this a failure you get a 24 mp front camera with portrait camera individual you get two high megapixel count cameras on the back with up to 4k 60fps recording you get a slider that has face id immediately when you open it with o
Xiaomi Mi Mix 3,does the mi mix 3 have a dual camera mode ie pictureinpicture front and back camera recording
Samsung Galaxy A9 (2018),my favourite phone
Samsung Galaxy A9 (2018),samsung galaxy a9 2018 this mobile phone is excellent but battery is same problem therefore new samsung wants to be change kindly accept my request new phone exchange
Samsung Galaxy A9 (2018),device no useful
Our editors' favorite smartphones of 2018,what no htc fans in the team
Our editors' favorite smartphones of 2018,"honestly speaking xiaomi and nokia had a better year in terms of smartphones pugb and fortnite in terms of games and ofcourse memes like these 
httpswwwtecholeaksofficialcom201901bestsmartphonesgamesandmemeshtmlm1"
Our editors' favorite smartphones of 2018,i also asked the same question i want to know wills favourite smartphone 
Camera test: The phone with the best Portrait mode,i think we need more photos of angie to determine camera quality  brains and looks wow for angie
Camera test: The phone with the best Portrait mode,ill split my money on a budget phone and a nikon d750 there problem solved hurray
Camera test: The phone with the best Portrait mode,"i dont think so  
nikon d3400 is probbably best dslr money can buy for a price of 250 euros and less 
but now dominates nikon d3500 for 499 but again if you know hhow and where you can buy it for around 350400 bucks"
Best and worst smartphone trends of 2018,wired headphones are so 1986 i mean cmon one day well just have transmitter in our ear canal and pick up music with implant antenna
Best and worst smartphone trends of 2018,yes youre right
Best and worst smartphone trends of 2018,you just said everything i was going to say bravo
Honor 10 Lite,solid phone isnt as sharp as the newer phones but if your looking for something reliable durable and not as expensive its great
Honor 10 Lite,they cant beat its selfie camera and screen
Honor 10 Lite,"i got this phone 2 years ago and i am happy with it  
i like the interface and there is less bloatware than samsung phones  
love the selfie camera that was the main reason why i got this phone and second is the low price  
only problem i am "
Asus Zenfone Max Pro (M2) ZB631KL,my phone newly bought through online when i opened it the phone wants to update its system due to poor of signal in our place the update s went long until it turns off when i opened it back the signal and wifi are disabled only the bluetooth are
Asus Zenfone Max Pro (M2) ZB631KL,13jun
Asus Zenfone Max Pro (M2) ZB631KL,asus zenfone max pro m2 android 10 official release date
Asus ROG Phone,can we desktop dock for other applications than only gaminglike business professional works billing softwares etc can we use only the phone as pc with keyboard and mouse or with an external displaymonitor without a pc
Asus ROG Phone,not worth it i dropped my phone once and it was just about knee high and the display got broken at first it was displaying some light in the screen but as time goes by it just displayed black screen the touch sensor were still working but the disp
Asus ROG Phone,which 2020 before or after christ
OnePlus 6T McLaren Edition,what are your thoughts on the headphone jack removal i use wired headphones and am wondering whether to get this phone
OnePlus 6T McLaren Edition,yes its a simple addictive phone  works seamlessly and the speed of the phone is top notch  excellent camera  the only thing is think before buying this phone  its a fantastic phone but are you worth to have this phone if you are not an aggres
OnePlus 6T McLaren Edition,size is quite comfortable i am using it for 3 months now the best phone i have ever used the much better camera than any iphone
Honor Magic 2,hey honor i have that cellphone and the scenario is juat super weird because when i pull the the camera it goes blackscreen how can i troubleshoot it or just fix it please help me honor
Honor Magic 2,when itll be released in pakistan
Honor Magic 2,im replying this on honor magic 2 its a whole different  wonderful experience
vivo NEX Dual Display Edition hands-on,your question was already answered on the top you just need to open your mind
vivo NEX Dual Display Edition hands-on,best phone ever
vivo NEX Dual Display Edition hands-on,by having a second screen you can take selfies from the back of the phone leaving the entire front free of notches or holes for selfie cameras the entire front of the phone is a screen
OnePlus 6T McLaren Edition hands-on,"10gb of ram with a processor that supports only 8gb youve played yourself one plus 
what shit engineers or marketing people must they have"
OnePlus 6T McLaren Edition hands-on,"the design does not feel luxury if only the design is like what vertu did 
 and the glass cover the the carbon fibre make it less premium"
OnePlus 6T McLaren Edition hands-on,if this had depth sensor and studio lighting portrait mode i would have boughtit ticks almost everything
Oppo RX17 Pro,yup could be that eye of sauron tof camera
Oppo RX17 Pro,thats why it died very quickly
Oppo RX17 Pro,as mentioned in the review the biggest problem for me is the capability of recording 60 fps even in the lastest update oppo still dont bring it i just noticed it after bought this phone a bit let down why i didnt read the review befo
Apple iPad Pro 12.9 (2018),can i use the 24w and 61w charger to charge my ipad pro 2018 plz i need your help
Apple iPad Pro 12.9 (2018),big price in korea 
Apple iPad Pro 12.9 (2018),plz anyone tell me can we use the memoji feature in this ipad plz
OnePlus 6T vs. 5T vs. 3T,i installed gcam and find it hard to see any difference im using a xiamio a3 and i didnt need to search for my model thought by your remarks the close up might be better but also not to be there is a phone out there which has a close u
OnePlus 6T vs. 5T vs. 3T,the oneplus line of phones have always been ahead of the rest when it comes to hardware specs the 3t had 6gb of ram and 128gb of storage along with an snapdragon 821 processor and an amoled display those specs alone were as good as gets in 2016 t
OnePlus 6T vs. 5T vs. 3T,kikikikik i like this
Realme U1,i think you dont to how to take photo with realme u1
Realme U1,this is using helio p70 clock speed 21 and the new processor g90t is having clock speed of 205 that is interesting
Realme U1,very poor flash quality like nokia 1100 led torch very disappointed
Xiaomi Mi 8 Lite,"august 2024 
upgaded to android 10 
my old phone mi 8 lite still alive  
compact and enough for daily job"
Xiaomi Mi 8 Lite,my battery spoiled and i need new one but where can i get it
Xiaomi Mi 8 Lite,"i have had mine xiaomi mi 8 lite since it came out and its still an excellent phone 
 
very reliable"
ZenFone Max M1 and Lite L1 hands-on,so very nice phone quaity phone
ZenFone Max M1 and Lite L1 hands-on,more phone darkar asus zenfone max and lite l1
ZenFone Max M1 and Lite L1 hands-on,where is the review of the rog phone
Night mode ON: Pixel 3 vs. Mate 20 Pro,huawei does a better job with evening the lighting and has less noise but the night sight brings out more detail both have come a long way
Night mode ON: Pixel 3 vs. Mate 20 Pro,"huawei has come a long way and is starting to trade blows with the biggest names competition drives innovation  
 
i actually prefer the look for the mate 20s night shots to most of the pixel 3s i own the pixel 3 xl as well as the pixel 2 xl "
Night mode ON: Pixel 3 vs. Mate 20 Pro,trolls fly on your cows test what i said and see it for yourself
Smartphone buyer's guide,why is mate 20 pro not in the camera phone department
Smartphone buyer's guide,"i do enjoy the smartphone buyers guide article its awesome and a practical guide i love it colleagues at work do trust me with the buying of smartphones for them family an friends 
but i wish the guide will be featured monthly or perhaps at"
Smartphone buyer's guide,please add a section on basis of audio quality
Xiaomi Mi A2 long-term,how can i switch my app galleryvertically or horizontally
Xiaomi Mi A2 long-term,"hi 
bought this phone for my son for his 21nd birthday this year 
later he bought another phone for himself as he needed the option to pay using the phone nfc but this phone doesnt support this option 
later this phone returned back "
Xiaomi Mi A2 long-term,which model was used for this review  the 464 did you face any readwrite lags referrign to the infamous emmc storage
LG V40 ThinQ,"a great cell phone with some huge problems 
1 the cell phone battery is absolutely scandalous from the first moments i realized that the charge lasts very little after a year i found myself having to recharge my cell phone even 45 times a day "
LG V40 ThinQ,the speaker and mic you can try looking them up on aliexpress
LG V40 ThinQ,does anyone know how to remove the navigation bar from the recent app launcher  the navigation bar doesnt show on my home screen which i want but it keeps popping up when i hit the recent app button  how do i remove it from there
Motorola One,2024 and still here baby this phones endurance is nasty badass
Motorola One,"i also was with apple and defected 
love my moto one even in 2020 it still works great i will definitely be getting another motorola have not missed apple in any way"
Motorola One,u damn right
Honor 8X,my honor 8x dont have fingerprint option
Honor 8X,my honor8x good
Honor 8X,my 8x is now 6 years old flawlessly reliable good camera good battery life and i wont be buying another phone until it dies
Google Pixel 3 XL,how to set network
Google Pixel 3 XL,i have this device this is one beautiful piece of unique hardware in its ergonomics
Google Pixel 3 XL,pixel 3 xl
Samsung Galaxy A7 (2018),its such a good phone it works very perfectly in 2026 thanks samsung
Samsung Galaxy A7 (2018),i have a7 2018 model from 2018 and its work very fine no battery issue no heating issue nothing first 2 year used the phone by me and then by 1yr my mom then 1 yr me then till the day my mom using this phone thank you samsung to making such a gadget 
Samsung Galaxy A7 (2018),over the past few years ive realized that running the phone with animations turned off can make every process especially launching the system apps a little faster however i find this phone draining every day and leaving it on charge for hour
Xiaomi Redmi 6 and Redmi 6A,this cellphone thank god is still good and worth it in 2026 but there are still many shortcomings and severe lag and sometimes the screen doesnt respond however in this year it can still open apps but it takes a long time and the stora
Xiaomi Redmi 6 and Redmi 6A,this was a really helpful review
Xiaomi Redmi 6 and Redmi 6A,"how to solve the problem when i get a message that ram ia occupied 
its phone reame 6"
Razer Phone 2,i cant use mine again because i got no way of charging it can anyone help please
Razer Phone 2,i love this phone
Razer Phone 2,i had this phone sins 2018 and i love it but the screen shattered but i did drop it of a balcony but i love razer products
Oppo RX17 Pro hands-on,yeah but still no audio jack nor irblaster and whats with that ridiculous triple camera setup at the rear
Oppo RX17 Pro hands-on,"its not like that the camera module on all three of them use a sony made sensor imx363 for the mi mix 3  imx345 for both the samsung s9  oppo rx17 pro  
 
if youre asking about image quality then personally i would rate them lik"
Oppo RX17 Pro hands-on,hey pentile is awesome what makes you think its not great nowadays we dont see individual pixels as everything is at retina quality anyway i dunno what am i saying i dont even have this lul
Apple iPhone XR,now updated with full testimonial findings the iphone xr is the third iphone to be launched this year after the iphone xs and the iphone max
Apple iPhone XR,i phone xr
Apple iPhone XR,so good
Huawei Mate 20,bought this phone 664 back in 2020 and now its been almost 5 years im using this phone its impressive how this phone remains fast after i did heavy tasks on this this the only problem i faced that the power button and volume butt
Huawei Mate 20,user sińce 2019 great phone overally and still is fast has everything head phone jack ir blaster fm radio memory card and do on even battery is ok 4gb of ram is a bit small and they broke weather app with some stupid ads
Huawei Mate 20,"still using it on february 2025 and works fine for everyday tasks 
 
not a great main camera by now but a good selfie one tho  
 
it lags sometimes and disconnect the bluetooth if taking a photo  
 
but for a phone bought 6 year ago i can"
Google Pixel 3,i have a google pixel 3 it just fell in my hands and the screen wont turn on i want to know what to do
Google Pixel 3,pixel 3 in japanese model esim facility is there
Google Pixel 3,i have a google pixel 3 and i cant make or receive calls its fully unlocked  by the manufacturer but is it 
OnePlus 6T,this comment has aged like spoilt milk
OnePlus 6T,i hate this notch because of full dust go inside in front camera from calling speakerthere is gap in display and calling speaker
OnePlus 6T,gsmarena should really consider dropping geekbench from the benchmark tests its really inconsistent and shady just like antutu that is why very technical sites like anandtech does not include geekbench test results when they review a cpu gee
Huawei Mate 20 Pro,i have mate 20 pro but its camera doesnt take clear pictures especially back camera take blurr pictures what is solution
Huawei Mate 20 Pro,you can simply give the screen a two knocks consecutively the screen will be grabbed
Huawei Mate 20 Pro,you can try using assistive ball for taking screenshot volume control and power onoff i set it up on all my phones to prevent buttons from overworking
Xiaomi Mi Mix 3 hands-on,doesnt this phone deserve a proper review
Xiaomi Mi Mix 3 hands-on,i have one it is really a great phone why there is no full review 
Xiaomi Mi Mix 3 hands-on,i love this mobile
Nokia 7.1,"my experience with this phone has been quite a ride android 10 update bricked my phone had to go to service center to have it clean wiped to 9 later was able to install android 10 
 
the charging part gave away less than a year after that coul"
Nokia 7.1,the only real problem ive had with the nokia 71 is the usb charging  connection port the port will fail to connect properly after a very few number of connections however a replacement port kit can be purchased from amazon or newegg fo
Nokia 7.1,worst phone my humble request to all please do not purchase this phone because in two years i experience is battery problem sound problem many time its hang many times
Oppo Find X Lamborghini Edition,if it has android one os with custom icons including color that would be great
Oppo Find X Lamborghini Edition,my dream charger 
Oppo Find X Lamborghini Edition,fail bend test low quality phone
Xiaomi Redmi Note 6 Pro,phone me tap to call in back youtube is not working speaker sound problem headphone problem
Xiaomi Redmi Note 6 Pro,it looks same design to iphone x max
Xiaomi Redmi Note 6 Pro,when does xiaomiredmi give this phone night mode feature for its camera its only software right i dont want to install 3rd app party like google phote to get this night mode feature
"Huawei Mate 20, 20 Pro, 20 X hands-on",its not fair or proper to criticize huawei for going for proprietary memory cards because sd cards which other smartphone makers use are also proprietary patented and copyrighted manufacturers need to get a license to produce sd cards and h
"Huawei Mate 20, 20 Pro, 20 X hands-on",i disagree i expect huawei will keep using nm card so it is not planned obsolescence and there is no reason for memory cards to be the same size as sd card when generally used nano sim cards are not it makes more sense to make memory cards to matc
"Huawei Mate 20, 20 Pro, 20 X hands-on",what standard format are you talking about sd card adopted by other smarphone makers is not an open standard format sd card is a proprietary format as well like huaweis nm format
Apple iPhone XS Max vs. Samsung Galaxy Note9,should i get the note 9 as a new main for the next few years
Apple iPhone XS Max vs. Samsung Galaxy Note9,note 9 is the especially cause of the camera and  battery life
Apple iPhone XS Max vs. Samsung Galaxy Note9,note 9 all the way
Samsung Galaxy A9 (2018) hands-on,why woukd someone buy this phone when the oneplus 6t has top notch specifications such as a snapdragon 845 chip for a cheaper price
Samsung Galaxy A9 (2018) hands-on,"bro mirror will never give the accurate picture 
also it makes video calls impossible you cant be looking at a mirror 
 
my idea on the other hand replaces 2 front cameras with 2 simple motors which rotate inside the device not outs"
Samsung Galaxy A9 (2018) hands-on,"600 are you kidding wait waht euro ohh sht 
4 camera is a good way to rip peoples pocket 
300 price is fine but not for me for samy lovers"
Honor 8X hands-on,its charging is pretty fast
Honor 8X hands-on,umm you guys forgot to review the device i think
Honor 8X hands-on,didnt find any problem while charging its fast
Razer Phone 2 hands-on,they have razor earphone that are built for this so botton up razor remove headphone jack problem razor make earphones for razor 2  problem fixed
Razer Phone 2 hands-on,there is a reason why the design did not change much remember that there is a laptop dock which uses this phone as the entire think center for the unit cheers
Razer Phone 2 hands-on,omg the design is just terrible how can you not learn from the first generation it looks like the same as before
Google Pixel 3 and Pixel 3 XL hands-on,"and note 9 doesnt have better display they both have the same display 
 
regarding speakers pixel 3 has much better speakers"
Google Pixel 3 and Pixel 3 XL hands-on,on the other hand if you want the best camera ai security and on top of it free unlimited storage for photos and 3 years of instant os updates then you should go for pixel3 or pixel 3 xl
Google Pixel 3 and Pixel 3 XL hands-on,battery test
Nokia 5.1 Plus,what causes my phones fingerprint sensor not to display on scree lock
Nokia 5.1 Plus,with a micro sd card
Nokia 5.1 Plus,how can i expand my phone space
Nokia 7.1 hands-on,what is mia2 means
Nokia 7.1 hands-on,nope 
Nokia 7.1 hands-on,not even close to that design and this one has all the rest better and battery life is actually very good in comparison to a lot of devices at this price
LG V40 ThinQ hands-on,i really like my v40 good size good screen software is fine but the battery is too small im always charging the device and for the love of god i cannot take a decent enough photo in auto mode photos look flat at least in my book whenever
LG V40 ThinQ hands-on,when would you make real review of lg v40 i am still waiting
LG V40 ThinQ hands-on,"my bad i think i got picked up by his comment stating he  
 heard means its not confirmed yet just a gossip that   
 australia he picked one particular country  
 could spy with a special hacking software come on almost every countr"
Apple iPhone XS Max,she said that if she had to
Apple iPhone XS Max,i deleted all the apps i dont need and turned off the apps i dont use that drain the battery in the background in the cellular tab my devices battery improved significantly
Apple iPhone XS Max,the refurbished apple iphone xs max is the best hands down i am very impressed with the features the device offers from the videos ive watched i added assistive touch 3d just to add an additional layer of security to confirm all my apple pay from 
Realme 2 Pro,using realme 2pro since oct 2018 still fabulous
Realme 2 Pro,i am using realme2 pro from january 2019lat 5 years was a wonderful journey this the  best mobile phone i have ever used
Realme 2 Pro,excellent smart device using since 2019 not single door step service center can any one advice which is the similar device like this in real me any one using
Apple iPhone XS,good
Apple iPhone XS,ios16
Apple iPhone XS,xs hasent gotten the ios 26
Huawei Mate 20 lite,me when i lie
Huawei Mate 20 lite,ive been using it for 11 years straight it survived drops punches and it still works the best first phone ever
Huawei Mate 20 lite,i have been using this phone for 4 years no gaming  mainly for business and to upload images to my shop etc i can say that in 2023 it still performs amazingly no lag at all and charges quickly with a huawei 9v charger the screen got detached ov
OnePlus 6 long-term,hey can you please tell me what battery brand you replaced your battery with and the cost also please tell me about screen too thanks
OnePlus 6 long-term,"oh man best phone i ever bought 
 
i bought the 6t to replace my oneplus 2 which was my previous favourite 
 
gotta say even now in mid 2023 a good three and half years after i bought it  its still a lag free phone 
have used my 6t"
OnePlus 6 long-term,its simply a wonderful phone it does everything i need to and thats saying a lot for a soon 5 yr old phone i recently changed the battery and replaced the screen and it feels brand new
Sony Xperia XA2 Plus,
Sony Xperia XA2 Plus,too heavy sharp corners are super annoying
Sony Xperia XA2 Plus,you can buy at shopee
Sony Xperia XZ3,"l have a sony phoneso sony ph is verynice 
thanks"
Sony Xperia XZ3,this device is not for everyday activities including xz2
Sony Xperia XZ3,drop many times never breaks
Samsung Galaxy Watch,the website doesnt even exists
Samsung Galaxy Watch,why dont you buy it second hand while its still available
Samsung Galaxy Watch,"i purchased the gear s3 in march 2020 at first all was great but every time i had to download an upgrade the watch stopped working until i deleted the app and reopened it  
last month i performed another upgrade  this time the watch stopped char"
Oppo F9/F9 Pro,this device is problem to got whatsapp how to register in this device
Oppo F9/F9 Pro,please my oppo f9  is not whatsapping i have try everything for it to work but no way please i need help
Oppo F9/F9 Pro,i use oppo f9one faithful morning while i was use the phone it went off all of a sudden since june till now the phone isnt working at all it will just be boosting it wont on please how can it be fix
vivo V11,stilk using this phone since 2018 only prblm is battery backup
vivo V11,"hi friends i think i have never seen such a wonderful phone in my life i m addictive to games also i ll be use phone for 12 hours till date i couldnt feel any problem with my phone its really awesome  
rarest of the rare gem"
vivo V11,y i cant use a wireless headphones to my v11 its said i have to install the device but i dont know what kind of device i should install to connect my bluetooth wireless headphones please help me thank u
Asus Zenfone 5z,i am still using it in 2024 
Asus Zenfone 5z,anybody still using them in 2024
Asus Zenfone 5z,hello its 5mb
HTC U12 life hands-on,what sense does it make a phone to challenge xiaomi  lose at the start  you are a great home make top models and updates
HTC U12 life hands-on,and to this day no review in sight xd well get back to you ohkay
HTC U12 life hands-on,wonderful
Huawei Mate 20 Lite hands-on,i hate notch dont buy such a ugly phone
Huawei Mate 20 Lite hands-on,"what kind of issues did u get 
will u please say"
Huawei Mate 20 Lite hands-on,does anybody know if the mate 20 lite has a frontal notificationled like the mate 10 lite or has this been eatenup by the notch too like part of the image on the screen when youre watching fullscreen videos fullscreen photos fullscreen ga
Honor Play,i have bought this phone back 2018 and one of the best device which i ever used still  using it 17052025 but due to my mistake i destroyed it by dropping
Honor Play,i still use this device  still satisfied me through 5 years  i played  pubgm v10 still work with gpu turbo v30 whether this device is never updated to the new emui 10
Honor Play,what were you expecting s25 ultra with 20gb ram
ZTE Axon 9 Pro hands-on,iwant sim card mobil zte cricket model z851
ZTE Axon 9 Pro hands-on,"i know this is old news  
but i still havent found a replacement for my axon 7 i struggling to find something worth the upgrade 
pretty easy formula to get right 
oled screen resolution 1920x1080 or better 
as many forward descent facing sp"
ZTE Axon 9 Pro hands-on,i brought this phone last monday then after charge it 2hrs 3mins the phone suddenly explode
BlackBerry KEY2 LE hands-on,yes luis cruz  new phone  blackberry key2 le
BlackBerry KEY2 LE hands-on,if you have any hope for some blackberry comeback just wrap it up cause they wont be back and havent made shit since 2018  having fm radio to appeal to beach suburbanites to pair along with their iphone during a storm warning wont
BlackBerry KEY2 LE hands-on,is key 2 le available in gsmarena bd now
Sony Xperia XZ3 hands-on,beware on xz premium  frame is polycarbonate same plastic they use for head light covers on cars  mine ended up getting bent and let water pour into phone and shorted out the backlight  make sure you look up what the frame is made of on any speci
Sony Xperia XZ3 hands-on,i was thinking about getting an xz premium in malaysia any ideas from where i can get it now
Sony Xperia XZ3 hands-on,"im sony fans i have own from xperia spxperia z2xperia z3xz premiumcurrently using and now im buying from online xz3still waiting it arrival because malaysia sony never carry 
 
i have use 4 type sony mobile before all overheat except xz pr"
"LG G7 One, G7 Fit hands-on",i am using lg g7 and reasonably good phone but i am disappointed with its face unlock it opens with the close eye as well
"LG G7 One, G7 Fit hands-on",why the hell are they releasing with only 32gb internal such a good phone with only 32 gb option serious
"LG G7 One, G7 Fit hands-on","and having bootloop as bonus 
cheap and freeze go grab poco  6 
i prefer motorola z3"
Oppo Realme 2,my thoughts exactlya 10 year old can come up with a better name
Oppo Realme 2,good phone good battery
Oppo Realme 2,my phone is real me 2 in this phone the ios theme has support or may be cause the hanging problem
Sony Xperia XZ2 Premium,"im looking to get this phone for its blackwhite camera may i ask if its monochrome camera shoots in up to 1080p only or goes all the way to 4k  
 
the youtube samples ive seen so far only go up to 1080p 
 
mostly planning to shoo"
Sony Xperia XZ2 Premium,sov37 was the xz2 no premium no compact the middle one
Sony Xperia XZ2 Premium,its because you bought a used sony that was formerly locked to a carrier
Pocophone F1 by Xiaomi,served for 6 years various custom roms its time for a change and the change is redmagic 9s pro a mobile phone for another 6 years a minute of silence for the poco f1 
Pocophone F1 by Xiaomi,i had to change the battery after 3½ years because of bulging maybe because of intense gaming majorly pubgrocket league etc apart from this no issues
Pocophone F1 by Xiaomi,can i use 32ohms iem blon bl03 directly without any external amp with poco f1 using the headphone jack
Xiaomi Mi Max 3,agreed
Xiaomi Mi Max 3,very true same here
Xiaomi Mi Max 3,"best phone ever 
 
5 years plus and still good as ever 
 
still better than most phones labeled latest phone"
Moto Z3,how this verzon be used  is the moto z3 play cover available in the market accessories of moto z3 play
Moto Z3,coming back to this phones review in 2022 i only noticed how impressive the battery endurance rating was the 2016 moto z force has a smaller and shorter 169 screen and an extra 500mah of battery capacity and yet the z3 is only two hours beh
Moto Z3,lol i prefer to have the moto mods addon instead of using a bluetooth connection no more bt lag when using the moto mods especially for the moto 360 camera and the moto gamepad and that is a solid big win for me
Nokia 6.1 Plus (X6),"bought mine in august 2019 still good as new in september 2024  
 
looking at the nokia g60 for its stock android and ips lcd because they served me well in the 61 plus"
Nokia 6.1 Plus (X6),my phone just went dead without a reason up to date had a bad experience with this phone
Nokia 6.1 Plus (X6),my best phone
Samsung Galaxy Note9,i have oneui 25 and battery life is around 5 hours really bad if you turn on battery saver youll get 7 hours max and turn on ultra battery saver youll get 10 hours battery life really bad but other than that been using my note9 since 2019 id s
Samsung Galaxy Note9,whats the oneui you have now how is the battery life is like for your note 9
Samsung Galaxy Note9,since 2019 until now i am using my note 9 it is still good working only have a little crack on his screen but all was still good thanks samsung for this good unit that you produce
Xiaomi Mi A2 Lite,but do all reft and right speaker work
Xiaomi Mi A2 Lite,this phone is good but in the screen came yellow lines they told me that you cant replace the screen
Xiaomi Mi A2 Lite,how did you check the battery health 
Samsung Galaxy Note9 hands-on,friends which one is better in note 9single sim or duel simneed some expert opinion
Samsung Galaxy Note9 hands-on,is samsubg galaxy note 9 upgrading to android 90 pie
Samsung Galaxy Note9 hands-on,best advance s pen features  enhanced camera with dual aperture
Android 9 Pie,even if i aleady turned off my sim they can call or text me please fix this thank you so much  samsung j7 pro user  have a great day
Android 9 Pie,lets just wait for android q to be launched
Android 9 Pie,cant even move files between folders within the same storage for example files can only be movedcopy from internal memory to sd card or vice versa it cant be done within internal storage or sd card by itself
Oppo Find X,weve dropped a few on to marble floor and it survived
Oppo Find X,"purchase last month pretty awesome and beautiful  
 
front  httpsc2staticflickrcom2194744209446724_4ea360fcd4_h_djpg 
back  httpsc2staticflickrcom2194929992896967_9810f170d4_h_djpg"
Oppo Find X,oppo find x avilable top notifications bar same like samsung mobile
Nokia 8110 4G,this phone is crap id rather have an n86 8mp or n82 for this symbian is still better than kaios
Nokia 8110 4G,"bought one for the wifes 75th birthday has blogs said so simple to use for people who are not very good with mobiles   
what a load of rubbish  
took me over a hour to reset it to english from russian inadvertently pressed by me i thought  tur"
Nokia 8110 4G,this phone support voice calls from google duo imo or whats app calls
Motorola Moto Z3 hands-on,this company cheat customer and there services are very badunprofessional person are hired at service centre  according to my experience this company is full of thiefs so do not buy it
Motorola Moto Z3 hands-on,omg is this an upgrade to the z3 play if so then this is truly awesome but hope this will reach in the philippines im so confused what phone to get now but im still loving my daily driver moto z play and droid razr
Motorola Moto Z3 hands-on,"the whole point of the devices in the zseries is the mods 
 
actually you get the versatility of one day having a slim device for the dinner jacket with the build in battery and another day after clicking on a battery pack for more demanding "
Xiaomi Mi A2,you sure 
Xiaomi Mi A2,"my best phone  
android one"
Xiaomi Mi A2,its actually because the mi a2 has bad image procesing the actual camera lens is good but after processing the image looks bad this is only noticable in lowlight tho if given proper lighting the camera quality shows
Samsung Galaxy Tab S4 10.5 hands-on,analysts got it wrong with their postpc predictions  instead of moving to a one doitall device consumers just bought several devices a smartphone tablet and smartwatch each has its own duties the key is that they talk to eac
Samsung Galaxy Tab S4 10.5 hands-on,best tablet has been ever made
Samsung Galaxy Tab S4 10.5 hands-on,2016 had a refreshed tab s2 with a snapdragon 652
Huawei Nova 3,still have the exact phone this year broke the display unfortunately last week due to its slippery feature hopefully huawei makes like these phones again quite good for its year
Huawei Nova 3,support huawei how many modes in this phone like maintence or all modes pls sir
Huawei Nova 3,huawei nova 3i is the best phone ive ever had if noba 3i comeback i will buy it again
Nokia 3.1,you can find out what youre phone model is in settingsabout phone 
Nokia 3.1,u can just put the passcode and wait
Nokia 3.1,can it conect to 5ghz band wifi
Xiaomi Mi 8 SE,noice
Xiaomi Mi 8 SE,who cares about the radio download from gs  infrared  i think  ois are  more important and front facing stereo speakers with dolby atmos my 2016 zte axon beat the mi 8 still
Xiaomi Mi 8 SE,just white one
Xiaomi Mi A2 and Mi A2 Lite hands-on,i used both the phonesand currently using mi a2but i found that mi a1 camera is still better than mi a2
Xiaomi Mi A2 and Mi A2 Lite hands-on,i cannot install update version tell me why
Xiaomi Mi A2 and Mi A2 Lite hands-on,"how can you consider a file manager and a tv controlling app bloatware those are the first 2 apps i would download and they would probably have ads for them to include those is a bonus  
 the crud that att and samsung put on their phones"
Sony Xperia XZ2 Premium hands-on,we
Sony Xperia XZ2 Premium hands-on,when is the full review coming
Sony Xperia XZ2 Premium hands-on,i assume you are too naive to believe anything above iso 800 in a smartphone camera is usable  you probably dont own a dslr or a 28 4k monitor to see just how garbage anything is above iso 800 in a smartphone and how very important manual controls
Huawei P20 Pro long-term,if you have other original huawei battery with thesame size and flexyou can replace it
Huawei P20 Pro long-term,"i really love this phone easy to manage his performance is insane until this time 
oldest phone that ive got huawei p20 pro  is the legendary  
 
sana mag release ng software update pra dimapag iwanan"
Huawei P20 Pro long-term,"have the phone for 7 years now and everything still works dropped a few times submerged in water and the only issue is the video stabilization which has worsened overtime 
i tried newer flagship phones but there seems to be nothing really n"
Samsung Galaxy A6+ (2018),this phone was the best phone i ever had i want to buy a new samsung phone now can anyone recommend me a phone that matches a6
Samsung Galaxy A6+ (2018),similar thought of an a6 users and the replacement piece for this one is too s23 or s24
Samsung Galaxy A6+ (2018),been using it since 2018 to date no issues i have been trying to upgrade but i am wondering which samsung will give me match it
Huawei Y7 Prime (2018),does it come with a cover
Huawei Y7 Prime (2018),"ive been trying to download avenza maps app from the google play store but they said it cant work on the device i feel terrible right now cos i need that app for my new job 
please help out"
Huawei Y7 Prime (2018),really it has
BlackBerry KEY2,she doesnt want you to sleep so id suggest you dont sleep otherwise shell suicide again as always v
BlackBerry KEY2,i done buy one but it give headec i dont know why when it sleep it off itself but im really like the phone what the solution
BlackBerry KEY2,i am  going to bye one
Meizu 15,i bought a mobile phone as like as two peas on the website 10 which is new and nice the computer has long life and quick response its not exactly like carton which is exactly the same as my friend bought on the official website but i boug
Meizu 15,why my xiaomi cant make phone like that  mi6 is outdated and doesnt have any more support from xiaomi
Meizu 15,i suggest you read it again as the reviewer is talking about the samsung galaxy s7
LG G7 ThinQ,yes
LG G7 ThinQ,the lg g7 thinq is better i have been using it for a year now and there is nothing wroong with it execpt for the battery but aside that it is a good phone
LG G7 ThinQ,i wanna know that this phone is dual sim or not
vivo NEX S,correct me if i am wrong but vivo nex s is the first device in the world to sport pop up selfie shooter i own a nex and the selfie camera takes average photos however good first try by vivo nothing great to talk about the image quality though ho
vivo NEX S,i never had this problem i can hear everything clearly
vivo NEX S,i am also facing same problem voice is not clear to hear and i sent back for replacement after using 1 day this deficiency covers all good things of the phone because basic function must be perfect
Xiaomi Mi 8,nice iphone x
Xiaomi Mi 8,xiaomi mi 8 hdr video play after screen colour change totally still not fix the isse
Xiaomi Mi 8,omg thats genius cos its newer its better wrong no choose a phone based on your needs
Samsung Galaxy S9+ long-term,my friend its not s9plus that has issues its googles version of android that is garbage it literally produces issues after a certain amount of time in order to force you to change your phone those internet sources whp deny this 
Samsung Galaxy S9+ long-term,no it is quite slow nowadays and software updates and security updates have already stopped for this phone i recommend something that will support future os updates plus exynos my s9 plus drains a lot of battery best of luck
Samsung Galaxy S9+ long-term,please is it a good recommendation to go in for s9 this 2024
Xiaomi Redmi S2 (Y2),display protection
Xiaomi Redmi S2 (Y2),a mobile phone is less of a luxury and more of a necessity common knowledge having used 3 samsung 1 microsoft phone switched on to redmi y2 in 2018 have been using it and have been to the workshop only once this is the best phone so far valu
Xiaomi Redmi S2 (Y2),s2
HTC U12+,can you please advice me how to switch off vibration on volumes and power keys
HTC U12+,"taking a screenshot has now become impossible by the default keys 
the default keys for htc are holding down the power button and pressing home which works perfectly on the u12"
HTC U12+,what adapter do you use in audio test
Oppo Find X hands-on,"but if its rated for up to 300000 uses and you use it 100 times a day thats still 3000 days worth of use or 82 years worth  even if they overstated its reliability by twice as much it still means 4 years worth of use 
 
id be keen to see"
Oppo Find X hands-on,so hows the os on this phone it looks soo beautiful tempted to buy this
Oppo Find X hands-on,"chinese software isnt that bad look at huawei doing it big oppo software is way more beautiful and stable thans huawei 
the reason why every new samsung phone lags is due the way korean decs writes the os have a look on youtube about this"
Samsung Galaxy A6 (2018),absolute 100 garbage never used any electronic device and technology worst as this one
Samsung Galaxy A6 (2018),"this is my mums old phone looking to install lineageos 22 on it to test the rom 
 
any suggestions on how i should go about doing it"
Samsung Galaxy A6 (2018),my only problem with galaxy a6 is storage andcover its rare in my city
Xiaomi Redmi Note 5 AI Dual Camera,i use redim note 5 but it doesnt open whatsapp whats the problem
Xiaomi Redmi Note 5 AI Dual Camera,no service for 2 or 3 years old models and their reply is older model no parts available be careful while purchasing old models
Xiaomi Redmi Note 5 AI Dual Camera,does it support hdmi
vivo NEX S and NEX A hands-on,"hi every body just want you to know that i just moved from samsung note5 to vivo nex a phone  
what i want you to focus on that the nex a  
1 there is no indicator led 
2not very clear sound from earphone  speaker is great  
3os system is "
vivo NEX S and NEX A hands-on,the only other company aside from sony i see really love making mini phone is zte just telling you incase you looking for compact flagship mini phone apple and google too makes mini flagship but rumor from both side this year said they not doing sm
vivo NEX S and NEX A hands-on,flagship or wannabe for me camera quality will be the decider
OnePlus 6,i bought mine in 2018 changed the battery last year and 2025 still kicking around great machine with its 8gb of ram and 256 of hd
OnePlus 6,"ive had this phone since launch and it still works incredibly well  
i cannot find a new device that fits my criteria as well as this phone does not in the price range at least nothings phone 2 is the closest i could find"
OnePlus 6,late june 2024 and my rooted oneplus 6 still performs better than newer devices no reason to waste money by now
BlackBerry Key2 hands-on,just you
BlackBerry Key2 hands-on,is it just me or the dual cameras in the back look like two very tired eyes
BlackBerry Key2 hands-on,"what about rumors key2 lite 
i hope blackberry gonna release a blackberry classic or blackberry torch 9800 with oreo go or something"
Moto Z3 Play hands-on,i agree this could be a better package than the z3 even
Moto Z3 Play hands-on,wheres the full review its a shame gsmarena doesnt provide reviews for main phone models from major manufacturers  this is a big ommission imo
Moto Z3 Play hands-on,the 636 is more than adequate for anything you could ever do if playing the most intensive games isnt good enough for you and you need to have the highest benchmarks on a phone for it to be acceptable then you should probably get an iphone
Moto G6,came here because i couldnt remember how old this phone is i think i bought it about a year after it came out mines still kicking no problems good for my simple needs light use
Moto G6,i inherited mine from my son no issues at all in the past two years fast enough for my needs good screen resolution and sound quality screen size works well with my old eyes as my previous xiaomis screen was too small for comfortable viewing i 
Moto G6,this phone is horrible dont waste your money and buy a samsung i brought it thinking the software would make up for the camera and being small but it does not i have had problems with wifi since day 1 of getting it and now whenever i play games
Nokia 8 Sirocco,and is the most compact smartphone with a large 169 display ngl
Nokia 8 Sirocco,the nokia 8 sirocco doesnt have 4k video recording in the front camera but the nokia 8 has it
Nokia 8 Sirocco,pls hw can 5mp selfie in sirocco be compared with 13mp of nokia 8 selfie
Honor 10,"bought honor 10 in oct 2018 and still using it today is 12th may 2025 7 years and still running without any issues even battery life is good processing speed is better that mid range performance phones of 2025 
no service cost or repair cost or"
Honor 10,restore honor
Honor 10,i have got huawei honor 10i in 2018 and i have been using it its fantastic with high performance high resolution display high resolution  still pictures and video recording having most of the capabilities dicovered new techniques every new 
"Nokia 5.1, 3.1 and 2.1 hands-on",since the last update to android 10 he phone is useless it simply cant handle this update and so is sluggish freezes and is pretty much unresponsive
"Nokia 5.1, 3.1 and 2.1 hands-on",i have this nokia 21 and 1 have problems with the sd card the phone keep on rejecting the card l dont know why
"Nokia 5.1, 3.1 and 2.1 hands-on",this is the best mobile forever
Oppo Realme 1,"excellent performance still im using it 
i purchased on 3rd jun 2018 
one of the best mobile 
 
really impressed with performance   
many thanks oppo  realme"
Oppo Realme 1,me too using same till now apr 25
Oppo Realme 1,brought on 2018 exclusive sale one of the best mobile still using it posting this comment on same phone 2024 dec 25
Huawei P20 Lite,which one are you using
Huawei P20 Lite,very old in 2025 but still supporting all apps the battery is so small timing is not good
Huawei P20 Lite,"i still have this p20 light  
now i use it like second phone next to my newest pura70  
it has had front and rear protection since day one and it has served me well"
Sony Xperia XZ2 long-term,used right hand finger on finger print sensor was so easy to do
Sony Xperia XZ2 long-term,"im not a phone fanboy but i paid for the then flagship xperia xz2 about 5 years ago the contract has long ran out  its still going absolutely fine im typing on it now 
phone memory nearly filled as is the memory card "
Sony Xperia XZ2 long-term,i got my k800i in october 2006 32mp xenon flashstill an epic tiny phone camera
HTC U12+ hands-on,bluetooth connections my friend
HTC U12+ hands-on,if no 35 jack its then impossible to listen to music with headphones have to use loudspeaker only
HTC U12+ hands-on,if no 35 jack its then impossible to listen to music with headphones have to use loudspeaker only
Motorola Moto G6 Play,"had a moto g6 playits signal quality was excellent 
bought a samsung a 40 and unless i take residence close to the local mast its almost uselesswould have bought another moto but i dont fancy a 65 inch phone"
Motorola Moto G6 Play,what is the compatible battery for moto g6play
Motorola Moto G6 Play,"its a great phone not the best but i still love the phone i also love the price of the phone fells like im paying just inof or less 
btw i live in macidonia so the prices are different for me"
OnePlus 6 hands-on,battery is low config
OnePlus 6 hands-on,less than 4000mah battery no one would be interested all spec are good except the battery
OnePlus 6 hands-on,very good
Huawei Honor 10 hands-on,is it normal for the honor 10 to produce heat although for just using apps for example instagram i mean the heat produced is quite hot too
Huawei Honor 10 hands-on,well would you rather get a phone that gets intentional alowing updates to me updates mostly give me nothing new or useful at all have done finw wirh my honor 6 until now glass broke
Huawei Honor 10 hands-on,dude you kidding me that glacier grey looks gorgeous
Motorola Moto G6 Plus,made the mistake of purchasing the moto g6 it is a piece of junk that has added a lot of apps supposedly for motorola that cannot be disabled nor uninstalled then they told me that they would take the phone back and repair it yet now again they
Motorola Moto G6 Plus,this phone is a literal piece of crud  avoid at all costs   never again will i ever touch a motorola phone  between the incompatibilities battery demolishment and just plain terrible interfacing issues this thing is a piece of junk  i have hate
Motorola Moto G6 Plus,auto screen rotate is the most infuriating unresponsive nonsense motorola can never figure out
Android P public beta first-look,"good question 
a few suggestions show a few options 
1 a second cycle of az and over and over again 
2 itll begin a computational aa ab ac etc 
3 itll stop using letters altogether relying on numbers only"
Android P public beta first-look,wich android will come after android z 
Android P public beta first-look,bb10 os had all these gestures in 2014 already
Asus Zenfone Max Pro M1 hands-on,"are you sure theres ads from android stock 
 
i have it for over 5 years and if theres ad it come from applications not the phone itself"
Asus Zenfone Max Pro M1 hands-on,asus xtootd is very bad mobile because its ads and laging phone very bad service of asus xtootd and network problem
Asus Zenfone Max Pro M1 hands-on,used it for 4 complete years before switching to a 5g phone still working fine as a backup phone its been 55 years now planning to import zenfone 10
Oppo F7,the phone not friendly with whatsapp app its reading youre using unofficial account try to login on official whatsapp
Oppo F7,why does is log out from whatsapp
Oppo F7,im use this moblie 10 year complets i loved this moblie
Xiaomi Mi Mix 2S,how can i get a lcd of this phone
Xiaomi Mi Mix 2S,just used this phone for a while  the screen is just and bad as my cheap redmi phone avoid any xiaomi with an lcd screen 
Xiaomi Mi Mix 2S,i got a lot feedback in telegram group before buy this phone in 2019 you should too if you want to know more most of the user give honest review firstly it was so much cheaper flagship now price samecheaper than pocomi9t without any critical 
LG G7 ThinQ hands-on,this handson review was published on 2 may its almost 2 months and there is no sign of the full review to show up do gsmarena team really forget about this phone even xiaomi mi 8 has already been reviewed by them
LG G7 ThinQ hands-on,its disappointing more reviews arent highlighting the high end audio gear of the g7 wireless solutions have their own compromises and arent for everyone
LG G7 ThinQ hands-on,"youre right i agree with you 
 
in term of signal reception im happy to tell you that its better than lg g6 it now has better reception and much less signal lost and also better at keeping on 4g network 
 
for battery use yes its not "
LG V30S ThinQ long-term,i agree same situation as i had with the phone very nice
LG V30S ThinQ long-term,created an account just to rate this phone bought it like 12 years ago such a great phone ive had a unicorn beetle case for it dropped it a few times but it has remained in super condition great battery still everything working as sm
LG V30S ThinQ long-term,it is like some pple are paid jst to talk negative abt lg
Huawei P20 Pro vs. Samsung Galaxy S9+,samsung for me
Huawei P20 Pro vs. Samsung Galaxy S9+,what is the connection between the camera and the display exactly
Huawei P20 Pro vs. Samsung Galaxy S9+,"definitely s9  
dont be fooled by the camera megapixels  have a look in display resolution with is just 407 ppi  
while s9 comes with 530 ppi dual appeture camera sensor  
my opinion would be 100 for s9"
Nokia 6 (2018),using the 4 gb version from june 18 broke the front glass once and got it repaired from a local vendor phone has stopped updating at android 10 and performance has slowed down over the time however still manages to work through modern day apps be
Nokia 6 (2018),super
Nokia 6 (2018),one bit of a tank jeez i couldnot beleive i using it for more than 4 years now without drop in performance mine is light to moderate usage
"Meizu 15, 15 Plus, and 15 Lite hands-on",where is full review
"Meizu 15, 15 Plus, and 15 Lite hands-on",used to be fan but nougat in summer 2018 seriously
"Meizu 15, 15 Plus, and 15 Lite hands-on","did you end up getting any updates at all i am also interested in getting the 15 standard version since it is such a nice small form factor with a very decent hardware 
thanks"
Nokia 7 plus,same i got its charging port changed twice but then stopped using it by 2023 absolutely no issues faced other than that
Nokia 7 plus,as others noted great phone however the charging port gave out after a few months
Nokia 7 plus,the features i love the most in this phone are the simultaneous use front and rear camera either for stills or video though its more useful in videos where you would want to narrate something and can either appear half screen or as a pic in p
"Moto G6, G6 Plus, and G6 Play hands-on",recently purchased the moto g6 play 5192018  and love the specs and the device major glitch alert the phone continues to shut down by itself in the middle of phone calls ive researched for solutions but have yet to find any good luck
"Moto G6, G6 Plus, and G6 Play hands-on","comparing moto to vivo  
 
bro i have a friend who moto exchanged his phone 3 times in 2 years to satisfy him and he is a freaking bad user 
 
moto support rocks"
"Moto G6, G6 Plus, and G6 Play hands-on","in india moto g6 plus price is 25000 
but vivo v9 price is 23000 
vivo v9 is almost same configuration with better camera"
Moto E5 Plus and E5 hands-on,good cellphone
Moto E5 Plus and E5 hands-on,"i have one of these phones 
i love that phone 
it was the goodest phone i ever had"
Moto E5 Plus and E5 hands-on,e5 locked in safe mode how can i get out of safe mode
Huawei P20,had the huawei p20 since 2020 and had an issue first when i was coming home from vacation it started to restart by itself multiple times i got it checked by a friend who knows his things about phones but hes not a professional since we
Huawei P20," review of the huawei p20 
 
i have been using the huawei p20 for over six years and i can confidently say that the phone has proven itself to be a powerful and reliable device without any issues during this time 
 
 design 
the pho"
Huawei P20,had this phone for 3 years now all of a sudden on youtube when you try type a comment the keypad freezes which is ridiculous tried soft resetting it doesnt solve the problemwouldnt recommend this shit phone
Oppo R15 Pro,have owned this phone for five and a half years and it has operated flawlessly i am finally replacing it as the battery life has reached a point where it doesnt last long and i am wanting a camera upgrade has been a sold performer and at the 
Oppo R15 Pro,im using this mobile since 1 year still its working great without any problem
Oppo R15 Pro,this use until nowalmost 1 yeargood for gaminglove it
Huawei P20 Pro,it would be entirely wrong however to judge the 40mp images as they werent meant to be used that way for a more technical perspective you can check out our article on the topic but lets just say that the entire point of the 40m
Huawei P20 Pro,no it doesnt
Huawei P20 Pro,"seems a bit pointless arguing over a 5 year old phone 
in any case the ois is disabled because the massive issues involved in combining images from 4 lenses was not feasible"
Lumia 1020 vs. Huawei P20 Pro,"you can notice it the most on the sign  put the slider such that it bisects one of the letters 
 
we have all seen these flat white plastic backlit signs  they only make them one color and one way  and its appliance flat white  the 20mp camer"
Lumia 1020 vs. Huawei P20 Pro,same with me theres too much software processing going on and i hated it
Lumia 1020 vs. Huawei P20 Pro,"software ai could never beat real physics p20 may look more attractive due to its color processing but if you understand the nature of photography the lumia 1020 would be the clear winner  
 
also the lumia 1020 equipped with xenon flash so b"
Oppo F5 long-term,my oppo f5 6gb is not working well since today i am not able to connect wifi and even bluetooth is not working there where not showing the device name plz help me
Oppo F5 long-term,everyone is mumbling this xiaomi phone yes its got good specs and cheaper pricing but how come it doesnt have official stores in the ph  if you buy it then where would bring it for repair unless of course its totally unbreakable oppo on the o
Oppo F5 long-term,hahaha crazy oppo f5 is a great phone
Huawei P20 Pro: a photo walk around Paris,yeah i understand what youre saying and its the reason why i wouldnt buy any phone from there with that said huawei was picked as an obvious choice because its the biggest partly for the reason you mentioned but also because it would be the number
Huawei P20 Pro: a photo walk around Paris,well mateits all wellbut i was reffering to acommunication actmaybe youve read about iti guess you haveall chinese smartphone makers have ties with communist partysurelybut why they chose huawei as the enemy thats a misteryor isnt
Huawei P20 Pro: a photo walk around Paris,actually my daily driver is lumia 950 xl so i think i have pretty good idea abput nowadays lensesprocessing although mentioned camera is still from nokia school no exessive oversharpening
Galaxy S9 vs. Xperia XZ2 shootout,samsung s9 plus
Galaxy S9 vs. Xperia XZ2 shootout,"nevertheless galaxy s9 is the best in all because its shots reflect mostly reality to the object colour and atmosphere and thats kind of reasons its in contrast to the latest s23 itself  
 
you can also compare their photos to confi"
Galaxy S9 vs. Xperia XZ2 shootout,is xperia a   good phone
Oppo R15 and R15 Pro hands-on,my oppo r15 pro screen is kinda faulty i want to replace for a new one is it possile to use oppo r15 lcd instead of r15 pro lcd
Oppo R15 and R15 Pro hands-on,notch design isnt great notch is a trends and it block the notification bar if they making the 6 inch screen for a proper display without notch it would be better
Oppo R15 and R15 Pro hands-on,micro usb great
"Huawei P20, P20 Pro and Mate RS hands-on",we just bought the porche design phone and great phone one of the best we had but it uses 1 g b data in four days we done the normal auto updates etc we had in at the shop and they also tried but still the same anyone with some advice please
"Huawei P20, P20 Pro and Mate RS hands-on",not really fond of the notch but the status icons sit in that artificial bezel so you get a little bit of extra space
"Huawei P20, P20 Pro and Mate RS hands-on",price 30000
Xiaomi Mi Mix 2s hands-on,it turns out oled has pwm problem and causes eye strain almost all oled phones are affected you can search for it
Xiaomi Mi Mix 2s hands-on,"i get the annoyance at lack of amoled as someone who has strictly used amoled phones since 2009 but objectively you have to look at what you are getting for the price 
 
ive bagged one for 440 yet everything available with a highend c"
Xiaomi Mi Mix 2s hands-on,the original mi mix is larger  physically  pointing out that its larger it silly because it is measurably larger
iPhone X vs. Galaxy S9+ shootout,i have a galaxy 9plus good phone no issues just ran out  memory64gbfamily want to get a iphone  looking to try something new any suggestions 10plus or iphone 15 plus
iPhone X vs. Galaxy S9+ shootout,the iphone x and the galaxy s9 each have a pair of 12mp cameras on their backs but they are
iPhone X vs. Galaxy S9+ shootout,s9 is the best
Huawei Mate 10 Lite long-term,i am using this phone since dec 2017 til now 2022 believe me or not this device has zero lagging even on battery saver mode i use it really heavy for social media and whatsapp from day 1 the battery life is same hell as new i rarely noticed if i
Huawei Mate 10 Lite long-term,
Huawei Mate 10 Lite long-term,can you please tell me why mate 10 lite has stopped as 80 sometime ago it was announced in a huawei forum that it will get 10 without a 9 update but its all silent again lately it is announced that mate 10 and mate 10 pro will receive 10 within a
Sony Xperia XZ2 Compact,die hard fan of sony here loved all my previous compacts but this one has been very disappointing aluminium black finish was easily scratched and colour faded to a brighter blue my previous x compact had a much durable design and durable materi
Sony Xperia XZ2 Compact,bought it slightly used in very good condition last year and i like everything said true about it but excellent battery life and cheap price not true
Sony Xperia XZ2 Compact,to this day im still baffled by this phones battery endurance rating it has no right to achieve the exact score as the bigger 57 xz2 that sports a bigger battery capacity if not for the extra 10 mm body thickness this phone wo
Samsung Galaxy S9+,still miles better than the ubllocked snapdragon version
Samsung Galaxy S9+,check if youre phone is an exynos version its normal for an exynos phone to overheat
Samsung Galaxy S9+,i have the s9 exynos version it is pretty fast and also i love that it has an heartrate sensor
Sony Xperia XZ2,can i find the original battery to the sony xperia sov37 xz2
Sony Xperia XZ2,gonna buy this phone after i got money from selling my redmi 12ceven i downgrade the gb space but i get a best performance to play cod maybe
Sony Xperia XZ2,using it since first release and everything is still perfectly fine in 2024 the performance are not bad but it has only 4 gb ram and 64gb storage but sd card is the solutionthe camera are not bad
Samsung Galaxy S9,"australian here so my spelling may not align with americans 
still using this device in 2025 
the samsung s9 is truly one of the last good phones they made 
35 mm headphone socket sd card slot which is great if you damage your phone like i d"
Samsung Galaxy S9,the samsung galaxy s9 is a great phone for its age i love the design and also the camera features the iris scanner fingerprint and face identification its a good phone for its age the best phone for a second but i will not use it for a main 
Samsung Galaxy S9,"after about 3 yrs service the s9 just switches off after about 1 minute of use 
then have to re start the whole process of switching it on"
LG V30 vs LG V30S ThinQ camera comparison,"never had any issues with any lg phone 
had a g4 a stylo 2 v20 phones and v30 
v30 is the best android out currently"
LG V30 vs LG V30S ThinQ camera comparison,"got the thinq update on my v30 
see no improvement at all"
LG V30 vs LG V30S ThinQ camera comparison,"cameras dont beat the s7 edge and note 7fes camera 
s7 edge rethinq what a phone can do 
note 7fe the smartphone that thinqs big"
"Asus Zenfone 5, 5z, 5 Lite hands-on","i love the spec asus_x00qdbest quality engineering 
great support and fast"
"Asus Zenfone 5, 5z, 5 Lite hands-on",very mediocre phone with very bad camera and sound but good battery looks like a pro very nice manufacter but evrything else is poor im very dissapointed i buy a samsung s 51 and the diffrence si gorgeous
"Asus Zenfone 5, 5z, 5 Lite hands-on",it is what it is
Sony Xperia XZ2 and XZ2 Compact hands-on,want do you to see from apple copypaste phone quick charge 2 where xiaomi and friends at least 3 thas why galaxy fan boy come here try copy sony ip certificate
Sony Xperia XZ2 and XZ2 Compact hands-on,and there you go deflecting again as usual
Sony Xperia XZ2 and XZ2 Compact hands-on,try to turn the oled display always on until next day morning then you can know the quality do at your own risk or maybe do not try this at home
Samsung Galaxy S9 and S9+ hands-on,"waiting for s 9 mini around 135140mmx6569mm x7mm 140150  gm compact  the current galaxies are too big for comfortable handling 
even a 8 2018 edition does not fit the bill hope samsung i or for that manner any one else is listening"
Samsung Galaxy S9 and S9+ hands-on,but wont that have mostly the same design and the same processor and the same display it would have just a better camera and the s pen right
Samsung Galaxy S9 and S9+ hands-on,irish scan face scan finger scan pulse oximeter heart rate minitor bp check whats next ecg xray  microscope portable oxygen concentrator ultrasound and defibrillator wow thats cool
"Nokia  8 Sirocco, 7 Plus, and 8110 4G hands-on",its it confirmed that we can sync google contacts between android phones and nokia 8810 phone
"Nokia  8 Sirocco, 7 Plus, and 8110 4G hands-on",very nice model
"Nokia  8 Sirocco, 7 Plus, and 8110 4G hands-on",is there a matte finish on the back of the 6 2018
Alcatel at MWC 2018,they need to bring all the alcatel phone back i had bought my first one in 2018 i really enjoyed it i cracked the front of my phone about 5 months ago and it was hard to replace because they werent making these phones anymore and i really enjoy
Alcatel at MWC 2018,i need battary for alcatel 3 v
Alcatel at MWC 2018,alcatel tables
Samsung Galaxy Note8 long-term,the phone is very good
Samsung Galaxy Note8 long-term,jan 25 had note 8 for nearly 8 years  battery beginning to only last 12hrs or so  been fantastic phone but time for upgrade hope new one lasts as long and performs as well
Samsung Galaxy Note8 long-term,do you recommend getting the note 8 as a second phone now
Xiaomi Redmi Note 5 Pro hands-on,"this phone is actually very good but only in 2018  2023 after 2024 this phone experiences several things such as bugs decreased performance and increased temperature 
if you buy this phone in 2025 and beyond i suggest you dont just bu"
Xiaomi Redmi Note 5 Pro hands-on,ive been using this phone since june 2019 and its been a wild ride it was a great choice and continues to serve despite being 5 years old volume up and power button died about 3 years ago and the camera quality decreased but consideri
Xiaomi Redmi Note 5 Pro hands-on,it is one of the best mobile i said it because  i am using this model from 26th jan 2019 to today quality manufacturing and functioning of all the aspects are superb its my honest review
Huawei P Smart,my phone casing is bad how much for new huawei p smart case
Huawei P Smart,i need help guys i can press this phone its giving me problems it switches of n on what to do guys and ive been updating its software but still
Huawei P Smart,does this version of the p smart phone feature wireless battery charging thank you
Apple iPhone 8 Plus long-term,im not sure if its worse for the longterm battery health or not but i want the fastest possible charging so i just bought the apple 20w usbc power adapter and the 6ft18m anker 641 cable new batteries arent too expensive
Apple iPhone 8 Plus long-term,"i charge my 8 plus at 24a12w now because 1a5w is just too slow it might not even be less healthy for the battery to fast charge it 
 
i still try to stop charging before it reaches 90 as i believe that helps there was a study done on this "
Apple iPhone 8 Plus long-term,i believe the battery health maximum capacity on my iphone 8 plus goes down slower because most of the time i charge it at a standard 1 amp rather than fast charging it at higher amps and the other thing i do is i stop charging it by 89 when i can
Sony Xperia L2,nothing wrong with the phone well done sony
Sony Xperia L2,ffs   this is a 200 sony xperia budget smart phone that delivers great user experience and gives decent functionality stop hating it or comparing it to highend more expensive phones simply appreciate what it representsdecent smart phone for t
Sony Xperia L2,when will this model can be root  unlocked the bootloader this model still not in the list for unlocking in the sony unlock website although that there is other 2018 model that can be unlocked
The best phone cameras for selfie videos,what is your opinion on asus zenphone 5
The best phone cameras for selfie videos,strangein my xperia m5 i have 13mpix with autofocus it does very good ff 
The best phone cameras for selfie videos,i am surprised that nokia 8 made the list is the selfie camera that good
Sony Xperia XA2 Ultra,i love it
Sony Xperia XA2 Ultra,good phone i used this for 3 year i appriciate it good job for this company and screen also good when i do replacement not fake
Sony Xperia XA2 Ultra,have had this phone for about 2 years now battery life is still good except when i leave a game playing on have been using it for 8 hour zoom or skype calls and it can survive on one charge photos are not as good when you zoom in though and when t
Xiaomi Redmi Note 5A (Y1),good
Xiaomi Redmi Note 5A (Y1),good p
Xiaomi Redmi Note 5A (Y1),its not making sense
Nokia 8 long-term,its been 4 years and still phone is super fastit has been fallen from hand n number of times still no issues  so much satisfied  wish nokia to continue with their same series phones
Nokia 8 long-term,bought this phone in amazon for less than 300 in amazon in summer 2018 still using it and very happy with it after 4 years usage my only problem so far its that recently the usb charging port has some issues and i need to plugit several times befo
Nokia 8 long-term,shake your phone it will we ok but shake tightly
Honor View 10,on gaming kirin 970 is superior than sd 845 i faced much heating  lag issues in sd845 oneplus 6t
Honor View 10,honor view after use for long time will format automatic not good for me
Honor View 10,no the kirin is much more powerful than the sdm835
Xiaomi Redmi 5,sometimes the memory is full even though i have few photos and only two applications from the play store but why is my memory still full even though i have diligently cleaned it
Xiaomi Redmi 5,after 56 years using this phoneit has touch problem maybe because my lcd crack weak networkthe screen stuck when u trying to clear background appsi like this phone size but not recommend for gaming its laggy if u play big gamesit actually
Xiaomi Redmi 5,agreed thats the only problem that i faceotherwise an amazing phone
Sony Xperia XA2,although this phone is discontinued its still a very usable phone it can still run most modern apps has a pretty good processor it has 4g networks so you can still use it in 2026 easily
Sony Xperia XA2,the battery isnt quite good though my dad had one and it expanded after one year
Sony Xperia XA2,"hi 
like my phone on all points 
camera fast and ok for all situations 
best of all small size on phone slide easy in on all pockets"
Xiaomi Redmi 5 Plus,my mi note 5 has problem with whatsapp and facebook
Xiaomi Redmi 5 Plus,yes
Xiaomi Redmi 5 Plus,hello  i have bless with redmi not 5 the problem is that not doing whatspp and other applications like tonkeepe and what spp thank you
Moto G5S Plus,i couldnt make calls from my set after giving for service they said sim tray is damagedcant replace sim tray with a new oneonly to creplace the mother board which is nearly costing a new one i would like to get an answer from the service centre
Moto G5S Plus,know time comes to purchase new mobile handset go for with brand 
Moto G5S Plus,"motorola g5s plus good hand set i find two problems few minutes in online heat in both side mobile handset and from my contact list call goes it self due to this i have to delete some numbers from contact list 
                     from time of pu"
Apple iPhone X long-term,sure
Apple iPhone X long-term,reduce the volume
Apple iPhone X long-term,"ipx in my area only got one major problem which is the face id 
most of my friends whose using ipx including me face the same problem which is our face id is faulty right after the warranty expired 
lol i sent mine to switch service center but "
BlackBerry Motion,you are wrong
BlackBerry Motion,where can we buy blackberry phones in namibia
BlackBerry Motion,elaborate
Huawei Honor 7X,where can i buy the screem because my own has been bad for two months now
Huawei Honor 7X,"dear all 
please help a soul 
i am unable to use whatsapp on my huawei honor x7 phone 
the whatsapp gets blocked that it becomes difficult for me to access"
Huawei Honor 7X,adorable
Samsung Galaxy A8 (2018),my phone is not using the mobile network its just says not registered on the  network please help me to update my phone to work again l cant phone to any one please help me please help me my phone is galaxy a8
Samsung Galaxy A8 (2018),having it for almost 6 years now since november 1st 2018 i am still using it writing this message just bought it back then for the dual sim and the ip68 certification mainly didnt cost me much as it was bought with bundle contract and i was
Samsung Galaxy A8 (2018),at this point you should consider yourself lucky that it didnt blow up on you while loading a webpage
"Xperia XA2, XA2 Ultra, L2 hands-on",xperia l2 is best or xa2
"Xperia XA2, XA2 Ultra, L2 hands-on",people have expectations and would like to see products that compete but sony failed to deliver in latest time so people  bash them as their models look alike and gave them problems subpar cameras heat issues lack of updates thus people are intere
"Xperia XA2, XA2 Ultra, L2 hands-on",it could be useful if they used stacking also 1s is poor for shoting imagine how great shot would be with at least 4 if not 10 seconds its as opposed to pro shooting  long exposures in stead of high iso i also use iso even more than shutter spee
Nokia 2,i hate this phone it cant even load viber or ig it loads after an hour and sometimes it doesnt even load its so slow and it heats up very quickly im gonna smash this phone with a hammer when i get a new one
Nokia 2,i bought it for battery life i know i gb ram and 8 gb rom are not enough for video stores but i am very much frustrated battery runs out too quickly and soon it became swollen so i visited authorised service centre and got a new one but the same
Nokia 2,i am purchase in poorvika mobiletuticorin very very worst product  nokia2 3month properly use after fully complained  battery no charging mobile hang etc
Google Pixel 2 XL long-term,how strong is the battery for google pixel 2xl
Google Pixel 2 XL long-term,long time revisionis the star
Google Pixel 2 XL long-term,i think its battery because the cold shutdown me phone at first at 20 like you and now its closer to 50 and the battery is internal so cant be changed
GSMArena smartphone buyer's guide,having spent some more time with the device i cant say that the camera is great and i dont any reason why dxomark gave it a better grade thana huawei mate 9cause it is waay behind it overexposes a lot photos lack contrast no eay near those ta
GSMArena smartphone buyer's guide,ikr mi note 3 is possibly the most balanced phone of the year amazing camera like the htc u11 good performance similar to oneplus 3t fast fingerprint scanner good sound quality etc
GSMArena smartphone buyer's guide,"a perfect phone in my opinion should have 
a metal body and water resistance like the iphone 7 
google pixel 2s camera and lg v30s wide angle lens 
fingerprint scanner position like g6 and accuracy like the mi 6 
front firing speakers and 18"
LG Q6,its a great cp easy to handle for seniors nice to have one i think i will enjoy using lg q6
LG Q6,which country did you seacrched the battery to buy
LG Q6,if company give lg q6 no any lg ui  android version update in 2021
"Best phones, worst phones 2017",oneplus over xiaomi amoled display still have headphone jack better camera and close to stock androidcompared to xiaomi mi 6mix 2
"Best phones, worst phones 2017","says the kid that loves his e7 while lowkey has samsung note 4 and note 8 but loves the old  symbean and older phones but would trash others that like older models 
thumbs up for you logic"
"Best phones, worst phones 2017",i have a galaxy j7 samsung it is a good phones for a normal routine use  but it does nt have basic features like screen mirroring  cast screennfcgyroscopic sensor and face recognition lock  but in technical use point of view it is a worse phone 
vivo V7,me tooi bought 2017 still am using
vivo V7,bought this back in early 2019 and up until now im still using this phone although there is a minor screen crack its still functioning properly
vivo V7,been using this for how many years now and its still working at its finestcamera and allno issues encountered so far
Sharp Aquos S2 hands-on,2021 version of this wd still compak size pleassss
Sharp Aquos S2 hands-on,igzo screen or not  its impossible to find out
Sharp Aquos S2 hands-on,but what of dongles they are the ultimate accessory   _   add satire
Apple TV 4K,nvidia shield tv pro 2019 version
Apple TV 4K,"i had a collection of movies which are 10gb to 30gb files 
can i access them on the apple tv box  cause  im thinking to switch my tv interface from android to ios"
Apple TV 4K,when ever i want to buy streaming box i prefer apple company and mostly apple tv 4k
Samsung Galaxy A8 (2018) hands-on,got this phone with a samsung neon flip case but im not getting any notification lights when i receive text messages or whatsapp message any suggestions on how to fix this
Samsung Galaxy A8 (2018) hands-on,why samsung a8 2018 mobile isnt come in india in a8 are not success because a higher price why samsung your are provide market your share in other company plz provide good phone in 15000 under and provide good spec like 55 in infinity display 18
Samsung Galaxy A8 (2018) hands-on,please post a full review of a8 2018
Huawei Mate 10 Lite,camera is very ordinary
Huawei Mate 10 Lite,smooth phone accrualy it been like almost 3 years am using it 
Huawei Mate 10 Lite,please where can i buy the screen of huawei mate 10 lite
Oppo R11s,"hi guys i am satisfied user of oppor11 since 2017 up until now now i am planning to buy new oppo phone with the same or higher quality camera than oppo r11s  
 
i have tried searching oppo phone better than r11s in  the store though it tells 6"
Oppo R11s,side left lower button side right button simultaniously
Oppo R11s,just swipe diagonally using three fingers all at the same time
Archos Diamond Omega,not much french left of them its 99 china now
Archos Diamond Omega,zte z17s has quickcharge 40 and archos has only 30v
Archos Diamond Omega,and the honor v10 will come also around 500a much better deal as i see
Samsung Gear Sport,totally agree the gear fit 1 was a great watch i rubbed the worn metallic bezel and it looked stunning  does all i need never missing a call showing whos calling texts with quick answer emails media control counting steps good sleep trac
Samsung Gear Sport,the garmin 935 is much more expensive i do understand the logic however of not wanting to charge a smart watch every second or third day especially when it is also used to track sleep
Samsung Gear Sport,no point in getting a smart watch when it cant even last a week the features are already there the battery life is just meh
Huawei Honor View 10 hands-on,pls pls pls tell me how is loud speaker volume of v10 
Huawei Honor View 10 hands-on,its available now launched 8th jan 2018
Huawei Honor View 10 hands-on,has it auto call recording facility 
HTC U11 Life,what is the auto forward app used for 
HTC U11 Life,as for the selfie camera the sensor is actually 4 mpix antutu says its 4mpix hd kamera app does a 4mpix picture with it so the native htc app does some fancy superres upscaling from several shots taken in the buffer effectively quadrupling th
HTC U11 Life,anyone know what the rear camera sensor is on the u11 life there just doesnt seem to be any info on it htcs hdr boost algorithms are extremely impressive if its a tiny 10 micron pixel sensor like the imx351 used on the u play thats my guess 
Motorola Moto X4,had this phone for 3 years no bad thing i can say
Motorola Moto X4,karachi sind pakistan
Motorola Moto X4,best phone ever created
HTC U11+,"best phone ive ever had  
 
ive had htc one m7 m9 iphone 7 iphone6"
HTC U11+,long story short had alot of phonesone plus 7 pixel 3 etc in the last year ended up using a u11 dirt cheap 150 dollars disapointed at first  screen a little meh but quite nice natural colours 810 nice camera 810 ergonomycs 610but t
HTC U11+,is the problem of brightness have solutions in updates
vivo V7+,for me the phone is good but i was fooled when i went to buy it they told me it was 8 gb ram and 256 gb rom but after two days the phone settingd tested and i started seeing 4 gb ram and 64 gb rom i saw 3225 mah but mt own is 3900 mah
vivo V7+,the phone is really awesome i have it now 1 year no problems nothing really fast and nice phone vivo nice thank you for your awesome work
vivo V7+,"pathetic phone absolute waste priced high over more speced phone 
all the money has gone to marketing instead of making a good phone 
no dual band wifi and no fast charging these things are supported by soc 450 snap 
6 inch hd resolution is "
Oppo F5,my phone doesnt support any whatsapp though it is messenger it cannot and so please am kindly requesting you if you can fix that problem for me cause am really missing a lot thanks
Oppo F5,my phone  doesnt support  any whatsapp though it is messenger it cannot  and so please am kindly requesting you if you can fix that problem for me cause am really missing a lot thanks
Oppo F5,worst smartphone ive ever used its features are very few compared to other smartphones there is no restart button no shortcut features and much more and the hardware also often has problems such as a ghost touchscreen the power and volum
OnePlus 5T,yeah
OnePlus 5T,since december 2017 i used 5t countinue amazing  best ever
OnePlus 5T,i bought oneplus 5t in feb 2018 still is working fine with no issues great phone i read thru the review none if the negative points hv impacted me
Samsung Galaxy S8 Active,not working camerafront  main camerai chek this but camera donebut not working
Samsung Galaxy S8 Active,i just found out about this new phone line up might get one as my new phone thank for the info
Samsung Galaxy S8 Active,does it support indian network operators
OnePlus 5T hands-on,"too bad the camera still blurs faces what about macro and closeups 
i returned my op5 because of these issues on the camera and was excited to hear the op5t would have a new lens but looking at the samples i dont see much improvement"
OnePlus 5T hands-on,which phone is next to op5 at 145 
OnePlus 5T hands-on,i never got more than 3  half hours of sot out of op5 even though it wasnt used heavily
Samsung Galaxy J7 Pro,very nice and long lasting phone
Samsung Galaxy J7 Pro,no
Samsung Galaxy J7 Pro,no its a midrange device released in 2017 5g started rolling out in 2020 5g came to midrange devices in 2022 only
Razer Phone,"ive had this phone for a year and i havent had a single problem with it  
 
imo the main reasons to buy this phone at the time were the sound quality gui responsiveness stock android and the fact it looks different from other phones these "
Razer Phone,4 months after purchase and the charger stopped working 5 months after purchase the screen developed an issue which i found upon research online that it is common with this phone half the screen freezes and would not respond until you reboot the p
Razer Phone,i love this phone since having this phone i was only able to update once and only update the apps which i love the performance on the phone is awesome
Nokia 2 hands-on,see your old nokia mobile modles and use diffrent diffrent modle do not use the same body of mobile for ex nokia 7210 3310 etc
Nokia 2 hands-on,see your old nokia mobile modles and use diffrent diffrent modle do not use the same body of mobile
Nokia 2 hands-on,"xiomi is crap 
nokia is best"
Apple iPhone X,you can always 3
Apple iPhone X,my face recognition doesnt work also the phone is jamming
Apple iPhone X,very nice
Google Pixel 2,i dont know what you are smoking but pass that to me as well 
Google Pixel 2,the pixel 2 isnt that bad well thats considering i get a pixel 2 reburb for 100 i paid 900 when it first came out but returned it because i couldnt justify the cost for a flagship with a6 month lifespan but for100 ill l
Google Pixel 2,the only thing i found awkward were the bezels everything else was great ip68 is sometimes a good amount better but i think ip67 is good enough i overprotect my phone so much sometimes i forget it is water resistant i feel like only a weak spr
Huawei Mate 10 Pro,experiencing problems with web browser hanging so time to upgrade
Huawei Mate 10 Pro,"the huawei mate 10 pro still holds up as a solid smartphone especially with its powerful performance great battery life and impressive leica dual cameras a great pick for those who value speed and photography in a sleek design  
visit my webs"
Huawei Mate 10 Pro,the best mobile i ever used 
Razer Phone hands-on,httpswwwebaycomi302622706259chnps
Razer Phone hands-on,benchmarks seem disappointing for a smartphone touting itself on superior gaming not that it did poorly but its not going to give you anything better then other flagships and in some cases or clearly did far worse also using your smartphone for 
Razer Phone hands-on,"bet they did not think about the future of these phones by glueing the batteries 
 
only future fools that will keep parting with their money every year or two"
HTC U11 Life hands-on,is it just in my device or it really has 05 stars refreshed the page 5 times and the star rating is still 05
HTC U11 Life hands-on,oppo r11 has even better selfies
HTC U11 Life hands-on,great little review i especially appreciated the generous and wellpresented camera review its a damn nice phone for the price
Google Pixel 2 XL,not looking at what you type before pressing the submit button is really embarrassing
Google Pixel 2 XL,gotten it yet im still using 1st gen recently got audio problems and want to switch to this
Google Pixel 2 XL,i got brand new on ebay unlocked for about 180 dollars last year i unlocked the boot loader and installed lineage custom rom everything works great and i have the latest android security patches nice phone still today very nice photos also
Huawei Mate 10,excellent phone still works perfectly after 5 years of use so proud of huawei to make the wonderful hardware and the harmony os
Huawei Mate 10,"just purchased this phone for only 90000 namibian dollars  
what a great phone"
Huawei Mate 10,is it 4g sported
Xiaomi Mi Mix 2,kind of strange i have the mi mix 2 for a couple of months now and while i can see it lasts a bit less than the mi 5 it replaced the endurance rating seems suspiciously low  i get 2 full days with moderate usage sometimes more the mi 5 always ga
Xiaomi Mi Mix 2,i havent tried it but it should as its stock with a locked bootloader
Xiaomi Mi Mix 2,may be gsm arena needs to retest battery life it comfortably gives an endurance rating  of more than 80 hrs and that too on dual sim
Galaxy Note8 vs iPhone 8 Plus,"i love my iphone 8 plus  
probably one of the best phones ever made call me a fanboy i dont care my next phone might be an iphone 20 xx thatll probably come out in september next year 2027 hopefully i dont run into any problems with my "
Galaxy Note8 vs iPhone 8 Plus,note the best in anything 
Galaxy Note8 vs iPhone 8 Plus,both iphone and the samsung has quality camera
Galaxy Note8 vs iPhone 8 Plus camera blind vote,mmm the results show otherwise stop fooling yourself iphone camera is best in the world thats absolute rubbish even the iphone x struggles to keep up with samsung camera samsung are cheaper on flagship and provide a better experience why p
Galaxy Note8 vs iPhone 8 Plus camera blind vote,iphone is the good camera any phone cant compear with iphone world wide natural camera is the i phone
Galaxy Note8 vs iPhone 8 Plus camera blind vote,"galaxy note 8 is the king  
best camera in the samsung history"
Honor 9i/Mate 10 Lite hands-on,you need to buy a tempered glass for the screen protector yup it has no gorilla glass
Honor 9i/Mate 10 Lite hands-on,"hi guys i just bought this nova 2i  honor 9i all i can say it is so fast if you want to charge this phone fast turn off the device or switch your phone to airplane mode  
for the camera the auto mode is good and you can also capture in burst mod"
Honor 9i/Mate 10 Lite hands-on,can i use this phone without the screen protector it does not say that it is a corning gorilla glass though
Google Pixel 2 XL hands-on,i didnt say apple is right in not adding sd card slot i criticize every one that has any excuse to not have an sd card slot its not something that messes with integrity of design or waterproofing or anything its purely marketing technique to ma
Google Pixel 2 XL hands-on,sony is irrelevant
Google Pixel 2 XL hands-on,"seriously stop blindly defending thats a foolish interference to help work on a problem that should not be an issue and introduces its own issues 
this is not because wireless is the future thats the future this is the present 
currently "
"Huawei Mate 10, 10 Pro, Porsche Design hands-on",small playersaid the dope to everyone  huawei is the 2 phone mfg in the world next to samsung and ahead of apple
"Huawei Mate 10, 10 Pro, Porsche Design hands-on",so far from early morning til i go to bed at night im still left with battery between 3565 so this phone definitely last for more than a day  and also i want to mention that its very responsive and the fast charging is really fast too  so thos
"Huawei Mate 10, 10 Pro, Porsche Design hands-on","wharever i still cant and wont ever rely on chinese products 
also leica will charge you a ridiculous amount for using its red dot even apple is a generously cheapo compared to leica 
excellent effort from huawei nevertheless"
Xiaomi Mi A1,cpu reball
Xiaomi Mi A1,is xiaomi mi a1 phobe available in market stock or out of stock 2ndly whats the price of this model in market right now
Xiaomi Mi A1,been rocking the a1 in 2024 with lineage is 13 gcam and gcam aux module for magisk its pretty decent for my needs
Honor 7X hands-on,the was very fantastici havent seen such a mobileevey one who is excited to own this mobilebut price offcourse more and try to buy this mobile with borrowing  money from their relatives or friends
Honor 7X hands-on,its 200
Honor 7X hands-on,nothe honor 7x doesnt support and also gyroscope
Moto Z2 Play,i buy new phone moto z2 play i need to update
Moto Z2 Play,in the review it says the z2 play has wifi ac 5ghz wave 2 but it does not it only has wifi n 5ghz
Moto Z2 Play,no audio with gps
Sony Xperia XA1 Plus,not correctmy kids using it with pleasure sony brand for a good price
Sony Xperia XA1 Plus,update or flash  with official oreo xa 1 plus unless you know to root themyou can edit buildprop after reinstalling original kernel professional only
Sony Xperia XA1 Plus,another major bad thing about the xperia xa1 plus is the screen even on full brightness outside in the sun you cant see anything not only the screen in general but if you are taking pictures or videos it is rubbish because you cant see what you a
Google Pixel 2 and Pixel 2 XL hands-on,and just android gmail google youtube
Google Pixel 2 and Pixel 2 XL hands-on,"errrr 
android 
maps 
chromeos 
tensorflow 
docsgsuite 
drive 
adsensewords"
Google Pixel 2 and Pixel 2 XL hands-on,the original pixel did well enough in sales that they are making another the nexus 5 sold well also chromebooks are popping up more and more too
Apple iPhone 8,i am an android developer  from 2025 to 2026  iphone 8 have great experience in my life
Apple iPhone 8,good day and i will see if i will get it to do that and i dont
Apple iPhone 8,8
Apple iPhone 8 Plus,i noticed with at least one app on the app store that requires ios 170 or later that itll let you download and use an older version this is not the case with all apps that require ios 170 or later though but still its worth mentioning
Apple iPhone 8 Plus,its a great phone even today its great for me the only thing is that some apps are starting to require ios 17 or later its not an issue for me yet but in the future it might be
Apple iPhone 8 Plus,can 8  is best choice for using todaysome one can help me can i buy or not
Asus Zenfone 4 family hands-on,yeswhy the price is so drop highly
Asus Zenfone 4 family hands-on,when did the price drop of this phone happen
Asus Zenfone 4 family hands-on," we also have a review unit of the zenfone 4 here at the office all set to enter the review pipeline you can expect a detailed review in the coming weeks  
 
right"
Sony Xperia XZ1 Compact,"my favourite phone still using as a secondary device reasons why i upgraded to a xiaomi 15 
 
no software support 
32gb internal storage isnt enough in 2025 with apps getting bigger and bigger 
gps problems will lose connection during"
Sony Xperia XZ1 Compact,"i still use my xz1 compact as a second device currently writing on it i upgraded to a xiaomi 15  
 
if you want to replace your xz1 compact maybe look for asus zenfone 9 or 10 galaxy s25 iphone 16 pixel 5 huawei p30 these phones may not be"
Sony Xperia XZ1 Compact,i bought mine in 2018 and am still using it  time for a replacement but i cant find anything comparable
Xiaomi Mi 5X,i know its been 6 years but yet the mi a15x they share the same codename as tissot but the other model is daisy like the 9a is dandelion but the 9at is dandelion_eea ect is still good in 202425 as the lineageos supports it officially and
Xiaomi Mi 5X,what if im not interested in gaming
Xiaomi Mi 5X,it is not good company but features are best
Samsung Galaxy Note8,its been 7 years since i bought it in 2018
Samsung Galaxy Note8,i have one but unfortunately it has a screen problem so how much is the screen and where can i get it in nigeria
Samsung Galaxy Note8,this is the best samsung of all time for me atleast
LG V30,thats a lie mate when it comes to camera and sound v60 is the best lg has ever made
LG V30,"2022 
i love the snap movie feature on lg v30 sadly the lg v40 thru lg v60 does not have it"
LG V30,yeah agree i have one and the battery of v30 was horrible
Sony Xperia XZ1,android 1402
Sony Xperia XZ1,love this phone i wish there was a slightly updated model so i could buy it again in 2023 the corners could stand to be a touch more rounded but otherwise its pretty amazing why wont anyone make small android phones with decent specs a
Sony Xperia XZ1,and that is why today in 2022 you have the same basic boring design with no headphone jacks guess who still has no notches has led notification and a headphone jack thats right
LG Q6 p,"its wrong what they said about slow charging of lg q6 mobile  
i have lg q6 mobile for year and still my mobile charged in maximum 1 hour 20 or 30 minutes  
and another thing that it also have fast charging option  
note all i say about ch"
LG Q6 p,"i droped this phone 2 storys high on rock face down  
with no damage"
LG Q6 p,damn i love the front design so much yet disappoint with soc ffs sd435 im in doubt to purchase this device or not
Meizu Pro 7 Plus,face lock is yessssss
Meizu Pro 7 Plus,where are the cpu tests
Meizu Pro 7 Plus,it seem that only the pro 7 not the plus has band 20 support is that correct
Android 8.0 Oreo,8
Android 8.0 Oreo,yesit is on official lists
Android 8.0 Oreo,the oreo update completely stooped my samsung galaxy s7 from working i was forced to do a factory reset which has caused untold problems
"Alcatel Idol 5s, Idol 5, A7 XL, A7 hands-on",nice
"Alcatel Idol 5s, Idol 5, A7 XL, A7 hands-on",when are the 10 phones coming out hmm mediatek i would use that if i so got it for free still using snapdragon quad core with laos 141 which is the best ive ever used
"Alcatel Idol 5s, Idol 5, A7 XL, A7 hands-on",smaller bezels than the x devices
Motorola Moto X4 hands-on,i cant help but notice similarity in moto x4 and galaxy s7 front design looks pretty similar to my s7 from the front the initial impressions look good the design is beautiful as is the case with glass builds although i prefer amoled displays f
Motorola Moto X4 hands-on,i am already been a long moto brand user but everyone like moto for its produced quality and i am proudly using its first brand whoever i ask for purchase they say go for moto but after with lenovas linked production of moto there are lot of complain
Motorola Moto X4 hands-on,one of the greatest advantages of the moto devices is their battery life  galaxy s7 lasted me 8 hours at best  returned it after 7 days  moto g5 plus  battery lasted 12 days  moto z play my current device  battery lasts  23 days  heck ev
Sony Xperia XZ1 hands-on,is it xz1 could tap to wake and wake up
Sony Xperia XZ1 hands-on,"this phone looks much better than the copycat xz2 
lol sony is always going backward"
Sony Xperia XZ1 hands-on,why did you have to get so defensive over that and start making indirect insults
LG V30 hands-on,sooooo still waiting
LG V30 hands-on,"it seems youre the most possessed samsung fanboy child here who cant accept the truth 
 
as i already said lcd screens are overall better than amoled screens all amoled screens burn in over time and it not only means that you can recognize a"
LG V30 hands-on,"looks like you cant provide any and it seems you are basing all these childish attacks and antics solely on the possibility of burn in seriously 
because lcd doesnt get image retention or have its own issues and as a unique one to lcd that d"
Sony Xperia XA1 Plus hands-on,"hi  does your dual sim model have dedicated slot for microsd or it uses sim card 2 slot  
share ur experience of using that phone as im thinking of buying it"
Sony Xperia XA1 Plus hands-on,i purchased xperia xa1 from canada the phone has touch screen and speaker problem read more reviews before you buy
Sony Xperia XA1 Plus hands-on,love the screen sony
Sony Xperia XZ1 Compact hands-on,people like these only know to complain about anything thats all they didnt know how things workdual speakerbig battery 2700 mah considered big for 46 inches phone head phone jack and fingerprint in a compact phone tell me the other manufact
Sony Xperia XZ1 Compact hands-on,i dont understand how people want compact and good battery life but then complain on low resolution and thickness lower resolution  better battery life compact in size increase in thickness smh
Sony Xperia XZ1 Compact hands-on,this is the dream phone for people like me who need a couple of phones with easy access to emails and only a few other data requirements because we have access to laptops or other bigger devices for proper computing we do not want a 150mm device to 
"Gear Sport, Fit2 Pro, IconX (2018) hands-on",i am disappointed by the samsumg gear sport
"Gear Sport, Fit2 Pro, IconX (2018) hands-on",can the gear sport  make and receive calls
"Gear Sport, Fit2 Pro, IconX (2018) hands-on",in what way has the hr sensor improved
Moto G5S Plus hands-on,yes
Moto G5S Plus hands-on,mi a1 is lot better than this crap and its cheaper too
Moto G5S Plus hands-on,"did you purchase this device how is it 
httpswwwqualcommcomnewsonq20171127deviceaiaccelerationdebutsmotorolasmartphonessnapdragonneuralprocessingcmpidfofyus1728"
Nokia 8,my phone always restarts  i hate it and there are duplicate apps but if i delete the other get deleted i need new phone
Nokia 8,since unboxing i can not use the screen in cold weather around 10c it stops responding even 15 and windy weather all nokia 8 affected with this problem  over all pretty good device
Nokia 8,i still own a nokia 8 nowadays and i use it daily for a lot of calls reading news and using some apps even for games it still handles pretty solid battery life havent changed much since when it was new and i am just sad they did not kept thi
Samsung Galaxy Note8 hands-on,stop using phone while driving sir its can harm yourself love your familys
Samsung Galaxy Note8 hands-on,"i cant believe they didnt include ir port its very usefull to me 
fingerprint on back so no using it in my car and no quick tapping while working terrible 
curved screen for stylus not sure samsung knows the best anymore so i must see"
Samsung Galaxy Note8 hands-on,you mean note 4
Xiaomi Mi Max 2,mez using this mi max 2 for 8 years now still functioning truly well except for some outdated apps love this phone true legend hope they launch something new in mi max family
Xiaomi Mi Max 2,used for 8 year ive dropped it throwed it in water open it and many times of overcharging but still good this phone is very good
Xiaomi Mi Max 2,6 year already
Hands-on Nokia 8,welcome back nokia we have waited for you guy for a long time that you guys should bring in this beautiful handset but please is this market
Hands-on Nokia 8,all phones are chinese phones because all phones are made in china
Hands-on Nokia 8,nokia is back
Nokia 6,great stuff
Nokia 6,hello nokia 6 not to my expectation recent app button not working battery saver not active i had to download an app via playstore to support those features inserting an earpiece only one side of the earpiece is working fix it well
Nokia 6,my own phone doesnt provide calls sounds to my second party unless i put it on speaker which is also not loud enough at my ens
Moto Z2 Force,very nice phone 6 to 7 hours on wifi using continusely
Moto Z2 Force,all those nice details the bw sensor captures dont affect the color picture though right the color picture is only as detailed as the color sensor captures
Moto Z2 Force,"hey can you tell that now in india in festival offers  
i am getting this phone for 250  its a really good deal or i choose to go with new device 
please tell"
Doogee Mix,got this phone after an iphone5 had it nearly 4 years and its never missed a beat been dropped loads of time no damage picture quality is a bit hit and miss but not the worst ive used charging is getting slower but battery lasts ag
Doogee Mix,"dont get fooled by the name isocell the s5k3p3 is a patently garbage toy camera image sensor 
 
other phones with that image sensor model such as the ulefone armor 2 also produce noisy images in perfect daylight no coincidence 
 
ima"
Doogee Mix,i dont have doogee mix
Samsung Galaxy J5 (2017),can i get for info about this topic
Samsung Galaxy J5 (2017),why are you using the past tense
Samsung Galaxy J5 (2017),i have this phone but doesnt have a screen because it fell on the ground and got black screen but im gonna fix it
Samsung Galaxy J7 Max p,still using this phone still running good but the back up is not good
Samsung Galaxy J7 Max p,nice phone i love it
Samsung Galaxy J7 Max p,by ordering it
Our editors talk,hmmthats right
Our editors talk,where did you get that kind of stupid theory
Our editors talk,because the phone i described is not on the market and only a fan boy could read that list and state as a matter of fact that their favorite phone does meet 100 of that criteria
Nokia 5,used it from 2019 but can not send voice notes since october last year took it to professional no luck what could be the problem
Nokia 5,i like it where can i find it
Nokia 5,had it for three years its still going fine but the 16gb really 8 after the system swallows half of it is too small for a smart phone and the power point is had it only works with one cable i guess its the original and only on a part
Samsung Galaxy J7 (2017),"same opinion 
great phone  
many features looks premium  no issues 
well built  
storage 16 gb is a downside 
but with sd card things get better"
Samsung Galaxy J7 (2017),amazing build quality bought in 2017 using daily for 3 years now the phone is working like the 1st day i bought it buttons usb head phone jack no tiring of the materials whatsoever the battery lasts forever about a week with power savings on
Samsung Galaxy J7 (2017),ive bought j7 around june 2017 its still ok nowday
Oppo R11,on my opponent r11 i cant save videos or pictures or music why its wipe away why
Oppo R11,killer phone one of the best smartphone
Oppo R11,"is wish if this specs would be in my phone 
3d 55 inch super amoled display corning gorilla glass 5 1080p screen resolution 
snapdragon 660 64gb 4gb ddr4 ram 
dual sim  sd card support 
volte 
nfc 
12mp dual rear camera f17 with kis "
ZTE Nubia Z17,fyi the z17 6gb64gb model can be had for 390 on importer sites now
ZTE Nubia Z17,why dont they make camera comparisons with this phone the samples are really nice nicer than the g6 s8 iphone 7 etc
ZTE Nubia Z17,apple wasnt first i think that was the leeco le max 2
Honor 9,good
Honor 9,battery timing is too short
Honor 9,i found it on ifixit but they only ship to certain eu countries
Xiaomi Redmi 4,no it isnt
Xiaomi Redmi 4,"still rock solid in late 20225 years already in my hands and still running smoothly does what it supppsed to do and still does it quite well given its age 
too bad that 5 inch displays arent a thing anymore"
Xiaomi Redmi 4,nooo xiaomi redmi note 11 pro is best
Nokia 3,its august 2024 and this phone is already 7 years old but im still using it it still works fine except for the power button it wears out quickly and i have already repaired the power button 67 times also these days the battery life
Nokia 3,"its been five years since i bought this mobile it is still doing great  
i bought it in july 2017 and still using it here in april 2022"
Nokia 3,i agree about the camera below standards even after considering the price range on the other hand really sturdy phone it even survived falling twice in the toilet
OnePlus 5 vs. Galaxy S8 vs. iPhone 7 Plus,yes really
OnePlus 5 vs. Galaxy S8 vs. iPhone 7 Plus,i agree with you bro android has more functions  than of apple devices more customizable awesome ui than apple cheaper more accessible system configuration high end specsif you have a flagship device etc
OnePlus 5 vs. Galaxy S8 vs. iPhone 7 Plus,sad
HTC U11 vs. iPhone 7 Plus vs. Xperia XZ Premium,my unitel iphone 7plus
HTC U11 vs. iPhone 7 Plus vs. Xperia XZ Premium,im sorry i dont speak english and im difficult to understand everything he wrote in short words who won they seems so equal as colorsdaylight and a bit noised on xzp and writers opinion tends to be too objectiveavoiding takes of positio
HTC U11 vs. iPhone 7 Plus vs. Xperia XZ Premium,"obviously someone who is trying to prove that the u11 which everyone knows has the best camera is not as good as the experts claim he 
 
the xperia is certainly better in some shots where the added detail and dialled down over exposure wins  the "
Sony Xperia L1,i brought the dual card phone so i could use overseas with a seperate sim  however i cannot find a usa sim which is compatible  everytime i check my imei number it comes back no coverage in usa  does any one know a sim which will work even on 3g
Sony Xperia L1,i also had this phone g3311i installed google 1 to get free additional 15g memoryfor saving other documents as well i dont need to buy an sd card and the price still not going down faster
Sony Xperia L1,ive had this phone since 2018 and i really love it the battery lasts for about 2 days and its kinda fast 16gb isnt much though and the phone do get kinda hot when you stress it but its otherwise a really good phone
OnePlus 5,"still useing this phone with my wife 
good for work and others 
when you get worst issue theres from other brand lol wkkk"
OnePlus 5,bought it since august 2017 still no glaring issue except battery life which is as expected because its already nearly 7 years old and a bit screen burn in at top right where signal and battery percentage are no burn in at rest of the screen sti
OnePlus 5,bought it july 2017 and stil working perfectly since day 1 only the battery performance after five years is weaker lasts little more than one day definitely my next one will be oneplus again
Moto Z2 Play p,"well if a company wont update their phones thats just fine but you cant run around and tell the world that you will provide updates and then you wont 
 
this is not just unethical  its a scam motorola was scamming their customers as i bet "
Moto Z2 Play p,if you care so much for updates why didnt you get the x play g series are low end budget smartphones and they wont get more than 1 major software update it makes sense it costs them a lot of money to mantain older devices motorola in googles e
Moto Z2 Play p,motorola is an excellent brand damaged by a poor customer service i wont buy another one due to my poor experience
Oppo R11 p,battery
Oppo R11 p,"will this work on american carriers like tmobile 
i think id rather spend 500600 for the r11 plus than 1000 for the note 8"
Oppo R11 p,micro usb  3000mah battery really let me down
HTC U11,i have a htc u11  for 3 yrs but put it down last year cause i upgraded to the u12 and now my u12 gotten stolen  and my u11 not booting up im getting the blinking light and i try every method to get it turn on back  so my question is if i re
HTC U11,"i brought this phone 2yrs back 
within a month it fell down while charging due to its slippery smooth back  and front glass cracked  
couldnt fix it 
but other wise very smooth running and no battery complain now since month i have trouble with"
HTC U11,"just 6 month back i bought  
gorilla glass but its boricken both the sidei dont think  will get warranty 
not satisfiedin u11"
Xiaomi Redmi 4a,this mi 4a is the best best best phone for everything  dropped it several times in 5 years not even a scratch or dent everything is perfect abput this phone  its size fits all pockets and is handy than hefty big phones  full day life at 10
Xiaomi Redmi 4a,i hope to get my new phone
Xiaomi Redmi 4a,i hope to get my new phone
Sony Xperia XA1 Ultra,"superb phone when usingno hang and no hard to use it 
 
camera quality is amazingphoto quality and resolutions are very good as compared to iphone"
Sony Xperia XA1 Ultra,"when i install open camera it gives me option to turn on 4k recording maxed out at 4k ultra not sure if its really doing that resolution also in open camera you can set video bitrate and frame rate 
please let me know about this i did a sam"
Sony Xperia XA1 Ultra,i regret to have gotten this smartphone poor battery life poor camera resolution not practical functions at all
Huawei P10 Lite,am having the same challenge please let anyone who has knowledge about it help us out
Huawei P10 Lite,i had all the lites up to the p30 lite and i must say this one was their best p8lite a close second
Huawei P10 Lite,"my phone has this writing on screen emui 
then said download latest version and recovery 
and reboot and shutdown but doesnt work pls help"
BlackBerry KEYone,i purchased blackberry keyone about two years back but when i used  i was disappointed as its keyboard didnt work properly its typing system was intricate i packed it in box and put it in brief case blackberry is a rubbish phone i would prefe
BlackBerry KEYone,blackberry dont want to pay much for os development since their market is nearly zero and they didnt have much phone development too and they know they just wait for completely died so for what paying os development team anymore if 1 major upgrade
BlackBerry KEYone,is the messenger active
Xiaomi Mi 6,i have had this phone since 2016 and it still works like the first day bravo xiaomi
Xiaomi Mi 6,i had this phone in 2018 pretty sure it was the ceramic model i also liked the blue one too but probably couldnt get my hands on it i vaguely remember the camera being pretty good i have a picture of a cat 
Xiaomi Mi 6,"ive got this one for almost 3 years its really good  
camera functionality power  
a shame though 64gb is not enough"
HTC U11 vs. Samsung Galaxy S8+,i have a samsung galaxy s8 and s21
HTC U11 vs. Samsung Galaxy S8+,"htc u11 definetly better tel then samsung s8plus  
i have tested both at same tims and very kntresting htc is ahead of samsung in most apps when im opening "
HTC U11 vs. Samsung Galaxy S8+,this is so funnywhat a surprisei have used a htc one beforeit lags at all the timecamera is just a messui is gooddrains battery so fastplease dont compare samsung phones with these type of odd phones
Moto G5 Plus p,posting from my moto g5 display working perfectly even with a black round on it everything working fine phone is still with company fitting not a single repair required till now what is more in term of telling this phone an eternal
Moto G5 Plus p,this moto g5 plus camera takes the worst pictures ive seen even my old moto g3 did a better job hdr sucks i know this is because of the software since the sensor is quite good and you can find online forums where people report excellent res
Moto G5 Plus p,moto g5 plus new android software when come
LG G6 vs. Galaxy S8 vs. Xperia XZ Premium,ok
LG G6 vs. Galaxy S8 vs. Xperia XZ Premium,it depends on where u bought them from
LG G6 vs. Galaxy S8 vs. Xperia XZ Premium,for best camera results which phone would you suggest between sony xperia xz1 and lg g6 thanks
Blind shootout revealed,why if i had tested samsung s8 camera is not good as the gsmarena review are they using custom setting i used auto setting in s8
Blind shootout revealed,omg look at those 3 phones picture the middle one has the biggest size worst ergonomic with almost identical screen size compared two the other two
Blind shootout revealed,and samsung overexposed their photos
HTC U11 hands-on,no ir blaster no deal i was really liking this phone im so tired of these companies playing the follow game
HTC U11 hands-on,this is the best
HTC U11 hands-on,check it again mate you are wrong somewhere 11 in 2hours of watching video only happen with offline condition even impossible with 2 hours normal phones and high cap battery phones take about 15 per hour when playing video online i know you l
Sony Xperia XZ Premium,"hi 
doen anybody know why my xz premium sudenly  started to charge so slow 3watts max but battery is still in good condition like new lasts all day after 6years now 
and charging is funny  when you plug in charges and then stops  you take out"
Sony Xperia XZ Premium,uae original charger and do not leave to much in charge
Sony Xperia XZ Premium,how did you test enable it
Oppo F3,been using this since june 2017 and still working fine but some of the apps cannot be install since its not updated anymore i drop this already many times even drop in the toilet bowl clean of course lol
Oppo F3,im using this phone since oct 2017 and it is still working but only the problem is battery n the speed and also some apps are not supporting now but often dropping the phone the display is very durable no scratches no broken glass nothi
Oppo F3,i would like to ask if you have broke  oppo f3 phone or a display ic for oppo f3 phone thank you
Sony Xperia XA1,never ever buy this one
Sony Xperia XA1,i feel you bro same problem great phone but the toushcreen is garbage
Sony Xperia XA1,barely used it never dropped brand new came in with many problemserrorsdefects such as compass not working or gps not very good touch screen stopped working on sides after a few months making it nearly impossible to use constant crashes un
Samsung Galaxy C7 Pro p,worst camera ever
Samsung Galaxy C7 Pro p,i need
Samsung Galaxy C7 Pro p,good but not upgrable to android 9 pie
Oppo F3 Plus,httpsmgsmarenacompostreviewcommentphp3idreview1605idcomment228364
Oppo F3 Plus,no 80 oreo update a long times
Oppo F3 Plus,nope
Honor 8 Pro,"hi 
 
i am interested in capturing true bw images through a cmos sensor without any bayer filters in raw format while being capable of operating in manual mode 
 
i noticed that some phone while having a monochrome sensor do not allow to c"
Honor 8 Pro,yes
Honor 8 Pro,honor 8 pro its 6s not 7 plus or 8 calm down
Samsung Galaxy S8,for which you need to use a third party app especially i use volume style thats available on the google play
Samsung Galaxy S8,my most favorite phone of all time
Samsung Galaxy S8,cant seem to find screenshot in the samsung s8 any help
Samsung Galaxy S8+,good phone
Samsung Galaxy S8+,replace battery
Samsung Galaxy S8+,nope im using the s8 plis in 2024 with the lattest android for s8 plus android 9and it does not have may be downloading third party apps might do the trick
Motorola Moto G5 p,i have the same phone with the same problems what f is wrong with this thing a million unremovablegoogle service apps with endless permissions used to work great til i put a new sim card in it now it seems hacked to hell did you figure out your pr
Motorola Moto G5 p,i love this phone
Motorola Moto G5 p,my moto g5 is not working very well when calling or when you turn cellular data on  is not working well on network please help me
Huawei Watch 2," for all those features to work reliably from what i am reading the hrm is off by as much as 20 bpm the notifications are sometimes lost and the latest firmware supposedly made the hrm not detect anything over 141bpm  
 
and i was about to"
Huawei Watch 2,yup and the mate 9 and the watch reviews are the ones that i read
Huawei Watch 2,im with these other guys in customer service a month after i got my watch the button popped off warranty refuses to cover it now i cant even turn the thing on its otherwise perfect 
Sony Xperia XZs,
Sony Xperia XZs,this phone is good but problem its in overhating issues
Sony Xperia XZs,maybe
Huawei P10 Plus,almost same here i have the same problem unfortunately i have been using my device for about 7 years and i never thought to change it coze it is a great phone i went to the local service center for the sudden restart problem they told me that its
Huawei P10 Plus,my huawei p10 plus suddenly blacks out and then reboots then blacks out again and then reboots even when the battery is at 50  40 why is this the case
Huawei P10 Plus,hello guyzam using huawei 6x for uber as a driverit works very well fast in google map no signal lost for once and has fast charging 3gb ram32gb but now the ram is getting full and disturbing google map what kind of huawei good in google map like
Huawei P10 Plus vs P10,"the p10 plus captures more light than the p10 plus in low light 
well uhm that sir is confusing"
Huawei P10 Plus vs P10,"i have this problem with my camera in my p10 plus 
since im not a probut i just like to take pictures so i really dont know about its settings 
there is always a blue dot whenever i shoot directly into the lightbulbits like a reflection"
Huawei P10 Plus vs P10,i will have to disagree with gsmarenaon this the p10 plus captures more light than the p10 plus in low light so the p10 plus have more detail than the p10
Samsung Galaxy S8 and S8+ hands-on,agreed
Samsung Galaxy S8 and S8+ hands-on,fyi the xz premium using the display panel to do the 4k shifting it is saving more energy to switch between fhd the 960fps video is for creative user the hires audio is for audiophile the imx400 is for xperia xz premium and xzs not s8 or s8
Samsung Galaxy S8 and S8+ hands-on,"previous generation phones used 28 nm process so needed larger batteries  
s8 is built on 10nm process and is 30 power efficient 3000mah batteries suffice"
Xiaomi Redmi Note 4 (S625),whatsapp still working miui 11 android 7 n and some application is not available in play store now insta snap pubg working well battery life around 6 to 7 hours with charging speed is now 130 min to full charge and i dont root this phone to hi
Xiaomi Redmi Note 4 (S625),yeah its goog and still working
Xiaomi Redmi Note 4 (S625),no its better to buy a used google pixel 4 4xl but not from verizon or tmobile because if you need to you wont be able to flash it because of the manufacturers lock oem xiaomi redmi note 4 is already outdated and even if
Honor 6X vs. ZTE Blade V8 Pro,"i got the 6x for quite some time now and i can say its perfect in everything for me  
playing asphalt8 hearth stone and everything else smoother than my galaxy note 4 
in my opinion it just need camera stabilisation and not this useless dual cam"
Honor 6X vs. ZTE Blade V8 Pro,honor 6x facing no problems stable charges after updating to nougat ui  is much better overall a great deal for such a price of 14k in india better than note 4 for sure
Honor 6X vs. ZTE Blade V8 Pro,agree with your points but the camera is much worse on the redmi note 4
Samsung Galaxy A7 (2017),the touch screen of my samsung a7 2017 it is not working
Samsung Galaxy A7 (2017),common error of moisture detected issue popping up when there is neither dirt nor moisture in the charging port
Samsung Galaxy A7 (2017),when i update android version 8 my internet 4g very slowly can you tell me what happen 
