phone,review
Xiaomi 17T Pro review,"""Oh my God, what happened to those greens in the photos? Horrible oversaturation, it looks like a BBK factory phone, not even Realme dared to go that far! Xiaomi's photography is getting worse and worse... long live the Pixels!"""
Xiaomi 17T Pro review,"HyperOS is a breeze to use compared to the ""stock"" Pixel experience. How can a SW company like Google produce such a buggy mess is beyond me."
Xiaomi 17T Pro review,Yep as I mentioned very few. That's one of the few also. A very similar offering to the Xiaomi 17t pro.  The Honor is still available though with a 200 euro coupon in Europe (I checked in Germany) so it comes in at 799 euro for 12gb 512gb which ...
Xiaomi 17T review,"Cyberday is happening in Chile this week with great deals, and they just launched it... CLP 489,990, which is about USD 550"
Xiaomi 17T review,Good suggestion 👍
Xiaomi 17T review,"Yet they spend time switching to 4k60 from 1080p30 that’s selected out of the box, hence going to be used by most people. Vivid to Natural is a similar one-tap change that tremendously improves image quality. Your point?"
Infinix Note 60 Pro review,"This is so stupidly accurate.  
This phone by ""upper"" mid-range standards does it's ""mid"" assignment very well.  
 
Listen, If you're coming from a 5-year old mid tier mid-range like I was; Redmi note 10 Pro (legend) ..."
Infinix Note 60 Pro review,That's the best review of a device I've come across so far 👍
Infinix Note 60 Pro review,Why would you copy something to this extent
Honor 600 review,"Another con/compromise not mentionned here is the vibration motor, which sounds the same as that of the 600 Lite. High-pitched and of the rotating mass category, it's the kind you would find on much cheaper phones and sufer comparison with mid-r..."
Honor 600 review,"I like it. 
But it's out of my budget."
Honor 600 review,Does NFS work on the EU version ?
Sony Xperia 1 VIII review,"maybe because its aiming to be a good phone overall with useful features, how are you comparing a phone that is specifically made to have the best camera to a flagship(which still has a good camera it just isnt the main focus by a lot)?"
Sony Xperia 1 VIII review,Vivo X300 Ultra is much better than this. I think Sony need to improve the UI too...
Sony Xperia 1 VIII review,"What are you talking about? It's literally the simplest naming scheme possible. 
 
The first number denotes the model; 1 as the flagship, (the former) 5 as the compact flagship, 10 as the midranger. 
 
The number written in roman numerals de..."
vivo X300 FE review,I wouldn't want that giant monstrosity (IMO) though.  People shopping the X300/X300 FE are purposefully looking for something smaller.
vivo X300 FE review,Looks like Vivo has given up. My phone - 1y old Vivo t4 ultra - less than half the price of 300FE in india - has much better 10x telephoto shots that actually looks like optical - from the same 50mp 70mm 1/1.95 sensor. Looks like too much AI slop is ...
vivo X300 FE review,Well ram and memory were overpriced nowadays
OnePlus Nord CE6 hands-on  review,"Any phone is better than this, for example Oppo K13 Turbo is far faster with Dimensity 8450, 4K60, has more cameras, 12GB choice if you want, and still a strong 7000 mah battery, for far lesser cash. 
 
I'll say- CE6 is a fraud."
OnePlus Nord CE6 hands-on  review,All of them.
OnePlus Nord CE6 hands-on  review,"n Version Global is 7500mAh Battery :c In addition to only 5 years useful life, on its official website it appears, No India. 
 
- No MicroSD ❌ 
- Sensor camera OmniVision OV50D40❌ 
- Processor Snapdragon 7s Gen 4 (4nm)❌ 
- 8GB of Ram❌ 
- Bluet..."
Honor 600 Pro review,Useless Honor! they have removed so many features. Like you can't even say cheese to take a photo and the AI is pathetic useless no lock screen shortcuts either
Honor 600 Pro review,"450 eur for Pro version ? Are You sure :D ?  
 
Here is even non Pro version and without gifts more expansive..  
 
But Magic8 Pro, just sometimes, was for nice 900 eur, and of course will go down. Under the 800 eur will be Magic price for Magic ..."
Honor 600 Pro review,"IPhone users are the real wannabes. 
Cheap tier crowd using cheap quality products."
OnePlus Pad 4 hands-on review,They're not shutting down in America. I just bought something from they're going in hoops with another company. They're both sister companies are oppo .. I personally have the OnePlus pad 3 and it's the best tablet I've ever ...
OnePlus Pad 4 hands-on review,"Tablets in general have gotten too large. The only reasonably sized one is the Lenovo Tab One, and it's specs make it less worthwhile imo."
OnePlus Pad 4 hands-on review,When it comes to Android competition in the Western hemisphere. Samsung and Google are the 2 top dogs. I wouldn't buy anything made by OnePlus. There shutting down in the North America and I believe if I'm not mistaken they are getting repl...
vivo X300 Ultra review,"I bought it finally!!! 
5th day, then I hope I get it!!! 
Next month."
vivo X300 Ultra review,"this is the only positive comment from you on this site. i found it interesting.  
very igen."
vivo X300 Ultra review,"find x7 ultra, unless you use the UW all the time. X6 pro's UW cam was better easily but everything else was better on the X7U."
Moto G Stylus (2026) review,I have the 2024 G Stylus and I love it. Best phone I've had in years.
Moto G Stylus (2026) review,"T-Mo currently sells this phone for $189. At that price this is an amazing deal. I own the 2025 model and don't see any reason to upgrade, but for everyone tired of paying flagship prices for mid phones this is a great option with sorely missed ..."
Moto G Stylus (2026) review,"I own the 2024 version, and it has been the best phone I have ever owned. I found my past Samsungs, Google phones expensive with a lot less features."
Infinix Note 60 Ultra review,"I bought the phone with no second thought, and super love the design and performance for work dan daily driver. All the talk about POCO, Samsung s25fe and Xiaomi and realme, those are very boring phone. Its a great deal for the price as I owned Huawe..."
Infinix Note 60 Ultra review,price is over too much for a phone with midrange processor
Infinix Note 60 Ultra review,Can u root infinix devices easily?
Oppo Find X9 Ultra review,Why advertise 100w charging and it peaks at 83w?
Oppo Find X9 Ultra review,This phone has amazing battery and camera compared to my S24 ultra. The both run very fast and are compatible with speed tests like opening apps etc. did a side by side 100x zoom and the difference is staggering. Managed to get on a deal in UK for £9...
Oppo Find X9 Ultra review,"Yep you're completly right! 
 
Pricing here in Austria is horrendous as well, i think $1,700 even with a coupon and that for only the 512GB and 12GB version. 
 
I already have a Xiaomi 15 Ultra so I won't be buying the phone anytime soo..."
vivo V70 FE review,I guess the next one will be the Oppo find x9 ultra. It's launching today in China and the speaker test is up. Plus OPPO seems to have supplied it to all the major reviewers and they're advertising the Chinese launch as the global launch.  ...
vivo V70 FE review,"What about camera  
Like 200mp = 20mp🤫"
vivo V70 FE review,"Vivo copying Samsung LOL. They don't have ideas, so they are stealing from other companies LOL"
Samsung Galaxy A37 review,Huh? What are you blabbing about?
Samsung Galaxy A37 review,"🤣🤣🤣 from $500 to dipping under $400 within 1 month ..... This is bcos Samsung phones are WORTHLESS and ppl. Can simply wait it out and buy at $200 or buy other better brands.  
Samsung's entire production and pricing strategy can be referred to..."
Samsung Galaxy A37 review,Nobody's saying the flagship model is less superior. 🙄
Samsung Galaxy A57 review,"Recently Samsung has killed the only advantage of their ""A"" series phones starting with the A36/A56/A57 by removing the SDcard slot.  I work at a phone repair shop, and get customers daily with unfixable broken/smashed phones looking to tra..."
Samsung Galaxy A57 review,"Not quite. Exynos 1680 > SD 8 Gen 1 and a LOT more efficient, in real life. 
https://nanoreview.net/en/soc-compare/samsung-exynos-1680-vs-qualcomm-snapdragon-8-gen-1"
Samsung Galaxy A57 review,Nokia 232 Analog ✅
OnePlus Nord 6 hands-on review,"On the Image battery capacity is showing as 7500 mah. 
7500mAh 
80W"
OnePlus Nord 6 hands-on review,"What are you talking about? Xiaomi is the king of ADB! 
No other phone is so easy to customize through ADB."
OnePlus Nord 6 hands-on review,Why the software on POCO is dog water ... I mean HyperOS 3 everybody hates that crap waste. Its completely locked down you can barely run an ADB command. Just buy an IPhone at that rate at least the software won't be as childish.
Nothing Phone (4a) Pro review,"There people who not only like this design, but would pay a giant premium for it? This design? This specific one? That looks like a kids space phone you?"
Nothing Phone (4a) Pro review,"Since when is 500€ a flagship price for phones in year 2026.?..  
 
And what flagship would that be?  
I asume you mean Poco X8 Ultra.  
 
Okay so why is Oppo Find X9 Ultra costing 1800€ when Poco X8 Ultra is so much cheaper and also a flagship ..."
Nothing Phone (4a) Pro review,"Welp... Maybe people who have more than 2 braincells in their brains? Sure, it may seem like the (4a) Pro has a mediocre chip, mediocre cameras, a small battery with slow charging at a high price, but have you considered processing that information, ..."
Nothing Phone (4a) review,"No it doesn't. 
IP69 or IP68 or anything is cheaper as long as there are lot of phones in bulk that need that coating. 
 
Besides, if other brands are providing it, then there's no excuse for Nothing. 
This is a tight market and you hav..."
Nothing Phone (4a) review,"Calling IP69 excessive and overkill is justified when low end and midrange smartphones have IP69 rating. To achieve IP69, it gets really costly, hardware wise. When you do that on a flagship phone, it doesn't seem much cost wise because they hav..."
Nothing Phone (4a) review,You probably don’t even know what 80’ were.
Oppo Find N6 review,The Oppo Find N6 is way better than the Galaxy Fold Z7. I changed from the Z7 to the N6 and it is better in every single way except for maybe the speakers but who uses the speakers on their phone anyway? I don't understand how Samsung can charge...
Oppo Find N6 review,Oppo Find N6 I'd say
Oppo Find N6 review,"For me, a disappointment. In my opinion, the meaningless pursuit of the ""invisible fold of the flexible display"" is practically pointless. It will not bring any better user experience. I have had the Vivo X Fold3 Pro for more than 2 years a..."
Xiaomi Pad 8 Pro review,"12 bit. 
After or before dithering? 
 
😉😏"
Xiaomi Pad 8 Pro review,"Lol this NPC actually answered. 🤣 
Did u use chat GPT to come up with that detailed answer? 🤔"
Xiaomi Pad 8 Pro review,"What and why are you in the middle of a desert? That is also assuming there's cellular service, if there isn't, you be dead too anyway. 
 
You would need a sat capable phone, like one of those iphones, newer Pixel or Samsung. 
 
If this..."
Poco X8 Pro review,"The review does not go into how this phone supports hi-res audio via usb-c and wireless via bluetooth… The xiaomi website specs state ‘ Hi-Res & Hi-Res Audio Wireless certification, Dolby Atmos’ and that is the biggest reason I’d buy this phone s..."
Poco X8 Pro review,It's the apple effect. when everyone sees the anticonsumer things apple gets away with they want to copy it
Poco X8 Pro review,reread my comment until you get it
Apple iPhone 17e review,"I had been unfortunate enough to have to deal with iOS at my job on a daily basis for 6 whole years on 3 separate devices (6S, 11 and 14Pro+) and honestly I have no idea how people can use this frustratingly restrictive and bafflingly anti consumer c..."
Apple iPhone 17e review,"I'm not denying people have used such cameras on their holidays. And lots of people to that matter. But those people don't care about photography. 
 
And I agree, people do use smartphones nowadays as their main cameras on their holidays...."
Apple iPhone 17e review,"You don't live in real life... 
In 2000/2010, people used mostly compact for holiday...I used the A1100 up to 2016 as my last one (after a sony DSC-P73). 
Nowaday people mostly uses smartphones ! That's what you can see everywhere ! 
It&..."
Poco X8 Pro Max review,"Im sorry but they always skip some great futures like 4k display, hdmi out, 8k video recording, 3.5mm jack, card slot, so where is the evolution if 7 years a go samsung s10+ had all off this?"
Poco X8 Pro Max review,Amazing battery! :)
Poco X8 Pro Max review,"You can dimensity 9500s slightly upgrade version , not much but it's more powerful then dimensity 9400+  last year flagship chip, it's common sense for Xiaomi as B2B with mediatek, purchase the same chip ( last year ) with many quantity. Wh..."
Google Pixel 10a review,"Imma get that 10a and also therapy for buyer's remorse. But it is so f-ing expensive in EU, gusy! 600+ $?! What the actual f... ?! Greedgle..."
Google Pixel 10a review,"Yes, but it's still a substantial upgrade. Managed to squeeze 340 cycles from a 7a and battery life is still reasonable. I'm suspecting that provided cycles (like 1000 for 10a) aren't what you'll get in the real world. I think 7a ..."
Google Pixel 10a review,"True. Same for every other brand, though."
Samsung Galaxy S26 review,"Well,thank you but no thank you,I would never buy chinese trash,and watching that os every day is no to me"
Samsung Galaxy S26 review,"I love mine,no problem with Exynos. One Ui 8.5 is excellent. It also takes excellent photos day and night."
Samsung Galaxy S26 review,I traded my motorola razr 50 ultra for this one in the local store... the trade cost me 410€ for S26 and watch 8.
Samsung Galaxy S26+ review,"So the cameras are almost identical to four years ago, the Galaxy S22+, and yet that's not listed as a CON. 🤷🏼‍♀️"
Samsung Galaxy S26+ review,"Nah, you can actually find new ones for that price. And that is with VAT..."
Samsung Galaxy S26+ review,No? Isn't the Ultra having Snapdragon and 100mah more battery? Even with that it lost to Exynos Plus
vivo V70 review,"Idk about the Pro Max as they don't sell it offline where I live but I saw an X8 Pro once, it has the same haptic motor as most Xiaomi midranges (X-axis, but motor is pretty small so feedback isn't as nice as on flagship models).  
So it s..."
vivo V70 review,"Which is a trend in current Wingtech designs.  
 
For the most part, the space intended for the vibrator is now used up for batteries and an ""expanding space"" for cases where the battery may have a chance of inflating, despite how Si/C ba..."
vivo V70 review,Who agrees that Vivo has just taken a fatal step for its midrange phones (especially in terms of cameras where they emphasize their photography capabilities). I mean... they added a telephoto lens then did a major downgrade on the Ultra-Wide lens... ...
Samsung Galaxy S26 Ultra review,Score should be 4.2 max. This is not better than the Honor Magic8 Pro.
Samsung Galaxy S26 Ultra review,"The S10 had an amazing screen, Idk what your complaining about. Curved or not it was beautiful. And I'm typing this message on the S10!"
Samsung Galaxy S26 Ultra review,"The curved screen is why I didn't get a Galaxy S Ultra earlier. I did not get one until the S24 Ultra. I can't stand those curved screens. They are the worst. 
 
I absolutely hated the curved screen on my Galaxy S10. (Or was it the S8? On..."
Google Pixel 10a hands-on review,Lower battery life
Google Pixel 10a hands-on review,this hands on is so negative its odd gsma has been so generous to samsung for doing the exact same thing with their 26series reviews..
Google Pixel 10a hands-on review,Try Xiaomi it has call recording out of the box.
Tecno Camon 50 Ultra review,How's your experience with the Camon 40 premier so far?
Tecno Camon 50 Ultra review,"This year's Camon hasn't quite excited me as much. The Infinix Note 60 Ultra, Tecno's sibling, is more appealing to me since it has fast wired and wireless charging and a more iconic design plus a stronger MTK D8400 chipset. I'm w..."
Tecno Camon 50 Ultra review,"Oh look, it's a Samsung with actual STUFF in the box."
Xiaomi 17 review,No eSIM?
Xiaomi 17 review,"china version way cheaper, bigger battery, CNhyperos with CN and english languages but no e-sim"
Xiaomi 17 review,"https://www.youtube.com/watch?v=XJ6YsRWGWZI 
samsung s25 
xiaomi 17 
iphone 10 
google pixel 10 
 
xiaomi on top here 
video by techmo"
Xiaomi 17 Ultra (Global) review,Galaxy S3 is the reason i dont touch samsung phones again.
Xiaomi 17 Ultra (Global) review,I think Xiaomi using BOE's display not Samsung that's for sure...
Xiaomi 17 Ultra (Global) review,does anyone know whether the display is samsung or not? thnx
"Samsung Galaxy S26 Ultra, S26 Plus and S26 hands-on review",huh???
"Samsung Galaxy S26 Ultra, S26 Plus and S26 hands-on review",You proved his point
"Samsung Galaxy S26 Ultra, S26 Plus and S26 hands-on review",sounds like a waste of money to me given the updates YOY are so small. If youre married to Galaxy id upgrade every 3 years
Poco M8 5G review,Snapdragon 6 Gen 3. 🤔
Poco M8 5G review,"While offering best for money as always, same as motorola and some samsung models(not all samsungs), ofc there are others that are very good like fairphone cmf hmd etc but people just buy anything aas overpriced as possible"
Poco M8 5G review,This M8 is definitely not better than X7 .
Poco Pad M1 review,"Yes, not sure if across EU states, but Czechia, Poland does sell EU ver. of this tablet. and it's pretty cheap considering it's performance."
Poco Pad M1 review,is this not sold in europe ?
Poco Pad M1 review,you mean not recommended in some ways? curious.. tnx
Motorola Signature review,I can not believe you guys didn't get to test continuous selfie video. The white balance has a serious strobe-like effect
Motorola Signature review,"I also have extra dim in quick menu, on Motorola G31 with Android 12, so i guess it's also on Signature."
Motorola Signature review,This or wait for Vivo X300 FE guys?
Realme P4 Power review,"Missed Stereo speakers and a better triple camera in the rear , instead of those fake camera lens ., at least a cooling fan should have been provided in that fake camera ."
Realme P4 Power review,Sadly there is no NFC onboard?
Realme P4 Power review,Is it ever going to become available on Europe and what the battery capacity is going to look like?
Moto G & G Play (2026) review,"Lmao 🤣 
Best comment on this page 👍"
Moto G & G Play (2026) review,only if it was in 2021
Moto G & G Play (2026) review,this is nice phone
Infinix Note Edge review,"Can u easily unlock bootloader and unlock the root account on all infinix phones? 
 
Then my next phone might very well be an infinix phone. 
I'm fed up with xiaomi always imitating apple and Samsung."
Infinix Note Edge review,"Well, don't defend bad optimizations on a phone that should easily outlast most others, then I'll stop complaining. But as is, it simply has bad battery life."
Infinix Note Edge review,Bro just get a flagship phone and stop complaining about a mid rage affordable phones like infinix or Tecno
OnePlus Pad Go 2 review,My unit developed a large black patch on the screen within a few weeks of purchase
OnePlus Pad Go 2 review,I've always wondered what an old man trying to look young by taking selfie with a tablet would look like but thanks to this review I now know.
OnePlus Pad Go 2 review,That's why i avoid OnePlus and realme like the plague.
Xiaomi Redmi Note 15 5G review,"Network speed is above 600MBPS 
Super speed 
High camera quality  
Display is edge and vivid colour 
Waterproof  
Better than iphone and samsung"
Xiaomi Redmi Note 15 5G review,"Os ? Still call home and bloated and stutter ? 
Screen protection ?"
Xiaomi Redmi Note 15 5G review,Samsung is solid but their OLED technology sucks. Why can't they make a good Samsung phone with IPS LCD display?
Oppo Reno15 review,Overall camera of OPPO Reno 15 5g is good but slightly shakiness is an issue. Solve the issue in update is much needed.
Oppo Reno15 review,"Want to ask bruh, does this phone (Oppo Reno15) have a audio recording like iPhone, whu can record wide stereo audio, beside a smoother transition from wide to ultrawide lens?"
Oppo Reno15 review,How many OS update will get ?
RedMagic 11 Air review,"The phone spent more time in orange before dropping to red with the cooling fan active compared to it off.  
It's not a gimmick."
RedMagic 11 Air review,"Well active cooling and shoulder buttons.  
A very strong processor and all of it for 499. That’s a freaking good package for that’s price!"
RedMagic 11 Air review,"I don't understand why is this phone (red magic 11) being given so much attention, how is this being called a Gaming Phone any way, just compare this phone with the previous Flagship phone (S24), you will know wht is what!!"
OnePlus 15R review,Here comes the grammar naZZi
OnePlus 15R review,Where are you located?
OnePlus 15R review,"TERRIBLE SERVICE AND ZERO SUPPORT! WARNING: DO NOT BUY! ⚠️ 
 
I want to warn everyone about this company's approach to customers. My phone arrived at their service center on February 27th for a warranty repair. It is now late March, and to thi..."
Xiaomi 17 Ultra Leica Edition review,"The S25 Ultra is still stuck in 2017 with a 8-bit panel. A real weak point and inexcusable by Samsung. Everyone else does better in this regard. 
 
Almost all reveiwers either gloss over or undersells how important this is. Nobody wants to loose ou..."
Xiaomi 17 Ultra Leica Edition review,"UN Special Provision 188 and 49 CFR 173.185 limit batteries to 20-watt hours or require special ""dangerous goods"" shipping which makes it prohibitively expensive to sell batteries larger than 6000mha in phones in the United States and Europ..."
Xiaomi 17 Ultra Leica Edition review,Of the smartphone brands only Huawei is banned in the US.  All other Chinese brands just choose not to enter the US market
Moto G Power (2026) review,"Why would you want ANYTHING electronic from China? Security is a massive issue, that's why they're well spaced and cheap."
Moto G Power (2026) review,I think Trump wants everyone to buy his phone. The Trump Phone.
Moto G Power (2026) review,"the phone market in the US is really that damaged, but most buyers who buy motorola phones are carrier locked and is cheaper. basically per month installments."
Oppo Reno15 Pro (mini) review,"Went from iPhone 25 pro and a galaxy s25. Bought this guy on sale, best phone I've used easy.. and absolutely incredible battery life"
Oppo Reno15 Pro (mini) review,How this phone do macro pictures?
Oppo Reno15 Pro (mini) review,"I had eye strain and irritation issues especially while reading at the night time. Tried eye care and adaptive tone. Nothing helped. I sold the oppo reno 15 pro mini and switched back to pixel, I never had eye strain issues in pixel in the past 7 yea..."
Realme 16 Pro+ review,How well does transfer of photos to computer work? Are the files named after time taken?
Realme 16 Pro+ review,"I haven't tried any 3rd party app yet, but I would expect all of them would only work with the main sensor anyway, as per usual, unfortunately"
Realme 16 Pro+ review,"Can you use all three lenses in third party camera apps? 
On the 14 pro plus only the wide angle lens was available."
Honor Magic8 Pro review,"Honor have eSim, and is cooler than Samsung Galaxy s26 ultra. Don't lie"
Honor Magic8 Pro review,It overheats a lot and does not support esim despite it should do on paper. I have the eurpe one.
Honor Magic8 Pro review,"I really want to get the honor phone due to the software. However, the telephoto is not good enough for me. And, the photography kit is not available for purchase anywhere! This is such a big disappointment! They advertised it so much only to not mas..."
Poco M8 Pro review,Our society is really degenrating... It can't even use Google now...
Poco M8 Pro review,"Just revoke your agreement with the terms of MSA app (ad services). 
Google is your friend."
Poco M8 Pro review,"Redmi note 15 series, including pro+, are now available in the EU mi.com shop."
The Pro cameraphone comparison: Honor vs Oppo vs Vivo,"About battery in Europe the Oppo is better !! 
 
But All in all Worldwide the Honor is a better choice 💪🏽"
The Pro cameraphone comparison: Honor vs Oppo vs Vivo,IPhone is even worse in cameras lmao
The Pro cameraphone comparison: Honor vs Oppo vs Vivo,"This review pretty much sums it up. And they haven't set their expectations too high it's just that all three downgraded from year or so ago - AI slop all 3 of them. 
 
I agree about just taking an iPhone nowadays sadly."
Best-sounding phones and tablets we tested in 2025,"Yes, Poco with 2.1 system should have a graphical improvement at low frequencies, not a decrease, but a bigger improvement than the iPhone, this test seems to glorify the iPhone."
Best-sounding phones and tablets we tested in 2025,"I agree, but it comes at the expense of the highs. If you want more treble, you have to select the 3D surround sound feature, but then you lose bass. And I found the standard setting to be identical sounding to the premium bass setting. I hope they h..."
Best-sounding phones and tablets we tested in 2025,It seems that no smartphone with higher quality speakers than the ROG Phone 7 has appeared yet.
Huawei Mate X7 review,"i think it would be the right time getting a huawei mate 
x8 or x9 now that it is durable and has ip58 + ip59 too 
 
!"
Huawei Mate X7 review,The only way to get the Google Play Store full GMS experience is with microG and the Aurora Store. Check first if Huawei already installed microG then install Aurora Store. The downloads are full-size and the store seems ad-free unlike apk websites.
Huawei Mate X7 review,"i dont know man 
but seems you fell down in the same trap 
judging about anything according to people is garanteed will not give you an accurate result or conclusion 
you must try it then give your thoughts to share it with others"
Xiaomi Redmi Note 15 Pro 5G review,"It's not the smoothest phone on Earth, but it doesn't feel different than my SD865 phones. Admittedly, stutter happens while gaming, but launching apps should be a breeze. With the latest update, it's also buggy with app switcher. Lite..."
Xiaomi Redmi Note 15 Pro 5G review,Worth mentioning: The Pro lacks the SD card slot that the Note 15 have...
Xiaomi Redmi Note 15 Pro 5G review,Redmi not 15 pro 5g
Xiaomi Redmi Note 15 Pro+ review,"⭐ 2/5 — Water Resistance Failed Under Normal Use — Not As Advertised 
Redmi Note 15 Pro+ — IP Rating Does Not Live Up to the Claim 
I bought this phone specifically for its advertised water resistance. Within one month, the fingerprint sensor faile..."
Xiaomi Redmi Note 15 Pro+ review,Really
Xiaomi Redmi Note 15 Pro+ review,"Is the 13 Pro+ better than the 14 Pro+, though?"
OnePlus 15R hands-on review,Funny for all the criticisms this phone gets it's still better than literally every other phone at this price point to me. I got it for 556€ with the 120W charger and Buds 4. I'm sure it'll last me at least 4 years without giving me ba...
OnePlus 15R hands-on review,"I prefer even heavier phones,  looking for over 220grams.  Oneplus only manufacturer getting close..  well done. Just kidding.   Now we know so cheap"
OnePlus 15R hands-on review,"Yeah, like I said it will only really be an issue in some areas that rely on band 20. Urban areas (towns, cities and even many villages) have other 4g bands so it's not likely an issue but in more rural areas that only have band 20 it may be an ..."
Huawei Mate X7 hands-on review,"I get it now, nfc payments is useless for me, I can even pay with qr code in the future and payments online - it supports.  
so basically, almost no problem."
Huawei Mate X7 hands-on review,"Because it is huawei not honor. Huawei is a premium product by far, you have to understand what it involves also being independent of what you already think you know (Google)"
Huawei Mate X7 hands-on review,If your approach is google oriented thats where you are getting everything wrong
Honor Magic8 Lite review,Same with honor x9d or not?
Honor Magic8 Lite review,"In LatinAmerica it comes with Charger and case. 
Also the battery seems biggers with 8400mAh (thats what the official stores here are saying) so maybe it is an EU thing regulation."
Honor Magic8 Lite review,"For 456 eur i got a Realme gGT 7 512/12 version, which I think is a far better option for that money than this phone."
Nothing Phone (3a) Lite review,Does it have UFS 3.1?
Nothing Phone (3a) Lite review,I does in fact support e-sim
Nothing Phone (3a) Lite review,They’re the only European brand on the market afaik
Poco F8 Pro review,"what about open the bootloader in this phone, will it fix the problem ?"
Poco F8 Pro review,Was the camera tested with HDR+ on or off?
Poco F8 Pro review,"GSMArena please clarify this: 
F8 Pro: Max 280,015GIPS - Average Avg 241,372GIPS 
X8 Pro Max: Max 522,138GIPS - Avg 317,459GIPS 
X7 Pro: Max 322,407GIPS - Avg 266,952GIPS 
 
No one thinks the X7 Pro can beat the F8 Pro, or the X8PM can beat the ..."
Poco F8 Ultra review,And how is your phone going? I'm thinking about buying it:)
Poco F8 Ultra review,Does Xiaomi at least do monthly software updates that aren't security patches for Poco F8 Ultra? Or do they actually do that quarterly too?
Poco F8 Ultra review,Security updates are the biggest bullshido marketing thing
iQOO 15 review,"So i was wondering if i should get this or the motorola signature, both available with 12/256 config in my country. No oneplus, no realme here."
iQOO 15 review,Why doesn't the iQOO 15 use a 50W wireless charger like the Poco F8 Ultra?
iQOO 15 review,"From my experience, it's good for overall aspect, the better gaming experience with build in chip, balance and stability in Camera, Software, Hardware, etc. But, particularly in some cases, if you use this phone for long gaming with high perform..."
Motorola Edge 70 review,Abhorrent wording from your part but that does sound AI generated indeed
Motorola Edge 70 review,"(Here you can see the camera island, which has four rings housing the 50MP primary and the 50MP ultrawide cameras, plus the LED flash. The fourth ring appears to be a decorative one, for symmetrical purposes.)??? 
The fourth ring isn't decorati..."
Motorola Edge 70 review,"First of all bro, what the skibidi do you expect from an ultra-thin phone? Buy an regular sized one if you want good sounding speakers? Btw I rarely even use the speaker on my phone, much rather prepher some good sounding headphones. Second of all br..."
Realme GT 8 Pro review,Now that is a real flagship killer! It also cost 2x less than overpriced iphones!
Realme GT 8 Pro review,"Kabayan!. just ger the china rom Realme GT8 Pro via Lazada, its way cheaper and safer. China Rom always gets the latest Major Firmware Update, Security Updates and Bug Fix from Realme."
Realme GT 8 Pro review,What a stupid take. Do you really think LCD panels don't have problems. Look at the border burn issues and touch sensitivity problems on phones with LCD panels.
RedMagic 11 Pro review,"1tb & 24gb ram good specs  
Red magic phone's always have excellent hardware  
Flagship snapdragon soc  
Built-in fans cooling 
Red magic always have good software  
 
I would much prefer a pop up camera over under the screen camera se..."
RedMagic 11 Pro review,"Great phone altogether...and it has a 3.5 jack? Even better....This is not a phone for taking pictures like an iphone or a galaxy, for what it is, the pictures and videos look very good to me! If i was into photography i would rather buy a Canon or N..."
RedMagic 11 Pro review,"I have the RM11 16/512  SubZero (silver) version. Very cool phone. Great looking. Warp speed fast. Delivery time was unreal. Ordered on a Saturday, got it on the following Wednesday. That's fast! Excellent phone all around. Truly some innovated ..."
Honor Magic8 Pro hands-on review,I agreed with you
Honor Magic8 Pro hands-on review,How long will we have to wait for the review of the Honor Magic 8 Pro?
Honor Magic8 Pro hands-on review,"Until I see a proper review, by which I don't mean a compressed youtube video, but full resolution samples like gsmarena provides, this is how it is. And no, dxomark's opinion still isn't worth a dime so waiting on that one won't ..."
OnePlus 15 review,The speaker setup is not a hybrid one as stated in in the review. It uses symmetrical speakers
OnePlus 15 review,Yes
OnePlus 15 review,People seriously undermining a simple fact that battery will have double lifespan since the charging cycles will be halved during the entire life of the battery for the same usage.
nubia Z80 Ultra review,"I love this phone, it's so quick and fluid,, the full screen is amazing and the battery is unbelievably good,(i disabled a few apps) seriously good device, camera is brilliant, selfie's are not that bad, i don't really use it.for the p..."
nubia Z80 Ultra review,"I love this phone, it's so quick and fluid,, the full screen is amazing and the battery is unbelievably good,(i disabled a few apps) seriously good device, camera is brilliant, selfie's are not that bad, i don't really use it.for the p..."
nubia Z80 Ultra review,"Xiaomi software is actually pretty fluid and feature packed if you disable all the ad nonsense. 
I'm not saying I agree on having ads baked in a phone, because I don't, but the software itself is pretty good once you disable the crap."
vivo X300 review,"Just when playing HDR contents, but camera update is a good improvements but not for Pro mode that crushes in HDR scenes - reddit post with samples available. CN version btw."
vivo X300 review,"Is this an update on Chinese or global version? It's a bit odd thing to do, is that something that affected all the phones? Is this something changed only while screen is in HDR mode?"
vivo X300 review,"Update from X300 user since November 
 
- Software Update, i was surprised that Vivo with OriginOS is very generous with their update, always got optimization update every 2 month (yeah that include security update from google)  
- Speaker got upd..."
vivo X300 Pro review,"Doesn't matter, as they disclose what battery size the tested phone has. Which makes it easy to realize that it indeed is absolute garbage when it comes to efficiency for one reason or another compared to the rest."
vivo X300 Pro review,That's because the battery size is reduced in the EU.
vivo X300 Pro review,"How about looking at actual results where it does piss-poor especially for the western version, even though the battery size should imply otherwise."
Xiaomi 17 Pro Max review,Anyone knows why we can't access full gallery from 3rd party apps on chinese firmware of this phone?
Xiaomi 17 Pro Max review,No eSIM support really !??
Xiaomi 17 Pro Max review,Find it on each side is the subject
Oppo Find X9 Pro review,"110% you should definitely upgrade, I had the s24 ultra and the oppo absolutely smokes it in every department!  
I've had it since it launched so about 5 months now and IT IS Thee best phone I have EVER used without a doubt and this being my fi..."
Oppo Find X9 Pro review,"Im a professional photographer, mostly events and portraits. Use 1 Sony A7IV and 1 nikon Z6II, have a few good prime lenses for both. 
Iphone user and had Samsung and Xiaomi for a few years. 
That said... THIS IS THE BEST PHONE CAMERA I'VE EVE..."
Oppo Find X9 Pro review,"Thanks for that, good to get end user thoughts after using for a while."
Xiaomi Redmi Pad 2 Pro review,Buy this it is amazing but do not trie to bend it
Xiaomi Redmi Pad 2 Pro review,For example Telia in Baltic countries offer WiFi or 5G version. Buyers choise
Xiaomi Redmi Pad 2 Pro review,What do you mean? There's a 5G version. 🤔
vivo X300 & X300 Pro hands-on review,Because you're never going to carry a separate camera everywhere. The point of a great camera phone is you can easily have it with you at all times and so capture things you otherwise might have missed if you rely on a separate camera.
vivo X300 & X300 Pro hands-on review,Because it’s much more expensive???
vivo X300 & X300 Pro hands-on review,"At this point, why not buy a DSLR/ mirrorless camera + a better phone to get the best of both worlds?"
Xiaomi 17 Pro Max hands-on review,Works perfectly in India with 5g network and Google playstore
Xiaomi 17 Pro Max hands-on review,Did you bought it from China or outside China? Will it be working globally if the unit was bought in China? I'm in China right now and planning to buy one. But I was wondering if it's gonna work outside China as well as I was thinking it is...
Xiaomi 17 Pro Max hands-on review,"I think this is the best phone I've ever come across. Very fast and easy to use, but you'll have to play around it before you get used to it. I'm using it in the UK and I don't think I'm looking for any other phone in the lon..."
Samsung Galaxy Tab S11 Ultra review,YES
Samsung Galaxy Tab S11 Ultra review,"Yes it should work in the USA but if you want to be sure check the 3G, 4G, and 5G bands in the spec and see if any of them suported in the USA."
Samsung Galaxy Tab S11 Ultra review,the S11 Ultra sold in USA has NO 5G and sim card capability. Will this European version work in USA with cellular carriers?
Xiaomi 15T review,"So after 3h of usage it dropped from 80% to 40%. 
Which means approximately 10h from 100% to 0%. 
Not Great,not terrible. 
Now question is at which level of brightness."
Xiaomi 15T review,"Absolute rubbish. The only thing about the phone is the hardware but everything else makes it completely not worth buying. The camera is okay, but it uses some extreme photo processing, which makes the photos look very unnatural and very different th..."
Xiaomi 15T review,Bought it last month. Everything is good. Maybe the battery could be better. Depending on the price it could be a nice option. Screen is huge but you get used to it and it becomes a positive.
Xiaomi 15T Pro review,"Anyone bought this phone recently? 
Have the price came down at your region? 
I've been waiting for it to get discounted, but nowadays it is still hovering above $600 here (and it only getting worse when our currency is getting weaker against ..."
Xiaomi 15T Pro review,"yes the sound quality is 50/50, used to have poco x6 it was wayyy better in sound quality, but overall its powerfull and beatifull device"
Xiaomi 15T Pro review,I have it before 5 years ago and it still a great phone for casual users. I've no complaint when use it.
Apple iPhone 17 Pro review,"And besides, compare the sound quality with the A56 and you will be shocked. And the A56 is Samsung's mid-range and 3-4 times cheaper."
Apple iPhone 17 Pro review,rooting for you Ruly!!
Apple iPhone 17 Pro review,"just considering we are 2 generations into USB-C its kind of given you have a power brick now. i have never been bothered by its lack of inclusion, as i always buy third party bricks."
Honor Magic V Flip 2 review,Everything u complained about is there.which version are u using?
Honor Magic V Flip 2 review,Because you spelt Cooks wrong? Its crooks
Honor Magic V Flip 2 review,As coolas they are  id never buy android again.   Google assistant doesnt even work with the phone closed.  There are like no ai features for editing messages and .
Apple iPhone 17 review,"But have you tried Xiaomi ecosystem, Samsung ecosystem, Huawei Ecosystem, dont be a lier."
Apple iPhone 17 review,Better honor 600 or iPhone 17? The difference of price is quite important
Apple iPhone 17 review,This phone is only 0.1 pts better than the turd Nothing Phone 3? Really? REALLY?
Apple iPhone Air review,"I honestly think the iPhone 17 Air is one of the most misunderstood iPhones Apple has released in years. 
 
I came from an iPhone 13 Pro Max with 84% battery health, and in real everyday use the Air gives me very similar battery life. Not in synthe..."
Apple iPhone Air review,"Hello! 
 
I don't understand why you guys tell camera is good, i mean look at car number plate.. In Romania its 980 euro, at this price Huawei 15t pro make same quality pictures and is cheaper. 
If we don't have pretension from Apple and..."
Apple iPhone Air review,"dude really said ""according to artificial intelligence"" 🤓☝"
Apple iPhone 17 Pro Max review,What is the digital zoom range of the 17 Pro Max?
Apple iPhone 17 Pro Max review,I really want one it looks cool
Apple iPhone 17 Pro Max review,Well said camera is not good
Realme P3 Ultra review,"If you add a sim card slot to it then yes, it's basically a smartphone running a custom ROM."
Realme P3 Ultra review,"Why? They both use cable... 
It's the most perfect comparison is you ask me."
Realme P3 Ultra review,(angry old man yells at clouds.mp3)
Samsung Galaxy A07 4G review,No your wrong Tecno and infinix phones are 10 times better then this Samsung Galaxy a07 when comes to budget and midrange they provide excellent build quality better specs and value for Money.
Samsung Galaxy A07 4G review,The phone gets hot quickly and a lot. I'm concerned about this. The battery runs down fast especially when Internet connection is switched on.
Samsung Galaxy A07 4G review,Me too
Google Pixel 10 Pro XL review,I'll wait for the OnePlus 16 it's going to be a monster
Google Pixel 10 Pro XL review,"To be honest? It gets warm sometimes. And that's good. It doesnt get super hot, but i like that its warm sometimes. Because honestly? Thats real innovation: your phone being warm. Nokias havent done that"
Google Pixel 10 Pro XL review,"It's depend about your purpose when u buy the phone, if you want a phone good about gaming choose oneplus 15, or if you want to use the phone for a long term then choose a google pixel phone"
Sony Xperia 10 VII review,Beautiful.
Sony Xperia 10 VII review,"Name them. None of em have the sd card slot, nor the headphonejack"
Sony Xperia 10 VII review,You get a week by never using the phone or turned off?
Samsung Galaxy S25 FE review,"Been great with this phone, i like the camera processing, navigating through apps are easy. Just a very nice phone to use. Although the battery and camera specs are probably behind several competitors. The good things really seal it well"
Samsung Galaxy S25 FE review,What kind of camera glass  S25FE made of?what kind of material? Shoul I use camera lens protector?
Samsung Galaxy S25 FE review,"Stop embarrassing yourself bro,in what world is the 2400 a midrange cpu? The FE series aren't even midrange phones—that are more like sub-flagships"
Google Pixel 10 Pro review,Is the Adaptive sync during gaming unique to this phone or is it available for all LTPO displays?
Google Pixel 10 Pro review,"Hahaha... False.! I've got the pixel 10 pro and a Toyota RAV4 and it's working just fine.  
 
What case do you use ?  
 
Some magnetic cases are interfering with the Qi"
Google Pixel 10 Pro review,The phone is not bad but it stopped working in december 31 2025 and i tryed everthing but it is not helping pls tell me what to do.
Google Pixel 10 review,"Camera is too bad, I was used pixel 6 and it is far better than Pixel 10 on camera. Not at all happy. Not sure why google done like this. Waste of money. Wanted sell my pixel 10 ."
Google Pixel 10 review,"Pictures not bad but wouldn’t call heat or so much different than any phones. Selfie so-so to me.  
Then it’s heavey for small phone. Very heavey. Design very debatable don’t like those cheap thick design for some time. Now google os only reason’ I’..."
Google Pixel 10 review,"It's alright. Edge 60 Pro still behind Pixel 10, for pics: mostly ""burned"" and oversaturated photos, possibly because no option to turn off Ultra HDR. It does better than the 9a, despite having same wide and UW sensors. I guess the new..."
Xiaomi Redmi 15 5G hands-on review,"Pretty good budget phone. Really good battery.  You can update to hyper OS 3 with some smart functions like glass feel display, computer -phone connectivity, functional widgets, task planning & scheduling, privacy controls etc.  
Camera is bad c..."
Xiaomi Redmi 15 5G hands-on review,Pretty good budget phone. Really good battery overall. Cam
Xiaomi Redmi 15 5G hands-on review,"I'm obsessed guys, haven't gotten it yet, but reading in it daily  
I love Redmi!"
Huawei MatePad Pro 12.2 (2025) review,Great device
Huawei MatePad Pro 12.2 (2025) review,"This is the best Tablet of my dream, I love it so much, it's so beautiful and got the good space for everything so it's a wowwwww 🎈🎈🎈🎈🎈🎈."
Huawei MatePad Pro 12.2 (2025) review,Great display yes but not software and chipset
The Ultra cameraphone comparison,There are still akps 1 can download to get panorama modes.
The Ultra cameraphone comparison,True....I literally said so in the reply comment above your.
The Ultra cameraphone comparison,"The thing is peoples of the Western world don't have much choice when it comes to brands. Apple 🍎, Samsung, Google are mostly the main choices and people buy what is available and they know about....... 
However if you visit Reddit site you wil..."
Honor Magic V5 review,"I have v3, I don't think so, screen has never been repaired and works great. I use the phone 20 months... The phone felt a lot of times, protective case is ruined..."
Honor Magic V5 review,what happened?
Honor Magic V5 review,"Good, balanced review. 
Honor foldables are impressive pieces of hardware, and their macro are some of the best.. impressive how close they can get a focus lock. 
Not sure what is going on with their brightness claims, as they are a little tricky t..."
Google Pixel 10 Pro XL hands-on review,Are we getting your full review soon?
Google Pixel 10 Pro XL hands-on review,Obviously Pixel fans don't buy their phones for playing games as that's the only place where you would actually notice the lack of performance in comparation with other flagships of the same era. That's a big pillow to swallow for many...
Google Pixel 10 Pro XL hands-on review,Google should stop producing google phone. NO IMPROVEMENT!
vivo V60 review,"Sure, it has decent zeiss cameras so I dont see why not."
vivo V60 review,"Can this phone be used for content creation. This is well in my budget. If not, which one should i get at the same price range."
vivo V60 review,"I wanted to buy V60 vivo but is it true that it hangs? Even with 28gb 512gb? 
So which is better?"
RedMagic Astra review,The stylus pen is non existent vapourware
RedMagic Astra review,"Please answer, does this device support a stylus pen? I hope there is some enlightenment on this. Thank you."
RedMagic Astra review,Good
Realme 15 Pro review,"“Very disappointed with the phone service. Poor response, delayed support, and unresolved issues. Customer care was not helpful at all. Definitely not satisfied with the overall experience.” 
 
Don't buy real me phones in online plateforms"
Realme 15 Pro review,"“Worst experience with both the phone and online delivery service. The phone arrived damaged and the packaging was poor. Delivery handling was careless, and customer support did not provide a proper solution. Very disappointed with the overall servic..."
Realme 15 Pro review,Aluminum frame with no antenna lines?
Realme P4 Pro hands-on review,Yes
Realme P4 Pro hands-on review,This phone is good I need it free plssssssssssssssssssssss
Realme P4 Pro hands-on review,So it was so amazing that Apple copied its design with upcoming iPhone 17 Pro series
Samsung Galaxy A17 5G review,"Always happy with samsung, I will never buy another samsung profuct. The A17 5G is a piece of garbage filled with more garbage and not even sandboxed. Apple and Android are finished, I didn't pay for a phone that foesn't belong to me. A17 5..."
Samsung Galaxy A17 5G review,"i'd get it because the 8/256 is cheap in our country 
 
I really love the design... I will use it for the virtue if having the SD card slot and being cheap. I need to retire my A11 now because it is not efficient anymore, not saying it doesnt ..."
Samsung Galaxy A17 5G review,"Yeah, it's really decent, but... dat lag tho... ever present. Not to mention Weather app runs like... ugh... No... Arm v8 is dead in 2026... 
""It must be done, Arthas!"" 
""Never..."""
Poco M7 Pro 5G review,Brilliant phone for the price and the 4g version with snapdragon 685 is better and cheaper so I think I'll swap.
Poco M7 Pro 5G review,No buy because it's AMOLED and only 6 nanometer chipset. Otherwise specs are perfect.
Poco M7 Pro 5G review,The Poco M6 Pro  4G is a better buy with better cameras.
Infinix Hot 60 Pro+ review,Sounds like a you problem ...working totally fine for me
Infinix Hot 60 Pro+ review,I'm total disagree with this its working is totally bad I'm facing an issue about auto power on and off
Infinix Hot 60 Pro+ review,"Thank you for reviewing a budget phone. 
This is a nice phone for the target market like Africa (average Africans) 
4g is ok, 5g Network isn't provided everywhere... 
No headphone jack- Chinese sell wireless headphones at about $10 
Esim not..."
Huawei Pura 80 Ultra review,"We have lovers of Huawei here in Nigeria. All gadgets is Huawei. From pad to laptop , phones and watches."
Huawei Pura 80 Ultra review,Lol... Useless smartphone compared to Vivo X100 and X200 Ultra... This year Vivo has lost compared to OPPO Find X9 Ultra
Huawei Pura 80 Ultra review,"Depends on your needs. All are excellent, but a little different. My choice would be x300u."
Tecno Spark 40 Pro+ review,The call assistant keeps saying errors
Tecno Spark 40 Pro+ review,If this whacky battery lasts you a day and a half then it's clear that you don't use the phone at all.
Tecno Spark 40 Pro+ review,"Seriously, it heats up a lot and the battery loses power faster than you'll expect from a 5k mah battery. For goodness sake Tecno should try and improve, the only good takeaways are the fact that it charges fast and also has good audio. But batt..."
OnePlus Pad 3 review,"Honestly, one of the best tablets you can buy for that range"
OnePlus Pad 3 review,No biometric security options isn’t great in 2025 but other that this looks like a great tablet.
OnePlus Pad 3 review,Thats why I also use the stylus to keep the screen clean.
Samsung Galaxy Z Flip7 FE review,terrible battery life. samsung never fails to go below my low expectations
Samsung Galaxy Z Flip7 FE review,"google the term ""upsell"" and you'll understand why Samsung is doing this."
Samsung Galaxy Z Flip7 FE review,This phone's existence with Flip6 and 7 is really baffling to say the least.
vivo X Fold5 review,These smartphones have a flaw: they freeze the screen when taking photos.
vivo X Fold5 review,really? that sounds too good to be true tbh i saw some guy's x fold3 pro global vs cn rom thing or maybe it was the x100 pro and i felt like the chinese rom is nicer looking and snappier but there's a high chance of random Chinese creeping ...
vivo X Fold5 review,"yeah i've heard similar things from others but you never know, sometimes some card types dont work, im not gonna take a plunge cus of that but i wish i could.... The X200 Ultra looks like such a great deal...."
Samsung Galaxy Watch8 and Galaxy Watch8 Classic review,"60 hours? 🤣. Not a watch, nor smart. Pathetic."
Samsung Galaxy Watch8 and Galaxy Watch8 Classic review,"My humble/affordable Motorola watch 70 lasts a week long with a single battery charge, and the software despite basic does the job. Amazfit smart watches are also quite reliable, renowned when it comes to the battery performance."
Samsung Galaxy Watch8 and Galaxy Watch8 Classic review,"May I ask which can last 5 days? OnePlus Watch? 
 
And 10 days? Garmin i believe? 
 
The WearOS support apps downloading from Play Store. Youtube videos and full GM runs on the WearOSes. WearOS is built from android OS. Therefore Samsung and Goog..."
Realme 15 Pro hands-on review,Amazon is not safe browser i order the realme 15 pro 5g but amazon deleverd realme 15T why ??? Amazon give me answer
Realme 15 Pro hands-on review,Please be sincere and tell me what is wrong with Chinese phones as compared to American phones?
Realme 15 Pro hands-on review,"I get that Samsung and Pixel are popular choices, but honestly, in my family we have 5 phones—C35 x2, C75, Edge Edition, and GT Neo 2—and they’ve all been working flawlessly for over 4 years. So, I think there are plenty of solid phones out there bey..."
Samsung Galaxy Z Flip7 review,I went from a galaxy ultra to the RAZR ultra and I love it. Motorola has some cool tricks that I will miss when I willl eventually change phone like shaking the phone to turn on the flashlight (I love it). Moto UI is good. Phone is updated. Unfortuna...
Samsung Galaxy Z Flip7 review,"My Razr Ultra 2025 destroys this on battery life and charging speed and that is the most important thing. A decent camera is fine with me, and most modern phones have a decent camera."
Samsung Galaxy Z Flip7 review,"Got one., and till now it feels premium.., i'm a hardcore gamer but this phone is for luxury and socialite, not using this for hardcore game for long but used mainly for camera XD..,"
Apple iPad 11-inch A16 (2025) review,Who the heck prioritize on bringing their iPad first over their phone? Probably only you.
Apple iPad 11-inch A16 (2025) review,"No flash. You're in dark places and you only have your base iPad with you, you're gonna panic."
Apple iPad 11-inch A16 (2025) review,Had the Xiami Pad 7. Returned it because the display edge where the front facing camera and volume buttons are is a bit dimmer than the rest of the screen. So the potentially better hardware comes at the expense of poor quality control and rubbish so...
Samsung Galaxy Z Fold7 review,I saw the Huawei and now this... and I checked the old Z Fold 5... and made me think... why so thin?
Samsung Galaxy Z Fold7 review,Hi people this is fold 7 is a hard use phone ? Possible to use for a 4 to 5 years without any issues with ribbon or display ? Any leads please thanks
Samsung Galaxy Z Fold7 review,"Not really, no. Well, what can be said about a no-name brand, then?"
OnePlus Nord CE5 review,The battery capacity is 7100 mah for nord ce5 however here it's showing 5200 mah....I am confused
OnePlus Nord CE5 review,"I swear on my mother, please do NOT buy this phone if your plan is to play heavy games like PUBG. On paper, it says it can handle 90 FPS, and even in-game, there’s a 90 FPS option. But in real gaming, it’s just not stable at all. 
Even in a normal c..."
OnePlus Nord CE5 review,Maybe the cable got Disconnected. Just go get it checked. Seems like a cheap fix.
Nothing Phone (3) review,"Cinematic video recording not available, camera needs to be improved."
Nothing Phone (3) review,"are there any users here?  
Do they(nothing) use a proprietary cable for charging or can I use any good cable with pd 3.0-3.1 and charger"
Nothing Phone (3) review,It's not. That's the reason why it couldn't catch up to its original competition and they dropped the price.
vivo X200 FE review,"I got bad experience in Vivo 200fe,phons color shaded due to some reason, i checked with service centre as the fone is only 2-3 months old, they told I can't be replaced after small argument they told theyy check and will change the display with..."
vivo X200 FE review,Yeah
vivo X200 FE review,Both are same phones but cater to different regions with different names.
Huawei Pura 80 Ultra hands-on review,Well said
Huawei Pura 80 Ultra hands-on review,SO many bots out there man! Thanks for the real comments
Huawei Pura 80 Ultra hands-on review,Not you again bot. You've come from Reddit to sow false narratives again!
Samsung Galaxy Z Fold7 and Z Flip7 hands-on review,"As a Fold owner, I frequently thought about switching. The thing is, none of the other manufacturers pay so much attention with software for folding phones as they do with hardware. Thinner folding phone for me is useless without pen, or multi-taskin..."
Samsung Galaxy Z Fold7 and Z Flip7 hands-on review,i like to have samsong galaxy s24 utra
Samsung Galaxy Z Fold7 and Z Flip7 hands-on review,"A joke really, when will people call them out?"
OnePlus Nord 5 review,"Bear in mind that if you set the voice recorder for the side Plus key button, you can only record until the filze size reaches 499mb. Only with the Plus key this happens. 
 
Wish it was stated somewhere but just letting you guys know."
OnePlus Nord 5 review,"Can't be a coincidence Vivo had to do it for their X300, Xiaomi for their 17. 
 
Clearly the regulation is affecting it"
OnePlus Nord 5 review,"That ""5500 mAh EU limit"" is pure fiction. That’s IATA aviation rules, not EU law, and it applies to spare batteries/powerbanks, not phones you buy in a store. 
Phones with 6000–7000 mAh have been sold in Europe for years and going (Poco X7..."
Tecno Camon 40 Premier review,I was very amazed that this phone is one of the best tecno phone
Tecno Camon 40 Premier review,That perfomance favored me
Tecno Camon 40 Premier review,that is what they will make ypu tgink eo that you will not buy it
Infinix Xpad GT review,"If Infinix add: 16 GB ram and 1 TB/2TB storage, plus micro SD card, a better MediaTech 9400 Ultra/9500 SoC, included pen and app for painting, Android 16 and Windows 11 OS dual support and a free keyboard, plus  an IP68/69 and 5G support, I am happy ..."
Infinix Xpad GT review,I genuinely cannot remember when the last time Transsion used a Snapdragon chip in one of their devices.
Infinix Xpad GT review,"The 888 was good enough for my need, but the lack of 4G/5G support is a No Go for me..."
Tecno Camon 40 Pro review,Is this really true... Cos I was thinking of buying mine and I don't want to get it and be disappointed later 👀😔
Tecno Camon 40 Pro review,Does it support Google?
Tecno Camon 40 Pro review,"IP68 69 is not real, mine was water damaged because of my trust on that highest waterproof level."
Poco F7 review,There is no sense in your comment.I moved from iphone to poco and i use 5 banking apps on a daily bases including trading apps and a lot of crypto exchange apps.I was the best decision to move away from ios ecosystem and the phone is great for everyt...
Poco F7 review,"this phone xiaomi poco f7 is for gaming, but not for people that use banking apps! it is absolutelly unusfull int this sense! specially not for european market! you need iron patiency as this device is for kids and youngsters that have plenty of time..."
Poco F7 review,You do know that different variations of the same model are sold in other countries like India. Dont you?
Honor 400 review,"Im using the honor 400, perfectly sized phone, and it's beautiful if you want a good looker. Performance is really good for me because i dont game, but I played some mobile legends and it works flawlessly. Cameras are really good... Like really ..."
Honor 400 review,Should I buy the honor 400 or the redmi note 15 pro plus? I'm really unsure becouse I feel like the 400 looks much better
Honor 400 review,"You when a slightest issues on any phone in existent: this is the worst phone ever guys, please don't buy this, I'm the world phone guy so you should trust me"
Motorola Razr+ 2025 review,"Any real users here? How is the software and QC? Any major bugs or glitches? This phone is kinda nice overall and has good value with recent discounts, looks like no one buying it for some reason."
Motorola Razr+ 2025 review,2025+ You mean 2026 or 2025.5?
Motorola Razr+ 2025 review,"The cover screen is overkill. There's a reason its not a full-fat phone screen sized.  
 
I'll take the Flip 6."
Tecno Pova Curve hands-on review,"I bought this smartphone used for 1 month at the price 146usd 8/256gb variant. love the thin and edge body, but sadly no android updates"
Tecno Pova Curve hands-on review,256 is the base version
Tecno Pova Curve hands-on review,I got one but can’t access internet and failing to download anything. What must I do please?
Xiaomi Redmi Pad 2 review,"Bought the 8/256 for about 110 euro during black friday sales, incredible value imho"
Xiaomi Redmi Pad 2 review,"Yeah but if you ask me it's also not a propper sequel even to the original Xiaomi Redmi Pad 1, in fact it will perform even worse.  
Why? Because G99 has basically the same performance as G100 processor (google the comparison), but it will need..."
Xiaomi Redmi Pad 2 review,"Remember tab s2 8.0 , mega 6.3 from samsung ...the legends"
Infinix GT 30 Pro review,"Been using this phone for almost a year and I haven't seen any issues with it, except for the normal ones like heating and some bug apps. Overall, the experience with this phone remains outstanding and enjoyable. It's worth the buck and pre..."
Infinix GT 30 Pro review,"I regret buying this phone, you cannot rely on your high speed sim card data when playing ml, because of their poor ""preferred network configuration"" it shifts from 5g to 4g drastically and vice versa that makes the game laggy, I compared t..."
Infinix GT 30 Pro review,this handphone very nice
Motorola Razr 2025/Razr 60 review,Nice model
Motorola Razr 2025/Razr 60 review,Don't buy moto their service is bad and warranty will be denied so please don't buy specially moto flip
Motorola Razr 2025/Razr 60 review,"It’s not all bad, this phone will get discounted later and will become even more affordable. It’s lacking in a lot of performance but if you want to get a new flip phone and guarantee more updates without breaking the bank, the base Razr is the way t..."
Xiaomi Pad 7 Pro review,"Snapdragon 8s Gen 3 has HW AV1 video stream decoder, but I have read that XP7 Pro has this decoder disabled in firmware. It it true?"
Xiaomi Pad 7 Pro review,Xiaomi went from being unique with the Pad 6S Pro 12.4 Touchpad Keyboard to being an Apple copycat with the Pad 7 Pro Focus Keyboard. WTH Xiaomi?!
Xiaomi Pad 7 Pro review,"The review is quite accurate, there is one downside I experienced: the speakers are a joke. Maybe not only on this tablet but also the others in its class.  
For Netflix & the rest I am using a Lenovo Yoga tab and it is miles ahead with its JBL ..."
Honor 400 Pro review,"Stop whining it doesn't have better offering in this price range, this is the best overal phone for around 500€ !!!"
Honor 400 Pro review,"Why, what's the issue with the camera? 
They seemed quite pleased. 
You seem to be complaining for the sake of complaining."
Honor 400 Pro review,"5300mAh? That's a shame, since the Philippine variant got a larger 6000mAh"
OnePlus 13s hands-on review,is this global version?
OnePlus 13s hands-on review,yep mate
OnePlus 13s hands-on review,does 13s/13t support Android Auto?
nubia Z70S Ultra review,How can I get it in india?
nubia Z70S Ultra review,Nice! I have a OnePlus 13. We're probably the only ones in Texas who brandish high quality Chinese tech. 😀😄
nubia Z70S Ultra review,"So I'm using a Z70S Ultra on T-Mobile in Texas. A long time ago I had a Huawei mate 10 pro which had some translation issues. However, this nebula OS really doesn't have those weird Chinese to English translations. So far it seems to be a p..."
vivo X200 Ultra review,Ah man. It's gonna be a hassle if I were to share files with others and they have to download an app just for me :/ thanks for the reply :)
vivo X200 Ultra review,"No, but U can use{install} EasyShare"
vivo X200 Ultra review,Is Quick Share available on this device? I use this a lot to transfer photos between devices
Realme GT 7 review,I thnk go for realme 16 pro plus . My relative use
Realme GT 7 review,Hey i currently using the Realme GT Neo 3 since almost 3 1/2 years. While it has worked without any disappointment nowadays there are some problems like it is getting heated very quickly in moderate uses (no gaming) and when I try to use the hotspot ...
Realme GT 7 review,Gt 7 of course
Samsung Galaxy S25 Edge review,"If you don't mind the battery and gaming isn't your focus, Yes. It also has a few flagship features that are harder to find at that price like usb 3.2 with video out and tri-band wifi 7."
Samsung Galaxy S25 Edge review,Is this phone still worth it in 2026 if you pay 530 euros for it?
Samsung Galaxy S25 Edge review,"You just love numbers, remember the processor here is more power effective than the Exynos in A56"
Motorola Edge 60 review,"Lol, who cares? Lag is still a lag. 
No one is thinking about, oh I like this lag, because it's not exynos' fault."
Motorola Edge 60 review,How is the camera performance as of present day? GSMArena review found it to be quite inconsistent. Has it been improved with any updates lately?
Motorola Edge 60 review,"As now, October 2025, Edge 60 is 220€, while Edge 50 Neo is 250€. I have both and i can say that Edge 60 has way better camera (even the camera app is updated, faster and better), way more brighter display and better battery backup. Before talking, t..."
Motorola Edge 60 Pro review,"If your using the moto gaming CPU the battery drains faster than it charges so even if it's charging you still end up with a dead phone, extremely annoying. It then takes 20 minutes before you can use it again. The actual phone is brilliant but ..."
Motorola Edge 60 Pro review,Yes
Motorola Edge 60 Pro review,"I recently bought a 512GB/12GB Pantone Shadow one for my girlfriend's birthday next week and I hope it can deliver, because her S20 FE started lacking holding battery and the display and cameras are feeling obsolete in 2026. I got it on a local ..."
Sony Xperia 1 VII review,Display Blazer big size not good outside good all side good all manufacturer good but display bezel big size I am not like display
Sony Xperia 1 VII review,I like the way Sony takes photos. A little noise never hurts a photo.
Sony Xperia 1 VII review,"wtf is this throttling, are we deadass!?"
Nothing CMF Phone 2 Pro review,"x264 and x265 are not 'the same', 20 years old x264 produces large deformations on similarly coloured areas. I don't understand why anyone uses it - 10 years younger x265 is about 2x smaller, no area-effects and everything can encode i..."
Nothing CMF Phone 2 Pro review,"Overall phone performance is best, good camera, 5G is working, but the worst part, when come to scanning my fingers to login to banking apps (MCB, JS Bank) and PakID App, unable to login after 100s of attempts. I guess there is an issue with focus of..."
Nothing CMF Phone 2 Pro review,Seems like a skill issue tbh get gud
Moto G Stylus 5G (2025) review,I'm currently still on Verizon 15. When should I expect an update???
Moto G Stylus 5G (2025) review,this good motorola brand
Moto G Stylus 5G (2025) review,Does it have always on dosplay?
Google Pixel 9a review,"Downgraded main cam? Especially when Google never even gives details of their semsors which are just guessed.  
 
""Both wider and brighter than last year's"" 
 
You clearly meant the other way?"
Google Pixel 9a review,"The best thing about thw phone is about its battery.  
And  
Worse is it's buzzles"
Google Pixel 9a review,"The only real advantage of the pixel 9a is the size. I dont know a single person who owns a phone bigger than 6,4"" and they ALL want to size DOWN....we are not a huge market over here in Germany, but most people I see rock the smallest versions ..."
Motorola Razr 60 Ultra review,Hi I'm Big fine moto rezr we need EMI this mobile sir
Motorola Razr 60 Ultra review,No it does not
Motorola Razr 60 Ultra review,Does this finally support USB-C 3.2/AltDP mode? Or is it still USB 2?
RedMagic 10 Air review,"No headphone jack, no good ip rating, and yes camera bumps. What's even the point."
RedMagic 10 Air review,"This, and most card readers in budget and mid range phones will typically give you 13-46 MB/s speeds while UFS 4.0 is at ~4500mb/s.  
One can have the best card in the world, but the card reader will in 99.99% of cases be the bottleneck. 
 
I reme..."
RedMagic 10 Air review,"Someone is forgetting Microsd fastest speeds ""170MB/s. vs and UFS4.1 4300MB/s."
Oppo Find X8 Ultra review,"you wrote all that but it's clear you're not only heavily biased towards samsung but you havent tried any other phones nor do you understand what great picture quality is. 
 
people with low knowledge and high confidence have got to be th..."
Oppo Find X8 Ultra review,"Unless you are a retard , let me enlighten you with some knowledge.  
Just now oppo has released their ultra flagship x9 ultra which has a 10x 230 mm camera .  
The last time there was 200 mm plus camera in a phone was all the way back in the janua..."
Oppo Find X8 Ultra review,"Your argument was going so well until you mentioned DXOMARK, if there's ever a site I wouldn't trust, all there reviews are bought and paid for, you might as well still believe in Santa than one of their reviews"
Infinix Note 50 Pro 4G review,Any fetchers are good but whatapp call not clear.signal issues i am not recommend for this phone social media for sometime strack.
Infinix Note 50 Pro 4G review,Is good
Infinix Note 50 Pro 4G review,This phone is beast with beautiful UI and very responsive. Build quality and specs is awesome. Bang for thr buck. You wont go wrong in this phone.
Google Pixel 9a hands-on review,Ugliness in Pixelation.
Google Pixel 9a hands-on review,No way for me Tensor processor  no way ! I cannot understand Google why use a Samsung processor !
Google Pixel 9a hands-on review,Phone is looks good but its screen and body is very weak .. even if it drops from 1-2 feet it broke. It's not worth of money. Performance wise also still under observation as felt some slowness.. rating is 2.5 out of 5.
AI Object Removal - which phone is best?,you should compare with oppo and vivo handsets also
AI Object Removal - which phone is best?,"Agree, where is OPPO in this test, they have one of the best AI Removal"
AI Object Removal - which phone is best?,"You're missing number one smartphone manufacturer on the list - BBK Electronics, since all their smartphones are using the same AI for their editor. What's your excuse?"
Motorola Edge 60 Fusion review,Worth it in 2026 for 300 dollars?
Motorola Edge 60 Fusion review,"I am using both Moto edge 60 fusion and iqoo z10r (vivo v60 lite). From my perspective, Moto edge is more eye pleasing but with irregular security update, at the other side, iqoo guarantees regular security updates and patches. 
 
If you are not co..."
Motorola Edge 60 Fusion review,"Hello! 
I think Motorola Edge 60 fusion is a popular choice,depends on performance and resistance,but Poco is a good chioce too for someone who wants a decent phone."
vivo V50 review,Where ? Any links ?
vivo V50 review,Vivo v50 has lesser and weaker hardware compared to the a56.  Do better research
vivo V50 review,"Bro check again,  the vivo v50 has lesser hardware compared to the a56"
Infinix Note 50 Pro+ review,"at least Infinix OS ad-free, far better than Xiaomi’s ad-infested HyperOS."
Infinix Note 50 Pro+ review,The hardware is fine. The Software is TRASH.
Infinix Note 50 Pro+ review,To anyone who owns a tecno camon 40 premier and an Infinix note 50 pro+ which is the better phone?
Samsung Galaxy A26 review,Very bad phone. Always lost internet connection even though the signal strength is full 5 bar. Need to manually change the phone connection to reset connection. Seems has no capability to swithc frequency or move accross lte/5g sub band
Samsung Galaxy A26 review,🥲
Samsung Galaxy A26 review,"I bought this phone the Samsung a26  
This is one of the few phones I have bought throughout my life that is not even worth writing the comment.  
It's rubbish"
Poco F7 Pro review,"Removing chargers from packages of new phones started about two years before EU USB-C directive. Don't explain action driven by profit by citing laws.  
 
Yes it would be nice if we could have at least 45w charging across the board but lack of..."
Poco F7 Pro review,"Well, AptX lossless has lower latency, but not available on all Android devices due to licensing cost from Qualcomm.  
 
If you want low latency, the latest LC3 or Opus should suffice."
Poco F7 Pro review,"transparent maybe, but what about a latency comparison ?"
Poco F7 Ultra review,"Perhaps to clean the system, erase needed caches, and do a security scan check at least once a week. I love that app"
Poco F7 Ultra review,I've been using the Poco F7 ultra for 3 months now and am very pleased with it. It has flagship capabilities for a mid-range price. I solved the problem of the lack of an esim by simply purchasing an esim.me adapter which then lets the phone fun...
Poco F7 Ultra review,Which HyperOS you're on ? 2.2 or 2.1 ?
Samsung Galaxy A36 review,Spend a bit of time optimising and debloat the apps.  Nonsense.  These phones will run like clockwork all the way through the whole update cycle.  And the one ui is good very good.
Samsung Galaxy A36 review,Not at all. One year later and I am buying new one at unbelievable price. With all those years updated software. The oneui is good very good.  I have been using s23 plus and happy to change to this phone.
Samsung Galaxy A36 review,I have the a36 too and i love it wiht every game i played like roblox or gehsin impact or melon sandbox no lagg i love it
Nothing Phone (3a) review,No
Nothing Phone (3a) review,"I'm getting this phone soon, is it good?"
Nothing Phone (3a) review,Ya
Samsung Galaxy A56 review,Good
Samsung Galaxy A56 review,"You don't own this phone lol, if you did you won't type this bs. The A52 was good but doesn't come close to the a56"
Samsung Galaxy A56 review,"Getting the A56 now is the best option (it's like 350 dollars) and it has everything (including performance), if you're considering the S24 fe or s25 fe they've gone up in price and won't be coming down anytime soon"
Nothing Phone (3a) Pro review,"I have both, and I can tell you 3a is a bit better for photos, the 14t have a more complete camera app but not better photos tan 3a"
Nothing Phone (3a) Pro review,"I've tried pretty much every brand out there except Google and some lesser-known Chinese phones. I've used them all, and honestly, no exaggeration—Nothing is one of the best when it comes to UI, how fun and unique it feels. 
I never keep a..."
Nothing Phone (3a) Pro review,It's correct 💯
Huawei Mate XT Ultimate review,"Exactly. The lack of Google support is a non-issue. The XT shipps with Easy Travel Android container out of the box and apps like YouTube, Music and Maps work better than on Samsung. For additional convenience install MicroG and you are good to go.."
Huawei Mate XT Ultimate review,"Download MicroG service first of all and then download Arora store, so you can access majority applications"
Huawei Mate XT Ultimate review,"You'd be forced to import it from some Chinese online shop, and your best bet at accessing Google's services on a Huawei is through Gbox"
Oppo Reno13 review,Any update for Android 16 in Oppo Reno 13. I buy from Abu Dhabi
Oppo Reno13 review,Agree
Oppo Reno13 review,I dont see any problem like this. May be its a issue with your internet or just your device.
Apple iPhone 16e review,"I just bought a second one of these 16e phones for a family member. Not only is it the cheapest iPhone, great value arounf 500 Euros, it's more than enough of a phone for the vast majority of people. Performance is great, so is battery life - al..."
Apple iPhone 16e review,"Let's clear the fan-fog.  
 
-16e isn't being praised everywhere 
-Yes, I agree. It is a phone with flagship pricing. 
-It DOESN'T have the fastest CPU in the world, hard cope. 
-It isn't universally faster than a 16 just bec..."
Apple iPhone 16e review,"You mean the same phones that have awful durability, cameras, and update support?"
Nothing Phone (3a) and Phone (3a) Pro hands-on review,"It supports 4x lossless zoom, at least, since it's 50MP. So no, not completely useless"
Nothing Phone (3a) and Phone (3a) Pro hands-on review,Does it have magic eraser feature
Nothing Phone (3a) and Phone (3a) Pro hands-on review,"lol i was only asking out of curiosity! 😀 I don't really follow Nothing and what I was kind of wishing for was that these two could have been one phone at the lower price, not at the higher price.. :)"
Samsung Galaxy A36 and A56 hands-on review,"I have the A52 and love this phone.  Would like to upgrade (or just have a breakup of this A52 good belt up)  but absolutely want a removable SD card slot? Any suggestions,"
Samsung Galaxy A36 and A56 hands-on review,"Wrong, a56 processor is exynos 1580 clocked at 2.9ghz"
Samsung Galaxy A36 and A56 hands-on review,To avoid exynos
Xiaomi 15 Ultra review,No. Not at all. I have one.
Xiaomi 15 Ultra review,"With the latest hyperos3 update, is the thermals and battery life better on X15U? thinking of buying a new unit"
Xiaomi 15 Ultra review,This is the EU version and they are really strict when it comes to boarding any sort of transportation like going on a plane since Li-ion batteries with high capacity above 5500mAh can cause an explosion or catch on fire since they store alot of ener...
Xiaomi 15 review,This might be better then then the iPhone. I will now quit my phone plan and move to China and go to a Xiaomi Store and get the 15 Pro and I will be very excited. I havent even gotten the phone yet and im giving it a 10/10. 100% recommend moving to C...
Xiaomi 15 review,"For real? Ive always thought the 16 pro is better lol, especially in low light and video"
Xiaomi 15 review,"Why are you in need of a new phone every 1-2 years. You really need those subtle improvements or new features to buy every new gen? I can tell you that most people use a phone for much more than 2-3 years, some for 6-8 years and beyond. Because the m..."
Moto G Power (2025) review,"Personal experience: I bought a Moto G Power 2025 in January 2026 to replace a 10-yr-old LG. The installation ended without assigning the phone an IP address, so when I walked out of the wi-fi zone, I had no Internet. Further problems necessitated sy..."
Moto G Power (2025) review,Already worth more to me with a memory slot and headphone jack.
Moto G Power (2025) review,Did this phone come with a SIM card?
Oppo Find N5 review,I believe he said Find nx not n5. Whatever Find nx means only the Lord knows.
Oppo Find N5 review,"5 months? Oppo find n5 literally official announced on February in China and end of February in Singapore for international markets. Assume u bought it around that time , its not even 5 months yet. And as far as i remember as long you got the warrant..."
Oppo Find N5 review,"In review you wrote about 1 Gb memory and about eSim option. But Global version doesn't have 1Gb memory and China version doesn't support eSim. So, Oppo Find N5 with 1 Gb of memory and eSim just unreal nowdays.  Or you know something more? ..."
Xiaomi Redmi Note 14 5G review,Redmi
Xiaomi Redmi Note 14 5G review,Have you figured it out? I am wondering the same
Xiaomi Redmi Note 14 5G review,Whats better redmi note 14 5g or samsung a17 5g?
Honor Magic7 RSR Porsche Design review,Magic7 RSR uses dual OLED layers (Tandem)
Honor Magic7 RSR Porsche Design review,Looks fine to me .
Honor Magic7 RSR Porsche Design review,do you understand what an opinion is?
Xiaomi Redmi Note 14 4G review,"I agree, i have it as a company phone and it's really bad"
Xiaomi Redmi Note 14 4G review,"the european version absolutely able to be charge with more than 33w charger, i plug my 65w laptop charger instead of my 33watt charger accidentally, and the phone chugging it readily, i check charging status  with aida64, the battery section shows c..."
Xiaomi Redmi Note 14 4G review,I just lock the screen myself when making or answering calls. Never had any issues like that.
Samsung Galaxy S25+ review,I really like the flat colours from the camera. It looks so balanced. Nice job.
Samsung Galaxy S25+ review,I don't understand why this model is underestimated. Ultra is clearly the new Note and it is excessively big. Plus version should be the true flagship.
Samsung Galaxy S25+ review,"Interesting.  
 
So it's guessing."
Asus Zenfone 12 Ultra review,3 months? I am using an 8 year old phone and never updated it once and I'm having 0 issues
Asus Zenfone 12 Ultra review,After ASUS started blocking alternative firmware as they end support for a model I'd recommended everyone to look elsewhere. My Zenphone 8 was literally bricked only 2 years after purchase as ASUS stopped supplying unlock-codes required to insta...
Asus Zenfone 12 Ultra review,If this is available in Pakistan I'll buy it for headphone jack and performance
Samsung Galaxy S25 review,"Just bought the S25 upgrading from the S20 fe, I am disappointed, the camera seems exactly the same & the speaker quality is way worse, also the camera location is not good for holding on the smaller phone."
Samsung Galaxy S25 review,"Five stars all the way. Its taken some hits and without a case, a forgot it on the hood of my truck. It stayed up there till I hit about 60 mph. Went around a curve, it slid directly off on the pavement, rolled a bunch, got ran over by the car behind..."
Samsung Galaxy S25 review,"Absolutely  
I've found out a great experience from the use of Samsung Galaxy products and I will like to derive a bigger joy from Samsung Galaxy S25"
Samsung Galaxy S25 Ultra review,I have been using iPhone 13 pro 4 years and Redmi note 13 pro 5g 2 years ago Buy News Phone S25 Ultra Titanium Silverblue 12/512GB In Malaysia RM6299
Samsung Galaxy S25 Ultra review,i have been using Samsung A52 for 4 years. now i want to upgrade to an Ultra device. i have 2 options. S24 ultra(1TB 12gb ram) which costs 1200$ and S25 ultra(512GB 12GB ram) which costs 1300$. The prices are like this because in my country we have t...
Samsung Galaxy S25 Ultra review,"No the S25 uses snapdragon and I use this as may main phone. You will notice a difference in design, camera and performence!"
Realme 14 Pro+ review,"Realme GT 6 main camera is flagship level and clicks much better pictures, 
Both are good, but when u compare them side by side u will see the difference."
Realme 14 Pro+ review,"Who has better cameras? 
Realme GT 6 or Realme 14 pro+ 
Do both support gcam fully?"
Realme 14 Pro+ review,Those who are fond of music should never listen to music with phone speakers.
Xiaomi Pad 7 hands-on review,"d'you mean the Pro Model? The Normal Version Has 4, also the Redmi Pad 2 may be limited to future HyperOS features for tablets, but I'd agree of waiting till 2025's Halloween! so we get a better Snapdragon, maybe 8s Gen 1?"
Xiaomi Pad 7 hands-on review,"Who in their right mind bothers to install a custom ROM on a tablet... Pad 7 should have come with at least 4-5 years of updates, and the fact that it gets only 2 meanwhile the Redmi Pad 2 will get 7 years suggest that users should skip this generati..."
Xiaomi Pad 7 hands-on review,"Welcome to the beautiful age of androids. Unlock the bootloader and install a custom ROM, you will still be able to install the latest Android version even after 8 years, better than what flagships today offer"
vivo X200 review,"What is your comment even, replying to a completely different topic, and not even on the smartphone topic? 
 
Anyway, thinking of getting this for my lil' bro as I'm using the X200 Pro China variant. Overall great experience, other than t..."
vivo X200 review,"You guys missed out on microphone quality, it is really bad and should compare with other device with the audio samples, bcz in my x200 it can't keep up with the baisc pub speakers and has cracking and hiss like sound captured while recording an..."
vivo X200 review,Same main and ultrawide as cheaper V40?!
"Samsung Galaxy S25 Ultra, S25+ and S25 hands-on review","Why does Samsung keep treating European users like second-class customers? 
I’ve been a loyal Samsung user for years, but their treatment of European customers is getting ridiculous. 
 
First, we had to put up with underperforming Exynos chips whi..."
"Samsung Galaxy S25 Ultra, S25+ and S25 hands-on review","Please note all purchasers 
 
There are some points you must to note before purchase  
 
1) there is no call recorder exist which is more important for business  
2)there is not available  real time network speed  
3)there are not much features..."
"Samsung Galaxy S25 Ultra, S25+ and S25 hands-on review","Truthfully, I wish I would use a pen more, so its more like for future proof-ness, but I use AI edit a lot, and even if its not perfect or so good like paid editing, its useful, so is photo quality ''restoration''.   
But with ch..."
Xiaomi Redmi Note 14 Pro 4G review,"Something then is definitely wrong with your unit. Mine works perfectly fine for daily tasks, and the camera is better than I expected since it uses Samsung ISOCELL HP3 sensor, and it satisfies me. Plus, for gaming and daily tasks - it is vastly bett..."
Xiaomi Redmi Note 14 Pro 4G review,"Worst phone overall if we compare it for its price ...... processor is so bad . Refresh rate , response rate is so bad. It is even bad for daily uses ....only good thing is 200mn that its so disappointed never gonna buy redmi phone again   2/10 ratin..."
Xiaomi Redmi Note 14 Pro 4G review,Does Xiaomi Redmi 14 Pro 4G support esim?
Xiaomi Redmi Note 14 Pro+ (Global) review,"With Xiaomi I'm always looking where the biggest discounts are... In my part of the world (Belgium) all 14 Pro+'s are sold out now (considering the price that's a given). But right now, we can get the 15 pro+ for 250€. Considering it w..."
Xiaomi Redmi Note 14 Pro+ (Global) review,"In October my Redmi note 11 will turn 4. 
It's the best I've ever had, still in perfect condition. 
Any suggestions on the next Redmi note to upgrade to? 
Thanks in anticipation."
Xiaomi Redmi Note 14 Pro+ (Global) review,Xiaomi is having special deals on their official website here in Europe (Belgium). Bought this one (8/256) with eco leather back voor 171€ and got the redmi buds 6 lite added for free. At these prices I can forgive the few minor disadvantages. Gettin...
Honor Magic7 Pro review,It all depends what type of floor it's dropped on and how it falls. Mine cracked on top left corner from a 2 foot drop on a lino floor.
Honor Magic7 Pro review,Screen isn't weak I've dropped mine on hard floors a few times
Honor Magic7 Pro review,Bought it in June 2025. Had it for 3 months and the screen broke. Got the 16gb 1TB  from and online retailer for £900. Even though I wanted to pay to get the phone screen fixed Honor UK told me they were unable to as the phone is from Hong Kong which...
Poco X7 Pro review,Nope. Maybe with Poco x9 pro
Poco X7 Pro review,"My phone is a Poco F6, is the Poco X7 worth replacing my phone with?"
Poco X7 Pro review,"My mobile is a Poco X7 Pro. It hasn’t even completed one year yet. For the past 1.5 months, I have been facing issues, and the service center still hasn’t been able to resolve them. Whenever they fix one problem, a new one starts. 
 
Initially, whe..."
OnePlus 13R review,"OnePlus 13r if you specifically value performance, battery and slightly longer software support.  
 
S23 Ultra for everything else (Better display, much better cameras, better build, S-Pen, some more ultra stuff)."
OnePlus 13R review,OnePlus 13r or s23 ultra. which one in 2026
OnePlus 13R review,"GET THE 13R!!! 
the g84 is not even COMPARABLE to the 13R, especially in the SOC department"
Xiaomi Redmi Note 14 Pro 5G (Global) review,No
Xiaomi Redmi Note 14 Pro 5G (Global) review,It does have a 3.5mm audio jack on top. At least on the global version pro 5G
Xiaomi Redmi Note 14 Pro 5G (Global) review,"""We have to address the confusing bit of the story here. The unit we are reviewing today is the global version. Unlike the Chinese and Indian models, which have a 50MP main camera, the European model has a 200MP main camera.""  
 
wow, you..."
Poco X7 (Global) review,It's also more expensive.
Poco X7 (Global) review,Naaah..X7 Pro is better.
Poco X7 (Global) review,Worth it in 2026?
vivo X200 Pro (Global) review,Why wasnt the x200 pro score on the list?
vivo X200 Pro (Global) review,FuntouchOS is out. My x200 pro (global) recently got a major upgrade and now runs OriginOS on Android 16
vivo X200 Pro (Global) review,"Hi...How are you? 
 
Do you have the correct Chinese version of the Vivo X200 Pro? 
 
If so...I read some comments about several limitations and bugs with Google services, delayed notifications and, after some time, lack of synchronization. 
 
..."
OnePlus 13 review,"One plus 15 for performance, one plus 13 for camera both good"
OnePlus 13 review,"Oneplus 13 is better overall except battery (compare to 15). 
If you're getting both at similar price then you can with a new model but cameras aren't competitive."
OnePlus 13 review,Which is better the oneplus 13 or 15 what's the better choice to get between the 2
The best-sounding smartphones and tablets of 2024,"Hi GSNArena, 
You didn’t include the Honor Magic 7 Pro and Magic 6 Pro—why not? These two definitely have better quality speakers."
The best-sounding smartphones and tablets of 2024,"One thing I'd love to see is a comparative test of *microphones*. Phone mics are good for frequency range, but when will they make external condenser mics obsolete? Please consider a full test of these!"
The best-sounding smartphones and tablets of 2024,There are only two types of smartphone speakers. ROG Phone 7 and others.
Poco C75 5G hands-on review,Really
Poco C75 5G hands-on review,I swear
Poco C75 5G hands-on review,What
Huawei Mate X6 review,"I understood ""EMIU 14"" From page 4, However, You may need to have it resolved."
Huawei Mate X6 review,I can't run Google Maps and the application in the phone to replace it is not as complete
Huawei Mate X6 review,"Gbox is not the best solution because it's an emulator, MicroG allows GMS dependent apps to run natively"
Infinix Hot 50 Pro+ 4G review,"I am a proud owner of infinix hot 50+ plus which I bought from a reputable off line store. 
The issue I am experiencing is pocket mistouch , tried all its settings from intelligent, strong and weak it doesn't seem to work."
Infinix Hot 50 Pro+ 4G review,"First time using infinix phone , keep crashing , impractical setting"
Infinix Hot 50 Pro+ 4G review,I am experiencing the same
Infinix Zero Flip review,does it have heat issue?
Infinix Zero Flip review,"my infinix zero flip is 2days now may 6 , hit i experience the phone heat ,"
Infinix Zero Flip review,I could care less about the stupid crease it dosnt bother me as long as it works. The price and color is what I'm looking for i have a flip 3 galaxy works great got it when they first came out but I wish they would come out with hot pink or neon...
Ulefone Armor Mini 20T Pro review,"There is enough space in top bezel to put the selfie camera , the next version should just have screen without the punch hole"
Ulefone Armor Mini 20T Pro review,"as an ulefone (power armour 24) user, I'm not satisfied with battery quality - though it's 22000mah after 1.5yr it lasts 1day instead of one week.."
Ulefone Armor Mini 20T Pro review,still small battery
Tecno Phantom V Fold2 review,Anyone facing problems with smartwatch sync/notifications. My watch(amazefit active2) and phone both show connected nut I don't receive any notifications
Tecno Phantom V Fold2 review,Bro are you crazy? Not even the normal flagship phones have less than 200g how could you expect this one to have
Tecno Phantom V Fold2 review,V Purse is 214g
Xiaomi Redmi Note 14 Pro+ hands-on review,Why do you say this?
Xiaomi Redmi Note 14 Pro+ hands-on review,"Hard pass at its asking price. The last hope I had was for the cameras to be good, but I just saw some online comparisons and it's noticeably worse than rivals in the same ballpark like the Realme 13 Pro+ and the Vivo V40 Pro. I'll be check..."
Xiaomi Redmi Note 14 Pro+ hands-on review,do the full review please
Tecno Phantom V Flip2 review,Can you explain this? Why whats wrong with Techno and Poco brands?
Tecno Phantom V Flip2 review,"Whatsoever premium phone Tecno releases in India, people will certainly not buy it, as they want reliability over innovation. This is the reason why some people even now try to avoid POCO X series."
Tecno Phantom V Flip2 review,"Lmao, he already gave you ❌"
RedMagic 10 Pro review,Does it have any water damage protection. ?
RedMagic 10 Pro review,It was much better than I expected.
RedMagic 10 Pro review,what tf u mean
Samsung Galaxy A16 4G review,"I had 3 xiaomis before this A16. The better one was the very cheapest, and oldest, xiaomi redmi 5, metal framed. It works still today, even with the screen broked. Costed ne in 2019 less than 100€. I payed 200 for a Xiaomi 12 that was a deception and..."
Samsung Galaxy A16 4G review,Update in one ui 7 to one ui 8 please
Samsung Galaxy A16 4G review,"This is terrible phone.  It heats up and needs to be charged twice a day. The screen seems to be  misaligned so touches do not produce the right letters or numbers. 
Very frustrating. It is less than 1 year old and I am looking for a new phone."
iQOO 13 review,4 years os updates and 5 years security patches
iQOO 13 review,Probably because the Iqoo 12 has a much better camera system
iQOO 13 review,A gaming phone so good and so well-rounded that they have to nitpick about the cameras LMAO
nubia Z70 Ultra review,Feels more premium than S25 Ultra. Main camera is actually quite good for everyday use. Selfies are bad. Hotspot is better than on Samsung and battery is better. Software feels better than on Xiaomi with 3 major updates. Performance is expected for S...
nubia Z70 Ultra review,"I preorder Nubia z70 ultra at the begining of december 2024 for 50 euro discount. 
Suport for software/Android is 3 years. 
I got software updates every month. 
Before i used Z60 ultra with no issue."
nubia Z70 Ultra review,"You clearly don't, if you're agreeing with the guy complaining his LG Wing, a phone using the default Android audio tech, sounds bad. Of course it sounds bad, he's listening to the default Android PCM setting(10/12-bit/48kHz).  
Prett..."
Oppo Find X8 review,"I got this underrated beast at ₹36,000 with multiple offers combined & exchange with a really cheap phone. Super premium looking, superb performance & Color OS 16 is unbeatable. I miss storage expansion though. Since this one's perhaps t..."
Oppo Find X8 review,"I did chose Oppo, it is widely available here in Viet Nam. I already have an Honor 200 so I decided to go for Oppo. The display a tad small for my taste and not as nice as Honor's disolay but it has better chip, memory, camera."
Oppo Find X8 review,"I would choose Oppo. But there's a problem: x8 is available only in china if I remember correctly.  
If you can get any of them, and Chinese software is ok for you, see if they have all the bands for the networks in your country"
Oppo Find X8 Pro review,This phone has 80 w charger in the box.
Oppo Find X8 Pro review,I love everything about it
Oppo Find X8 Pro review,"Hi there! I have bought the phone almost 2 weeks ago. My overall opinion of the phone is very positive. I love the big battery, it has a much better battery life than any other Pixel phone for example. The charging speed is also OK( I have bought the..."
Asus ROG Phone 9/9 Pro review,Like your work Good luck
Asus ROG Phone 9/9 Pro review,"Not that ""packed to the gills"" really. No 2TB, No 144hz, No 120w charging, No 8/9 thousand m/Ah Battery"
Asus ROG Phone 9/9 Pro review,Please outfit black
Realme GT 7 Pro review,"So first of all it does support it, second of all people like you are pretty much ""paper tigers"", such small screens like Phones even Tablets watches from 30-50 cm when watching a video do not need to display more than SD quality, you do no..."
Realme GT 7 Pro review,It supports Widevine L1.
Realme GT 7 Pro review,"This is an expensive phone, NO WIDEVINE L1? 
 
THIS PHONE IS A JOKE.👎👎👎👎"
Motorola Edge 50 review,"Battery lasted more than a day only for a month ,after that it last only upto 8 hrs normal use. 
High performance games worked smoothly with 60 fps for the first few months then after that the game works smoothly only for 15 mins then fps drops phon..."
Motorola Edge 50 review,"I was about to get the Edge 50 , but after so many reports about poor battery life, I decided to get the Neo. And i don´t regret it´s a great device.  Nevertheless the the peach fuzz color is crazy how nice the device looks"
Motorola Edge 50 review,Battery timing is not sufficient it's draining fastly
Honor MagicPad 2 review,Is this tablet better than the iPad A 16 for drawing?
Honor MagicPad 2 review,I have it. The pad is very good and the attachable Bluetooth keyboard is lovely to use. Fast and the screen is silky smooth. I am using it for work and it is so much faster than my old dell XPS13 which is no slowcoach
Honor MagicPad 2 review,"I feel like that 1 year update should have Honor sued especially as Android 16 has improvements for tablets.  
 
Why sell something expensive and support the software with only 1 major upgrade."
RedMagic Nova review,"So where do i buy the 24GB RAM/1TB storage version and how much does it cost? I have a feeling that's China only,keeping the best for themselves like usual..."
RedMagic Nova review,Sounds like a skill issue. Mobile gaming is taking over. With the hardware available now days for mobile gaming and the engines these games get developed on is giving console and to a degree PC a run for its money when it's comes to cost for val...
RedMagic Nova review,better in what way?
Infinix Zero 40 5G hands-on review,"In terms of gaming, It does exceptionally well for a phone that's meant to do everyday 4K vlogs. In terms of performance, You won't be losing much performance when playing games. The fps doesn't dip too low when playing for a long time..."
Infinix Zero 40 5G hands-on review,Did you bought it? If yes could you tell me how does it performer? Does it lag or freeze or how it is for gaming?
Infinix Zero 40 5G hands-on review,"No, and neither can this phone. 
 
Get outta here you clown, you ain't buying anything."
Samsung Galaxy A16 5G review,I have 8GB/256GB Model and it is a super good daily driver
Samsung Galaxy A16 5G review,"PLEASE JUST PLEASE revert the scoped storage update,you just made my life even worse n9w that I can't install mods into my favorite game"
Samsung Galaxy A16 5G review,"I am using the third phone issued by my company. 
It is bad at best.  
Battery ok 
Screen ok 
Speed bad 
Camera medium with very few available adjustments 
Fingerprint sensor fails on every device."
vivo V40 Pro review,"Apologies, 👆🏻 RM 1,500 😂 🤣."
vivo V40 Pro review,Currently (28.11.25) available in silver or white and 12 + 512 configuration at 55% discount in the official vivo Malaysia 🇲🇾 store (less than RM 15k)...!
vivo V40 Pro review,Yes
Motorola Edge 50 Neo review,Not great in my honest opinion mine is not super reliable
Motorola Edge 50 Neo review,Only just marginally so much so you would not notice to be fair mine is a let down and my G73 is better
Motorola Edge 50 Neo review,"The quality of the photos is much better when shooting in RAW and 12MP. After taking the photo, you have to edit it in the free Lightroom or similar application. The photos are not coloring books and you get much more detail. There will be a little m..."
vivo X200 Pro hands-on review,"The issue with 1/2"" sensors and larger is that they tend to cause focus problems, with the ideal size being 1/2.55""."
vivo X200 Pro hands-on review,It very nice and good camera
vivo X200 Pro hands-on review,"Can someone tell me exactly WHY, as with other phones, the meanest, smallest sensor is given to the Ultrawide lens that can see so much more detail than the other lenses (if it has enough lens resolution). It will be much noisier and will make all vi..."
Samsung Galaxy S24 FE review,"Android consumes more than half now, considering that I did a debloat, the amount of RAM is not pleasing at all."
Samsung Galaxy S24 FE review,"No Dex, No Galaxy generative AI features, and the A55 is way weaker than this phone in terms of performance - besides where i live i got my phone during the Black Friday around its launch time and i got it for around 66% of the regular price"
Samsung Galaxy S24 FE review,"hey, i agree with the virtual prox sensor, its sheet. but the 8gb of ram defo isnt a dealbreaker."
vivo V40 review,Vivo 40 esim support in my country nepal?
vivo V40 review,I like ❤️
vivo V40 review,I will use vivo 40 in 8 month good experiens
Xiaomi Redmi 13 5G hands-on review,"Redme 13 is the worst phone ever. Don't e er buy it. 
It's battery is crap. It's display or video disrupt while playing. It's sound is too bad overall 0|10 from me"
Xiaomi Redmi 13 5G hands-on review,"That's wh I only buy phones with at least 1 year old ,my friends don't understand that after a year ill know for sure if it Isa good buy ,and the price ,I will never ever pay more than 300 euros for a phone  as a man I don't need 13 ca..."
Xiaomi Redmi 13 5G hands-on review,"Not a major changes from Xiaomi Redmi 12 5G. According to review performed by GSMArena, there are few increase in processor clock speed and display refresh rate that now reachs 120 Hz max. The device is fresher than Redmi 12 5G which resulted a more ..."
Apple iPhone 16 Pro review,Awesome technology!
Apple iPhone 16 Pro review,"They're somewhat ""the budget"" option, when you consider the cost of some Androids (looking at you, Pixel and Sony)."
Apple iPhone 16 Pro review,"I appreciate GSMArena's detailed review of the Apple iPhone 16 Pro. It's a comprehensive analysis that covers various aspects of the device. 
  
However, I noticed that the review doesn't mention the Camera Control button introduced ..."
Apple iPhone 16 Plus review,"Nope, it’s quite cool in normal usage and scrolling through social media"
Apple iPhone 16 Plus review,"Mastering profitability mostly.  
 
But they make good crrap yes. 
 
I'd say it more like that.  
 
Software is insanely buggy and walled garden and cocky-pretentious. but android 'copying' same shyt, locking down like activation..."
Apple iPhone 16 Plus review,"Does iPhone 16 Plus also has a Heating problem/issue? 
anyone exp. even normal use (excluding gaming, Heavy apps.)?"
Apple iPhone 16 Pro Max review,Me wants this phone and me wants it Now! (feet stomping)
Apple iPhone 16 Pro Max review,"Oh my god, this is my crushed phone in the world I promised"
Apple iPhone 16 Pro Max review,Is a year over year 25% performance increase incremental?
Xiaomi 14T review,"everything is so very great in your reviewa, and you miss important stuff like this phonw having serious charger compatibility issues and the photos look like crap"
Xiaomi 14T review,The camera is good for content creation?
Xiaomi 14T review,I have Samsung galaxy A54 5G should i change to this phone? I think there are many benefits i will have aren't?
Apple iPhone 16 review,Samsung has been using the same camera for years and everything beside the ultra model is shit
Apple iPhone 16 review,You are so good
Apple iPhone 16 review,"Just using iPhone SE (2020) charged to 88% in the morning, now (1.21 PM) at 7%! Yes the battery sucks"
Xiaomi 14T Pro review,"Viljuska don't forget that it has 120W charging, and can charge from 0-100 in less than 30 minutes."
Xiaomi 14T Pro review,"Very bad battery... But very very bad... In 8h shit, phone is it in pocket and dry 40-50% off battery... I am not playing games on the fon just calls, text and internet and very small time i watching some video and i have to charge phone 3-4x per day..."
Xiaomi 14T Pro review,Still waiting for 15t series.
Google Pixel 9 Pro review,"I've had HTC, few Samsung and Huawei phones in the past and Google Pixel Pro 9 is the most disappointing of all. One of the main features - phone and especially Gallery was laggy from the beginning and never started working after attempts to get..."
Google Pixel 9 Pro review,"I upgraded from a Pixel 6 to the 9 Pro a few weeks ago and i am already loving it. Aside from the phone feeling snappier the biggest QOL improvement to me is the selfie cam face unlock, and the battery lasting heaps longer even with youtube playing o..."
Google Pixel 9 Pro review,Can i have your old one mate please
Google Pixel 9 Pro Fold review,"Pixel 9 pro fold is good phone 
But there is always error in mic of loudspeaker or what's up mic"
Google Pixel 9 Pro Fold review,"The camera blows the fold out of the water, but then again most people are drawn to over saturated images where Samsung gets you every time. The pixel is far better and if you actually edit the photos to your liking, produces an overall much better i..."
Google Pixel 9 Pro Fold review,"I am disappointed with the Pixel 7a battery. I purchased my Pixel 7a on September 2, 2023, and just one year later, the battery stopped working.  
 
I kindly request that Google establish an official shop in Ghana so we can purchase phones, batteri..."
Samsung Galaxy A06 review,I bought from temu dirt cheap £40 new. Its basic and slow start but its ok as a second backup phone. Screen is good quality for browsing youtube tv etc. Sound basic. New security updates now android 16. If can buy for as little as £50 its a good basi...
Samsung Galaxy A06 review,"First time buying Sumsung model and im regretting,,it always freezing."
Samsung Galaxy A06 review,Freezing phone please update it
Honor Magic V3 review,"Why did you not mention tha there is no easy way to use primary camera with front screen. There is no gesture shutter button or capture by phrase like everyone elso does it? It is a big minus, and you did not Care to talk about it."
Honor Magic V3 review,"So, as a long time Samsung user, ever since the s3 Ive always had Sammy phones, then the gear watch, then tablets. Then yearly updates in all devices. Then it was the original fold, and every iteration I updated yearly... Until I went to Malaysia and..."
Honor Magic V3 review,"Magic OS have what issue with their software? 
Give detail."
Motorola Edge 50 and Edge 50 Neo hands-on review,So nice
Motorola Edge 50 and Edge 50 Neo hands-on review,"I have my Edge 50 Neo ordered, only I haven't opened it yet, waiting for the full review. Should I keep it or return?"
Motorola Edge 50 and Edge 50 Neo hands-on review,Disappointed in you. I've been waiting for a review for the Edge 50 Neo for more than a month. You promised those reviews.
Xiaomi 14 Civi review,This is a heater phone. You can easily make omlates over it.
Xiaomi 14 Civi review,so this phone worth buying at now
Xiaomi 14 Civi review,All photo you uploaded as taken from this phone is fake
Google Pixel 9 review,"Lmao  
Battery life ris fantastic on my Pixel 9"
Google Pixel 9 review,Pixel 9
Google Pixel 9 review,Oneplus 13R
Google Pixel 9 Pro XL review,"All the delusion about UFS. Not defending Pixel btw (I myself use a ufs 4.0 device), but there's literally a 25-30% difference at most between UFS 3.1 and 4.0's RANDOM read/write speeds.  
 
Highlighted random, because that's the spe..."
Google Pixel 9 Pro XL review,"Its strange reviewed performance puts me off. Besides , I cannot discover from this review whether or not it can do panoramas with all of its lenses. In fact there is no mention of them at all nor any sample shots, as I search for an ultrawide panora..."
Google Pixel 9 Pro XL review,"Good but not the best.  
Hope Pixel 10 might be better."
OnePlus Pad 2 review,"does oneplus pad 2 have native 1B colors display or does it use FRC (Frame Rate Control).  
 
Oneplus pad 3 uses FRC (Frame Rate Control):  
Disclaimers: 
3. 12-bit color depth achieved through 8-bit hardware combined with 4-bit FRC (Frame Rate C..."
OnePlus Pad 2 review,"does oneplus pad 2 have native 1B colors (10bit color depth) display or is it like oneplus pad 3:  
 
Disclaimers: (for oneplus pad 3) 
3. 12-bit color depth achieved through 8-bit hardware combined with 4-bit FRC (Frame Rate Control). While this ..."
OnePlus Pad 2 review,"Hey mate, just saw your comment, and I'm planning to buy the tablet, especially to play at MCOC. Is your experience on it still difficult, or does it perform well now?"
Samsung Galaxy Watch Ultra review,"All Samsung watches from the 6 to Ultra use Android wear. Power consumption is ridiculously high, with less than a day battery life if Bluetooth, LTE and GPS sensors enabled. Im using a Huawei GT Pro (Harmony OS) that gives me close to 2 weeks batter..."
Samsung Galaxy Watch Ultra review,Mine lasts 3 days.
Samsung Galaxy Watch Ultra review,"you can adjust it from the settings  
as the watch supported with AI as well"
Motorola Razr 50/razr (2024) review,"can't agree more, you are right, narrow screens are terrible. I think Pura X is a good choice, but it has 2 problems: too expensive and has no official/legal Google services."
Motorola Razr 50/razr (2024) review,agreed
Motorola Razr 50/razr (2024) review,true
Nothing Phone (2a) Plus review,Battery life of np2a+ is not bad but also not the greatest im a heavy user and cant het it through the day without charging
Nothing Phone (2a) Plus review,"This still seems like a good choice even if the 3 series are out. For me the battery life is a really important thing, what are the owners of the 2a Pro"
Nothing Phone (2a) Plus review,Please don't say inappropriate things. 😊
HMD Skyline review,"I don't care about the greatest hardware, but I do care about security updates. That phone is e-waste after a maximum of three years. A repairable phone should be supported for at least five years. Otherwise it makes no sense. Just buy a phone t..."
HMD Skyline review,"In case you missed my earlier comments, I've mentioned specifically that my family members and colleagues use several other Nokia devices even today, including my parents' Nokia C32 phones, Nokia 5.3, 3.4, 7 Plus, C20, 6.2, G10, C20 Plus, 1..."
HMD Skyline review,"And what are you doing? 
 
You had ONE phone from HMD Nokia. JUST ONE. Everyone knows it already because you constantly repeating it. Since 2017 you had Nokia 8 with your crazily good stand by times up to 4 or 5 days. I can manage to do that only i..."
Xiaomi Mix Flip review,"I've been watching GSM Arena reviews for years. Those reviews were the reason I bought my first Xiaomi. I love the testing method and all the clear information. This time, they've also delivered a really good review of the Mix Flip. This is..."
Xiaomi Mix Flip review,I like it after months of using it.
Xiaomi Mix Flip review,Quite happy finally some one put telephoto camera.ultra wide not producing good photos.
Realme 13 Pro+ review,"I am a Realme Fan since 2018.. I am still using Realme XT from last 5 years. Not a single problem. 
Just upgraded to Realme 13 pro +. Very good phone with powerful speakers and good camera...."
Realme 13 Pro+ review,"Just bought mine after using the GT Master. At first, I thought I'd regret my decision, but I don't because this 13 Pro Plus feels like I've personally customized my dream phone, all within a budget-friendly price. Hope that helps!"
Realme 13 Pro+ review,Just got mine and wireless charging is not supported
Realme GT 6T review,"Go spend your entire 2 year salary for software, not all people into software plus software this days are really good that it didn't stupid updates just to ruin and make it insufferable and some software updates intended to make your device lags..."
Realme GT 6T review,Keep glazing. Chinese phones will still be superior. You software nerds are a different breed and your opinion is invalid
Realme GT 6T review,"My first and last Chinese phone.  The phones hardware is very good.  But the software is horrible.  To make even the easiest changes takes hours of searching where to find to make them.  There's a saying, ""you get what you pay for"" Sti..."
vivo X Fold3 Pro review,"Dear, please help if you did find any solution for the Teams issue 
 
I am facing the same once I press the icon the app launches then immediately crashes"
vivo X Fold3 Pro review,You are probably wrong.  I am 75 years old.  a pensioner from Slovakia and I change mobile phones every 2 years.  Cloning works so no problem with replacement. And the VIVO X FOLD3 PRO is excellent
vivo X Fold3 Pro review,Wow ots amazing its affordable  and very brilliant
Samsung Galaxy Z Flip6 review,They need to make a flip version of the S25 Ultra (same overall dimensions when opened especially the width) enough of these good looking devices that are horrible for viewing normal content like reading pages
Samsung Galaxy Z Flip6 review,TV remote type phones-so you can hold it easily but can't view much-what is the point?
Samsung Galaxy Z Flip6 review,Nobody's mentioning the convince of using that phone with one hand... (Thinner) I think it's a more natural size for the hand..
Xiaomi Mix Flip and Mix Fold 4 hands-on review,"what??? what are you even on about bro? I'm saying that people are gullible enough to buy poor midrangers instead of old flagships, and Xiaomi knows that some people don't know too much about phones so they take advantage of them by making ..."
Xiaomi Mix Flip and Mix Fold 4 hands-on review,"You are so entitled that you forget you got born in the same way, and will die in the same way, came with nothing will leave with nothing. So what if poor people go for an older flagship product."
Xiaomi Mix Flip and Mix Fold 4 hands-on review,Agree 100%
nubia Red Magic 9S Pro review,"While gaming, sometimes it crashed/hangs-up/not moving at all so I have to restart the game."
nubia Red Magic 9S Pro review,"Reset your connection on Bluetooth, and your earbud as well. For the software buggy? I don't think I have the same issue, are you using 9/9s? Or just the same brand?"
nubia Red Magic 9S Pro review,"Ori case? A lot of case out there seriously better than the casing XD. Like too much, brother, I'm using the one that has a metal plate behind, that allows extra fan to be jack on, then game with extra coolness"
Samsung Galaxy Z Fold6 review,15 months old Z Fold6 user here. No issue like you mentioned has happened to me at this time.
Samsung Galaxy Z Fold6 review,"They aren't going to fix something you broke, that's funny."
Samsung Galaxy Z Fold6 review,"Hey everyone, 
 
I am a regular client of smasung equipment (TV, computer, watch, phone, ear phone..) and i was a fan till now... 
 
 
Posting here because my Galaxy Z Fold 4, bought from FNAC  (France) about 20 months ago , now has two major is..."
OnePlus Nord 4 review,"This is a fantastic mid range phone, the only thing really letting it down is garbage cameras. Otherwise great!"
OnePlus Nord 4 review,the 7 gen 3 has 10% more
OnePlus Nord 4 review,Not tryna be rude but that's kinda your fault don't automatically assume anything
Moto G Stylus 5G (2024) review,Where?
Moto G Stylus 5G (2024) review,"It says $69.9, so why do you say $400?"
Moto G Stylus 5G (2024) review,Its a $400 phone - dont expect $800 features!
Samsung Galaxy Z Fold6 and Z Flip6 hands-on review,Now anyone else notice on the 2nd page of this double review where they pit the Fold 6 vs the Fold 5 internal screens open?!
Samsung Galaxy Z Fold6 and Z Flip6 hands-on review,"for my own device, once by month, it's my duty."
Samsung Galaxy Z Fold6 and Z Flip6 hands-on review,"Yeah, fair enough. But don't you backup it often?"
CMF Phone 1 by Nothing review,Its fluied and smooth… i am happy with this a good performance? After 1 year.
CMF Phone 1 by Nothing review,Ingress protection means screen will crack with just one hit.
CMF Phone 1 by Nothing review,"GSMarena reviews are not trustworthy 
 
>As mentioned, the CMF Phone 1 feels snug and comfortable in the hand, thanks to its nicely curved edges. 
 
The CMF has hard straight edges which are not at all curved and actually hurt if held for some..."
Poco Pad review,no
Poco Pad review,Poco have slightly more performance. see the benchmark
Poco Pad review,Firmware is different ?
Xiaomi 14 Civi hands-on review,"This phone has a nice size about it, shame it's hard to find in the UK. Why don't Xiaomi just release it globally??"
Xiaomi 14 Civi hands-on review,Where's the full review for Civi GSMArena... Been waiting for some time now... Please do ASAP
Xiaomi 14 Civi hands-on review,"sad fact is, samsung low/midrangers are full of bloatwares. So only premium phone gives you good vibes."
Xiaomi Redmi Pad Pro review,Yes
Xiaomi Redmi Pad Pro review,"They are not the same. A PC is a computer, keyboard, monitor and mouse, while a laptop is an all-in-one. A PC requires a constant mains supply, while laptops have a built-in battery. PCs are also an order of magnitude bigger and more expensive than l..."
Xiaomi Redmi Pad Pro review,"Do u find the solution, I m also facing same issue"
vivo X100 Ultra review,"Is it this video? https://youtu.be/pbp7WkQjo6Y 
 
If it is, what are the things that aren't even there? What timestamps? 
 
What videos of X100 Ultra vs Find X7 Ultra do you recommend? Because I just see video comparing them to X100 Pro."
vivo X100 Ultra review,"Where's the Russian dude's comparison video? I can't find it. 
 
Also, can you show me that video of the vivo X100 Ultra compared to the Oppo Find X7 Ultra + a DSLR/iPhone?"
vivo X100 Ultra review,"I've had the X100 Pro and the Magic 6 Pro, Vivo is far superior in night photos, macro, definition in zoom above 8x and night photos in motion. In other situations they are similar. You can't say that Honor is better... the dxomark score ma..."
Oppo Reno12 Pro review,"Surprised no one picked up on this charging spec contradiction — Oppo might be underselling the Reno12 Pro’s PD charging capabilities. 
You mention the phone supports PD 2.0 at 9V/1.5A, which is 13.5W max. But your own test data shows this doesn..."
Oppo Reno12 Pro review,"So what? This is why Samsung phones are more expensive than OPPO phones. As long as it's not broken and the key Android features are there, updates aren't necessary"
Oppo Reno12 Pro review,Lmao you traded the ultimate flagship phone Galaxy S23 Ultra for a mid range? Good luck haha
Motorola Razr 50 Ultra/razr+ (2024) review,"Releasing security updates when Google no longer releases it for a version is not feasible. Google only release security updates for 3 simultaneous version. It means about 36 months for each version, but not exactly because Android is not always rele..."
Motorola Razr 50 Ultra/razr+ (2024) review,"You are not alone. I also love ultrawide camera but manufacturer doesnt really care much about it. I had use a lot of phone since the LG G series up until today flagships and as stupid as this may sound, LG G5 had the best ultrawide camera among all ..."
Motorola Razr 50 Ultra/razr+ (2024) review,Didn't have the stupid phone for not even a week couldn't even enjoy the apps that I paid for do not buy this phone I suggest against it
OnePlus Nord CE4 Lite hands-on review,"CE4 lite is one of the best i have had since CE2 lite. Both almost indestructible. Lites in 1+ are the best middle range (not like de NORD3, wich is a fragile and brittle expensive garbage that overheats)."
OnePlus Nord CE4 Lite hands-on review,NO NFC? Not a 1+ Nord CE4 lite!
OnePlus Nord CE4 Lite hands-on review,You can install the oneplus store or you can look on ebay and amazon
Xiaomi Redmi 13 review,"i miss my redmi note 9S that was one of the best phone i hade in a while, honestly 5030mah battery is a bit wack for these days, even Honor x6b have better features than this plus ultra wide angle camera and 5200mah battery , i had to rush for an em..."
Xiaomi Redmi 13 review,"Do lag sometime, 8gb ram for that"
Xiaomi Redmi 13 review,Using the 2gb extra to be reading and writing from your storage is always a lot slower than pure ram. I cant even consider this benchmark and test valid.
Realme GT 6 review,"Who has better cameras? 
Realme GT 6 or Realme 14 pro+ 
Do both support GCAM fully?"
Realme GT 6 review,👍
Realme GT 6 review,This mobile waterproof
Infinix Note 40 Pro+ review,"Poor battery backup, hearing problem"
Infinix Note 40 Pro+ review,Nice phone
Infinix Note 40 Pro+ review,Very poor touchscreen
Honor 200 Pro review,Android auto problems?
Honor 200 Pro review,I believe so.
Honor 200 Pro review,"In Croatia, yes, came with Google. Play store and all. This is why I chose Honor after 6 happy years with Huawei P30. Google services were the main factor for choosing a different brand, I wanted a similar phone with better performances and greater m..."
Motorola Edge 50 Fusion review,I been using this phone and it's very good.The Cameras are very good screen battery everything is very good for price better than A36 Redmi note 14 pro + and some other phones and one thing moto could add and it's wireless charging. I give ...
Motorola Edge 50 Fusion review,"purchased this phone 2 months ago,paid £139, refurbished,the phone came like brand new.brilliant phone,best phone I've owned, really pleased with it"
Motorola Edge 50 Fusion review,"I bought this phone around 7 months back but its totally disappointing on its performance  
Battery lost very fast  
hanging  
once it was not unlocking. unable to enter the password after switching on   
5g  is pathetic"
Motorola Edge 50 Ultra review,"On the main page I already told my opinion on the battery, will do it here as well! I bought the device in May.. I work 12hours shift, device charged 100%, I brows Internet a lot during work, occasionally play games.. after 12hrs Battery was never be..."
Motorola Edge 50 Ultra review,"Let me know your thoughts about battery life pleas. 
I want one too  
 
Thanks"
Motorola Edge 50 Ultra review,"Just ordered it on Amazon in Peach Fuzz for under 600€ 
 
Expectations are quite high, coming for a S23 Ultra and a Pixel 8 Pro, but sold the Samsung and ordered a return for the Pixel as after a year the overheating and WiFi / bluetooth problems l..."
Xiaomi Pad 6S Pro 12.4 review,Whats the connection between an 5g modem and global presence?
Xiaomi Pad 6S Pro 12.4 review,Shame that some region charger is missing
Xiaomi Pad 6S Pro 12.4 review,Type C HDMI cable can serve the purpose
Tecno Camon 30 Pro review,What you mean sluggish
Tecno Camon 30 Pro review,Bruh is new update 16 android 💀✌🏻✌🏻✌🏻
Tecno Camon 30 Pro review,It is really boring and sluggish
Google Pixel 8a review,"I have it for one year now.  
 
+: Small size, clean android without bloatware, monthly updates, nice photos, AI, function which tells you which music is playing 
 
-: battery life could be better, CPU is sometimes throthling in games 
 
For th..."
Google Pixel 8a review,The speaker on this phone is terrible. The sound is muffled and too much bass
Google Pixel 8a review,It’s a pixel so expect average battery life.
Poco F6 review,"Qualcomm also lowered the cost by using an older modem, but it's still offering a high-end ISP as well as next-generation connectivity such as Wi-Fi 7. 
So which modem does she use?"
Poco F6 review,"The smartphone does not support Google Play Services for AR. The manufacturer, authorized Xiaomi service centers, and retailers market the POCO F6 as a flagship smartphone from the POCO brand, featuring a flagship processor supporting all the latest ..."
Poco F6 review,"subpar battery life. Not the worst, but still subpar, almost bad. 
But I guess it's the price to pay if you want a phone that doesn't feel like it's fighting for it's life just because you have 2 apps open at once."
Apple iPad Pro 11 (2024) review,No need 10 years. iPad pro 2024 speaker is worse than 2021 because of its thinness.
Apple iPad Pro 11 (2024) review,Just asking if the ipad pro 2024 11 inch supports pro create I got confused when reading procreate
Apple iPad Pro 11 (2024) review,"i am not an apple fan at all, but the benchmarks are insane on this one"
Poco F6 Pro review,"Poco F6 Pro is better than Honor 200 (non Pro) and Samsung A55.  
Better main camera, 4K 60fps, better display 526ppi, UFS 4.0 memory, charging speed, build quality, much better performance... It's not even close."
Poco F6 Pro review,"Had it for 1 year , until my small niece spilled  unintentionally a full glass of water on table next to it..wich killed phone .. so was a good phone good chip that fast charging was reliable and amazing good connectivity.. 
 
Cons battery life cou..."
Poco F6 Pro review,Xioami 14t pro both gaming and camera
Huawei Pura 70 Ultra review,"You ask too much from a phone. Yes, it can be done eventually, but the price after all these options will be to big. Already the Ultra phones have a big price, most of it because of the chip and photo capabilities, that can be compared to some cheape..."
Huawei Pura 70 Ultra review,This is easily the best phone camera hardware I've tried when it comes to image quality but the camera software is infuriating. It has an optional 25MP option in the default mode which does genuinely capture even more detail but suppose you want...
Huawei Pura 70 Ultra review,And many areas will never get 5G.
Google Pixel 8a hands-on review,"Sure, it's actualy a much better option considering the price differences and that you can find the Pixel 7 much cheaper, for about 500$ the Pixel 8 is a much better option, especially long-term."
Google Pixel 8a hands-on review,"As per conclusion, vanilla Pixel 7 is also a good option to consider for buying instead of Pixel 8a."
Google Pixel 8a hands-on review,The form factor feel in your hand is great I have to agree. But the challenges on fixing modem issue on exynos chips is giving us less performance.
Sony Xperia 10 VI review,This phone seems like a budget compact phone. And I Love It! The 4nm processor is good enough for me and the front facing speakers is also really good!
Sony Xperia 10 VI review,"Please Sony, for 10vii please make the phone wider like the old xz range. More powerful processor! I hope they make the 5vii wider as well just like the 1vii. I think more people will buy Sony phones if they make these improvements and lower the pric..."
Sony Xperia 10 VI review,Really ? I changed all my samsung charger to sony because it was burned .
Sony Xperia 1 VI review,"Why you said ""aluminum side frame"" if it is glass just like on the back?"
Sony Xperia 1 VI review,"The Xperia 1vi works for me. Love the audio jack, camera software, uninterrupted screen and clean Android experience."
Sony Xperia 1 VI review,The philosophy of least effort for most gain... I think Game Freak manages the Xperia division 😂
Huawei Pura 70 Ultra hands-on review,This article is a captivating and well-researched piece that offers valuable insights and engaging content.
Huawei Pura 70 Ultra hands-on review,"Spot on Fella 🤣✔ 
Huawei products are greatly good and I can bet with you. Other ultras are just a bit good in photography from my experience."
Huawei Pura 70 Ultra hands-on review,"Please try Pura 70 Pro if you can, but if not, get P60 Pro. All the best Bro"
Honor Magic6 RSR Porsche Design review,I agree with you big time
Honor Magic6 RSR Porsche Design review,Why no speaker test?
Honor Magic6 RSR Porsche Design review,a lot cooler with flat scr.
Tecno Camon 30 Premier review,Yes indeed
Tecno Camon 30 Premier review,How
Tecno Camon 30 Premier review,"'please ts is not a midrange phone'. Alright, the phone costs like 300$ dollars. Is that not midrange enough for it's features? I understand it's much, but you get plenty of fast UFS 3.1 storage and amazing specs for the price. Wh..."
Honor Magic V2 and V2 RSR Porsche Design review,"This review segment is not correct: (page2) 
""Then we have what we believe to be the more interesting and ""premium looking"" variant of the Magic V2, which comes with an eco leather back finish. 
 
We should perhaps clarify that the ..."
Honor Magic V2 and V2 RSR Porsche Design review,The supported stylus pen is called HONOR Magic Pen
Honor Magic V2 and V2 RSR Porsche Design review,"How many android updates will this phone get? And how many security updates? How many years, from now on, will it be updated? I undarstand that now, honor offers 7 years of OS updates, but that applies only for new devices."
Honor Pad 9 review,I bought this last year 2025 not knowing it will not have the new update hyper OS 10 so it's stuck on OS 8 . But I still loved it I can play good games in it and I used it on college performs like a laptop good for paperwork too and very lightwe...
Honor Pad 9 review,what brand did you use? i cant connect mine..
Honor Pad 9 review,"The internal memory is 256GB without Micro SD slot to spand... Shame 
I don't understand why Honor did this his costumers, my blame for not checking before purchasing,anybody want to buy a nearly new cheap tablet ?"
Apple iPhone 15 Pro long-term  review,"I have it in black and it’s a great looking device.  
 
Although if I could have found it in blue I probably would have gone for that colour instead."
Apple iPhone 15 Pro long-term  review,GSMArena please is that a titanium blue or black? Or are there 2 iPhones 15 pro in 2 different color?
Apple iPhone 15 Pro long-term  review,"We also found it to be an exceptional device and have recognized it as the best overall in our Best Smartphones of 2024 guide (https://thetopzoneblog.com/top-picks/best-smartphones-2024/). Its performance, camera quality, and overall design truly set..."
Motorola Edge 50 Pro review,"One of the worse phones I've had. Pile of rubbish. I'm super disappointed: endless problems to transfer folders (its virtually imposible vía Wifi or cable). The suite ""Smart Connect"" is increasingly complex and ""heavy"" a..."
Motorola Edge 50 Pro review,"Hi, which phone is better Xiaomi Redmi Note 14 Pro+ 5G 12/512GB or Motorola Edge 50 Pro 12/512GB? They are both the same price in my country around 500 EU."
Motorola Edge 50 Pro review,This is miraculous best phone  than others like iphone or whatever..i wish someone to buy for me even a copy of it or a used one
Motorola Edge 50 Ultra hands-on review,You can get curved glass screen protectors which match the contours of the screen and wrap right over the curved edges.
Motorola Edge 50 Ultra hands-on review,Why can't all these phones be uniform with the tech. This is not rocket science and every damn phone should have a headphone jacks. I'm so tired of this on every new phone; RIDICULOUS AND ABSURD!!!! 👁️👁️👀😞😴😎😕😐🆗🌍🌎
Motorola Edge 50 Ultra hands-on review,"UWB not working, neither mentioned on their website except on the news website. Ig it’s a scam"
Realme 12+ review,What about pwm in this phone?
Realme 12+ review,"This phone is pretty good overall. It is totally value for money.  
Every phone has pros and cons. Everyone knows about the pros like camera quality is top class , smooth ui but I will tell you it's cons. 
1)When you play heavy games, it gets ..."
Realme 12+ review,Realme 12 have so much features the most phone do not have including it's creamer features
Tecno Spark 20 Pro+ review,There were rumors of a 2yr os update but up to date nothing. Very disappointed ☹️ because the phone is very capable for Android 15 and even 16
Tecno Spark 20 Pro+ review,They are not normal. The Tecno camon 30 has the same specs chipset and everything but has 3 years of software update
Tecno Spark 20 Pro+ review,This phone is an advertising bill board.It has an application that has access to every thing in your phone and you can not limit access and it cant be uninstalled.This is wrong. Is this the reason it was a limited edition.
Poco X6 Neo hands-on review,poco x6neo is best of pro mood explore spece ..i hv so many time proof it..best mobile camera all time low rate .
Poco X6 Neo hands-on review,"I'm considering buying this phone if only for the symmetric bezels. But custom ROM support is the sole determinant factor for me. 
 
Is this better than Moto G45?"
Poco X6 Neo hands-on review,"Consider phones that have PWM Dimming on their OLED screens, like, perhaps, the Honor 90."
nubia Z60 Ultra review,"Does the Nubia Z60 Ultra come with any pre-installed malware or security vulnerabilities, especially considering the concerns about Chinese manufacturers and incidents like the Cosiloon malware? Any unusual net traffic?"
nubia Z60 Ultra review,"dude stop smoking weeds - with all the upgrades you're asking nubia would have asked maybe double the price and then you would have cried they are crazy to ask so much. And complain for that price you could get a samsung or iphone,etc.."
nubia Z60 Ultra review,"Great phone , main cameras are ahead of the game, also gaming and multitasking no issues then only thing I would change is the selfie camera , yes it's nice being hidden underneath the display but it's not great, you have to be in good ligh..."
OnePlus Nord CE4 hands-on review,Is it good phone for INR 21500? I am getting this price for 256gb variant.
OnePlus Nord CE4 hands-on review,"It isn't, you have a faulty phone Or setting of camera should be checked."
OnePlus Nord CE4 hands-on review,A good set good camera and a good battery life. Costs Re 25K on Amazon in India🇮🇳
Samsung Galaxy A55 review,IMO notifications all of
Samsung Galaxy A55 review,Galaxy A54 5G notifications delete all
Samsung Galaxy A55 review,Upgrade na a 56
Xiaomi 14 Ultra review,You should add the battery usage while using the camera.
Xiaomi 14 Ultra review,Those the Xiaomi 14 ultra turn off camera when the phone is hot when taking photos under the sun
Xiaomi 14 Ultra review,"Important! 
The sound you're all hearing from the backside of the phone is the OIS - Opticall image stabilization, or why your camera is not shkaing like crazy when your hands naturally are not stable. It's good that you're hearing it..."
Samsung Galaxy A35 review,Oppo A3k 📱💸💸 Hello 👋🏻🤗 Samsung Galaxy A35
Samsung Galaxy A35 review,"One Ui 7.0 and Android 15 already updated on my Samsung A35 here in Chile, pretty good phone 6 months of use no problems, the only thing i would change could be the Screen PWM to DC"
Samsung Galaxy A35 review,"Don't drop it, too nice!"
Tecno Pova 6 Pro review,"yes sure , it is WOW FM with 3.5mm Headset"
Tecno Pova 6 Pro review,Pova 6 pro 5g has built in radio? Does it work without internet?
Tecno Pova 6 Pro review,how many hours you guys getting screen and idle time? when not using the phone does battery drop fast ?
Asus Zenfone 11 Ultra review,entry level 💀
Asus Zenfone 11 Ultra review,"Obviously it's a ROG Phone 8 refresh, but with the sober ZenFone finish. Components are probably those that narrowly failed the binning and didn't cut it for turning them into a ROG Phone, but... It's a win-win for ASUS and their custo..."
Asus Zenfone 11 Ultra review,"Value For Money:there are probably better options out there if you're looking for value, but this is a good compact phone if you're looking for one. even the s21 (6.1"" screen) feels too big when compared to this phone.colour is nice, s..."
Nothing Phone (2a) review,"It's a great product  
And if we talk about mobile, then it is a truly amazing mobile"
Nothing Phone (2a) review,"yes the prices are set strangely so the 3a and 3a plus models have come out and the 2a and 2a plus variants have a similar or lower price for the 3a, you would think the 2a will get cheaper but no, they are more expensive."
Nothing Phone (2a) review,"Hi 
I currently have a Realme X50 pro, had it for 4 years and still works great but looking for a change and struggling to decide. 
 
Really tempted with the Nothing phone 2(a), but I've previously had a Xiaomi and also tempted with a Poco. F..."
vivo V30 review,"My phone broke, should I get the vivo v30? Main priority is Camera (I take pics frequently so I need something good) and gaming (genshin, ZZZ,) and emulation (psp, ps2, gamecube, switch)"
vivo V30 review,"Charging speed is awesome can go from 30 to 60 in 15 minutes and I don't need to wait long for it to be 90% and the back to using It for atleast 10 hours or more, It lasts super long too even when gaming and I love the featurs so far cuz I can d..."
vivo V30 review,really buggy software
Oppo Find X7 Ultra review,"Got this end of June  
First Chinese Rom phone getting hang of everything now.  
Updated to A15 and Color 15. Android Auto present.  
Still have more updates to go but wanted get used to phone first."
Oppo Find X7 Ultra review,"i have a oneplus 12 which is a downgraded version of the find x7 ultra and i'll tell you it's a superb phone, worth every penny  
 
find x7 ultra is only 620$ here in Algeria (phone only) 
 
the only thing i'd say going against the..."
Oppo Find X7 Ultra review,"I plan to switch from Xiaomi POCO X5 pro 5g to Oppo Find x7 ultra and want to buy it on the secondary market for a lower price and without a complete set with 97% battery for 705$/55,000₽ I've watched a lot of reviews on it, someone says it'..."
Poco M6 5G hands-on review,Why you use ur phone while charging?
Poco M6 5G hands-on review,"Don't buy this phone there will be no customer support I bought this phone not even a month ago camera not opening when I asked service center they are not giving proper reply  
Another highlight is phone cost 9500 but service bill cost 8500"
Poco M6 5G hands-on review,The major problem is heating... While charging and using it is heating like a oven.. I hate this mobile
vivo V30 Pro review,"True review: 
 
even went to service center to downgrade to android 14, still battery draining like 1% (3-4 mins, sometime 2 mins), overheating issue very severely (app usage: chrome, whatsapp, touch n go), half day using, battery dropped from 100%..."
vivo V30 Pro review,"Seriously! Comparing this to the Galaxy A54 with no telephoto lens and its 5mp macro. You say, ""...compared to the vivo V30 Pro, you will have to settle a bit in the camera department."" How about settle a huge amount! 
 
And, continuing w..."
vivo V30 Pro review,waterproof ???????
Xiaomi 14 review,My Battery is 8h 40 min / 100% in 2025 December. It is new parking device buy on November 2025.But Hyper OS 3 get battery drain.
Xiaomi 14 review,Why not 4610
Xiaomi 14 review,Why 4610 mah? Why not 4500?
Honor Magic6 Pro review,"Hi, what problems have magic 6 pro, can you clarify? 
I want to switch from honor 200pro to this one so I need your feedback for drawbacks! Thx"
Honor Magic6 Pro review,"After more than a year with it as my daily driver I only can say what an amazing device. 
 
I wasn’t expecting this. Screen, camera, sound and software. Yes, software. Now running magicos9 (A15) it has received a lot of love from honor adding many ..."
Honor Magic6 Pro review,https://postimg.cc/YhQcbzdB
Xiaomi Redmi Note 13 Pro+ review,"I use mine from february,its really good besides the lack of optimization"
Xiaomi Redmi Note 13 Pro+ review,How to unlock it when the device is locked
Xiaomi Redmi Note 13 Pro+ review,"The Redmi note 13 Pro+ sucks the worst phone I ever had, really bad 
It crashes, it is filling the memory up to almost 12 GB then it crashes . 
need to clear memory all the time, sucks"
Xiaomi Redmi Note 13 4G review,honestly its the worst phone i ever bought. it lags constantly
Xiaomi Redmi Note 13 4G review,"Of course it will  
Mine has android 15 on hyperis 2"
Xiaomi Redmi Note 13 4G review,Does the Redmi phones get the find my device (accuracy function) ? As well as lock protection?
Xiaomi 13T Pro long-term review,SOT statistics is now under DIGITAL Balance section!
Xiaomi 13T Pro long-term review,"I also have the mi10t Pro. I would not have upgraded to 13t pro if it wasn't for the software update which they stop for mi10t Pro. I would say the changes from the upgrade is that it is faster and better camera and of course, OLED screen.  Hype..."
Xiaomi 13T Pro long-term review,"Yes, but i can't update - no matter what i do. It's crap. Poco M6 Pro is acceptable. I will watch the 14T Pro again - but it's the same main camera, like on the Xiaomi 14 ""Light hunter 900""."
Samsung Galaxy A15 5G review,"The 5G with the 4gb ram model is just something else, with the One Ui 8 the phone just runs slower and apps closes random in the background. This phone is like for a teenager first phone, not everyday phone."
Samsung Galaxy A15 5G review,"The Galaxy a15 5g 64gb is one of the crappiest mobile devices I ever used. It , at random times will lose any and all my pictures, (some non replaceable and decades old, of deceased family members, my videos or audio files as well as any and all my s..."
Samsung Galaxy A15 5G review,Probably the worst phone I have ever had. Motorola's are much better for the money. It does crazy stuff all the time. Starts playing music or videos while in pocket. Continues playing videos after closing apps when not in pocket. The only way to...
Realme 12 Pro+ review,I will never recommend for anyone to buy Realme products as I have had a very bad experience with them when it came to repair / replacement of a Realme handset 12 Pro+ purchased by me from Vijay Sales a year ago. Purple spots were appearing on the sc...
Realme 12 Pro+ review,"hi all, seems that it shots in RAW only with primary camera an only at 1x, so non RAW in telephoto 3x or with primary at 2x?  
Does someone knows if it was ""solved"" with an update or if it's possible with GCam?  
Thanx for answering."
Realme 12 Pro+ review,"Yes, the resolution is 3 times as high, but the sensor crop of 3 times   also only has 0.31μm² in surface area per pixel, while the 12pro+ has 0.49μm² per Pixel.  
 
You can also bin to 16MP and you have close to 1.96μm2 of surface per Pixel,  
 ..."
Samsung Galaxy S24 Ultra review,"Best to go for S24 Ultra because it is an actual Ultra device.  
S25 Ultra isn't much ultra no more just the name.  
Saw some of your money go for S24 Ultra!"
Samsung Galaxy S24 Ultra review,i have been using Samsung A52 for 4 years. now i want to upgrade to an Ultra device. i have 2 options. S24 ultra(1 TB 12GB ram) which costs 1200$ and S25 ultra(512 GB 12Gb ram) which costs 1300$. The prices are like this because in my country we have...
Samsung Galaxy S24 Ultra review,On Amazon for example there are even fake ones too!
Xiaomi Redmi Note 13 5G review,"This phone is a scam, when you buy this you will either get android 13 or 14 and either way you won't upgrade past 15. ""2 major updates"" and i got only 1"
Xiaomi Redmi Note 13 5G review,"I also have the same one for a week now and it was such an amazing upgrade from my previous low end. Though, i'm having problems with heating while charging, gaming (even gaming for short periods of time), and even in everyday use, the phone jus..."
Xiaomi Redmi Note 13 5G review,"I've had multiple iPhones, Samsung Galaxies, Huawei, HTC, OnePlus Nord and 7T Pro and other smartphones in the last 5 years, including a brand new iPhone 13 Pro when it was their latest model, so I am comparing this phone to those. 
 
As a sub..."
OnePlus 12R review,How to set hand write Chinese and writing English for sending msg?
OnePlus 12R review,My camera is not working crash camera so please help me 🙏
OnePlus 12R review,"Bought this 12R phone since May 2024 and i had P30 Pro Huawei earlier. 
 
All i can say is this phone is incredible, for only 700$ u get so much performance and battery is awesome. I usually hate the updates because it sometimes make the phone slow..."
Samsung Galaxy S24+ review,Would not recommend having it for years because the battery does slowly get worse over the course of like 2 years
Samsung Galaxy S24+ review,I have changed my opinion after green line problem in s20 plus and again in s20 plus after screen changed and again in s21 fe !
Samsung Galaxy S24+ review,"Why this phone is suddenly withdrawn from market? Any technical defect ? I have samsung s20 plus which has display problem, got it changed but again same problem after one year, and again s21 fe has same display problem of green line on screen! I m g..."
Samsung Galaxy S24 review,"Dear GSMARENA team,  
Did you got the chance to review the Samsung S24 with Snapdragon 8 Gen 3 chipset? Please share your detailed review if possible as always you are doing the best review. I have been fan since 15 years."
Samsung Galaxy S24 review,The s24 is the better option your not gonna get more with the s25 and also the s25 is pretty much the same phone and its like 200 bucks cheaper
Samsung Galaxy S24 review,S25
Xiaomi Redmi Note 13 Pro 5G review,"After updated HyperOS 3.0.4.0 WNRMIXM 
No USB connection available. I have two redmi note 13 pro 5G and both has the same problem 
Charging is O.K but No USB."
Xiaomi Redmi Note 13 Pro 5G review,"HyperOS 3 available in the  EU 
Version: 3.0.3.0 WNREUXM 
Size: 6.0 Gb"
Xiaomi Redmi Note 13 Pro 5G review,"There's something fishy going on in this review. In the standalone POCO X6 review it takes very good photos, especially when it comes to the 2x zoom. But here in the comparison shots it's suddenly bad? Like it's taken with a completely..."
Samsung Galaxy A15 4G review,My phone  is Galaxy A15 good
Samsung Galaxy A15 4G review,A15 /256 GB I have
Samsung Galaxy A15 4G review,"The phone is good in terms of gaming performance, but when I installed RDR1, I had many screen errors. It's best suited for playing games from the Play Store, not high-end games like RDR1 or Call of Duty."
Samsung Galaxy A25 review,I'm living in a country with poor connection and i don't have any problems calling or using the internet with this phone
Samsung Galaxy A25 review,the phone is life
Samsung Galaxy A25 review,The new A series sucks so bad. All except the A56. But even it is too pricey right now.
OnePlus 12 review,"I am using note 20 ultra and have a problem with green line vertically. I have changed screen one time but only after one and haft year this happened again. I want to buy a good one and this phone is under my consideration, can you tell me your exper..."
OnePlus 12 review,OnePlus12
OnePlus 12 review,yes its great still
Infinix Hot 40 Pro review,"Can anyone tell me what to do with my infinix hot 40 pro? 
Having serious memory space issue,  
Is showing memory too low can't install any app and can't receive any video,audio or pictures"
Infinix Hot 40 Pro review,"I don't have any issues to this phone what I can say is the performance is good for it's price but it overheats unless you have a phone cooler your performance will be smooth. The camera is okay, the quality is meh if your into photography ..."
Infinix Hot 40 Pro review,Can't customize around with the lock screens and themes are of no help either
Xiaomi Redmi Note 13 Pro 4G review,"Is ZTE/Nubia a current best-selling brand? 
 
Why is Xioami ripping them off rather than Apple and …Motorola—Was it? I'm a little lost here. ☹️ It's no secret Xiaomi is shameless about ripping off the sticking out design features of whome..."
Xiaomi Redmi Note 13 Pro 4G review,"Stereo Speakers 
Triple Real Cameras and not these fake lenses (Also 2x and 4x In Sensor zoom looking really good and with Open Camera you can record 2K videos) 
3.5mm 
SD-Card 
IR Blaster 
IP54 Protection against dust and water 
FM Radio 
Ama..."
Xiaomi Redmi Note 13 Pro 4G review,No
"Samsung Galaxy S24 Ultra, S24+ and S24 hands-on review","bro it has a 200mp camera, wdym 12mp?"
"Samsung Galaxy S24 Ultra, S24+ and S24 hands-on review","I like the flat front, as it is so much better when in use to view video and compose photographs as well as play games, and never have understood the curved screen/ narrow edge option at all. But hey Samsung, you are STILL only providing a 12MP ultra..."
"Samsung Galaxy S24 Ultra, S24+ and S24 hands-on review",Wrong place to complain bud. I suggest you call someone there and ask for help. This is GSM Arena. They are not going to help you with that.
Asus ROG Phone 8/8 Pro review,You can friend
Asus ROG Phone 8/8 Pro review,"Great review on the Pixel 9! I appreciated the detailed insights into its features and performance. For those interested in keeping their new Pixel 9 safe, check out our selection of Google Pixel 9 cases at Thinborne. Our cases offer excellent protec..."
Asus ROG Phone 8/8 Pro review,"holy moly thats 1100usd for the non cooler model with horrendous 50% sustained performance (which if you pay 400usd more and glue on a loud, atrocious fan to it, you get no throttling!!!!!) with only two years of os updates? what is asus smoking? im ..."
Poco M6 Pro review,"Bought it a month ago and it has been a blessing from god, good in every way possible for the price the only downgrade is no wireless charging"
Poco M6 Pro review,"In every way, it's a very good phone."
Poco M6 Pro review,"🔋Battery Life：Decent, 67 Watts Turbo Fast charging 
📸Camera Quality：Reasonable (64mp Main Cam has OIS), better with GCam, 8mp Ultrawide is average, 2mp Macro Cam is for showcase 
⚡Performance：Excellent for daily driver and multimedia consumption, d..."
Poco X6 Pro review,Everything too hot even while doing nothing
Poco X6 Pro review,"Poco x6 pro to worth mobile for money  
. 
Because that mobile is worm in small tasking. 
And high gaming to worm easily ."
Poco X6 Pro review,"Hi, I really liked your review. I’m creating content around X6 Pro for my tech store and would love to use 1–2 of your photos and videos, with permission. I can credit your page or mention you in the post. Let me know if that’s okay. Thanks"
Poco X6 review,"They are definitely stereo with wide separation. There is good bass if you adjust the graphic equaliser appropriately.  
For the price sound quality is very impressive."
Poco X6 review,Can you confirm that those dual speakers are indeed stereo and not just a pair of mono speakers?
Poco X6 review,"X6 has Hi Res audio wired and wireless, 3.5mm jack as well. 
From speakers the sound was richer than my moto g54 but not louder. You got enough sound. From the headphone jack you get bass boosted sound that you would definitely like. I have Realme w..."
Xiaomi Redmi Note 13 Pro+ hands-on review,That's an amazing phone for that price. About camera and battery - really guys? That's totally fine
Xiaomi Redmi Note 13 Pro+ hands-on review,"Battary backup is not worth, camera also not accuracy, clarity I don't recomment this phone because this phone have conception in hour full battery."
Xiaomi Redmi Note 13 Pro+ hands-on review,"I am also breaking between these two phones. I think that's Xiaomi is better in this case. Better equipment, stronger hardware, camera is doing a good job. IP68 instead of Samsung's IP67. And, of course - 12GB RAM/512GB storage memory."
Samsung Galaxy S23 long-term review,"My battery still 98% after 3 years heaven use.  who don’t pay attention to safe charging. Like I charge 5% to 100% while using it.  
Snappy.  I bit small screen but still use it many hours each day.  
Sturdy with victus and overall design. Dropped ..."
Samsung Galaxy S23 long-term review,"I recently started using a Samsung phone again after a gap of 11 years, but I’m extremely disappointed to see how the quality of service at your customer service centers has deteriorated over time. 
 
I submitted my Galaxy S23 two weeks back ..."
Samsung Galaxy S23 long-term review,Where is it?
Realme GT5 Pro review,Really bro!
Realme GT5 Pro review,Where?
Realme GT5 Pro review,Just install the google phone app
The best-sounding smartphones of 2023,They should be instalacji dac like it was in lg. We git hi res music but companys they dont do anything in that direction ans they should do.
The best-sounding smartphones of 2023,Wireless would depend on codec and headphones themselves
The best-sounding smartphones of 2023,This is comparing phones not earbuds. Check for earbud reviews.
Samsung Galaxy A05s review,Battery is peak for like half of the time then straight dookie. Also. REALLY BAD for recording only a ehh for photos overall id recommend this phone for a kid who's never had one before
Samsung Galaxy A05s review,Same lol
Samsung Galaxy A05s review,"This is common mine same but after time stops  
Try clear cache if it turns on or full software update"
RedMagic 9 Pro review,It’s a gaming phone what would you expect the best camera’s in the world?
RedMagic 9 Pro review,It’s a gaming phone what would you expect the best camera’s in the world?
RedMagic 9 Pro review,It’s a gaming phone what would you expect the best camera’s in the world?
vivo X100 Pro review,"mate,you have no idea what you're talking about!"
vivo X100 Pro review,"OxygenOS ? That is One+ OS. 😉 
Vivo China runs  OriginOS. Vivo Global runs FuntochOS."
vivo X100 Pro review,X 200 and after that X 300.
Huawei MatePad Pro 13.2 review,Hi I recently purchased a Honor 12.3 version and bought it in Chain. It has magic os and when in China google will not work. You can connect to wi-fi outside China and install all google stuff and it works fine. Google stuff will not work in China. A...
Huawei MatePad Pro 13.2 review,Changing to English is easy. Maybe you can have a try if possible😂
Huawei MatePad Pro 13.2 review,"It said, ""but if you use those apps via the GBox virtual machine, you will get 1080p HDR10 streaming"" 
 
Does anyone know how to install this GBox virtual machine? Is it the same with GBox in AppGallery (I've tried but streaming is s..."
nubia Z50S Pro review,"The display is bright, sharp and has excellent colors but the color banding is incredibly bad even for an AMOLED."
nubia Z50S Pro review,They need to stop selling their phones in eu because they don't get any software updates and patches security for their price between 550€ and 780€ don't buy this brand of phones
nubia Z50S Pro review,"Today November 1st I just got the latest update to MyOS 13.5.10 NX713J GB. Just some stability fixes and battery improvements. 
 
Nothing else. Seems like your usual ""stability"" update."
iQOO 12 review,Yes
iQOO 12 review,"Get iqoo 12, if you want good zoom cameras, and great battery life. The performance is top notch even in 2025, in daily usage no lags or stutter, even on high end games."
iQOO 12 review,Iq 12
Samsung Galaxy A54 long-term review,Worst piece I've read in some time. Seems viewed from an obviously skewed lense in an unprofessional way. You dealing with a midrange phone so treat it as such.
Samsung Galaxy A54 long-term review,"Im currently using the Samsung a54  
In gaming it has slight touch sampling rate issues  
Basically the screen may not respond to certain touches and swipes done 
Secondly the phone heats up easily  
Especially when gaming the heat intensifies. ..."
Samsung Galaxy A54 long-term review,"Please is there a way you know I could fix my redmi Note 12? 
Cause the unit I possess behaves off many a times and I got to know it's buggy"
Redmi Pad SE review,is this device good for video editing
Redmi Pad SE review,"samsung is TFT, Redmi is IPS. in this case Redmi is better"
Redmi Pad SE review,The regular Xiaomi Stylus Pen seems to be working on this tablet according to Youtube vids.
Oppo Find N3 review,Is it still relevant to buy it in 2026? Iam honor 200 pro user.
Oppo Find N3 review,How to rectify folded double screen when opened only show one half screen.
Oppo Find N3 review,"Just a quick, perhaps slightly dumb question, but since the ultrawide can do macro, does the software allow you to do macro selfies using the cover screen mode? If so, would you guys at GSMArena be willing to try macro selfies with foldables that sup..."
Honor Pad X9 review,I got one on contract and I'm absolutely in love with mine. My 2 kids got the Honor X7b cellphone
Honor Pad X9 review,Why did you make it so you have to knock to use certain features like knocking and holding once does the drawn on screen thing and then knock knock takes a screenshot and with to knuckles knock twice to start recording like why it's so stupid ou...
Honor Pad X9 review,"I got one from my aunt, it was great. The camera was good and it charges quickly. I had several before but I didn't have it as good as the Honor Pad X9. Highly recommended."
Poco C65/Redmi 13C 4G review,"User Issues, I've been using mine for 2 and a half years and its still perfectly smooth. I know its a budget phone yes but it meets my expectations and its really smooth on social media app use and also watching videos."
Poco C65/Redmi 13C 4G review,"Your phone is really bad!!! It keeps showing a message that your phone is corrupt every time I restart it,,, I'm very disappointed not even a month has ended since I bought it,,, please stop manufacturing high copy phones it's really boring..."
Poco C65/Redmi 13C 4G review,"Meh, keeps bugging on tiktok, But it's good for basic use"
Moto G54 (Power edition) review,Battery to much bad
Moto G54 (Power edition) review,Same here battery last upto 9 hours
Moto G54 (Power edition) review,"I've faced battery drain issue. 
In pakistani warreint out of box 20wt turbo charger, 
In this support 2 physical sims. Not esim"
Samsung Galaxy S23 FE review,Dissapointed i bought the exynos varient in 2024 ano now its 2026 i played a lot of games on this firstly it was good but now the camera is getting cheap day by day the battery is hell of a problem i have to charge it 2 times a my iphone se 2020 work...
Samsung Galaxy S23 FE review,"Absolutelt disaapointing product, much slower than my  6 year old iphone, Cant beleive samsung selling poor quality"
Samsung Galaxy S23 FE review,"After one year of being using this phone I have to say I hate the battery life. Imagine you're on vacation taking photos and videos, the battery won't make it half day without needing to be charged. 
 
Battery life is by far the most frus..."
Poco F5 / Redmi Note 12 Turbo long-term review,"Comparison to Galaxy 23U, the then real flagship, F5's antenna is so weak and indoor internet browsing experience is quite bad (the phone turning heat, battery drops). 
 
Gsmarena Review has tests on several basic settings of a phone (display,..."
Poco F5 / Redmi Note 12 Turbo long-term review,"""We're very happy to see that you can disable the white pill bar that shows up at the bottom of the screen when you turn gestures on, since we don't think it's anything other than a pointless eyesore, but if you turn it off, then ..."
Poco F5 / Redmi Note 12 Turbo long-term review,"My F5 is refusing to restart lately. I must make several attempts to reboot it. When I connect the charger and come back after an hour, the battery is still at 0. Sometimes the rebooting goes into endless loop. Anyone any thoughts?"
OnePlus Pad Go hands-on review,You could also get an M1 iPad Air.
OnePlus Pad Go hands-on review,Can we use sim or esim in this tablet
OnePlus Pad Go hands-on review,Yes
Realme GT5 240W review,Funny how these quality brands from the USA and Korea don't allow these practises and offer 7 or more years of support.
Realme GT5 240W review,"haha no, please educate yourself 
 
1. they use dual cell battery, thus, a single cell only accept 120 watt at most  
2. each cell only accept 120 watt when it's low, the speed taper down when it's almost full"
Realme GT5 240W review,No software supports since its only for china...
Samsung Galaxy S23 Ultra long-term review,"Yes, in telephoto 10x image become brighter or white"
Samsung Galaxy S23 Ultra long-term review,Incase you want to upgrade to a bigger one. I'm here to take the S23 ultra. I so want that. From Nigeria
Samsung Galaxy S23 Ultra long-term review,any issues with the 10X zoom after the one ui update?
Oppo Find N3 Flip review,"Hello. I have been using the Oppo Find N3 Flip phone as my primary phone since January 2024. For work and fun I also use my phone as a camera phone. I really like the photos I take with my phone. My display broke after a year and three months First, ..."
Oppo Find N3 Flip review,"OPPO Find N3’s “Premium Service” is a Complete Disaster – No Support for 2 Weeks! 
I am beyond frustrated and disappointed with OPPO’s so-called “premium service support” for the OPPO Find N3. The service has been nothing short of a nightmare—zero a..."
Oppo Find N3 Flip review,"I definitely hope the next Find N5 Flip ditches the circular camera island and goes back to a vertical camera layout like in the Find N2 Flip. I think Oppo are on to something with the outer screen design, especially when it has a near 16:9 aspect ra..."
Google Pixel 8 Pro review,I had the same issue with a ceramic screen protector. Just get one that does not interfer with the 🫆 sensor and you'll be good to go.
Google Pixel 8 Pro review,"S23U overall 
P8P for cameras and software"
Google Pixel 8 Pro review,They should make the front camera similar to that of iphones because in total darkness iphone can use the face id while no google pixel phone can't
Google Pixel 8 review,"you mean tapped, or duct taped?"
Google Pixel 8 review,Your phones taped
Google Pixel 8 review,"Pixel 8 is not a good phone for performance at all, even the camera is good not the best, in today's world basic performance is mandatory like there shouldn't be lag and glitch in basic performance but my experience with pixel 8 is very bad..."
OnePlus Open review,How the hell did Oneplus manage to fumble with the OP12 regarding camera quality? Open takes the best night mode pics I've seen on this site and I'm comparing it directly with a Pro 15 Max with the same scenes!
OnePlus Open review,Just came back to say that emulation on Android has hugely improved since I made my comment. Current version of Yuzu emulator runs most Switch games on a Oneplus 10T extremely good. The reason why a computer struggles is due to the computer's ar...
OnePlus Open review,"After looking at the photos of the telephoto camera and comparing it to all of the competitors, including from last year, it seems this is by far the best telephoto camera. 
Look especially at the night photo from the telephoto camera of the buildin..."
vivo V29 Pro review,E sim and NFC is not supportive which i felt personally dislike to buy or recommend to any one not worth buying.
vivo V29 Pro review,"I doubt many/most of the comments here are genuine. ""Screen breaks after one day""...? Unfortunate that this section has become mostly useless."
vivo V29 Pro review,Seriously. How
Google Pixel 8 & 8 Pro hands-on review,I like pixel phones but I don't like that they dont have UI .
Google Pixel 8 & 8 Pro hands-on review,"I'm definitely skipping this Pixel generation. Google really needs to work on ithe battery life and that Tensynos of a nightmare and stop trying to convince consumers with AI nonsense. We need better thermal, CPU and battery performance worthy o..."
Google Pixel 8 & 8 Pro hands-on review,Literally every online review states notable improvements in battery..
Xiaomi 13T review,It isnt?? Mine is used with 89% and perfoms like a champ + it heats a bit when gaming. Your using  it not correctly then
Xiaomi 13T review,Before hyper os update this was great phone.After hyper os update this phone is a disaster.
Xiaomi 13T review,Had my redmi note 10pro and still in good conditions until now but..... I used xiaomi 13t for 1y3m and had been problem with the phone keep starting own its on. March2025 the phone been keep restarting 3times in a month and now can't switch it o...
Xiaomi 13T Pro review,Change region at settings then update will pop up
Xiaomi 13T Pro review,"Check your updates! Be sure, to update also the latest Google Play Services via Google Play Store App. My 13T Pro runs HyperOS 2.0.204.0.VMLEUXM (EU)"
Xiaomi 13T Pro review,"My phone is Xiaomi 13T Pro and operating system UMLJPSB.1.0.7.0 It is and I have seen it on most phones is (UMLJPXM) And I haven't received a security update for 12 months and a system update for 17 months. If anyone has any information, please ..."
Apple iPhone 15 Pro review,15 pro max
Apple iPhone 15 Pro review,"Which iphone is better to buy between iphone 14 pro, iphone 15 pro and iphone 15 pro max"
Apple iPhone 15 Pro review,It’s Perfect from all the specs an features but the only issue is the battery it drains quick
Apple iPhone 15 Plus review,So nice phone
Apple iPhone 15 Plus review,"The guy who stole my iPhone 15 plus told the police "" they don't even have a 15plus"" which is why he wanted it. He was the mgr of Team Mobile. Now isn't that the shit!!"
Apple iPhone 15 Plus review,I call Apple my family. We became friends over the snow leopard Apple operating system. I wanted one so bad while everyone else had windows! ( I get it ). I never did get the snow leopard because I could not afford it but it was a beautiful dream. I ...
Apple iPhone 15 review,Is it legit
Apple iPhone 15 review,not true
Apple iPhone 15 review,I love you so much tm
Apple iPhone 15 Pro Max review,What was the price
Apple iPhone 15 Pro Max review,Most of these features have been fixed. Never export an iPhone to be like an android
Apple iPhone 15 Pro Max review,"This is my first iPhone, bought as a used device on December 9, 2025, with battery at 91% and 553 cycles. The phone has a solid build, great design and high quality screen, super performance! The iOS experience feels unique: secure, smoother, and use..."
Moto G84 review,Very great phone i use it
Moto G84 review,"I have Motorola Moto g84 5g, I didn't activate any admin app. But it's showing that 1 admin app is activated. When I check there active admin app, there not any app are activated?"
Moto G84 review,"I am having a bad experience using this phone. Immediately, after its warranty was over, the touchscreen stopped working.  
Theservice center charged Rs. 6700 to repair it. They repaired it without there being any warranty and within a month of spen..."
Tecno Phantom V Flip review,Good
Tecno Phantom V Flip review,"ok, so 45"
Tecno Phantom V Flip review,"Samsung has the worst foldable, I have the vfold from tecno for over a year now and it's a fantastic device despite dropping a couple of times. Better screens."
Motorola Edge 40 Neo review,"I am using motorola edge 40 neo for more than one year. I would say it is economic edge phone as compared to other Edge versions. Features are ok but sometime some hanging issues was there now its ok after software updates. Camera is decent. 
Built ..."
Motorola Edge 40 Neo review,"You didn't mention a single specific flaw. You wrote so much text, you just talk about how you were disappointed, what specifically were you disappointed in? 
I think you get paid to spit on products, I can't believe how bad it is. Look at..."
Motorola Edge 40 Neo review,"Eege 40 neo is a good phone. curved screen, 144 hz makes a decent feel.."
Fairphone 5 review,"I never had a phone as bad. I am sorry for the fair ( that's why I bought it), but it is my first and my last. 
I am really disappointed ☹️"
Fairphone 5 review,"The next phone NEEDS to do 3 things :  
 
1.) better screen bezels 
2.) larger battery or better battery life. They should look to put in a 6k-7k mah battery. 
3.) More RAM 
 
The chip could also use some work but these are  crucial changes. Ev..."
Fairphone 5 review,"So you haven't had a FP before as it seems, otherwise you'd know there wouldn't be an issu with that."
OnePlus 11 long-term review,"A week isn't enough time for the battery optimizer to work. If it still drains after a month or two, you might want to reset it. Transfer your files but your apps you might want to install manually."
OnePlus 11 long-term review,"""The only thing we didn't get was why Wi-Fi never wanted to stay off. We turned it off manually a few times, but it always turned itself back on again within a few minutes. Every. Single. Time."" 
Isn't it so that from Android 14 ..."
OnePlus 11 long-term review,"with op 11 I get more or less 5 hours over two days, I think in one day you get around 7-8 it depends on what you do but I've never used it so much.  All maxed out with the screen, 5G mixed with wifi."
OnePlus Nord CE3 hands-on review,it was best at camera improvement than remaine company mobiles
OnePlus Nord CE3 hands-on review,"Is there no brightness test like other phones, or did I miss it?"
OnePlus Nord CE3 hands-on review,I like your comment
Honor 90 review,"The new Magic OS 9 is making the Honor 90 developing a serious heat, especially when you are browsing  and it's drained the battery so fast"
Honor 90 review,y?
Honor 90 review,camera selfie for whatsapp so bad. no software built in to helping customer to happy snap with the beauty face software ..as long please make customer happy even that face ugly and not beauty face but please make customer heart happy while using hono...
Samsung Galaxy Tab S9 Ultra review,Bought one for 589$ so I can't complain
Samsung Galaxy Tab S9 Ultra review,Me too. Gott að greitt price!
Samsung Galaxy Tab S9 Ultra review,"That's literally a laptop computer you potato. 
 
People not buying the Tab S9 Ultra missed out on the best tablet of the decade. 
 
They justify this by saying the tablet has a notch. Let me tell you, I'm someone bothered by notches ea..."
Tecno Pova 5 Pro review,Need android 15 HiOS 15.. I think tecno pova 5 pro 5g deserve android 15 and Hios 15 thanks
Tecno Pova 5 Pro review,Wrost phone I have ever seen battery problem common but software problem also exist
Tecno Pova 5 Pro review,"My name is Xedrick,call me bob,if you want a good gaming experience while the battery drains fair put it to only 90hz good for gaming and battery"
Xiaomi Redmi 12 5G hands-on review,Don't drop em from the corners maybe idk 🤦
Xiaomi Redmi 12 5G hands-on review,why does any phone haves 5g primary
Xiaomi Redmi 12 5G hands-on review,That mobile
Infinix Zero 30 review,"I bought Zero 30 5g, with 256 gb storage, 12 gb ram expandable to 21 gb from storage (UFS3.1) its great in gaming, great in stereo speakers, great in battery life, fast charging, no ads (unless you download apps that comes with ads) or stability issu..."
Infinix Zero 30 review,Never ever buy this battery problem automatically on and off without reason even after company repairing same problem all money wasted big lose
Infinix Zero 30 review,"Useless phone. No updates old default app. 
New phone but still on Android 13. Never buy please"
Sony Xperia 5 V review,"Been use this little guy until now and has no issues at all, the battery life last more longer, photo & videography was insane and sound system so stunning, the bezel a bit thick? I don't care.."
Sony Xperia 5 V review,Thank you for you honest comment. It's an encouragement to get the phone.
Sony Xperia 5 V review,"As a zenfone 10 user, god damn the battery life is insane 
 
but also those benchmark scores... like how is this so far behind all other sd8 gen 2 phones? it's almost like they're using different chipsets😭"
Xiaomi 13 Pro long-term review,Funny you dont have the same concerns about google or apple
Xiaomi 13 Pro long-term review,That’s Untrue!!
Xiaomi 13 Pro long-term review,"If you like that your fingerprint is somewhere stored and all your possible privat data,be my guest.Does your state you live in have all this data!?"
vivo V29 review,Can use I using same fone n e-sim too need to register at Telco customer service to enable e-sim mode.
vivo V29 review,Can screenshot use volume button n aso double tab back fone need to set in setting in accessibility.
vivo V29 review,"I have the same phone.  
And you have to press the power button and the volume DOWN button to take a screenshot."
Xiaomi Mix Fold 3 review,Google Pay not works only when you have unlocked bootloader. When you back to stock rom or relock bootloader Google pay will be works.
Xiaomi Mix Fold 3 review,"Absolutely awesome mobile ...perfect value for money. Excellent customization options for lock and home screen.  
Video quality is amazing on open fold screen.  
Camera is an absolute tough competition to Samsung fold or One plus.  
I am in love w..."
Xiaomi Mix Fold 3 review,I have been using the fold 3 since September 2023. It is overall a great phone.i can use Google wallet as normal and add all my cards. The main issue is that it doesn't show the new notifications like WhatsApp or messenger. I don't know wha...
HTC U23 Pro review,"Now that it's 2025, this is a very easy phone to recommend for people who want a used phone under 220 euros with a lot of power for the price and a clean software skin. If you live in a country that isn't Germany but still depends on amazon..."
HTC U23 Pro review,"Seems to be aimed at old ex HTC owners, looking at the overall ""wrap"" of hardware/code. 
But then no Sense !!! 
HTC always were pricey, but you got build quality and a decent performance, one thing HTC didn't suffer from, was slow do..."
HTC U23 Pro review,It's been less than a full year since you commented and the price is already down to 330-340 euros.
Samsung Galaxy Watch6 Classic review,"A gshock is way durable,looks cool and can last longer than these so called smartwatches which are gadgets and now actual watches"
Samsung Galaxy Watch6 Classic review,"I understand that but in these higher end watches the battery would rarely go beyond 3 days  
U can see the same with the apple watch ultra 2 days battery life the same goes with the gw6 it also is able to provide just shy of 2 days battery life  
..."
Samsung Galaxy Watch6 Classic review,"I'm an owner of galaxy s23 ultra,  and was looking for Samsung watches especially the new one gw 6 classic. Unfortunately,  battery wise reviews not good. So I'm considering Huawei watch, amazfit or garmin."
Oppo Reno10 review,If your into gaming this phone is good I played brawl stars on it and got 120fps and in roblox it gets 60 - 90 fps it's pretty good it has 20x zoom and yea I used it for like 3 years. Not a single time it lagged for me
Oppo Reno10 review,This model doesn't have record calls in its system.
Oppo Reno10 review,My camera is not good for capture
Samsung Galaxy Z Fold5 review,"I totally doubt it. I used to own a foldable phone, and it's the most unreliable phone I've ever owned. I switched to dual screen phone and never looked back."
Samsung Galaxy Z Fold5 review,Sorry I I've got to the stage I don't believe a word you write. Why? Because I've had all the folds from day one and never had an issue.
Samsung Galaxy Z Fold5 review,my samsung fold 4 (serial -R3CT8044PXA)has completely screwed up within 14 months.  Screen from the fold line is fully damaged with thick black line. Samsung care (ref 1190172595) fully sucks with out of warranty samsungSHIT. Also samsung care (exten...
Infinix GT 10 Pro review,"Version 14 only👎👎👎👎 
Nonsense!!!!"
Infinix GT 10 Pro review,"for people complaining about performance issue, just custom rom and root the device. im getting stable 120fps on pubg and arena breakout ✌🏻"
Infinix GT 10 Pro review,I used my Infinix GT10 Pro for NEARLY 3 YEARS and it hasn't been A unstable fps in free fire (MAX) Graphics Ultra Resolution High
Samsung Galaxy Z Flip5 review,"Have been using this phone for almost two years and I like it and hate it. Its light-weight and not heavy, has a 2nd small screen, and such a cool phone. But I have a lot of problems with it. First, the screen protector started to form air bubbles wh..."
Samsung Galaxy Z Flip5 review,"You need to take care of things. 
Mine still like new after more than a year."
Samsung Galaxy Z Flip5 review,"Don't buy the phone, mine in 1 year screen protector already has air under it and need to be changed...also the camera is a total disaster.  No good pictures..Go for the S25 or Apple."
Xiaomi Pad 6 review,"I agree, mine was rubbish from the start, it won't upgrade further than Android 13 and it's buggy, laggy and rubbish. I regretted buying it from day one and if I could have sent it back I would have. I ended up buying the OnePlus Pad and it..."
Xiaomi Pad 6 review,Thank you bro I keep searching how to remove that
Xiaomi Pad 6 review,I've no idea why your unit is having such a problem. Are you sure you got an original one? Literally only you out of thousands upon thousands of Xiaomi users are having that problem.
RedMagic 8S Pro review,"It depends whether or not you're used to playing PC games, since ROG ally is basically a handheld PC, you'll be playing games made for PC, and if you have a pretty good internet speed then that's good, but maybe consider other PC handh..."
RedMagic 8S Pro review,Why is there no case on my redamgic 8s pro ?
RedMagic 8S Pro review,"Well so if i want to buy a phone , i should buy rog 7 ultimate or rog ally . Not red magic 8spro ,well look i want a phone to use it for long time , and play some online games , camera are not important mush ,"
Motorola Razr 40 review,"Is 537 euro on Amazon De, not 399. Lot of your prices are unreal. Maybe good ideea to use AI to build trusted prices catalogue inside your website."
Motorola Razr 40 review,"I have the razr 40 with snapdragon 7 gen 1 and it is not bad at all, I play call of duty graphics at very high and the phone never lags and never drops its performance, it is good for gaming if"
Motorola Razr 40 review,"3years OS, 4years security, after that custom roms"
"Galaxy Z Fold5, Z Flip5, Watch6, Tab S9 hands-on review",what does the tablet include in the box
"Galaxy Z Fold5, Z Flip5, Watch6, Tab S9 hands-on review",Tab S9 Ultra is beautiful and very capable.
"Galaxy Z Fold5, Z Flip5, Watch6, Tab S9 hands-on review",Every phone has improvements. Even minor ones count.
Oppo Reno10 Pro review,Phone is very good bu in my country Tanzania city mbeya town i ndont see this  phone Oppo reno 10 pro+ 5G
Oppo Reno10 Pro review,a52s doesn't have a telephoto and is not a flagship
Oppo Reno10 Pro review,it's dolby atmos support
Huawei nova 11 Pro review,"Gbox now supports native Play store installs just like Aurora, which the previous user failed to mention.My banks have App Gallery versions because we Huawei users asked them to make one. And those that aren't on App Gallery are usable even with..."
Huawei nova 11 Pro review,Strange. My sideloaded banking apps work. Some even had App Gallery versions. Maybe it's an issue with your devs.
Huawei nova 11 Pro review,>imagine wanting gliomas
Nothing Phone (2) review,"yes. difficulty in pairing with car audio(bluetooth) .. it sometimes gets disconnected while driving.... Waited long time for an update,but in vain. sold off the phone after 3 months of use. Not going to buy Nothing phones again.Not worth the money."
Nothing Phone (2) review,"Used the Nothing Phone (2) for two weeks now; it's AMAZING. I have no issues with it, no lag in day-to-day usage, haven't experienced any glitches in the OS, Nothing customer service is great as well (at least in warranty inquiries). Defini..."
Nothing Phone (2) review,Source: trust me
Honor Magic V2 hands-on review,What are you taking about
Honor Magic V2 hands-on review,"No warranty covers ,water damage  or broken screens"
Honor Magic V2 hands-on review,"I bought my first cell phone in 1995, and have had a LOT of cell phones since then.  In 29 years, I have never had a phone damaged by water.  So I would not miss any type of water proof feature.  What I do miss is the capability to remove my battery ..."
Nothing Phone (2) hands-on review,does nothing phone 2 got magnetic ring at the back ?
Nothing Phone (2) hands-on review,U can use iqoo Neo 7 pro or honor 90 as it has best pwm flickering rate.If I would be there I would buy iqoo Neo 7 pro as it offers best features and processor and it's also cheap
Nothing Phone (2) hands-on review,My favourite mobile cell I love it
Samsung Galaxy Z Fold4 long-term review,"I had purchased Z fold 4 four year before after 2 years it stopped working after software updates and have to send in for repairs, it just happened again after software update it is malfunctioning and not working, I took it to service center and they..."
Samsung Galaxy Z Fold4 long-term review,The inner screen foldable technology isn't mature. Many have had their inner screen fail just after the warranty including myself as described here https://youtu.be/jI0NkxL5Ovo
Samsung Galaxy Z Fold4 long-term review,"I own Fold4 for about a year and... it's great and terrible. 
 
I absolutely love and hate the form factor. Dual-screen design is absurdly fantastic. Can't say how much I love Fold for it's inner screen. But the device is also heavy,..."
Honor 90 hands-on review,Only has 2 years of Android update and 3 years of security updates??? even samsung supports 4 years and 5 years respectively.
Honor 90 hands-on review,PWM dimming and floating display is sufficient to buy this beauty
Honor 90 hands-on review,Reminds me of the vivo v27 but slightly better
OnePlus Nord 3 review,I am using the phone but afraid to take oneplus because of green line don't know why day by day trust in oneplus is losing.
OnePlus Nord 3 review,"OnePlus, don't be shy. Just use the Dimensity 8200 instead, and improve the camera setup.  
 
Xiaomi 13T is still better than this specs-wise, and it's still cheaper. Formerly the 13T, now the 13T Pro is still a ""flagship killer&quot..."
OnePlus Nord 3 review,Did they add EIS for 4k video recording yet or is it still lacking that important feature?
Xiaomi Redmi 12 review,"I have redmi 12, octacore helio  g88, but it's not good for gaming, and also laggiong, can't handle multiple apps at the same time. when editing in capcut the device crashes. playing call of duty, MLBB, or Pubg can't handle by the devi..."
Xiaomi Redmi 12 review,"I have a Redmi 12. Wanted to check another review for fun. This phone has nfc, a somewhat working camera (slow and soapy though) and is super laggy. If you need a phone that you don't actively use (studies, videography) it is a good option for t..."
Xiaomi Redmi 12 review,Xiaomi Redmi 12 shape vise beautiful and bettery time full bkws
Asus Zenfone 10 review,"they added it as a normal android setting, so yes it has bypass charging, no it's not in game genie"
Asus Zenfone 10 review,"In my country, Spain, its version records callings!!! A feature I missed from my Redmi Prime 4 years ago."
Asus Zenfone 10 review,Maybe Xperia 1 VI
vivo X Fold2 review,"Yes, but it scratches easy"
vivo X Fold2 review,HONOR MAGIC V2 is a better option with all its aspects
vivo X Fold2 review,I have and love this phone. :-o It's truth.
Realme 11 Pro review,Get hot easily if playing games or video call using mobile data. CPU burned after 1 year plus.
Realme 11 Pro review,Exactly.
Realme 11 Pro review,"Very pleased about this phone, has everything on a good price."
Tecno Camon 20 Premier review,"Same here. Despite being an AMOLED display, the colors on the Camon 20 are annoyingly dull. Any remedy for this??"
Tecno Camon 20 Premier review,Camon 20 premier is water proof??
Tecno Camon 20 Premier review,Am using a tecno camon 20 premier and my camera is very bad but the version is the latest one but I don't know what else to do
OnePlus Nord N30 5G review,"Bottom line is, I like the phone for my every day use. And that's all that matters."
OnePlus Nord N30 5G review,"The camera quality stated in the review here is better than I have on my own Nord N30. Macro photos are heavily tinged green, and low-light photos are a no-go. Maybe the QC on this model isn't great."
OnePlus Nord N30 5G review,It's not a Star of David... It's representative of a toothed gear wheel... SMH...
Galaxy Z Flip4 vs. Find N2 Flip: Our long-term Flip review,"Super disappointed in Samsung Flip. Screen broke at the fold junction, and needs repair.  
Turns out an overwhelming number of users have the same issue. This is just a cool looking hardware with no durability"
Galaxy Z Flip4 vs. Find N2 Flip: Our long-term Flip review,I’d prefer the Samsung. That’s just me. I like how it’s more discreet design.
Galaxy Z Flip4 vs. Find N2 Flip: Our long-term Flip review,"Exactly. This is why i take phone reviews with a grain of salt. 
Same with all Xperias except the 10s you can use your main cameras for selfies. 
That's why Xperias with dedicated camera button trumps all. 
So versatile. You can take pictures..."
Realme 11 Pro+ review,"I have a problem when using camera in hot day time (outdoor) and the screen is exposed to sun. 
The body will heat up so fast (mainly in upler area which camera located). 
Just less in 5 minutes the screen become dark and I can barely seen the pict..."
Realme 11 Pro+ review,"How its possible that I get 200mpx shot with resolution of 12240x16320 using street mode without any zoom, I was exploring camera for over a year and I still cannot figure out how it sometimes decides to take picture like that, and color reprodu tikn..."
Realme 11 Pro+ review,This is the best phone for photography beginners!
vivo X Flip review,Does this phone have infrared and have call recorder?
vivo X Flip review,"typical Vivo, 
not that good Single speaker"
vivo X Flip review,"""Please let us know if you spot a pattern of differences in night mode.."" 
Of course, in the 5th low light pic, across the street, on the board titled ""140 years of the capital"", where Jesus dude is there, plus the one next to it..."
Samsung Galaxy A24 4G review,It is check again
Samsung Galaxy A24 4G review,I thought this device is among the units that will get the one UI-7 update...?
Samsung Galaxy A24 4G review,Yes It does have
Motorola Razr 40 Ultra review,Bought this phone last year and just months later experienced problems namely the screen got it repaired only to have the screen fail again 2 months later contacted Motorola to request if I could have the phone replaced which wasn't that old ? o...
Motorola Razr 40 Ultra review,"Look... This is not everyone's cup of tea, its a bit above above average at best. But, this phone is durable, compact when you need it to be and flips open to excellent screen for content and entertainment when needed. It could have been a bit c..."
Motorola Razr 40 Ultra review,"It's a really great phone, but for some reason mine came with a thinner box which was meant to have the charging box and case"
Infinix Note 30 review,"One month, my mobile is going to stay battery warning in red for not being well-charged and flat too long after the battery was too low. After I bought in 2023 till 2026. How can I fix it or not?"
Infinix Note 30 review,Although it overheats it's actually pretty good for gaming
Infinix Note 30 review,good phone
Google Pixel 7a review,It's a very good phone and I play games on it too
Google Pixel 7a review,World worst mobile for games. Full shit if you want little bit of performance forgest it.
Google Pixel 7a review,"I always thought they should have retested the battery. The phone released with very poor battery, but it was fixed. Nearly all early review numbers are wrong, people still get confused when later battery comparisons show it similar to the 6a normall..."
Poco F5 Pro review,"Scale of 1 to 10 
 
CAMERA -7.5/10 
 
DISPLAY -8.5/10 
 
SPEAKER -7.5/10 
 
PERFORMANCE -7/10 
 
HPOS-7/10 
 
NETWORK (mobile data)-4/10 
                    (Wi-Fi)-3.5/10 
                    (Bluetooth)-9/10"
Poco F5 Pro review,Mi wireless 20w stand works great with this Poco stealth gaming phone 🤘
Poco F5 Pro review,"The color in the camera is different, red turns out to be orange and green becomes yellow. What could be the problem 🥲🥲🥲"
Motorola Edge 40 review,"im having a hard time deciding between this phone and edge 20 pro , they are same price at second hand market"
Motorola Edge 40 review,Has it got android 14 in Europe by now?
Motorola Edge 40 review,"This one or the edge 50 pro?  
Greetings from Sofia ;)"
Sony Xperia 10 V review,My phone Sony Xperia 10 V model ZIF0TG3 some one stolen from me and I was signed in my Gmail in this stolen phone. now how I can find IMEI number of my phone?
Sony Xperia 10 V review,Battery in this phone is insane. I can drive almost all day on GPS without charger :)
Sony Xperia 10 V review,Not at all
Poco F5/Redmi Note 12 Turbo review,hos2 official released and its smooth but the launcher is functionally downgrade in terms of design decisions. Phone is good as new still fast and good as newer midranges. while being 2 years old
Poco F5/Redmi Note 12 Turbo review,Excellent phone good performance
Poco F5/Redmi Note 12 Turbo review,Phone died 2 weeks after I got it due to motherboard issues and the same thing happened exactly 1 year and 1 month later.
Sony Xperia 1 V review,but that would mean it's not true  for me  and I hate the fact that the nuggets is less delectable
Sony Xperia 1 V review,Got Sony Xperia 1v few months ago I was lucky to have it in just £100 on market place a lady sold it due to have a slight bend issue. The phone is itself a beast infact every single thing I love specially the audio. A real time spatial sound give me ...
Sony Xperia 1 V review,"High density display, 3.5mm jack, dual stereo - very hard to find in new phones. Powerfull chipset and all other more common stuff in flagships for 1k+. Of course camera with true optical zoom is whole other unicorn."
Huawei P60 Pro review,With time they are eliminating some specs and possibilities in Huawei Apps... Like changing display bit rate and so on... Some photos are getting bluish since last updates.
Huawei P60 Pro review,"I use microg and aurora store, no issues"
Huawei P60 Pro review,"Huawei P60 Pro price in India was expected to be Rs. 84,190. This is 8 GB RAM / 256 GB internal storage base variant of Huawei P60 Pro which was expected to available in Black, Green, Rococo Pearl, Violet colour.The 6.67-inch Quad-Curve LTPO screen g..."
Google Pixel 7a hands-on review,One plus 11R's camera and performance is not like a flagship or even a midrange
Google Pixel 7a hands-on review,Terrible camera perfomance. The camera-tuning guy should've been fired after the pixel 3 release
Google Pixel 7a hands-on review,Hi GSMArena. Can your team do the battery life test for Google Pixel 7a? Thank You in advance.
Huawei Mate X3 review,"True Bro, the writer need to be more balance"
Huawei Mate X3 review,"How can the some of the cons be : 
The free fast charger in the box does support pd when they say nothing about the z fold 5 not having one at all. 
They don't like the nm card and yet they say nothing about the z fold 5 not having expendable ..."
Huawei Mate X3 review,Yes.
OnePlus Pad review,"In EU no charger is in the box. While this tablet is an OK thing, it is not acceptable that there is no proprietary charger in a box. Any other PD charger only charges this tablet at 13W rate, which is ridiculous speed for tablets. 
The red cable is..."
OnePlus Pad review,"No microSD slot is a killer for me,  without it it destroys it as a media tablet"
OnePlus Pad review,no headphone 3.5mm jack?
Xiaomi 13 Ultra review,Mi 13 ultra good but s23 ultra is way better I like both but NY looking at spc s23 ultra better
Xiaomi 13 Ultra review,Go custom dude.. So. Easy
Xiaomi 13 Ultra review,"The 50Mp option for the still pictures is, as seen here, very good. I am hoping you post corrected samples from the RAW file options, and information about the Raw files qualities themselves as there are phones that in software edits appear devoid of..."
Blackview BV9200 review,"yes my ulefone 21 has great speaker but reviewers say bad sound and better buy bluetooth speaker like also tv, but my tv has 4 speakers and sound good too without external speaker, but maybe they listened too much n loud justin bieber"
Blackview BV9200 review,had it for a few months. for the price simply nothing compares. ive not had 1 new  sub 400 dollar phone that works as well as this. then there  is the rugged and waterproof features. both work as advertised.  The camera is probably on a par with my o...
Blackview BV9200 review,Did u use sound boost
Tecno Spark 10 Pro review,"I am using last 3 month, but screen will be freez different time while using and finger print option is not working"
Tecno Spark 10 Pro review,You make a wrong decision to buy it.
Tecno Spark 10 Pro review,The screen freeze up after 7 months of usage and it's one one the slowers phone in the market.  One of those useless stuff that stressed you up.  NEVER get a Tecno phone.  It's just crappy after using for a long time.
Realme C55 review,Latest version is not allowing my phone to use Tash Cell sim
Realme C55 review,Your comment doesn't make sense
Realme C55 review,Realme looks good but the battery you😭 and this software looks horrible
vivo V27 review,"I have this, Vivo family has very bad BT transmission during calls, Changed 5 earbuds upto now but heavy disturbance during calls and need to refresh BT to get voice again, 3rd Vivo seen same issue with multiple good branded earbuds, otherwise everyt..."
vivo V27 review,Best camera phone gyro EIS. Also gaming phone can run PUBG in Ultra graphics settings so soft gameplay.
vivo V27 review,"I normally am not a fussy person but this phone was the worse purchase. Been using this phone for almost a year now and here are the issues faced: 
 
1. Auto-correct: despite turning off the auto-correct mode, it still corrects my words. To make th..."
Asus ROG Phone 7 review,"My ROG 7 used for 1 year 1 month. The battery drain so fast after the latest software update. I play for (Mobile Legend Bang Bang) and (Honour of King) my phone only last for 3 hour 15 minutes  to  3 hour 30 minutes ,the battery battery drop to 1 % ...."
Asus ROG Phone 7 review,"My Asus ROG 7 battery playing 15 minutes of MLBB drop 10-15%. As a Asus user, I am really disappointed...... Will never buy ROG phone again .... My latest update 35.0604.0820.68. 21/06/25  
 
For those who trying to buys this phone never ever updat..."
Asus ROG Phone 7 review,"The hidden features of Asus Rog phone 7 check it out. 
rog phone 7 the ultimate gaming smartphone1"
Oppo Find X6 Pro review,Yes available 16/512 oppo find X6 pro 5G
Oppo Find X6 Pro review,Find X6 Pro support 4K30fps on its front camera
Oppo Find X6 Pro review,"Could anyone check if these apps still dosn't work: 
...  Android Auto, Nearby Share, Google backup, and even the Google location history."
Asus ROG Phone 7 Ultimate review,Yes
Asus ROG Phone 7 Ultimate review,"my dream phone tbh, too bad its too expensive:( 
 
Performance: 9/10 - The Qualcomm Snapdragon 8 Gen 2 chipset, octa-core CPU, and high benchmark scores indicate excellent performance for demanding tasks and gaming. 
 
Camera: 8/10 - The triple-c..."
Asus ROG Phone 7 Ultimate review,"You ever used a phone with a 165hz screen? It is day and night difference compare to a 60hz iPhone screen, and do not doubt the performance of the high end snapdragon chipset nowadays, try before you make judgement"
Xiaomi Redmi Note 12 5G review,Worst phone ever made by anyone. No more xiaomi for me. money leeches and nothing more. These Xiaomi mfs wasted valuable resources for that piece of s...t phone.
Xiaomi Redmi Note 12 5G review,"Absolutely the worst phone I have ever had I will never buy another Xiaomi again. 
I purchased directly from them and the customer service is terrible they do not reply. 
Phone is to slow 
Constant problems. 
 
JUST AVOID"
Xiaomi Redmi Note 12 5G review,"Unbelievable slow with too many problems. 
Probably the worst phone that Xiaomi has released. 
I don't recommend it at all."
Samsung Galaxy A34 review,this is a very nice good device i deff recommend it
Samsung Galaxy A34 review,Hi can you help me with this phone I need Mather board Samsung a 34 5G
Samsung Galaxy A34 review,"When i replaced the screen the refresh rate also disappeared, as in mean it seems to be affected by the screen aslo"
Nothing phone (1) long-term review,"I’ve been using the Nothing Phone (1) for the past three months, and it’s truly a complete package. The design is unique and eye-catching, the Glyph interface is both cool and functional, and performance is smooth with a clean UI. The battery life, c..."
Nothing phone (1) long-term review,"Well, using this phone as my daily phone, and almost since launch.  
Positive:  
Simple 
Always received updates and still going. Now has android 15. 
Nothing company always hear you and respond your feedback. You have a dedicated form to do that..."
Nothing phone (1) long-term review,It's one of the worst smartphones I've ever had. There are a lot of bugs!
Motorola Edge 40 Pro review,"I just ordered mine, it cost me $190 American version, it has 5100mah battery but 8GB ram, does it really not last long enough!"
Motorola Edge 40 Pro review,"This phone is perfect. You are talking siht. Battery lasts over 12 hours, and I'm using it very heavy"
Motorola Edge 40 Pro review,"Thanks for the heads up, but the Battery life results here are big? Maybe it's something else you got on the phone that eats battery? Or maybe the Update nuked it. I'm getting really wary of any Android version updates, on most phones i see..."
OnePlus Nord CE 3 Lite hands-on review,where did you find this smartphone at that price ?
OnePlus Nord CE 3 Lite hands-on review,Just got it for 79€ on Black Friday week sale
OnePlus Nord CE 3 Lite hands-on review,I have used almost hand set which  comes in the market but It's the best handset I ever used
Xiaomi Redmi Note 12 4G review,lcd
Xiaomi Redmi Note 12 4G review,"I'm still using this phone, but I have no issues like that😊"
Xiaomi Redmi Note 12 4G review,lol I had this phone it's good when you treat it right not left
Xiaomi Redmi Note 12 Pro review,"I agree about the Ultra Wide camera, I think I like it more than the main."
Xiaomi Redmi Note 12 Pro review,Very good and powerful phone
Xiaomi Redmi Note 12 Pro review,"Absolutely loving the redmi note 12 pro . the display is super vibrant , the camera performence best and the fast charging. easily one of the best phone in its price ranger."
Samsung Galaxy A54 review,"The Worst phone ever!!!!!!! Never again samsung!!! Terrible battery, crashes on stupid things, system crashes for no reason... I couldn't afford anything worse than this..."
Samsung Galaxy A54 review,"Samsung a54 is really best water proof mobile  
I check that mobile under 10 meter in water after mobile is working normally."
Samsung Galaxy A54 review,"I use this phone near 2 years! Phone heats up a lot during summer days, battery was awfully bad 5-6h SOT! In tearms of stability and fluidity it got much better  after one ui 8 update! No more lags in apps, everything run smooth! My advice to skip th..."
Xiaomi Redmi Note 12 Pro+ review,"Actually, I will say fast charging doesn't damage battery but I can only support phones which can be fully charged in 50 - 1hr. But I don't think this Redmi Note 12 pro+ can have battery issues although the charging is very crazy yet the ba..."
Xiaomi Redmi Note 12 Pro+ review,Is the phone worth it because im getting it soon
Xiaomi Redmi Note 12 Pro+ review,I really regret buying this phone. There a big defference between my last galaxy phine and this phone. I promise not to by any xiaomi phone from now on .
Tecno Phantom V Fold review,Yes bro worst phone
Tecno Phantom V Fold review,"Bought this phone around May 2nd week. Immediately appeared a DOT on primary display and after waiting for 15days display is changed and is given back  by Carl Care vijayawada. 
I found our back flap is open exposing all critical components, Volume ..."
Tecno Phantom V Fold review,Worst service centre...Worst customer service..Don't go for premium segment..0/100
200MP vs 1-inch - testing the best Android phones for photography,"It's not really a marketing trick.  
That's how it has been measured for over 70 years now. People used to use vacuum tubes specifically video camera tubes. The size is the size of the tube, not the max usable image within. Even though vac..."
200MP vs 1-inch - testing the best Android phones for photography,"Im using Vivo for the past 5 years as always buying in Vivo Mobile online 
. Always giving my rating 4.5/5"
200MP vs 1-inch - testing the best Android phones for photography,"Please note that 1 inch sensor has diagonal of only 0.65"" due to a marketing trick. 1"" refers to a tube width and sensor inside is smaller. Thus 1/1.3"" sensor has diagonal around 0.5""."
Motorola Moto G53 review,I love for instance (being non biased towards Motorola) the number of flagship devices that are using 120hz screens while Motorola likes the 165hz and 144hz. Get the processor specs for instance of the edge 30 ultra/fusion it's like you've ...
Motorola Moto G53 review,Better believe it
Motorola Moto G53 review,"Wrong. Somewhat confusingly, the SD480(+) performs better than the SD680."
Honor Magic5 Pro review,"Battery drainage is very fast, no matter how much i've optimise the battery. 100% 4 hrs drop to 60-67% without any games.  No idea if there is a background activity draining the battery without monitoring."
Honor Magic5 Pro review,2D is not TOF. It's simple recognition. 2D needs to flash your face with light to recognize you. 3D Tof don't need that.
Honor Magic5 Pro review,The 3.5 zoom is incredible but at 10x it is weak.
Realme GT3 review,"Unfortunately, only 3 bands on GT3 works on USA T-Mobile. 
According their website support: 
5G (Ultra Capacity 5G): n41, n71, n258, n260, n261 
4G: 2, 4, 5, 12, 66, 71 
2G: 2 (1900) 
 
Baseband from Realme GT Neo5 (it seems like same on GT3) ..."
Realme GT3 review,"Got realme gt3 for 2 weeks, trawelling alot around airports, staying at airport sure longer than actual fly time. So consuming time on phone waste battery alot. So, realme gt3 stay w/me, and  before loading 3-4 min enough to recharge in full and keep..."
Realme GT3 review,Best get an envelope and stamp 😉
Motorola ThinkPhone review,"Thinkphone is the best android phone i ever had, awesome rear side, sturdy and rugged, quick, very safe, has everything i need, really unbelievable!"
Motorola ThinkPhone review,i completely agree 100 percent the chinese version of f5 pro(redmi k60) is on giztop now for 300 dollars. Which to me is a better buy than the thinkphone because of qhd display. 300 usd for the redmi k60 is insane. It sucks how the international vers...
Motorola ThinkPhone review,"This phone has been on sale for under $400 for about 5 months now, soon to be 6. This phone is hands down the best phone on the market for the price, in the USA.  The Xiaomi  Poco F5 Pro is a close second and the Poco F5 third. I really think the rev..."
Honor Magic Vs review,"1,120hz 
2,IP rating must ip68 
3, battery charge at least 60% n above  
4,camera 50mp n above 
5,wiles charge  
All this must have at high end phone level"
Honor Magic Vs review,"The battery life is only decent, I got 2 days out of it yesterday with full on use so that kicks the s23's arse, if you are going to write a review with complete put downs don't be anonymous, have some balls"
Honor Magic Vs review,For me the Xiaomi Mix Fold 2 is the best foldable.The battery life is great and it's really thin/light for an foldable. The front screen is wide and flat and no camera holl in the nice large inner screen. I unlocked the bootloader easy and root ...
OnePlus 11R hands-on review,No
OnePlus 11R hands-on review,Any Green Line issue? In this phone
OnePlus 11R hands-on review,GSMArena says Worthless macro 🤣
vivo V27 Pro review,"What is display protection in this... 
Is it Gorilla glass? 
Any review on display durability?"
vivo V27 Pro review,idk
vivo V27 Pro review,"Its not about the loudness, its about the staging and spatial capabilities"
Realme GT3 hands-on review,"That's what I'm doing, skipping over this one and wait for 8 Gen 2 Realme GT instead."
Realme GT3 hands-on review,"My 80W GT Neo 3 already fast on charging. cant imagine with this 240W. but will wait for snap-gen2, i'll skip this one."
Realme GT3 hands-on review,"No mention of the GT2 Pro, which has a better processor than the GT and a quad HD display, this should be the comparison model."
Xiaomi 13 Lite review,"Ew... The curved edges look awful, cheap and outdated"
Xiaomi 13 Lite review,"there are a couple pocos which are best for money(not sure which x5 pro f6 f5?), this i searched for because its a compact and high specced xiaomi"
Xiaomi 13 Lite review,is the poco  f5 a better pick over this?
Xiaomi 13 review,can you share with screen time screen shot
Xiaomi 13 review,"I'm using the Xiaomi 13  
Great Camera 
Very Strong Battery 
Smooth UI HyperOS 2.104 
Awesome Display 
 
Gaming Aspect 
Excellent With 120Hz refresh rate  
For Emulators like Winlator & Yuzu 
60/45fps, very high demanding games 35/2..."
Xiaomi 13 review,"Nope, this is a flagship, the 13t and 13t pro are not flagships, although they are near."
Xiaomi 13 Pro review,"It looks like you have bought redmi 13 pro 😂😂. Xiaomi flagship series have wireless charging since Xiaomi 10,11"
Xiaomi 13 Pro review,"Hello, it does support wireless charging. I bought one and it did charge wirelessly"
Xiaomi 13 Pro review,The review says that this phone supports wireless charging but according to Mi.com it doesn't!  I've just bought the phone and a wireless charging stand so if it definitely doesn't I need to return the stand for a refund but that means...
Samsung Galaxy A14 5G review,yes
Samsung Galaxy A14 5G review,A14 is good phone
Samsung Galaxy A14 5G review,You just don't have good internet I has this phone for 2 years and it is awesome it is still working good
Xiaomi 12T Pro long-term review,"Same , I also have the 12 T pro and I face the same problems as you ! The camera kinda got blurry but the image processing gets rid of that , but still it wasn't blurry when I bought it!"
Xiaomi 12T Pro long-term review,I have mi 12t pro and 120w original charger but it's not working superfast charging what can I do please help me
Xiaomi 12T Pro long-term review,"Absolutely joke, it is my second years using Xiaomi 12at pro. 
First camera not doing well it doesn't like before  
Also the battery needs more than 2 times charging a day, 
The last one hate that it is up coming issue about volume it is work..."
Honor Magic5 Lite/Honor x9a review,And never to magic os 8 android 14
Honor Magic5 Lite/Honor x9a review,He was right.
Honor Magic5 Lite/Honor x9a review,Honor
vivo X90 Pro review,Vivo v100 comes with 100 Watt charger with 10000 mah battery 😂😂
vivo X90 Pro review,"you mean other than charging batshit insane prices and always performing worse than the competition despite having the same, or better hardware. 
sony is overpriced and not that good, just deal with it."
vivo X90 Pro review,"You know, I can buy vivo x90 pro from AliExpress twice or trice cheaper than Xperia 1 V. Sony is great and I really want to have one, but the ratio of price and performance are on the vivo's side."
Oppo Find N2 Flip review,"Please translate to correct English,using punctuation helps.Im not being nasty mate, it seriously did my head in trying to read this,and I'm a native English speaker."
Oppo Find N2 Flip review,It's scam spending Rs.89990 and as par advertising flagship phone but doesn't feel flagship  phone youtuber bullshit promotion of the  product demo they are not used physically and consumer here lost the money before buy think your hard mon...
Oppo Find N2 Flip review,"Got it for one week now.  
 
Flipology !!! 
 
Plaisant phone, great screen, fine battery except for charge.  
 
Use only 44w charger and upper.  
Oppo 33w and below chargers don't charge it well."
Samsung Galaxy S23 Ultra review,"I currently have a Samsung Galaxy Note 10+ and I think it’s finally time to change it. The battery life became pretty bad, charging feels slow now even with fast charging, it now takes it 4 hours to completly charge. 
 
Right now I’m hesitating bet..."
Samsung Galaxy S23 Ultra review,"Got the permanent pick line top to bottom just after 2 years. I am very upset 😡  
Samsung S23 ultra. Totally rubbish now."
Samsung Galaxy S23 Ultra review,Is it dual sim card or single?
Samsung Galaxy S23+ review,S23+
Samsung Galaxy S23+ review,"Charger included in the box isn't gone everywhere, in Brazil all Samsung phones comes with charger in the box, S series comes with 25W brick included."
Samsung Galaxy S23+ review,"What dolby vision and 10 bit color really makes? 
Copl that, it's one of the most compact phone with this size of screen 😃"
Samsung Galaxy S23 review,5g network is not working in india
Samsung Galaxy S23 review,"... Ok, I get 3-4 hours on my current phone, truly baffling how ungrateful some are"
Samsung Galaxy S23 review,You cant switch between lenses only while recording in 8K. 4k with 60FPS its possible
OnePlus 11 review,"Worst experience on a oneplus 11. Shifting to iPhone or Samsung. No backup support outside India even though the phone was bought from Dubai which is a made in India -there is no support they will offer in India. 
Overall OnePlus lost one loyal cust..."
OnePlus 11 review,I have one plus 11 5G mobile this is very bad experience because they have many problem in LED green white yellow line coming after software update no have solutions you can buy this mobile you are Los your money
OnePlus 11 review,"Which part are you considering con? Brightness, Stuttering, curved display or something else? Please share. 
How is lowlight performance?"
Poco X5 Pro review,audio low
Poco X5 Pro review,Just shoot with regular photo mode
Poco X5 Pro review,"'And speaking of detail, if you really need flagship-grade one, you can achieve it by resizing the 108MP photos down to 12MP. The images are a bit noisy, but much more detailed.' 
 
How to do this?"
Poco X5 review,"Yes, but it's a gambling. 
X3 pro have a sandwich ram and SoC, the ram is in between the SoC and motherboard, if you lucky enough it won't dead, but if you aren't lucky enough, you need to re-ball the ram and SoC cause of overheating ..."
Poco X5 review,"Today only realised that it has only Wi-Fi 5, max speed is 433mbps. Wasted for my internet packages of 1Gbps."
Poco X5 review,yes you can play casual games
"Samsung Galaxy S23 Ultra, S23+, and S23 hands-on review","I bought a Samsung S23+ 2 weeks ago.  This is the third time I found the phone turned off.  Does anyone else have this problem? From what I've heard, what I experienced also happens."
"Samsung Galaxy S23 Ultra, S23+, and S23 hands-on review","Bro got a Fake phone💀  
Hey but seriously. Try checking the ""Ratio"" thingy on top of ur screen (In camera). 
IF IT DOESNT SHOW ""200MP [3:4]"" then congrats. You got a fake phone."
"Samsung Galaxy S23 Ultra, S23+, and S23 hands-on review","The most marked difference is between the 12MP and the 50MP. The 12MP gives you much better lighting, and different color tones (hopefully better ones) than the 50 or 200MP, since it's combining 16 pixels into one.  
 
But if you start ""p..."
RedMagic 8 Pro review,"Yeah, they are extremely slow on updates.   They seem to be shifting from their 1 os version per release model.   They initially didn't plan on releasing anything past Android 11 on the rm7, but they ended up releasing Android 12 update and just..."
RedMagic 8 Pro review,How the hell do you use the zoom feature in fps games??  Been trying to use it in codm and can't seem to figure it out.   It says it's compatible with codm
RedMagic 8 Pro review,Your message is not available
Asus Zenfone 9 long-term review,Got the phone since it came out. Its a solid phone. Overheated alot here in aussie summer weather. The frame has a lot of scrathces and dings. Battery is still mint. Screen got damaged from extreme heat (part of screen got whiter/faded like image bur...
Asus Zenfone 9 long-term review,"I've had my zenfone 9 for 8 months now. My first OhNo surprise was that the sdcard slot was gone, it used to have one in the reviews I read before I bought it, and I would never had bought it if I knew. Another issue is the camera. Well as it do..."
Asus Zenfone 9 long-term review,"Hey, I'm on the same boat as you. I wanted to get the Zenfone 9 but it never came to India and I'm not really hopeful about the 10 either. Where did you manage to get the Xperia? I'm looking to get one new from Amazon UK. Found a selle..."
Lenovo Tab P11 Pro Gen 2 hands-on review,Is this a laptop or a tab
Lenovo Tab P11 Pro Gen 2 hands-on review,I had it for a year then suddenly it died and it isn't reparable....Such a waste of money for a good spec tablet.....Also i forgot to say that i didn't play games or do demanding tasks...but i believe it died from overheating.....
Lenovo Tab P11 Pro Gen 2 hands-on review,"Hi! 
 
I've bought this tablet recently, and I see this problem: 
""The easier to fix issue is with HDR. While the display has good performance while viewing Dolby Vision and the relatively scarce HDR10+ content, HDR10 was broken during o..."
Motorola Moto G72 review,"Despite the fact it ""allows"" you to turn auto updates off, it will still forcibly update and boot you out of whatever you were doing. Turning off updates upon restart in developer options does not solve the issue. 
Furthermore, at one poin..."
Motorola Moto G72 review,"This phone has a serious problem with the microphone. It's almost impossible to record decent sound, it constantly fades out and you have to shout. Forget about recording video with decent sound!"
Motorola Moto G72 review,I'm facing green line issue in moto g72 within 1 year..
Oppo Find N2 review,we are now in 2025 and am thinking about having this foldable phone only for only one reason; 'the compact size' which is impassible to find foldable/compact size nowadays..!
Oppo Find N2 review,It's it 5g though?
Oppo Find N2 review,Yes
Samsung Galaxy A23 5G review,Bro this is a23 5g page not a23 4g they are different phones with different cpu..im not saying this is a perfect phone but it is better than a23 4g
Samsung Galaxy A23 5G review,"Nowadays it seems that any budget samsung phone is doomed to lag like hell because of the bad One UI optimization. The A23 camera is okayish, you can make pretty decent photos with it, on some occasions even at night. Phone sometimes gets a bit too w..."
Samsung Galaxy A23 5G review,"""The 4GB RAM version just don't seem to cut it performance-wise. And while it's tolerable for a review week, it's a nerve-wrecking oddity you'd be dealing with for at least a year or two."" 
 
Gsmarena sugesting using a..."
Poco F4 long-term review,X6
Poco F4 long-term review,Should i buy this or go for x5 pro
Poco F4 long-term review,"i have poco f4  for 1 year  
it's very good choice for gamers and power user or people wants buy a phone for mor than 4 years"
Tecno Phantom X2 review,While typing how to remove keyboard vibration
Tecno Phantom X2 review,It's very nice I must buy it this month I mean the phone is fantastic
Tecno Phantom X2 review,Nice phone
Realme 10 Pro review,It sell 163$ 8/128 or IDR 2570rb  in indonesia. Since it IPS i gave it avarage.  Equal with iqoo z7x with same Snapdragon 695
Realme 10 Pro review,Yes right buying this phone is waste of money .... it's battery also discharged very soon.
Realme 10 Pro review,"How to downgrade/rollback all updates and go back to the factory version? 
 
My realme 10 Pro is updated to build: RMX3660_11_A.42 
 
Want to do this because updates make phones worse and companies make phones obsolete through updates so that peo..."
iQOO 11 review,"teraflops comparison is very wrong, the render and rasterization performance is the most important one. Example comparison the ps5 gpu to pc gpu, the pc gpu that match ps5 teraflops gpu even lose to the ps5 due to better rasterization, bandwith ,etc"
iQOO 11 review,"but i think its not for value for money, its over price and ip68 not available"
iQOO 11 review,Oh and it's QHD screen is 144hz vs 120hz on other mainstream phones. It's a beast of a chip!
Realme 10 Pro+ review,Does Realme 10 pro+ supports PD 3.0 charging? Please confirm because i saw this in GSM specs but it is not mentioned in Realme website.
Realme 10 Pro+ review,"I have tried using Iphone and so many android brands from HTC, LG, Asus, Oppo, Realme, Xiaomi, Samsung. Learned it's pro and cons..since 2012..and the only brand I'm considered won't ever purchase again is only Samsung... They are very..."
Realme 10 Pro+ review,Maybe you got a defective one. I've played genshin impact on this phone and the performance is good.
Tecno Phantom X2 Pro review,Where is finger print on phantom x2oro
Tecno Phantom X2 Pro review,"The Tecno Phantom X2 Pro was promised to get 3 years of software support, with two major Android updates. Launched with Android 12 in 2023, the phone is currently running HiOS 14.5 over Android 14. From now onwards for next 6 months we will receive s..."
Tecno Phantom X2 Pro review,better stick to my s10 5g
Moto G82 review,"Moto G82 was Very Good Phone, With Great Display, Great Battery Life, Great Speakers 
Charging Time 1.hr 20 Minutes, Lag Free & Ad Free User Interface,  
Not for Gaming, 
for Camera Use Gcam. 8.7 Edition. 
Thanks"
Moto G82 review,Yes the camera is atrocious. I expected atleast an average camera with this phone. I know that moto phones can't be trusted for camera. Even with gcam image quality is not good. other than that the phone is good.
Moto G82 review,"Great screen, great battery life, great charging speed. 
 
Awful, awful camera. And very basic camera software. 
 
I've gone back to my 5 year old Honor Play which has a better camera. I'm selling my G82 if anyone wants one."
Honor Magic Vs hands-on review,"""Vs"" is an English/French moniker. 
It's typically used in Brandy and Cognac, and meant to signify a quality product. As opposed to ""low-class"" drinks like whiskey, rum, etc. 
 
Btw, HTC did this back in 2012 with their On..."
Honor Magic Vs hands-on review,Just a rebadge of the old mate x 🤣🤣🤣 Honor used to be under Huawei before
Honor Magic Vs hands-on review,I don't think the V used here stands for 5.  I believe it represents a silhouette of the phone slightly opened like you see in the main pic.  They're copying Samsung.  They had to find their own letter.
Nokia X30 review,"Yes, Nokia X30 have 50MP mode in main camera instead of 12.5MP default mode and 16MP mode in front facing camera instead of 4MP default mode."
Nokia X30 review,Do you have 50MP mode enabled in the camera settings?
Nokia X30 review,"This phone is upgradable to Android 14. 
 
And, Snapdragon 695 phones actually do not fully support Wifi 6."
Samsung Galaxy S22 Ultra long-term review,Does Samsung galaxy note 22 ultra have the issue of bringing lines on the screen?
Samsung Galaxy S22 Ultra long-term review,Thought of swapping my S22 Ultra 5G to its competitors but I had a change of heart. Camera works perfectly fine both still photos and videos. Most of my friends wanted to use mine instead of their high end iPhones or flagship droids despite it being ...
Samsung Galaxy S22 Ultra long-term review,"As a person that got the S22 Ultra recently I can confidently say it's one of the worst phones I've ever used - just after the pathetic Fold4 and totally unusable A53. 
 
Slowdowns, hiccups, lags. You name it. They happen everywhere, ever..."
OnePlus Nord N300 review,My phone is brand new and it's hanging up on people. Dropping calls when you call people. I'm frustrated already. Do they make good phones any more. The battery last  all day. That's the best thing this phone got.
OnePlus Nord N300 review,This phone sucks I got it in November 2022 because my last phone was slowing down then I started having problems with this phone about around January the phone would just randomly power off and restart in the night time the drop calls and the process...
OnePlus Nord N300 review,The phone is a very  nice phone
Poco M5 review,I'm still using HyperOS and I have amazing battery life.
Poco M5 review,"I was also satisfied, but when I upgraded operating system to HyperOS, it couldn't stand more than half a day  
 
so just keep the original OS..."
Poco M5 review,Amazing Battery Life. Simply amazing.
Huawei MatePad Pro 11 (2022) review,This product is shit 0 stars I have 5 apps to try and download games and I still can't every time I try it doesn't work I tried everything how does an iPad made for games not be able to install them not to mention the YouTube who keeps malf...
Huawei MatePad Pro 11 (2022) review,What were you trying to say????
Huawei MatePad Pro 11 (2022) review,"I cant install autodesk, sketchup without GMS, still no apps for enginner in Huawei"
Poco F4 GT long-term review,Try to install Gcam
Poco F4 GT long-term review,"I can still buy a phone from 6 ago at a local Shoprite, South Africa"
Poco F4 GT long-term review,Facebook is not impartial and it shows.
Realme 10 review,"So idk how yall know when someone replies, but I just wanna say I'm not recommending this phone. Not bad, but there are better ones at this price. Only thing this phone got is nicer back cover then the others. System is stupid, how you do anythi..."
Realme 10 review,"I have bought the Realme 10 (8GB 256GB ROM). The charger I got from this device is Model: VCB3HDYH (3 Pin). However, I found other people who are using Realme 10 (8GB 128GB) ROM devices; they got the charger Model: VCB3GAIH (2 Pin). Can anyone verify..."
Realme 10 review,"Honestly, can someone just give a compliment about this phone. I mean yo' all be ""bla bla bla"" how this phone is not satisfying. ""The camera, the battery draining to fast,  the processor, the software is idk what'... If you d..."
Samsung Galaxy A04s review,I got it in Malaysia it has a 15 watt charger but USB type a to type c
Samsung Galaxy A04s review,"definetly there is, i use this phone for 2 years and it is terrible"
Samsung Galaxy A04s review,I want to see the phone location
Motorola Razr 2022 review,"I still find it hard to believe that this is currently the only foldable screen flip phone to have USB-C 3.1 with wired video output and Desktop Mode support. Samsung should be able to do the same thing with DeX on the upcoming Galaxy Z Flip5, especi..."
Motorola Razr 2022 review,"The iformation about charging speed is wrong  
I have motorola razr 2022 it full charge in 40 minute"
Motorola Razr 2022 review,"Yeh, agree"
Huawei Mate 50 Pro review,Dude  8 gb on huawei is like 16 gb on shaomi  its Qualcom cpu ✅️✅️✅️✅️✅️✅️✅️✅️
Huawei Mate 50 Pro review,Damn right !!!!   Was apple fanboy  after about 40 apple phones  switch to huawei  never go back   i said it all    as adult content barby doll lady in AAA+  production  say: ONCE YOU GO BLACK   YOU NEVER GO BACK 🤫
Huawei Mate 50 Pro review,hellooo! i was just wondering if my mate 50 pro will get harmonyos next
vivo V25/X80 Lite review,"I'm using a y21T for a week as a temporary phone as my Poco X3 NFC bit the dust. I'm getting realme GT master on monday but I've a few things about vivo I'd like to mention. 
 
Even though fun touch os is a bit bare bones on thi..."
vivo V25/X80 Lite review,i dont use google software because itself is spyware .
vivo V25/X80 Lite review,"now google tells us some apps on playstore have spyware and bad codes,looks like google is finally going spyware hunting,about time"
Google Pixel 7 review,Is the phone that bad
Google Pixel 7 review,What a review 😂
Google Pixel 7 review,Wait what pixel 7 receiving 7 years of OS updates?
Google Pixel 7 Pro review,Heating is really an issue
Google Pixel 7 Pro review,i have good exprese. good looking and smart .
Google Pixel 7 Pro review,Mine does
Oppo Pad Air review,Oppo is a strong brand
Oppo Pad Air review,"I am a fan of oppo since the first oppo came out ,so I'm carried away with anything oppo,I have waiting for oppo tab for long,when I saw this oppo air pad I was arranging to buy anytime from now.But I was discouraged with only one thing. Just on..."
Oppo Pad Air review,I was planning to buy this tablet but changed my mind after reading gsm's review.
Realme Pad X review,How connect with oneplus z2 wireless headphones?
Realme Pad X review,Snapdragon and 5G worth the price different
Realme Pad X review,"Single core score in ad 695 is better than sd 845, there is huge perfomance gape between cortex A78 and A75, 845 has better gpu."
Xiaomi Redmi Pad review,everyone
Xiaomi Redmi Pad review,This is a good tablet. I bought it with 64GB storage and 3GB ram. Slightly laggy sometimes but the colour is nice. Suggest to get the Redmi Pad Pro when on sale. Is really nice
Xiaomi Redmi Pad review,No
Honor Pad 8 review,Why no gyroscope on this iPad 8?
Honor Pad 8 review,Is there an audio socket in this gadget?
Honor Pad 8 review,Did this phone get the android 14 update?
Huawei nova 10 Pro review,"i dont think fast charging equals fast drain,my oneplus 11 has 100W but battery has been great to me"
Huawei nova 10 Pro review,"Thid new Nova 10 Pro have some battery issue. 
 
Fast Charging = Fast Drain"
Huawei nova 10 Pro review,"Camera is a step back. Nova 9 was noticeably better in low light. Nova 10 Pro is almost same as P50 Pro, which was also worse than Nova 9. Nova 10 Pro/P50 Pro are just lightly better than S22 and quite much better than iPhone 14 Pro. Mate 50 Pro doin..."
Apple iPhone 14 Plus review,Liar🤣🥴🥴🤣🤣
Apple iPhone 14 Plus review,"My Iphone 14 plus stopped working after 15 months of use. 
 
It was good till the night. The battery percentage was around 70% when I go for bed, the next when I took my and pressed the power button, there is no display. I tried all the troubleshoo..."
Apple iPhone 14 Plus review,"they said they made the iphone 13 mini, and have never made a 13 plus, please read properly"
Google Pixel 7 and 7 Pro hands-on review,"If you're going to rant and boil over into politics, at least make the first sentence you write an accurate one. The pixel 5a was the last Pixel with a secure OS available and a headphone jack. A DAC isn't expensive unless you buy an expens..."
Google Pixel 7 and 7 Pro hands-on review,Except the Pixel 7 and it's modem have taken the top spot over Apple for highest average 5g speeds worldwide. Except the modem isn't outdated because it was released this year. Except the Apples bullcrap A chip performs great...over a one m...
Google Pixel 7 and 7 Pro hands-on review,"Yet, Doxomark uses professional audio tools to do several tests and the Pixel 7 is rated #13 out of every device...ever. maybe get your ears checked or do you think that cranking the reverb up and the bass through the roof with ""XtremeMusic&quot..."
Poco M5s review,"The audio quality is really great though, it sounds true to life, very good surround sound, not to mention I was reviewing some footage I recorded with this phone where someone was speaking and it literally sounded like that person was in the same ro..."
Poco M5s review,"I've had the phone for two years and it works like the first day, I think it's excellent, if Samsung sold it it would undoubtedly be at least $150 more expensive for what it offers, it has withstood many falls and only the protective glass ..."
Poco M5s review,"The device's contrast is so high especially on YouTube, videos are over blown and no, there's no fix to that."
Motorola Edge 30 Neo review,"Camera is really bad. Pixel 3a runs circles around this. Plus, camera app toggles maximum brightness and there's no way around it. Wouldn't bother with GCam ports - 90% of the times they don't work and when they do they are unreliable ..."
Motorola Edge 30 Neo review,"It's ok, depends on how picky you are and what you're gonna use it for I guess. Photos taken with the stock camera app look fine, but with GCam I can't really tell much of a difference between 3a/Neo when looking at the photos directly..."
Motorola Edge 30 Neo review,and how about the camera. iam also a pixel 3a user.
Xiaomi 12T Pro review,"Never regret, I once started using 11 T pro and now having this 12 T pro the performance is marvelous. This is one of the best economical price phone. Congratulations XIAOMI"
Xiaomi 12T Pro review,Have any one faced green line issue with this phone?
Xiaomi 12T Pro review,One of the best phones I ever have. Thank you Xiaomi and hope to get a new 13 pro as soon possible:))) I would not change it ever
Xiaomi 12T review,"for user Mi 12T, i have positive to talk about this phone. Disiplay, Camera video Support 60FPS, and The best is charging, its so fast from 0 to 100, 20-30 minutes. 
 
Rating Phone : ⭐ 4.8/5"
Xiaomi 12T review,"I have had this phone for 11 months now. 
Here's some feedback and advice. 
 
1) Crashes - I've had some crashes randomly, I think they are caused by some orientation + top bar interaction. Happens very infrequently so it's not a hu..."
Xiaomi 12T review,"I have this for almost 9 months, bit during last month is charging more slowly it needs around 50minutes to fully charge. And how some problems with charging, hope is from dust gonna try clean it. Other then that very satisfied with the phone."
Samsung Galaxy Watch5 and Watch5 Pro review,Had a samsung galaxy watch classic its battery life was attroocious the ecg was not available in my region and still isn't i wrote to samsung but nothing despite buying it in my region i thoroughly regretted replacing my Huawei Watch GT 2 for th...
Samsung Galaxy Watch5 and Watch5 Pro review,"I have this watch more than a year now. It is completely useless because of terrible battery life. Even with some important functions turned off (like location) it cannot last from 7 in the morning to 7 in the evening. disaster, never again samsung w..."
Samsung Galaxy Watch5 and Watch5 Pro review,Does it have lte.
Xiaomi 12 Pro long-term review,"nope, 14 ultra has qhd+ screen"
Xiaomi 12 Pro long-term review,Bro they don't offer low quality screen it has the High resolution screen till now even 14 ultra doesn't get 2k resolution screen
Xiaomi 12 Pro long-term review,"Got a green line after HyperOS update after 1.1 years of usage. 
 
The service center accepted the phone without an issue & asked if it happened after the update!! now they have sent a msg for payment saying it's out of warranty. 
 
Xiao..."
Apple iPhone 14 Pro Max review,it is still not as secure as face id
Apple iPhone 14 Pro Max review,yes it is still a very fast phone with good display and camera and plenty of updates to come to the software
Apple iPhone 14 Pro Max review,But is the 14 pro max any good in 2025
Apple iPhone 14 review,The iPhone was so nice phone in the world
Apple iPhone 14 review,Can this phone play good quality videos on YouTube and other streaming platforms? My current phone starts glitching if the quality is higher than 1080p.
Apple iPhone 14 review,Can this phone play good quality videos on YouTube and other streaming platforms? My current phone starts glitching if the quality is higher than 1080p.
Apple iPhone 14 Pro review,"I currently have this phone and on iOS 26 it still runs buttery smooth, however the signs of aging (due to the aging battery) are starting to show and heats up quite a bit when updating apps or using mobile data instead of wifi but besides that it is..."
Apple iPhone 14 Pro review,🤡🤡🤡
Apple iPhone 14 Pro review,2022... what a time huh?
iQOO 9T review,"Does anybody is facing green line issue after update? 
My phone suddenly got green light over night post update."
iQOO 9T review,you can buy iqoo 9t from india
iQOO 9T review,which country are you from I also want to get this device
ASUS ROG Phone 6D Ultimate review,"Yeah, if phone companies aren't allowing the option of an SD Slot standard, I'd at least want 1TB internal storage with these same specs. Will definitely be getting the next release if they keep the 3.5 MM jack and ridiculously good battery..."
ASUS ROG Phone 6D Ultimate review,"Just found out that phones. Similar to ROG phone 6 failed the bend test. I would rather wait for the 2023 ROG phone. Which may have the following specs: 
1. Snapdragon 8 gen 2. 
2. Better Resolution. 
3. 1TB or 2TB internal storage. 
 
Otherwise..."
ASUS ROG Phone 6D Ultimate review,"I won't trust cloud storage, especially when you go to places with little to no Internet."
Motorola Edge 30 Ultra review,"It's a great phone, the fast charging and reverse charging always makes my friends raise their eyebrows, for 999 euro I wouldn't have thought, but I managed to get it for only 320 euro for the 256/12 version, so it was perfect for me! I jus..."
Motorola Edge 30 Ultra review,Worst Mobile Worst inbuilt quality
Motorola Edge 30 Ultra review,"Any potential buyer who does a lot of OS travel, please be aware that this supposedly ""flagship"" Motorola phone does NOT support eSim!  I bought one for my son and we only discovered this disappointing fact when he booked a trip to Japan, w..."
Xiaomi Mix Fold 2 review,Nice 👍
Xiaomi Mix Fold 2 review,"""Your first comment was about bigger importance of outer display instead of the inner one. Of course, since Xiaomi's inner display significantly lowered its battery life"" 
 
""Since""? Your entire argument is based on a basel..."
Xiaomi Mix Fold 2 review,Well said. The software experience (functionality) on xiaomi fold 2 is not close to samsung fold 4. Xiaomi is good for Chinese market and Chinese apps. Fold 4 software and it's functionality is unmatched.
Motorola Edge 30 Fusion review,"Great phone even today is very fast. 
New Android 14 released and fixed all of bugs that bothered this phone. Above that adds a new features and optymalisations. 
Very nice colorful screen, very fast processor and great software. Cameras also not b..."
Motorola Edge 30 Fusion review,iPhone СА НАЙ ОМРАЗНАТА МИ МАРКА ТЕЛЕФОНИ....АРЕ ПИЧ БИЙ КАМШИКА
Motorola Edge 30 Fusion review,"Bought this over s21 fe snapdragon, slimmer than poco and redmi, has custom rom development and is not mediatek. With latest update nav bar can be hidden but bluetooth range is less. Overall good phone, does manage heat very well."
Motorola Edge 30 Ultra hands-on review,IT has only 16x zoom. I saw on youtube some zoom tests with 100x zoom. is there any setitng? please help!
Motorola Edge 30 Ultra hands-on review,"Can anyone confirm one way or the other, does the ultra support a stylus similar to the motorola edge 30 pro?"
Motorola Edge 30 Ultra hands-on review,True bulldozer
Honor 70 review,The phone works very slowly at times and social media including TikTok does not work well
Honor 70 review,I used Honor 70 for more than a year. Specs are great but its battery heats up real quick. I had the battery replaced but it just froze up. I could no longer turn it on. I tried charging it but it also doesn´t work. The technician told me that I shou...
Honor 70 review,"I've been using the phone for about 7 months. It is a very good phone and I'm very impressed and happy with how well it holds up. 
 
The camera quality is insane. The specs for a mid range phone are also amazing and the best part - the di..."
Sony Xperia 5 IV review,GSM arena should have given warning about the use of this Samsung manufacture processor  which cause heating ! Qualcomm Snapdragon processor are usually  very good but not manufactured by  Samsung !  It is so disappointing ! Will recommend NOT to buy...
Sony Xperia 5 IV review,"I bought another phone for my wife and I get back the Sony... My wife has now the s24 with the Snapdragon processor and I can't really see any difference in normal use, s24 boots a little faster but thats it... Camera is far better in Sony and I..."
Sony Xperia 5 IV review,No overheating? Mine is at the repair centre. Constant overheating and so laggy. My xiaomi mi 8 is faster. Surprising a pixel 4 was booting faster then the sony 5 iv. 855 vs 888 gen1. Joke. 😭
vivo V25 Pro review,"Vivo v25pro was not have IR blaster  for controlling by AC  
I'm facing that' issue please don't   buy the phone   I hope you All understand by problem 🙏"
vivo V25 Pro review,"wired headphones are superior to wireless headphones in many ways.  
that's why high end audio devices are still using wired in 2023 and maybe for many years to come. 
 
 
you know, i think it's kinda sad that kids today are easily fool..."
vivo V25 Pro review,Only in some countries.
Samsung Galaxy Z Fold4 review,"""The fine print starts with the fact that the main camera on the Fold4 is based on the Samsung GN3 sensor, whereas the S22s have an GN5 at the core. Both sensors have a 1/1.56"" optical format, 50million 1.0µm pixels, and a Tetrapixel filter..."
Samsung Galaxy Z Fold4 review,"""The cover screen of the Fold4 also got a change of aspect, moving away from the 25:9 (that's nearly 3:1, if you hadn't thought it that way) to a more manageable 23.1:9, while maintaining the diagonal."" 
 
This is wrong!!! The F..."
Samsung Galaxy Z Fold4 review,"""The flexible layer above the OLED pixels is still only sort of glass as far as our understanding goes, even though Samsung and the product's (most likely) supplier Schott call it UTG (Ultra-Thin Glass)."" 
 
🤦😑 Schott and soon Cornin..."
Samsung Galaxy Z Flip4 review,this is the worst of the samsungs i have ever used 6 months down the road and the screen shuts down as if the fibre is spoilt. i dont even know how to repair it. i cannot access anything on the main screen. can only receive calls at the front screen....
Samsung Galaxy Z Flip4 review,"I purchased Samsung Z Flip 4 on 13th January 2023 with one year warranty. As soon as this warranty period over,trouble in this set started. This phone gets switched off as soon as this phone is folded. Again it is to be switched on and has to restart..."
Samsung Galaxy Z Flip4 review,Yes i agree in last 2 years I have almost paid the cost price in repairs. Worst buy ever. Battery back up after 2 years is 6 hours
OnePlus 10 Pro long-term review,Missing e-sim features and the cam is not good
OnePlus 10 Pro long-term review,I agree with you
OnePlus 10 Pro long-term review,Did you buy it? I actually have that same version that you mentioned for about 6 months already and so far I am very happy with it. My previous phone was the Poco F3.
OnePlus 10T review,"Allright, Apple fanboy... lololol"
OnePlus 10T review,So what u recommend ?
OnePlus 10T review,Maybe for you the fastest but it's not the fastest what i use :) its not a OnePlus and never will be OnePlus brand. OnePlus is dead!
Poco M4 5G review,"Trash phone, always lagging. When u open vc and open another app it goes crazy. Waste of money"
Poco M4 5G review,"Very bad experience it's has so cheep software that you would have reset again and again this phone it's only good thing is that it is 5g otherwise it has nothing special you would regret after buying it.........  
                     😔😔😔..."
Poco M4 5G review,very very bad software 😭😭😭
Motorola Moto G62 review,"It's worrest mobile last 2 week back puchenge now get battery issue when visiting service center they are told as per rules no exchange, don't buy any one"
Motorola Moto G62 review,"I received my G62 on the 16th of February 2023, and after using it for a few days, here are my pros, cons and neutral parts of the phone (the ones that didn't surprise or disappoint me). 
 
Pros: 
- Stellar design and super light weight 
- G..."
Motorola Moto G62 review,"I got the g62 today,and am extremely  disappointed as the charger is not charging the phone! So it back to the dealer tomorrow!"
Samsung Galaxy Z Fold4 and Z Flip4 hands-on review,Yes dude you are right
Samsung Galaxy Z Fold4 and Z Flip4 hands-on review,Is good
Samsung Galaxy Z Fold4 and Z Flip4 hands-on review,well laptop webcams usually have vga (480p) or 2mp (1080p). so imagine taking a selfie with z fold 4 unfolded front cam💀💀it would look like a cheap mediatek phone
OnePlus Nord 2T review,Battery drain fast and camera quality is not good
OnePlus Nord 2T review,"Maybe just not for everyone, i've had this phone for almost 2 years and the battery drains like max 4% or less overnight"
OnePlus Nord 2T review,Too good to be true man.
Google Pixel 6a review,No bypass charge for 6a
Google Pixel 6a review,Bypass how please
Google Pixel 6a review,"If your WhatsApp can’t run on this device. It’s probably because your phone has been rewritten so that the original IMEI was replaced with a cloned one. As a result, the WhatsApp system detects it as spam, and your account keeps getting blocked."
Huawei Mate Xs 2 review,Worst phone I have ever used.
Huawei Mate Xs 2 review,"Xs 2 battery life it's excellent ,a charge a day of normal use. When at home gaming I can easily charge the phone and not worry about it. I got a huawei 10k power bank in case of emergency outside. A nice Huawei headphones on the go and amazing ..."
Huawei Mate Xs 2 review,"Hello, 
GMS apps are easily accessed through Gspace. Easy to use and get all the necessary apps you need. I use Nova 9 with Gspace got all the needed apps for myself."
OnePlus 10T hands-on review,"All things considered, the 10T positions itself as a successor to the 8T -- albeit with some interesting trade offs. For one, the cheaper overall build quality (as well as the materials themselves) are more in line with what you'd expect from a ..."
OnePlus 10T hands-on review,"The UPSCALIBG performed by the 10T is really evident when you compare it to the same photos taken by the Samsung Galaxy S22 Ultra. My wife and I recently upgraded our phones, I got the 10T and I encouraged her to get the S22 Ultra. On a recent vacati..."
OnePlus 10T hands-on review,"I am really surprised by the quality of your constant posts. You really are a genius, One Qus: For You oneplus nord n20 5g new Mobile available 2022 in All Country. Plz ans Me?"
Realme GT2 Explorer Master review,"excellent phone, worth buying in this price range"
Realme GT2 Explorer Master review,Why is it bad? Otherwise ur just an attention-seeker
Realme GT2 Explorer Master review,"Wireless charging, IP Rating and telephoto. You can have those with Samsung or other brands with twice or thrice the price of this realme phone. 😂"
Tecno Camon 19 Pro review,"What charging protocols does it support?  Quick Charge is definitely there, but what about Power Delivery?  Tecno Infinix, according to information, has its own fast charging protocol.  Has anyone tested the charging unit with USB testers?"
Tecno Camon 19 Pro review,"It's a good phone, i am  honestly okay woth the camera quality and the photo, battery so much last longer (even not actually) but still better than my last phone, well it's 50:50 from my Realme 3, telephoto camera really help me in so much ..."
Tecno Camon 19 Pro review,That's not how it works. Only the maximum charge level matters. Discharging to 0% does not harm the battery. Just don't leave it completely drained for months.
Asus Zenfone 9 review,"Nice... Thanks a lot. 
4K120 is a lot of frames and a lot of resolution at the same time. Try making some good use of it when you can! All the best. 
 
My LG G8x does 4K60 or 1080p240 at best."
Asus Zenfone 9 review,"Yes, I just checked on mine and 4k@120fps is an option under ""slo-mo"""
Asus Zenfone 9 review,"Guys, can this phone do 4K120 as listed in GSMA specs?"
RedMagic 7S Pro review,Dang man osm 😯😯😯
RedMagic 7S Pro review,So it aces the benchmarks and you give it only 4 stars?
RedMagic 7S Pro review,"If it has same software issues as 5g, wouldnt even recomemd."
Nothing Phone (1) review,How?
Nothing Phone (1) review,The most mistaken design I have ever seen. Ever. It is terrible nonsense that makes me puke.
Nothing Phone (1) review,Video camera 4k 60 fps available
Oppo Reno8 review,"so I have issues with my ,how can I change all they future to English ,cause am tired of all this India of a thing"
Oppo Reno8 review,You are right about Reno 8 easy to overheat. The constant overheating also cause damage to the motherboard. My uncle's Reno 8 was not even 1 year old when it started to develop wifi connection issue and eventually deteriorated to phone turning o...
Oppo Reno8 review,"Yeah all about 5hrs only  
Fast draining my Oppo Reno 8 5g  
My phone is fully optimized but 
It's the same situation ,"
Oppo Reno8 Pro review,After unboxing I will make Google account but play store is not working
Oppo Reno8 Pro review,Yes
Oppo Reno8 Pro review,But Realme phones are notorious for being non splash or dust resistant. Not even a basic IPX4 or IP5x rating.
Xiaomi 12S Ultra review,"""That's how our reasoning goes, and we stand behind it."" 
 
A lie is a lie no matter how you spin it. The fact is the Panasonic cm1 was the first"
Xiaomi 12S Ultra review,It's still a phenomenonal phone in 2024. Far better than the s23 or 24 ultra. I'd rate it similar to the x90 pro plus in 2o24. 8+1 Gen 1 holds up well still and although the cameras can be hit or miss at times and sometimes take a few snaps...
Xiaomi 12S Ultra review,Still a good mobile for 2024? Xiaomi Flagships or not are known for obsolescence ...
Oppo Reno7/F21 Pro review,"replying on an almost 2 year old comment.. since the existence of poco X5 pro and F5, i think it's time to leave the X3 pro alone."
Oppo Reno7/F21 Pro review,And then your poco x3 pro got deadboot 🤣
Oppo Reno7/F21 Pro review,I am also it's battery drain too much fast
Realme 9 review,My software in down lod
Realme 9 review,You expect budget phones to be on the same level as flagships? Coming down from the Royal Palace and telling peasants what is good and what is not based solely from his personal experience and taste. I've never seen him give any good comment abo...
Realme 9 review,Guys a joke. Comin down from his Royal palace and telling peasants what is good and what is not. I've never seen him give any good comment about about any phone I've checked here. He expects budget phones to be on the level of flagships lma...
Xiaomi 12 Lite review,"overall a good phone.  
The camera is good enough, the signal reception is more than acceptable, but it's losing the wifi sometimes. I think the most bad thing is that it has a volume limit, the speaker is not loud enough in calls or in music p..."
Xiaomi 12 Lite review,The only thing missing is memory card slot😓 I've been using Lite 12 for over 2 years now and it's the best phone I've had from Xiaomi !
Xiaomi 12 Lite review,778G 5G thats the chipset I want to try!
Poco X4 GT review,"DC screen dimming and no strobes, which is better for eyes when checking phones in dark spaces."
Poco X4 GT review,Exactly this. It's ridiculous that OLED is the end all be all nowaday. I want a PWM-less display as I can't handle PWM.
Poco X4 GT review,The OLED fetish of all these Reviewers is Killing the Narrative! IPS are just Fine!  think of the people with PWM Sensitivity who can't use an OLED phone cause of the flickering.To penalize the Phone so much over just Not having an OLED is ridic...
Asus ROG Phone 6 Pro review,"you must be commenting on a different phone. The Rog 6 Pro has a headphone jack. It is also splash proof. A built in fan is cool to have, but if dust, water, liquids, sand or anything else gets inside a built-in fan, will it die or is it dust and wat..."
Asus ROG Phone 6 Pro review,Better buy Nubia latest redmagic 8 pro with Snapdragon 8 gen 2 CPU which yep is bit of better than gen 1 Snapdragon CPU's and all of that for price much more abordable.
Asus ROG Phone 6 Pro review,idk
Realme 9 5G Speed edition hands-on review,Realme 9 5G Speed edition hands-on review
Realme 9 5G Speed edition hands-on review,This phone is not good because this phone app crush problem and battay issu phone hot issu im using only 2week
Realme 9 5G Speed edition hands-on review,"Buy the Oppo Reno 7 5G 
It has the fastest charging and best battery life among the 3 (according to GSMArena) 
It also has the best camera skills (although the vivo has it for selfies) But still the Oppo is the better option."
OnePlus Nord 2T 5G hands-on review,"I have this phone for a year now, it's flawless. About the design, I think it looks nice, if it's of any importance. Battery life is good, camera is good, fast charging works perfectly, no lagging whatever app I use, regular updates, so I w..."
OnePlus Nord 2T 5G hands-on review,Who can tell me what are the shutter speeds available for main camera with imx766 sensor in HedgeCam 2 camera app?
OnePlus Nord 2T 5G hands-on review,"I guess every camera island is ugly anyways so if it's a good buy wherever you're at... 
 
still, that one circle with the two... like why 
it's ugly as sin 
 
even a newborn kitten would claw its eyes out like dear god did the ph..."
Samsung Galaxy M53 review,I think the 5000 mah battery is solid for this phone
Samsung Galaxy M53 review,this phone is one of the best in his rang i'm very satisfy with it's performance
Samsung Galaxy M53 review,"I've had this phone since November 2022 and here are my thoughts on it: 
-plenty fast chipset 
-great camera for the price 
-battery life is acceptable though should've been better for the price in my opinion 
-screen is great 
-cool d..."
Poco F4 review,How I rotate my screen when type massage it is in single mode
Poco F4 review,Gotten on of this phone. It seem that I could not find a prenatally program to make use of the IR.
Poco F4 review,"I wonder if they fixed the jumpy focus hunting of EIS fighting with OIS here, now that F5 is out.. even the Redmi Note 12 Pro+ had blurry video when panning perhaps due to the stabilization used."
Samsung Galaxy A52s long-term review,"I'm in the same boat as U - my S21+ got the green-line after receiving last OS update Dec.2025 for Android 15, and few days later - green line happen.  I am very glad that I bought this back in June-2022, originally meant as my fall-back in case..."
Samsung Galaxy A52s long-term review,"I've had to revert back to this phone after having issues with my new Samsung Ultra S21 and I must say I'm glad I opened the box and started using my A52, as I've had this since 2021 and it's very reliable. I like how you can exte..."
Samsung Galaxy A52s long-term review,"Even the base a52 is epic. Like...since a54, I hated the midrange market of Samsung. They removed the bigger a7x series, ditched the depth sensor, sticked to exynos, and no major improvements! But when a52 launched, it was perfection purely. It could..."
Which cameraphone is king of natural bokeh?,"why didn't you include Nokia 9 pureview ,it has the best bokeh out of these phones 
 
unfair selection"
Which cameraphone is king of natural bokeh?,"See an Anon poster's comment after yours. Of course the Optical specs are different, i wasn't even talking about it. We're already deep into computing territory, even second class setups with powerful ISPs perform decent these days. A ..."
Which cameraphone is king of natural bokeh?,Not sure why they left out the Pixel 6 Pro - Great (for a phone of course) natural bokeh from the main and 4x optical zoom.
Realme 9 5G (India) hands-on review,Latest update from my mobile phone realme 9 5G
Realme 9 5G (India) hands-on review,i think your fact is not true.
Realme 9 5G (India) hands-on review,"First sensible phone this year: a single useful camera, two SIM slots and a separate SD card for huge transferable storage, a headphone jack, a fast modern efficient processor and 5G for those who can use it though turning it off makes no difference ..."
Samsung Galaxy Z Fold3 long-term review,"Don't buy this phone because repair centre is not doing there repair free of charge 
In my phone I faced trouble in my back screen appeared one green line according to my knowledge it is common fault in Samsung phones but when I discuss with re..."
Samsung Galaxy Z Fold3 long-term review,I have one z fold 3 phone I bought it before 2 years suddenly yesterday it was appear green line on back screen I have heard Samsung company is doing free repair it so I discuss with repair centre but they told  it can't apply for this phone I d...
Samsung Galaxy Z Fold3 long-term review,"I can no longer make video recording on phone,it indicates ""you can't make videos during calls"" even though I'm not on calls.pls can you help"
iQOO Neo 6 review,Please bring funtouch OS 15 update to iqoo Neo 6
iQOO Neo 6 review,My phone's performance just like a wow 😁
iQOO Neo 6 review,No
Oppo Reno7 Lite 5G/ F21 Pro 5G review,I'm selling my oppo Reno 7 Z 5g phone been used for 2 years now if interested say so
Oppo Reno7 Lite 5G/ F21 Pro 5G review,"Stupid oppo very stingy battery capacity, 5g technology must provide a bigger battery at least 6000mah"
Oppo Reno7 Lite 5G/ F21 Pro 5G review,I used a Samsung galaxy a53 5G disaster cell phone jerk stack heats up never again.
ZTE Axon 40 Ultra review,"Good hardware, terrible updates and worse support."
ZTE Axon 40 Ultra review,"Whilst I like the 16MP results a lot, we are STILL (after all these years!!!) NOT being shown full sensor resolution results edited from RAW files, & looking at the full resolution jpegs from this quad-Bayer sensor here, I note they are really dr..."
ZTE Axon 40 Ultra review,I use AXON 40 ULTRA SMARTPHONE very nice 👍... Pure full display screen phone .. I really like this phone ..  thanks for ZTE
Black Shark 5 Pro review,1meter as always for 120watts charging it is always a 1meter
Black Shark 5 Pro review,Very good for gaming as cooling phone and no heating process.
Black Shark 5 Pro review,so true! i wonder what the display/glass material are. it never mention at all huh
Realme GT Neo 3T review,"Thanks for this honest review! Speakers and screen ain't enough to justify the price, and appears that there are more disatvantages all over."
Realme GT Neo 3T review,A big notice that you have to disable show pointer settings or it'll be terribly lag. I've just notice this after a few months using
Realme GT Neo 3T review,"After 2 months of Usage 
 
Plus 
Speakers 
Camera 
Quick charge 
 
Minus 
 
Battery backup (12 hours) 
Performance not good ( phone just froze for 30 minutes when I was just watching insta reels) 
 
Even simple games like shadow ninja 3, ..."
Oppo Reno7 5G/Find X5 Lite review,"Battery backup very bad 
Battery life very bad 
Zero star"
Oppo Reno7 5G/Find X5 Lite review,Did I miss it or is this essentially a camera review? Nothing else about the phone? What 5g modem is it using for example?
Oppo Reno7 5G/Find X5 Lite review,"I bought Oppo Reno 7 Pro 5G (Rs 39,500 cash), it's cheap than iPhone, but I phone change thier system every year, so I do not like it. It is best Brand with Geniune Price. Reno 7 Pro 5G is better than iPhone. I like his Night Mode Camera & H..."
Xiaomi Redmi Note 11S 5G review,I can tell you its awful Im gonna exchange for a pixel7a. The câmera is good but eveything else its too bad or slow very unreliable. It died in my Hand after 3 months due to overheat and i ONLY play bullet echo and candy crush lol. I do not recomend ...
Xiaomi Redmi Note 11S 5G review,This is a powerful machine... Xiaomi Redmi Note 11S has very amazing features... Camera is very sharp... You can't different it with an iPhone camera.
Xiaomi Redmi Note 11S 5G review,"Hybrid 
Either second sim or mem card"
Realme GT Neo3 150W review,"Hello, technology is growing very fast, what release in just half year ago could be a very inferior product than the newer one. So, you cannot compare directly the new one with the old one as the new one could be in a total different league. I think ..."
Realme GT Neo3 150W review,haw this phone for 2 years now. i play pubg mobile on ultra 60 fps all looks very very very good
Realme GT Neo3 150W review,"Is Dimensity 8100 such a good processer? 
 
What are the other phones that as the same or similar type of processer?"
Blackview BV8800 review,"I am disappointed in this phone. Coming from the 9500pro which was nearly indestructible, my 8800 fell from  a meter and a half, and died. The battery ribbon ripped in half which I haven't repaired yet so I don't know if there are other iss..."
Blackview BV8800 review,"I bought the bv9900 pro when it first came out. The device has gone through Hell!!!! 
It fell from 3rd floor height in a construction site more than 4 times. 
It fell on the highway while I was driving my motorcycle at 140 km/h. 
It was run over b..."
Blackview BV8800 review,Blackviiew 8800 great cellphone had it for a 6 months now... had  no issues.. rugged.. dependable ...good weight.. does what all top-end cell phones do..night vision mode awsome... battery life awesome... awesome screen brightness and price of the ph...
vivo X80 Pro review,You can use Google Files app safe folder option to lock files
vivo X80 Pro review,"it is sad , you are not aware of 3.5 advantage , no battery no charging , plug and play works with most of all devices"
vivo X80 Pro review,The only concerning thing in funtouch is that it lacks a password protected app lock or a private safe.
Honor Magic4 Pro review,You can get an Honor Magic 5 Pro for about £600/€700 on ebay
Honor Magic4 Pro review,"Security updates are frequent, I'm current on a patch from the 1st October and MagicOS 8.0 and android 14 will be coming to this phone in the upcoming weeks."
Honor Magic4 Pro review,Why?
Testing the brand new Snapdragon 8+ Gen 1,"The Snapdragon 8 Gen 3 and 3 nm should be powered by a higher clocked prime core with up to 3.7 GHz. 
The 3rd generation chip's Adreno 750 GPU is said to offer 50 percent better graphics performance.  
 
10 cores.  
Modem: 5G X75.  
Upgrade..."
Testing the brand new Snapdragon 8+ Gen 1,Now that's a true upgrade from snapdragon 865 series of chips.
Testing the brand new Snapdragon 8+ Gen 1,ofc they confirmed it has headphone jack. But you could dream about a phone having an expandable storage. Samsung A52s both have headphone jack and expandable storage
OnePlus Nord N20 5G,very bad battery service any one year better broken
OnePlus Nord N20 5G,Yes
OnePlus Nord N20 5G,"No, not at all, it's a hectic mobile"
Samsung Galaxy A33 5G review,Whats up with the ASUS photo on the first page?
Samsung Galaxy A33 5G review,"Has anyone experienced IC failing- my A33 5G after 2 years of usage- my phone keeps switching off & restarting and shows green line display and then permanently going off 
 
I am told my IC has packed up & need to be replaced as phone is no..."
Samsung Galaxy A33 5G review,I was reading tte reviews and somehow after years many different parts in different phones started brraking my chraging port broke after 2 years i can't use power delivery on my chargers and it's not really chargung
OnePlus Nord CE 2 Lite 5G hands-on review,"Oneplus nord ce 2 lite 5g, 
The charger of this phone can be found???"
OnePlus Nord CE 2 Lite 5G hands-on review,I'm not satisfied with the phone. There's bugs here and the battery are draining fast!
OnePlus Nord CE 2 Lite 5G hands-on review,Camera quality is very bad
Samsung Galaxy A23 review,Thank you so much
Samsung Galaxy A23 review,I’m just going home and I’m just trying not too long and then I’m just getting to my moms so I’m not too worried but I’m not worried at this time I’m not sure if it’s a big thing or a little big deal but I’m not really sure what I’m doing right away ...
Samsung Galaxy A23 review,I guess you phone have some malwares maybe try resestting if you can. Im not sure its gonna fix or not but i wpuld try it atleast.
Sony Xperia 10 IV review,It is very okay or unwise to soeak
Sony Xperia 10 IV review,"What's the spec of 30W charging of this phone? 15V/2A? 
Thanks!"
Sony Xperia 10 IV review,"I do think it's ludicrous how many features are just not optional. Very frustrating that regardless of what you're TRYING to focus on, the screenside camera will lock onto any perceived face, and there's no way to turn 'face detec..."
Sony Xperia 1 IV review,"Any user know how to use 2 WhatsApp in this Xperia 1 iv, since it is dual sims"
Sony Xperia 1 IV review,"The worst phone, I've ever had. It overheats while I was watching a YouTube video. It can't handle Bluetooth"
Sony Xperia 1 IV review,"The tall aspect ratio won't bother you longer. You would eventually find it cool. Specially for app usage it's very good. Only slight issue is typing which might take some time to be adjusted. 
Overall top phone. The best display in the bu..."
Samsung Galaxy Z Flip3 long-term review,The fold cannot be protected thus the screen gets damages and ink spills . It cost over £370 to replace the screen and its likely to happen again ..
Samsung Galaxy Z Flip3 long-term review,"Couldn't take screen shots after approx 8 months of owning the phone. Then massive dark line across the fold line. Wouldn't switch off. Then completely black screen, lost all my photos & everything else. Been sent to service provider &a..."
Samsung Galaxy Z Flip3 long-term review,"Amazing phone but I  Wouldn't  Recommend it for people  Who are clumsy this phone is pretty easy to  Break  its a huge upgrade from The flip 1 and 2  the battery life last for about the hole day I'd give it a 8/10 
 The back screen is pret..."
OnePlus 10R 150W hands-on review,"If it works, I already tried it with one that has a type c and jack output"
OnePlus 10R 150W hands-on review,Is there a USB C to minijack for analogue headphones ?
OnePlus 10R 150W hands-on review,"Are you kidding me ?, I have just wrote a review in its specification page, it is the most amazing phone i won, compared with Samsung A54, Huawei mate 20, Xiaomi 11T, and iphone 11pro, check it."
Oppo Find N long-term review,Truly appreciate you taking
Oppo Find N long-term review,"You can buy this on AliExpress and pay an extra $24 for fast DHL shipping.  
It's a great phone, helped my friend order one. I fooled round with it and it's gorgeous. The software is great, and the phone performs so well. A near invisible ..."
Oppo Find N long-term review,I wouldn't buy it If I were you. This phone does not support sending or recieving group or picture text in the U.S. I called Oppo and they couldn't help.
Honor Magic4 Lite review,"This explains the screen on 11T Pro, many people said it has a similar issue but I did not notice it."
Honor Magic4 Lite review,Honor  come back again in market -  Avraham Chaim Kerendian
Honor Magic4 Lite review,"Generic on the front, Nokia on the back"
iQOO 9 review,Screen retention issue in iqoo 9
iQOO 9 review,"Keep your phone on 30fps 1080p 
You will see the wide angle option🙂"
iQOO 9 review,How many Android and Security Update will IQOO 9 Get?
Poco F4 GT review,When you have low battery then it starts doing the weird glitch sounds
Poco F4 GT review,"I've been 4 months with this phone. I had an issue with sound. They will distorted while I'm playing Genshin and Call of duty. The sound goes like abroken game or broken disc. I don't know why. I already try to reinstall the game, and ..."
Poco F4 GT review,Who said camera not good? I buy this phone for gaming and game performance perfect... And camera you have to complete you cam setup... I love to photography now.. Any one need examples? Text me in snap SabberXs.. I'll send pic and prove them wro...
iQOO 9 SE review,Worst mobile .... please  don't buy any iqoo mobiles
iQOO 9 SE review,this is the waste phone of the iqoo 9 se dont bye this phone please i amble requesting for byes.
iQOO 9 SE review,"Not good this phone battery no back up fast battery down  
Any body no purchase this phone not a good  
Another problem whatssap not back up"
RedMagic 7 Pro review,COD is just 90 FPS and I think all gaming phone can access this
RedMagic 7 Pro review,Omg thats not good I have an Alcatel
RedMagic 7 Pro review,Its good
Xiaomi Redmi Note 11S review,Yes
Xiaomi Redmi Note 11S review,Is call recording available with 11s?
Xiaomi Redmi Note 11S review,turn off ram extension pal
Oppo Find X5 Pro review,The design of this phone is phenomenal looking forward to this phone
Oppo Find X5 Pro review,There is a dxomark score for their flagship find x5 pro. Check again. It scored a lot higher than the regular find x5
Oppo Find X5 Pro review,Snapdragon has never disappointed . MTK is average but that samsung chipset is crap
Samsung Galaxy A53 5G review,So cool
Samsung Galaxy A53 5G review,"Well about the comment 2 months ago... I went to a phone repair store and it got fixed and a few days later, my phone went back to normal! Overall, I would say that the A53 is a pretty decent phone and the camera is good as well"
Samsung Galaxy A53 5G review,it seems am the only one rocking my a53 5g without single issues! all thanks to my god! lucky me
Oppo Find X5 review,I still have my X5 and it's brilliant in low light. I've just gone for the Honor 400 pro. Both great phones. I love the AI stuff and this was cheaper than last time.
Oppo Find X5 review,Best phone I've had
Oppo Find X5 review,"I would actually say go for the find x5 the poco x6 pro is still more expensive and u get better camera , build quality and prestige among others in exchange for a little boost in performance that may not be felt by the average user"
Samsung Galaxy A13 review,Viber on the phone
Samsung Galaxy A13 review,One ui 7
Samsung Galaxy A13 review,A13 one ui8
Apple iPhone SE (2022) review,"Yeah, I took note also. What ""old frame"" design are they talking about? 
Reviews are a joke."
Apple iPhone SE (2022) review,"Well said brother. 
 
The only reason why I’m not too keen on this SE (2022) is the screen resolution. 
 
I currently still use an 8 Plus (A1864 RED 256GB) which I bought back in 2021 but it’s starting to get a bit dated as more and more apps req..."
Apple iPhone SE (2022) review,"I think this phone is a splendid option in 2025 if you want to have practical yet good device. 
It's great as ""detox"" phone as it has all things you'd need but in a small form factor so you don't use it all day. I use it as ..."
Motorola Edge 30 Pro review,"Motorola's failure to provide a software update for the current year is nothing short of a disgrace, given the exceptional processor and RAM. Additionally, all Android updates were released more than a year after their scheduled release. I'..."
Motorola Edge 30 Pro review,"If you want a camera phone. Get a pixel. 
I have owned the 30 pro for a year and it is absolutely capable of running an otg USB HDMI/ ethernet hub and acting like a chrome book on roids. 
Processor actually designed by snap dragon and AMD. 
JB hif..."
Motorola Edge 30 Pro review,"The Edge 30 Pro is promised 2 OS and 3 years security updates. While that is bad for a flagship, it gets worse for lower Motorola models. Most Moto G models only getting 1 OS and 2 years security while E models usually dont get any OS update.  
 
M..."
Poco M4 Pro review,"My speaker, one is not functioning properly, and because of that it's affecting both my earpiece and my wireless Bluetooth.  Please what is the solution, because am about to format my phone to see if that will fix the problem"
Poco M4 Pro review,Im a new user of pocco m4 in the beggining i se it not much friendly use to me because im a huawei user but i trying pocco m4 for a change i buy it but no other freebies no charger no head phone only cable charge included im a mistaken buyer
Poco M4 Pro review,"I am in the UK and had a text from vodafone UK telling me my poco m4 pro isn't 4g compatible for calls when the 3g ends, but when i checked on their phone model & make drop down it doesn't list it under the Xiomi phones so followed thei..."
OnePlus 10 Pro review,Restart loop is usually sign of software issue but can also be motherboard issue.
OnePlus 10 Pro review,Update problem? My phone usually hangs up and get automatically restart with little heat up as well. Almost 3 to 4 times a day.
OnePlus 10 Pro review,LMAO so true. The 10 Pro absolutely sucks compared to all those other phones mentioned.
Xiaomi 11i HyperCharge / Redmi Note 11 Pro+ 5G review,"For all of the commentators I have Xiaomi Redmi Note 11 Pro 5G Chinese Version. I have use this phone since January 15, 2021. Its have a memory card slot, its is a beast. The most powerful phone i have ever seen."
Xiaomi 11i HyperCharge / Redmi Note 11 Pro+ 5G review,that trash doesn't have memory card and other things
Xiaomi 11i HyperCharge / Redmi Note 11 Pro+ 5G review,you're so right. It's amazing and very complete. Only it would deserve more software updates from Xiaomi
Realme GT2 review,buy a professional dslr camera
Realme GT2 review,Does realme gt 2 have face shape change ( thinner or opposite) form front camera because of lack of telephoto?
Realme GT2 review,In my country GT2 8/128 and Poco X5 Pro 8/256 have the same price tag. I don't mind having less storage. Right now I have Samsung A50 6/64 and I'm fine with its storage. I also like its GUI and underscreen fingerprint sensor (I know it'...
Poco X4 Pro 5G review,I just got my poco x4 pro 5G but unfortunately there was no charger or anything added except the phone and the seller told me that's how they're packaged now. Can't even get the cover to buy but I love the phone.
Poco X4 Pro 5G review,how can turn off the EiS in video camera!
Poco X4 Pro 5G review,I changed the screen and front camera after it took a nasty fall. However now my rear camera is blurry and the camera app crashes after I take a picture. Please Help
Samsung Galaxy S22 review,"Used this s22 for 3 year and it's just hold until last Dec 2025, it's got black dot & oneui system problem after update to android 16, now got think twice to own his brother s26..😔"
Samsung Galaxy S22 review,It has just 3700 mAh. It can't be helped 🤷🏾‍♂️
Samsung Galaxy S22 review,"The battery does not last long  
Overheating"
Xiaomi 12X review,"Honestly, that sounds more like a software or battery issue than the phone itself. The Xiaomi 12X is a solid device — if apps aren’t working or the battery drops like that, it’s usually due to outdated software or battery wear, not the phone’s actual..."
Xiaomi 12X review,"Avoid at all cost.  
Pictures disappearing from albums. 
Revolut is not working ( not supported android version )  
Gets stuck 
Gets overheated easily 
Battery from 20% goes to 0 within maybe 5 minutes  
The worst mobile I ever had.  
Before I..."
Xiaomi 12X review,"Best necessity phone with flagship feel and affordable price, not overkill specs. My only complaint is the curve screen."
Xiaomi Redmi Note 11 review,Thanks
Xiaomi Redmi Note 11 review,Redmi note 11 pro 5g
Xiaomi Redmi Note 11 review,Changing Android level requires clean install
Xiaomi 12 review,"The time it was launched globally, I added this to cart... then due to financial constraints, I couldn't have it at that time. So, I bought just a case for the phone but never have the actual unit 😁. I just have to imagine it was there. It feels..."
Xiaomi 12 review,The Xiaomi 12 series is getting 3 years OS and 4 years security updates. The 13 and 14 series are getting 4 years OS and 5 years security updates.
Xiaomi 12 review,Will this phone get 4 years major Android update and 5 years security patch?
Xiaomi 12 Pro review,"I did software update and lines are now showing the screen, what should I do?"
Xiaomi 12 Pro review,Yes I ll love one bro
Xiaomi 12 Pro review,""" a few years back we would have complained about a punch hole""...lol..that IS the problem"
Xiaomi Redmi Note 11 Pro review,I have been using this phone for about 3 years. The problem I face at the beginning is overheating. I ignored it. The about 1 and 8/9 month later the sound quality began to dropped and sound decreased eventually to a level that now I have to use head...
Xiaomi Redmi Note 11 Pro review,"3 years in and I now regret, it did seem a little slow to start with but it didnt bother me much at first. Recently it has started freezing and crashing... It also over headed quite often in the past, I guess that might has caused damage!?  
I have ..."
Xiaomi Redmi Note 11 Pro review,"I have this phone now more than 2 years and I am very happy no problem what's so ever 
Phone work's perfect even after all these years  
Happy customer"
Nokia G21 review,"After updated system, Bluetooth won't work, Facebook not working as normal - if scrolling, videos turn to black,  
Sometimes unable to receive charge, only receive charge after restarted, sometimes lagging and others, not worth to buy ... My pr..."
Nokia G21 review,Can anyone assist I have a Nokia G21 which froze while on Facebook... Local technicians suspected I open corrupt Facebook page and phone software crashed.... hence it switched off for good....... Can anyone assist how this is fiexd
Nokia G21 review,"I've had Nokia G21 for half a year now, and these are the problems I've had with it so far:  
1. It randomly loses 4G. It shows it has a 4G mobile data connection, but the connection doesn't work. Turning airplane mode on/off solves t..."
Xiaomi Redmi Note 11 Pro/Pro+ 5G review,will be good in 2025. supported untill
Xiaomi Redmi Note 11 Pro/Pro+ 5G review,NSA Network connectivity(Airtel 5G) is worst. so 5G usage in this phone
Xiaomi Redmi Note 11 Pro/Pro+ 5G review,"I have this phone for nearly two years (shit product, don't buy Xiaomi) 
Good points: 
My phone is a pro plus 5G version, which have 110w massive charger and charges to full in 10-15minutes, really love it, and even after two years of using it..."
Realme 9i hands-on review,"Yes very gud mobile in gaming, normal usage, camera wise and battery wise also"
Realme 9i hands-on review,"I like this phone but I'm unsure about the CPU.  
Does it offer a smooth performance in light usage? Meaning only social media, calling, texting, no gaming. 
Does it have a good battery life?"
Realme 9i hands-on review,Not long last battery Yara
Realme GT2 Pro review,Camera is good. And phone is good. Only issue is quick overheating.
Realme GT2 Pro review,"Display is amazing and performance also very smooth and speed 
But main issue is over heating,and no telephoto sensor for better portraits ,if realme changed magnification cam to 12 mp or 10 mp telephoto cam,that was better"
Realme GT2 Pro review,I could never buy this phone with a stupid with 10 days replaced
Honor Magic4 Pro and Magic V hands-on review,"In the past 3-4 years i have been using samsung fold phones and i am not planning to go back. This is the biggest deal of innovation in the mobile industry of the past two decade. 
It comes with a simnificative price, so its hard to accept any compr..."
Honor Magic4 Pro and Magic V hands-on review,It's been 2 and a half months.
Honor Magic4 Pro and Magic V hands-on review,When is the honor magic 4 pro going to be released in the UK?
RedMagic 7 review,Pls unlock max refresh rate on mlbb
RedMagic 7 review,Nice
RedMagic 7 review,"Funny when people keep asking for pubg 90fps. It was the pubg dev's fault who didn't update their game, lol"
Samsung Galaxy S22 Ultra review,Yes samsung s22 ultra is very good and i have taken sandhand mobile phone smoth performance
Samsung Galaxy S22 Ultra review,Samsung Galaxy S22 ultra is really good 💯 and l love it
Samsung Galaxy S22 Ultra review,good
Oppo Find X5 Pro hands-on review,"Oppo really should include at least 5x or 10x optical zoom for it to be worth the price.. 
2x just isn't satisfactory at all."
Oppo Find X5 Pro hands-on review,Samsung and Pixel provides better security and software support compared to Oppo. This Oppo phone is over priced.
Oppo Find X5 Pro hands-on review,"Currently in the market, iPhone 13 Pro has one of the best image processing and the best video camera in the smartphone market, nothing can beat an iPhone in videos as of right now. Furthermore 3rd party camera apps works well with iPhone compared to..."
iQOO 9 Pro review,I'm like 3 months late but op 11
iQOO 9 Pro review,Iqoo 9 pro or op 11
iQOO 9 Pro review,Yes the Chinese version is.. Not sure about global version
Samsung Galaxy S22+ review,I have this phone.sometimes display goes off when its on direct sunlight and then turn on when the outdoor brightness is less. While i plug on the charger the touch does not work the touch is automatically working. While gaming the touch is not prope...
Samsung Galaxy S22+ review,"My 12MP camera randomly stopped working one evening.  
The camera says ""Warning: camera failed"" anytime I open it. The 50MP camera works just fine though. Does anyone what's wrong with the camera and how I can fix it? 
I have already..."
Samsung Galaxy S22+ review,"The phone seems pretty solid, the one things that bugs me about all phones is the trend away from SD cards, I take a lot of photo's and have used the micro SD cards in most of of my old Samsungs. Just another way to get more $ out of us. Makes u..."
Realme 9 Pro+ review,1011 is a very good Update. The system runs more smoothly and seems to use less energy
Realme 9 Pro+ review,Dear Realme community please give the Android 15 and Realme UI 6.0 update to Realme 9 pro plus in future.Thanks
Realme 9 Pro+ review,"I am concerned about battery timmings and camera performance. I regretted updating from Android 12 to 13. 
Battery performance and screen on time instantly dropped around 20 % and camera quality around 10-15%. 
Please update about pros and cons of ..."
OnePlus Nord CE 2 5G hands-on review,Oneplus community photo devices
OnePlus Nord CE 2 5G hands-on review,Yes
OnePlus Nord CE 2 5G hands-on review,Yes
Realme 9 Pro review,Network connection very 2 bad phon hot too fast wil charging and playing game and hanged 5 sec  network ping 280 ms if I call to someone 40-60 ms network connection is too and too very very very bad so I threw in the wall 23k waste of money worst mob...
Realme 9 Pro review,"True, battery life is not good enough. Battery getting discharged faster. Otherwise other parameters are far good."
Realme 9 Pro review,Maybe it's a user problem
Infinix Zero 5G review,"Good for about 2 - 3 yrs  after that it's all downhill, Phone starts to bug cause no more software supports ."
Infinix Zero 5G review,"Infinix zero 5g phone no good phone, no os uptodate and no security uptodate 
This os 11 good opreting but go to os uptodate 12 then  
Meany bugs call future not working and internet not working etc. So guys no purches infinix smart phone."
Infinix Zero 5G review,Absolutely
Motorola Moto G200 5G review,"Good phone for the money. Two major issues for me: 
1) 5G is a huge battery drainer - 3% every hour in phone standby. e.g. charge your phone to 100% at midnight and you wake up at 8AM - 24% of the battery is gone. So basically I am switching to 4G w..."
Motorola Moto G200 5G review,How to resize photo ? Photoshop ? Snapseed ?
Motorola Moto G200 5G review,I think g200 will be better just my opinion
"Samsung Galaxy S22, S22+, and S22 Ultra hands-on review","Samsung is not a great mobile device. Their software doesn't match up to other OS brand when. 
Samsung is still using the old way of making money from their clients. Their mobile devices is still build on craping written software and more than ..."
"Samsung Galaxy S22, S22+, and S22 Ultra hands-on review","Agreed. 
Why are people's so passive about paying MORE and getting LESS?? 
There should be an outcry by the masses and boycott of these stupid smart phones that can't do what the OLD phones can do. 
But I don't see it. 
I suppose p..."
"Samsung Galaxy S22, S22+, and S22 Ultra hands-on review",Are you sure for you are saying!!!
Motorola Moto G51 5G review,How to fix it when I wish to turn off the power and it is not working. I try to press the bottom and it is not respnse
Motorola Moto G51 5G review,"DO NOT get this phone if you wanna play games at all. Even on low settings, most games stutter, freeze and crash.  
 
If you minimize the games, they stop all together. It's ok for daily tasks like messaging, payments, google maps, internet se..."
Motorola Moto G51 5G review,I have Motorola moto G 51 5 G Mobile Phone The Problem Is you get Drop Of Water On Your Hand the Mobile Phone Shut Down.  You Have To Take Back Cover Off Mobile Phone Off Them Get The Tool To Pull Out Tray From The MObile Phone Check The Sin Card And...
Huawei P50 Pocket review,"I cannot undo my comment but after several testing and studying of teardown (lack of antennna for wireless charging) I have no idea how my phone could show it was charging on the wireless pad. 
My apologies. 
Chilli"
Huawei P50 Pocket review,"P50 pocket does have wireless. It's located in the bottom part of the phone. Probably it is missing in the specs because it doesn't work reliable. Actually, you need quite some luck to get energy into the phone."
Huawei P50 Pocket review,You can download all the needed GMS apps through Gspace. Pretty simple to get all the apps you need.
Oppo Reno7 Pro 5G hands-on review,Is background remove in this phone
Oppo Reno7 Pro 5G hands-on review,Do Oppo Reno 7 Pro still need a micro SD card?
Oppo Reno7 Pro 5G hands-on review,How many 5g bands present in oppo Reno 7pro 5g phone?
Huawei P50 Pro review,Looking forward
Huawei P50 Pro review,That is a show king battery result which ruins a good phone unfortunately.
Huawei P50 Pro review,"Looking back at this phone's camera performance, I only noticed just now on how utterly brilliant the zoom photos are. I expect to see the usual oversharpened effect, but I'm not seeing one at all. Heck, I even dare to say that it's No..."
OnePlus Nord 2 long-term review,"Some excellent things that are not mentioned in the review, and obviously comparing with competitors in this price bracket; 
 
1. Great haptic feedback. No other phone in this range (A52s or 11 lite 5g ne) has this thing on. To some it is very impo..."
OnePlus Nord 2 long-term review,"Had my Nord 2 since 2021. Upgraded from a drowned Huawei and by far the best phone Ive had. But also my first really good smartphone. Did not run into any software bugs, battery life great charge at the end of the day and everything works smooth. Now..."
OnePlus Nord 2 long-term review,"I had the Nord 2 for little over a year. 
Good main camera, good display - the 90hz instead of 120hz did not bother me. 
Great battery life, way way better than my current Nothing Phone 1 
But the bugs were just too many in the software 
Oneplus ..."
Huawei P50 Pro hands-on review,"Have you used huawei with no gms? I had Mate 40 pro, great phone, camera battery life etc, but i sold it for poco f3 why? Bcs in app gallery so little amount of apps, my banking app was outdated, NFC was not working, some apps (even when i found them..."
Huawei P50 Pro hands-on review,"No don't say that,u will get over that when u start using the phone afterall harmony OS is great (slightly better than Android) they have their Huawei app gallery in place of play store so the phone is great"
Huawei P50 Pro hands-on review,Nice phone but to expensive also without GMS give me a reason why should i buy this phone for the price i can buy any high end phone
vivo V23 review,Had my Vivo V23 for several years (since release date) and it has been a reliable phone. Super fast using Google and you tube with no lag and no delay. Takes good photos and videos but struggles in night time photo's outdoors. However after usin...
vivo V23 review,Is the phone has the NFC future?
vivo V23 review,"S20 Fe 5g is a bit outdated regarding os . So its only gonna get updates till Android 13 , It was released on 2020 with Android 10 out of box . Eventually samsung relaunched s20 fe 5g 2022 version its really pricier than old s20 fe 5g"
vivo V23 Pro review,Yes vivo v23 is 5g
vivo V23 Pro review,vivo v23 is a 5g or 4g mobile............
vivo V23 Pro review,No
Samsung Galaxy S21 FE 5G review,"I’ve been using this phone since its announcement. Mine has a Snapdragon 888 5G processor, 6GB of RAM, and 128GB of storage. After nearly four years as my daily driver, what can I say? It’s been a great phone—fast, snappy, with excellent features and..."
Samsung Galaxy S21 FE 5G review,I've been using S21 FE for more than 2 years now. Undoubtedly the battery has lessened by day. But after One UI 7 update surprisingly I'm getting very good battery backup. It never happened before!
Samsung Galaxy S21 FE 5G review,How's that phone after one ui 7 update?im looking forward to buy it.im hearing mixed reviews.some say it got green lines issues and poor battery life and heating issues.im not a heavy user.i don't play games all I do is take some photos and...
OnePlus 9RT 5G hands-on review,Same camera in
OnePlus 9RT 5G hands-on review,Android 13 available OTA with Android 14 in beta
OnePlus 9RT 5G hands-on review,"Amazing rapid charging. Purchased for dual sim capability. No noticeable difference with Samsung Galaxy S20 functions and performance like screen, colors, stereo sound and features. Mine was used and this is probably one of the best phones I've ..."
Samsung Galaxy M52 5G review,"Have had this phone for almost 3 years now. Except for the camera crashing sometimes, I've had no issues with the phone up until a month ago, as I noticed how fast it overheats all of a sudden. It even started glitching yesterday - nothing that ..."
Samsung Galaxy M52 5G review,My battery keeps bulging and opening the back cover when left to charge for long. Am replacing it for the second time.
Samsung Galaxy M52 5G review,"I have used Samsung Galaxy M52 5g from last 3 years , but still i facing Green, Red ,Pink and White lines on display, without any damage to mobile. And samsung care says, change the display."
Samsung Galaxy S21 FE 5G hands-on review,"The review unit seems to have a network issue as is indicated by no network bars, my s21 5g has had the same problem for months now, how did you work your way around it?"
Samsung Galaxy S21 FE 5G hands-on review,Yikes. This just thuds.
Samsung Galaxy S21 FE 5G hands-on review,"yeah I have tested like 5 different chargers and cables, and seems like the problem has gotten even worse in one UI4, it says remove charger immediately because of moisture which is a total joke"
"TCL at CES 2022: 30 V 5G, 30 XE 5G, Project Chicago...",I'm having technical problem with my phone browser can't connect to look up or search the website at all
"TCL at CES 2022: 30 V 5G, 30 XE 5G, Project Chicago...",Good thing there are cases.
"TCL at CES 2022: 30 V 5G, 30 XE 5G, Project Chicago...",I am still waiting for nxt paper
Back to iOS after years of Android use,"What phone does my favorite ""Will"" use 
Hey what's up guys,am will for GSM arena 🥰😍"
Back to iOS after years of Android use,I was searching for a genuine pro and I found nothing.... Lol guess I will have to say away from Apple now....
Back to iOS after years of Android use,"I’ve always been able to put the cursor at any point on a word in iOS, it’s not that difficult. You can also hold down on the space bar abs slide the cursor anywhere you want. I guess you just need to learn about how the software works - like tapping..."
Samsung Galaxy A22 review,I what to see my phone
Samsung Galaxy A22 review,"This phone is toogoood. i need a new one but i cant find it in Zimbabwe, anyone with lead or which one is a recommended upgrade?"
Samsung Galaxy A22 review,The phone is perfectly fine and good but am having some problems with the phone network both call network and Internet connection and I have reset it many times but still
Oppo Find N review,agree and it is always some I-this I-that
Oppo Find N review,"The beginning of the text always starts talking about other brands tendentiously,"
Oppo Find N review,I can't get the phone to detect 5ghz wifi network... Never. Any clues anyone?
Samsung Galaxy A03s review,Sharp phone 💯
Samsung Galaxy A03s review,Yes
Samsung Galaxy A03s review,Good
Oppo Find N hands-on review,"The customer service representative write consumer protection law now? I know my rights. You should learn to know yours,too. Stand up for your rights."
Oppo Find N hands-on review,"The Mate X was my favorite phone ever, and it's a horrid thing to see these tall skinny tongue depressors that are called phones. I'd still use my Mate X  but in a month it won't be usable on any service in the US because of the 3G shu..."
Oppo Find N hands-on review,There isn't any free country and every thing is not just black and white so we have grey too
Best US market phones of 2023 - buyer’s guide,"Wow! They really haven't touched this list in over a year? Come on guys. But at the same when an entire market has evolved to being flagship-or-bust and has banned and discouraged certain brands from selling in it, it kind of kills any motivatio..."
Best US market phones of 2023 - buyer’s guide,please update the list for holiday season 2024
Best US market phones of 2023 - buyer’s guide,"if s24u is the best phone (according to your list) and available in the us, why is it not the best phone for the us???"
Poco X3 Pro long-term review,Bought April 2024 (8/256 variant) for 100 USD second hand. Only change the battery because of deterioration and adding another storage (micro SD 256 GB). Still going strong with Android 12 and collecting 38717 photos on gallery. Even tho I have iqoo ...
Poco X3 Pro long-term review,if I missed it now get back to it
Poco X3 Pro long-term review,"I've been using this device for a long, long time. It's been heated, dropped, and crushed mercilessly. I also recently smashed it in a fit of rage and bought a 16 pro. But 3 months have passed and I'm starting to miss my precious phone..."
vivo iQOO Z5 hands-on review,"Hey can you leave my cousin in law alone? He is right, things have gotten so complicated - you must be some kind of newbie who would rather watch John Wick than a classic like Spiderman 2007, so let me make this straight with you - if you think my co..."
vivo iQOO Z5 hands-on review,But some of u guys will jump from moon to earth saying the brand is cheating and is not giving the charger with the phone.
vivo iQOO Z5 hands-on review,Full Review please.. Waiting for it since..
Ulefone Power Armor 13 review,i was told by att this power armor 13 will not work in the united states.
Ulefone Power Armor 13 review,"The ulefone armor series rugged phone has a customized belt phone holder, which is very portable."
Ulefone Power Armor 13 review,Laser rangefinder is pretty good
Sony Xperia Pro-I review,"I'm sorry but... if you're not a PRO photographer and you buy this for the camera.... again I don't understand who would ever buy this mediocrity. Is there such a thing as under processed? Cause if it is, then this is it. Sony thought,..."
Sony Xperia Pro-I review,"Ultimately, it is because Korea, which manufactures Galaxy, and Japan, which owns Sony, are on extremely bad terms."
Sony Xperia Pro-I review,"What ? how :D, I had Xperia sola for 5 years, and now its been couple of years that my sister is using it as a music player, so I think it really depends on how well you keep it, you need a Doogee or something, I don't think any other phone can ..."
Xiaomi Mi 11 Ultra long-term review,"Should I buy the mi 11 ultra, mi 10 ultra, OnePlus 10t, or nothing phone 2 a at least a phone above android 12 or higher"
Xiaomi Mi 11 Ultra long-term review,"no, it overheats like hell in 2021, cant imagine nowadays"
Xiaomi Mi 11 Ultra long-term review,"Is MI 11 ultra still worth buying in 2024 
Any one still using it till date"
Tecno Camon 18 Premier review,Its not. If you are a camera freak
Tecno Camon 18 Premier review,Will it come to 18p?
Tecno Camon 18 Premier review,Android 12 HIOS 8.6 Released. ✅
Honor 50 review,I agree camera is bad
Honor 50 review,I have a honor phone but I try to reset the phone I forget the device code please guys I need a help please
Honor 50 review,Honor 50 is better than mi 12 x
Google Pixel 6 review,"I am about to buy this phone 
Please i need advice"
Google Pixel 6 review,"I’ve changed my Pixel 6a display twice within just 6 months, and again the display is damaged. I use my phone very carefully, so this is really disappointing. It seems the display quality or fitting is very poor. Spending so much money for frequent r..."
Google Pixel 6 review,"Worst phone, because overheating,and even charging is not good, don't buying and don't loss your money."
Poco F3 long-term review,"Yes, the fingerprint ""bar"" i was so imressed and i was right its such a fast phone overall.. but that fingerprint faster then a mo*or*lo button... (Liquid cooling solution gaming edition present)"
Poco F3 long-term review,"Have been using it since 2021 now, minus here and there, but still great phone for its value, but one problem that sometime really take me off, the volume down button not working anymore, first it's stuck then after a month it's stop workin..."
Poco F3 long-term review,I... don't think so? It was released in 2021 so almost 3 years old now for a new phone. In 2023 you can have Poco F5.
Poco M4 Pro/Redmi Note 11T 5G review,I've had this smartphone for 3 years now and I'm very happy with it.
Poco M4 Pro/Redmi Note 11T 5G review,I need d screen
Poco M4 Pro/Redmi Note 11T 5G review,All Android version 13 dos that
Oppo Reno6 Pro 5G (Snapdragon) review,its on jiji
Oppo Reno6 Pro 5G (Snapdragon) review,"Hi, guys  
I'm considering buying this device for like 430€, is this a good deal - Shipping from Europe, so no import taxes"
Oppo Reno6 Pro 5G (Snapdragon) review,"It doesn't matter. Most Android smartphones have a generally lower resale value, though there is some exception. It should be something that one has to know and accept if he/she decided to purchase an Android, especially most models from Chinese..."
Infinix Zero X Pro review,How come you forgot to mention the 60x zoom in your review
Infinix Zero X Pro review,"This phone is priced 180 USD right now, so i guess it is the budget king on the camera phone segment."
Infinix Zero X Pro review,Sorry about your phone getting stolen
Huawei nova 9 review,"I have nova 9 and I really like curve screen is nice feel like premium phone and night photo is good but not too good quality image, battery is small but  watching YouTube and daily app is can use with single fully charge, audio is loud but not good ..."
Huawei nova 9 review,Been using this phone for about an year. The was quite a good in the start its batter performance and everything was upto mark but after 6 to 7 months the batter got a heck of downgrade. Performance still quite same.Main camera is good but others are...
Huawei nova 9 review,"Excellent  phone regarding performance.. Screen and cameras.. Fast charge also.. 
No cons except you find it tricky to handle google supported apps.. I recommend it ,, but if you have a google app you cant live without,, then samsung and oppo will b..."
Google Pixel 6 Pro review,Go for Pixel 6 pro
Google Pixel 6 Pro review,Go for 6pro pls
Google Pixel 6 Pro review,Google pixel or iPhone 12pro? Please little advise
OnePlus 9 Pro long-term review,"1st smartphone in its class which has 4k 120fps and 8k 30fps video recording, its a big deal even in 2025"
OnePlus 9 Pro long-term review,The battery life on this phone is horrible. Even the OnePlus 8 Pro is significantly better in that aspect. I don't recommend a phone that only lasts 4 hours with screen time.
OnePlus 9 Pro long-term review,Yes it's a flagship phone. Buy it.
Sony Xperia Pro-I as a video camera,"That's was the Z3+ and Z5 in 2015, it had the infamous Snapdragon 810 which was known to be the hottest chipset ever made for a phone. Every single phone with that processor overheated but Sony managed to dissipate the heat very quickly using tw..."
Sony Xperia Pro-I as a video camera,XZ3
Sony Xperia Pro-I as a video camera,I had an Xperia once and i loooved it until its was getting so hot you could fry an egg on it .i dont remember what model it was but i would like to have another shot with Sony ..any advice? Please 🥺
Infinix Note 11 Pro review,"The phone is fantastic, enjoy using it 
Fast surfing, Charging, long battery duration, in fact everything about Infinix Note 11 pro is great 👍"
Infinix Note 11 Pro review,I have been using it for 2 years and enjoying it. It's a fantastic phone
Infinix Note 11 Pro review,My phone is fingerprint is dasible our sound low 😴
Sony Xperia Pro-I hands-on review,The limitation lies in Qualcomm Spectra 580 ISP.
Sony Xperia Pro-I hands-on review,"For a product with the catchphrase ""a real camera in a smartphone,"" it seems half-baked. 
 
Sales points 
1.0-inch image sensor with unparalleled descriptive power 
A shutter button that looks like a camera 
 
However, the 1.0-inch im..."
Sony Xperia Pro-I hands-on review,Asus ZenFone 8 Flip.
vivo X70 Pro+ review,A very nice and smart fone I would love to own one...one day
vivo X70 Pro+ review,Do you have this phone?
vivo X70 Pro+ review,I like the phone
Huawei nova 9 hands-on review,"The OPPO Reno6 5G is truly incredible 
I have been using it for a while, can't imagine that this quality comes from the phone without using filters or other apps to edit the picture 
The games review experience is really unmatched"
Huawei nova 9 hands-on review,"Huawei Nova 9 is good but for me, it is still not viable due to the limited applications installed for the device usually for playing online casino like in casinodays.com"
Huawei nova 9 hands-on review,Gogel service not available that's not good
Realme GT Neo2 review,"Yeah, sell it."
Realme GT Neo2 review,"Global models have google dialer, install o dialer. Its available for COMOROS, OxygenOS, Realme UI"
Realme GT Neo2 review,"GT 2 Series we're released later with android 12, unsure if it stops at 15 or 16"
Realme 8s 5G review,its very useful product (realme8s5g)...... camera quality 100%excellent.....
Realme 8s 5G review,"This phone is really vry bad guys pls don't waist your money for buy it my set is hanged many and many times when I play games and battery backup also is vry poor  
I suggest realme team please fix these problems"
Realme 8s 5G review,"Mainly poor battery life and weak signal strength. Curiously, Realme phones perform well in battery lab tests but not that well in real life. Best example would be the X3 Superzoom. It got 103 hours endurance rating, but in real life barely able to l..."
Android 12 review,I am not feeling happy about Android 12 update. The interface is looking very ugly. Over all my handset performance is not going good. Ringtone is going cut while ringing. Unwanted system pop up are arriving while unlocking also pop up window flickri...
Android 12 review,"Hi, after update to android 12 from 11, I have problems to synchronize the contacts with my car multimedia. In Android 13 the problems remained the same. I do multimedia up-date software, but the problems with synchronization are there. With Android ..."
Android 12 review,"why does google still not have options to sign out of most google services?,and why has google included sign in by a third party allowed in their latest chrome browser?why does google calculator also need to use my data in the background,all google s..."
Apple iPhone 13 mini review,"Unfortunately, i don't think we'll get any actually mini phone, let alone from Apple or Samsung. The small phone is dead, the smallest thing you can get nowadays is like 6.3"", maybe 6.1"" on a good day. But that's nowhere near..."
Apple iPhone 13 mini review,"Will 2026 be the year when a new mini is release? 
When do you guys think we will have a new mini?"
Apple iPhone 13 mini review,"Will 2026 be the year when a new mini is release? 
When do you guys think we will have a new mini?"
Apple iPhone 13 Pro review,Yes 13 pro jas physical sim and esim
Apple iPhone 13 Pro review,"Update it to ios 26,i swear to God it's a good update"
Apple iPhone 13 Pro review,In the Specification I've read.i didn't see a anything Concerning the Networking Sim Slot. Cause I heard iPhone 13pro support a hardware Sim and an e-sim. I what to confirm about this before buying the 13pro model
vivo X70 Pro review,"Had the x70 pro phone for 6 months, dropped it and now cracked screen. Was told that screen change will cost RM700 plus.so will have to live with it."
vivo X70 Pro review,No 4k in ultra wide and periscope.
vivo X70 Pro review,Does X70 pro record 4k @60fps from ultrawide camera?
Oppo Reno6 5G review,"*Considering battery Drain 
kindly  
1- check your apps battery consumption at battery section under settings 
 and find out if you over use some of you apps ; Or some app(s) is hungry and draining your battery. 
2- Turn off allowing foreground..."
Oppo Reno6 5G review,"I'm facing battery drain issue for some days and the the charging time takes about 65-70 minutes, even though when I plug in it shows supervooc 65w. Please answer me somebody."
Oppo Reno6 5G review,"I like this device but can find in Nigerian stores to buy, i'll be glad if somebody have an idea on where to buy it"
Apple iPad mini 6th gen (2021) review,Aren’t those rounded corners called squarcles?
Apple iPad mini 6th gen (2021) review,"wow,,,are you GIANT?"
Apple iPad mini 6th gen (2021) review,i want ue that like phone.I want to use this as a phone because the current keys on the phones are so small and the screen. Can be used instead of the phone. Tired of dialing the phone.
Xiaomi 11T review,My xiaomi 11t fingerprint just wipe out from the phone and I can't have access to it again. Any solution?
Xiaomi 11T review,"No phone last ""20 hours!"" or ""2 days!!!!"". 
Normally what you get goes from 6 to 10 hours SOT. 
(ScreenOnTime) 
Rest is standby. ********* ***** trying to inflate numbers... 
 
Whatever, battery seems fine when watching video..."
Xiaomi 11T review,Not bad
Apple iPad 9th gen (2021) review,Pls don’t lie lmao. The iPhone 12’s camera wipes the floor with this iPad
Apple iPad 9th gen (2021) review,"honnestly i used to buy android tablet but even with samsunt tab S series you have poor software support so i stop buying them 
you can add also medium level config (cpu/gpu) to that 
 
even with an a13 this ipad play all the game, is fluid, has g..."
Apple iPad 9th gen (2021) review,"I don't know what you're hearing but in the recordings the iPad sounds painfully anemic. Our phones sound better, along with most other tablets. I don't think it was recorded right maybe?"
Apple iPhone 13 Pro Max review,"Worst series ever on iPhone is 13 series.  
I was just about to change my 13PM to 16 pro when it got “white screen” issue, and had to spends tons of $$ changing the screen.  
Lots of people especially 13 pro max users has this issue. Don’t buy!"
Apple iPhone 13 Pro Max review,"Good afternoon family, how much does the iphone 13 pro max 512GG with 6GB RAM cost"
Apple iPhone 13 Pro Max review,Iphone 13 pro max has the worst camera.
Apple iPhone 13 review,Wow
Apple iPhone 13 review,I wish it had 120hz promotion!
Apple iPhone 13 review,4gb ram 🥲
Samsung Galaxy A52s 5G review,Compared to Samsung's newer releases this is a 4.8.
Samsung Galaxy A52s 5G review,I am use samsung a52  very nice cemara and good profomese   loveit  mobile
Samsung Galaxy A52s 5G review,Same issue 😭
Realme 8i review,Heating problem
Realme 8i review,Picture during sunlight over makup shows. Display over brighten at sunlight.
Realme 8i review,Is this 5 g
Xiaomi Redmi Note 8 2021 review,Slow motion was downgraded too from 240 fps to 120 fps👎🏼 so be aware (even GSMArena didn't notice)
Xiaomi Redmi Note 8 2021 review,"I thought only Samsung that made little downgrade to their New phones. Specially changing UFS back to aged eMMC typr storage. 
Goodluck then, Xiaomi!"
Xiaomi Redmi Note 8 2021 review,I don't understand why release this phone with old name?
Realme Pad review,"I have the same issue, getting it upgraded (sell ) and buy latest, no other option"
Realme Pad review,This Tablet Is good but I after 2 years it is started heating and this heating suddenly heats up this is first issue and second one is worst it always do ghost touches (touches randomly on screen ) with out any reason and how to solve it I don't...
Realme Pad review,"Heating issue 
 
I once got a cover to protect my 3-Year Old Real me tablet  The following morning I noticed the battery was drained and the back of the device was relatively hot  
 
I figured I transfer the Realme tablet back to the old case. Af..."
Motorola Edge 20 Pro review,7. 3. 2023 . Still we don't have jio 5g canectivity . And Android 13 update please do something Motorola team. It's your primium range smartphone .
Motorola Edge 20 Pro review,"i am from Bangladesh and i desperately want to buy the phone but it is not available in my country, how can I get it? and i am confused about the actual price now. anyone help if possible, Thanks"
Motorola Edge 20 Pro review,"I'm a huge fan but it has👌protection at all. The addition of IP67 dust and water resistance up to 1 meter depth for 30 minutes makes this a GREAT BUY. I just don't know if it would get further updates from Android 11, though. 
 
""Rea..."
Xiaomi 11 Lite 5G NE review,"Thank you. I just purchased a second hand Xiaomi Civi, which offers similar battery life. Will arrive in 10 days."
Xiaomi 11 Lite 5G NE review,I get regularly 10 hours of SOT easily with heavy use. I leave the energy save mode on constantly.
Xiaomi 11 Lite 5G NE review,Hello. Can this give you 6 hours of SOT?
ZTE Axon 30 5G review,I just got it for 240E. For this price it's a great phone. I almost never use the selfie camera and battery life is also not that big of an issue for me so all good.
ZTE Axon 30 5G review,From €500 down to €277 now it's not bad at all. Or...!?
ZTE Axon 30 5G review,"the main camera has 64MP 0.8um ,  so the digital zoom should be fine"
Xiaomi Pad 5 review,how is the stylus pen is it compatible with clip studio
Xiaomi Pad 5 review,The usual fill hardware from xiaomi.   Only 1 android update then no more which means the device becomes junk quickly.
Xiaomi Pad 5 review,"If you are planning to buy the pen as well DO NOT!! It has so much bugs. and since it was almost $70 I thought it would be atleast durable, but in less than 30 times of dropping it (on accident) It even added MORE bugs like for example: when it'..."
Xiaomi 11T Pro review,Hi.. xiaomi 11t pro is not available in service centre itself. Where do u get. Pls reply
Xiaomi 11T Pro review,"I dont write reviews, but i came here to tell you reading this that this is the best phone i have ever used , and um using it heavily, doing all things i need with him , recording editing using apps, running business, runnig ads, multitasking, it had..."
Xiaomi 11T Pro review,"I replace mine once after 3 years, and running good again just like new."
vivo iQOO Z3 5G hands-on review,Ihv been using this device for the past 4 years and I have to say it's best for it's price (except for the battery)
vivo iQOO Z3 5G hands-on review,Phone is good but my phone charging animation is not working ..
vivo iQOO Z3 5G hands-on review,Not working ashphalt 9Games
Realme GT Explorer Master review,"Yeah, unfortunately Oppo/Realme and Xiaomi don't have this feature. Huawei and Honor have it built in to their  own software so you don't need Google lens and it works perfectly. Vivo also have it on Origin OS but have never used their phon..."
Realme GT Explorer Master review,"Good battery, good screen, good camera. Im totally happy with my buy. No zoom only digital. Night shots simply amazing. Difficult situation absolutely coped with fill light and night mode. My friends got amazed with the outcome photo. To me most impo..."
Realme GT Explorer Master review,No Screen Translate tool option in the smart sidebar because it's Chinese Version. And No 3 finger translate either because you'll need a Global ROM with Google Lens. Maybe it will be released Globally but I highly doubt it.
Motorola Edge 20 review,I can get it brand new for 206 euros is it worth it
Motorola Edge 20 review,"Great phone. 
Uses android 13 
Great camera......use in pro mode, you get live exposure histogram, tilt indicator, landscape grid, exposure control plus or minus two stops, white balance control, ASA choice, focus point  
selection and aperture se..."
Motorola Edge 20 review,I have received the Android 13 update in UK
Samsung Galaxy Watch4 review,*bright
Samsung Galaxy Watch4 review,An update just released in india. Now health monitor is working ie. ECG and BP option available
Samsung Galaxy Watch4 review,"Why did you buy it them? why buy tech without research, dont seem too brite"
Google Pixel 5a 5G review,"Buddy, the main thing is that you are healthy. But what prompted you to write such a lie about this device. Did Honor-Xiaomi's competitors really give $1 million? Tell the truth at least once in your life. LOL"
Google Pixel 5a 5G review,"Same case happened to me.... Bought two years before now looks like dead.... 
 
Visited one and only exclusive service center in 1MG mall Bangalore, they said this is not launched in India and don't get parts, so cannot service..... Don't..."
Google Pixel 5a 5G review,"The same situation now with my one. Long tap on power button (30sec or more) can restart this phone, if battery is charged. I think, this is the time for battery replacement."
RedMagic 6S Pro review,"- Self-claimed expert 
 - Owns every ""top phone"" 
 - Makes arguments with no backing 
 
Shilling much?"
RedMagic 6S Pro review,No it is not you just have no clue what you're doing. Leave that up to the experts like me
RedMagic 6S Pro review,"I own every top phone as of 2022. Rm6s Pro clearly is better than any other one from Real World experience.. but when you find that perfect phone that has no bugs and makes you win every pubg battle oh, please let me know cuz it doesn't exist"
Asus ROG Phone 5s Pro review,I purchased rog 5s recently. It was my worst mistake. Suddenly the wifi IP stopped working. Hotspot and wifi were dead. I went to service centre for compensation and they rejected. And after 2 days the entire hardware went dead. The customer care ser...
Asus ROG Phone 5s Pro review,What it is available??
Asus ROG Phone 5s Pro review,Orginal camera app when video recorded it shakes video and gps spining around
Samsung Galaxy Tab S7 FE review,Tablet won't stay on. Have to keep pressing power key. Jumps from one point to another.
Samsung Galaxy Tab S7 FE review,"Very good tablet, shame about the pen.  I have had a number of tablets and phones made by Samsung and I have always chosen to have a pen. The pen has always neatly tucked into the tablet or phone and as always been responsive.  However the stylus on ..."
Samsung Galaxy Tab S7 FE review,"I have had this tablet for almost 1 year and I should say the 4 Gig RAM is not as fast as I needed for multitasking. Whenever I switch between my Google Chrome browser and Skype, I must reload the Chrome web page again."
Realme GT Master review,How do you measure battery health?
Realme GT Master review,"6 hours of screen on time on a 3 years old phone is amazing!!! What the heck are you talking about? The majority of smartphones nowadays can give you 5-7 hours of screen on time, you getting 6 sot on a 3-4 years old phone and you complain? :))) Lol! ..."
Realme GT Master review,How did you check battery health?
Xiaomi Redmi 10 review,Yet to be at home for now you can call it from you can see me in my
Xiaomi Redmi 10 review,"Greets! 
 
What should i buy to connect my Redmi 10 phone to ny TV monitor and watch .Thank you"
Xiaomi Redmi 10 review,everytime i update system my external memory reformat. such a waste all my music data lost.
Xiaomi Redmi Note 10 Pro long-term review,"I'm still using it now even though it's already Redmi Note 15 series era and Xiaomi 17. No game app i installed but lot of productivity apps i installed. My phone has dropped many times, yes the back cracked everywhere but never changed the..."
Xiaomi Redmi Note 10 Pro long-term review,"I have this device since june 2023, I compared it to the Redmi Note 11, 11 pro 12, 12 pro, 13, 13 pro, nothing to complain about the Note 10 pro, the only thing it can't do is stabilization in 4K. The super macro mode with its 5Mpixel sensor is ..."
Xiaomi Redmi Note 10 Pro long-term review,You are. Right
Samsung Galaxy Z Fold3 5G review,Lol
Samsung Galaxy Z Fold3 5G review,"Why did my screen crack in the middel,2× and if i replace it again,i could just buy a new one,2 out of 15 friends have the same problem, i dont have kids, im a nurse and it did not fall, come one samsung,give me a brake!!! Started covid with this pho..."
Samsung Galaxy Z Fold3 5G review,It means your phone is carrier locked
Oppo Reno6 Pro 5G hands-on review,"Very good phone, no overheating"
Oppo Reno6 Pro 5G hands-on review,"After purchase, within a few days found out, that many functions do not even work. 
 
For instance: 
 
- Create groups of the contacts. 
- Backup OPPO in cloud (HeyTap Cloud). 
- Device's own E-mail app is missing. But mandatory use of Gma..."
Oppo Reno6 Pro 5G hands-on review,"Oppo Reno 6 Pro 
2021 year camera not OİS ?! Are you Ok???"
Samsung Galaxy Z Flip3 5G review,Why my Flip 3 goes off when I close it? It doesn't become on even if I switch it on.
Samsung Galaxy Z Flip3 5G review,"I suggest not to buy Samsung flip and folding phone.these mobile phone is having display problem always. 
I had  bought 2 mobile of  Samsung Galaxy z flip 3. And display is having problem after 12 month  of purchase and customer service center is as..."
Samsung Galaxy Z Flip3 5G review,"The name of the game is convenience!  A galaxy z flip 3 is on it's way, for $199. 
  It's miraculous, the ongoing evolution of technology that I can carry with me-anywhere!  (Cannot do this with any other device!)  Can't wait!G."
Realme GT Explorer Master & GT Master hands-on review,"Unfortunately it's a dream since GCam ports work only in Nokia phones, even Motorola doesn't allow it"
Realme GT Explorer Master & GT Master hands-on review,GT master + gcam port = great value
Realme GT Explorer Master & GT Master hands-on review,GT master + gcam port = great value
Asus ROG Phone 5s Pro hands-on review,Oh and when u just do a little bit more gaming boom it will do an explosion bigger than the yellowstone supervolcano. And then when u ask for a refund u will get only the cpu.
Asus ROG Phone 5s Pro hands-on review,Added benefit - go camping with a portable cooker!
Asus ROG Phone 5s Pro hands-on review,Who the heck would want an phone which can cook food even if its flagship or not. And hopefully mtk comes in flagship and removes the overheating sd 888 sd 898/895
Samsung Galaxy A52 5G review,"True with my Samsung a52s,  back really did detach after 2 yrs. but phone still functional."
Samsung Galaxy A52 5G review,Not a quality product. Same thing happen to my phone also Within 1 1/2 years back cover automatically open up.
Samsung Galaxy A52 5G review,Not quality product. Within 2 years back cover automatically open up and loose its water resist power. G&G  service is also bogus. G& G Baily road
Samsung Galaxy Z Fold3 and Z Flip3 hands-on review,When you have more money than sense.
Samsung Galaxy Z Fold3 and Z Flip3 hands-on review,"Note series was redundant with S series ultra line up that has the same or more features except the S pen.  
 
If Apple can take great photos with 12mp camera, so should Samsung work on that direction rather than limit itself to bulking up the came..."
Samsung Galaxy Z Fold3 and Z Flip3 hands-on review,"I'm not gonna lie. I'm a Samsung fanboy but I am disappointed that the note has been pretty much replaced with the fold 3. The Note was premium, had all features of the same year Galaxy S range and more. But the camera specs on the fold is ..."
Motorola Defy (2021) review,Does rugged case makes your phone waterproof?
Motorola Defy (2021) review,"The Motorola Defy with it 5000Amper bateey and 230 grams is light phone.  
      I have ruged Blackview 6600 phone- it weight is 380 grams with 8000 Amper batery. I want to take this Blackview to 4 day tekking route without charging possibilities.  ..."
Motorola Defy (2021) review,"What about droping pbone in the water? 
My last Huawei sank in tea. 
My sister peeled potatoes and droped her phone in bowl with water and potatoes.  
  Security case do not protect ""regular"" phone against the water.  
I decided to try ..."
Poco X3 GT review,"After 3 years hard using. Playing pubg, mobile legends couple of hours every day i can said this is really good phone. Too much heating but no explosion 😊. Battery still in good condition. I have 140gb in games and apps. Now i think to update on x4 g..."
Poco X3 GT review,"Why my fone not support 5G  
For Umobile telco"
Poco X3 GT review,I use Umobile network 🛜 but no 5G . I call telco network my sim card already have 5G . Why my fone not support 5G for Umobile?
Sony Xperia 5 III review,Honestly this phone is great tbh I got no line problems sooooo anyways great phone
Sony Xperia 5 III review,it got line issue??
Sony Xperia 5 III review,"5 Series? I really would like to have this, the problem is the Green Line Issue."
Huawei MatePad 11 (2021) review,"Finally... Someone that speaks ... I'm not against Apple in anyway, but just the so ""close"" ecosystem the skyrocket prices, together with the grazy idea of not having expansion for memory card in any device... Not to mention the way th..."
Huawei MatePad 11 (2021) review,"Hey, I have to say it performs excellent in all areas, really all! 
the construction is very good, the display more than fine, the speed super fast, the sound maybe the best of ALL tablets and phones (you can check on measurements or in a store), th..."
Huawei MatePad 11 (2021) review,You basically have to just downlpad gspace and download every google play app that you want to use. Easy as 123. :)
Moto G50 review,You can buy the Nokia G50 with similar specs for 150 USD from the official USA Nokia webpage
Moto G50 review,"I'm on a 200eur budget and need a new ringer, where the funk do I find a G 5G (Plus) for this money? Welcome to March 2022."
Moto G50 review,"I bought one for my wife to replace the her one vision. 
 
The device is great there's nothing wrong with it,  clean UI , great battery life and camera takes good pics. 
 
For less than 200€ what more do you need ? I don't fancy phones ..."
Samsung Galaxy A22 5G review,This one would make us think to have some good
Samsung Galaxy A22 5G review,is there no 48mp watermark?
Samsung Galaxy A22 5G review,A225G
Realme Narzo 30 5G hands-on review,Problem net
Realme Narzo 30 5G hands-on review,😂It is heating....... not hitting‼️😂
Realme Narzo 30 5G hands-on review,Hitting problem
OnePlus Nord 2 5G review,"Waste of money don't buy this phone, phone heating, not a flagship killer, cameras are worst. In this rate many best phones are there. My opinion is to not buy this phone 📱"
OnePlus Nord 2 5G review,just disable it from the display settings.
OnePlus Nord 2 5G review,I like it very much ! But I need help ! How to remove Always on Display ? Can you help ?
Samsung Galaxy S21 Ultra long-term review,It supports 45w charger too just that the phone has been optimized to charge with 24w so even if you use a charger with higher watts the charging speed would still be the same for safety purpose
Samsung Galaxy S21 Ultra long-term review,The performance is amazing in 2024. It feels like a rocket!
Samsung Galaxy S21 Ultra long-term review,Yes it is
Sony Xperia 1 III review,"Hello everyone  
I I'll buy ""Sony Xperia 1 mark 3 good device buy cast too.. camera active time little hot.. otherwise good device..song listening loudspeaker and using headphones.. both are good output..I will buy this device..song listen..."
Sony Xperia 1 III review,Using a phone meant for photos for gaming 💀💀💀💀💀
Sony Xperia 1 III review,Front camera of xsmax is sharper and hold better quality tha xpera 1 mark 3 back cameras
Tecno Phantom X review,Was the water deep and how long was it in the water
Tecno Phantom X review,"My Techno Phantom X front screen stopped working, only the inner bigger screen is showing. Please what is happening? Is the life span over?"
Tecno Phantom X review,"You bought a non original device 
When you bought it from them did u think to check the IMEI number? 
The phone is equiped with 8+5gb of ram 256gb rom 
You come they talk as if tecno is a useless company  
Beware of scammers"
Realme X7 Max 5G / GT Neo review,"Still using phone bought around its launch. No issues, works very well. Only problem-photo lens needs to be cleaned frequently, battery got a bit worn out.  
Now I'm bored with having it for so long. Otherwise no issues"
Realme X7 Max 5G / GT Neo review,still using this phone in 2024.. nice phone no lag untill now and great camera
Realme X7 Max 5G / GT Neo review,Is anyone facing call drop issue in 5g area..i am having continue call disruption
Realme GT 5G review,It has a glass or leather back. But the SD888 is still an overheating mess so you should use an external cooler
Realme GT 5G review,"I've had the phone for a year. It does overheat when playing certain games (brawl stars, rocket league sideswipe, genshin impact, roblox, call of duty mobile) and when watching lives on twitch. An external cooler is almost necessary"
Realme GT 5G review,"U should make the research...or read the article where u are commenting on 
 
Realme GT throotle heavily, 55% of the performance at full load is...  
 
I would like to see how it performs with external cooling like a fan or a peltier cooler, mine..."
RedMagic 6R review,It comes boxed with an adaptor though to plug your headphones in
RedMagic 6R review,"Reall, its gotten up to like 80° on CPM2 max graphics"
RedMagic 6R review,0/10 rating very low or support services. I am not happy with their support team.
Xiaomi Mi 11 long-term review,"I use hydrogel film, it's great."
Xiaomi Mi 11 long-term review,Tempered glass protectors are impossible to fit to the gorgeous screen...does anyone have a solution?
Xiaomi Mi 11 long-term review,Battery life is very very bad
Tecno Camon 17 Pro review,"Maybe you factory reset it? 
That usually makes it less effective most times... 
 
But how about the battery 🔋"
Tecno Camon 17 Pro review,I've seen lots of camon 17 pro and the chipset that shows in the settings is Helio G90T
Tecno Camon 17 Pro review,"Depends on what you want. 
 
Camon 17 Pro can capture videos in 4k and has a nice selfie camera. Ultrawide also has autofocus, which means you can take macro shots with it. 
 
Camon 18 Premier has a more premium build, versatile set of cameras an..."
OnePlus Nord CE 5G review,"Phone overheats a lot when using hotspot. The video recording while moving is also shockingly bad, resulting in extreme shakiness. Even delicate footsteps end up looking like an earthquake. Would not recommend."
OnePlus Nord CE 5G review,"Overheating a lot. Using it as a hotspot quite often and if I do something else on the phone meanwhile, it turns the hotspot off... First and last time for OnePlus."
OnePlus Nord CE 5G review,Only problem is with it's proximity sensor which doesn't seem to work sometimes otherwise it's a great phone no bugs or anything
Samsung Galaxy A32 5G review,I bought Samsung a32 5g phone .  My sister wanted to look at it and she started pushing buttons on the camera and all of a sudden the camera took a 25 burst shot picture....it was awesome but she can't remember how she did it ...does anyone know...
Samsung Galaxy A32 5G review,"I'm currently on android 12, it shows download failed when I try to upgrade to 13. Pls anyone with a solution?"
Samsung Galaxy A32 5G review,It shows some corrupt format tools bar and how to solve that issue.
Huawei MatePad Pro 12.6 review,I do want to correct this comment of mine. I only found out that this isn't the only HarmonyOS-powered Huawei tablet that exists to date*. This is the only HarmonyOS-powered Huawei tablet with a flagship Kirin SoC. Newer MatePad models now use S...
Huawei MatePad Pro 12.6 review,I think I'm safe to say that this tablet remains the only HarmonyOS-powered Huawei device to be officially available for the Global market as of December 2022. Even the latest Mate 50 series runs on EMUI for the Global market.
Huawei MatePad Pro 12.6 review,can I install windows on this tablet ? to operate like matebook E?
vivo iQOO 7 Legend hands-on review,It's true or fake
vivo iQOO 7 Legend hands-on review,Visit any iqoo service centre and u will get the cover 100% same
vivo iQOO 7 Legend hands-on review,I qoo 7  is best phone in life
Sony Xperia 10 III review,How was 5G network set in India
Sony Xperia 10 III review,"how to enable 5G network in Malaysia??? 
any workarounds???"
Sony Xperia 10 III review,Mine is very good and I wish to continue by another one good and bigger than this Experia 10 v1 I want to test this one hop it will be good like Experia 10 111
Poco M3 Pro 5G review,"I've had my Poco four years now and happy with it although it seems I'm not using 5G. I wanted to know if this device is ESim compatible for Japan? On advance settings, ESim option comes up asking to disable second SIM whilst using ESim, bu..."
Poco M3 Pro 5G review,The very worst mobile I ever experienced.... Turn off and then after 2 days will tun on.....bunch of pop up ads .....wasting alot time.....hang problems.....it's just my mistake to buy .....never recommend......think 1000 times before buy any pr...
Poco M3 Pro 5G review,"My recommendation for this phone is for Poco m3 pro 5g 6/128. Fast charging, fully charged only 1,5 hours. Don't update the MIUI to 13. Stay at 12. It's stable. The screen is comfortable enough to use. As long as we don't install super..."
vivo V21 (5G) review,Very best phone i have highly recommended
vivo V21 (5G) review,Please solve the battery performance very low  performance and back camera is not good AND FAST DRAINED please vivo need bigger update for this phone waste my money to buy this kind of phone VIVO V21 5G
vivo V21 (5G) review,Worse phone ever. Very low battery performance at a very high price. My regrets on buying this phone. Such a waste of money.
Xiaomi Redmi Note 10 5G review,15
Xiaomi Redmi Note 10 5G review,"Unfortunately, I have to flash custom ROM on my Redmi Note 10 5G due to heavy throttling (UI lag and skipping frames on gaming) and device heating."
Xiaomi Redmi Note 10 5G review,Yeah.. search it in the settings search bar Game Turbo should show up..
ZTE Axon 30 Ultra 5G review,Very grateful and the most comfortable phone
ZTE Axon 30 Ultra 5G review,Hallo. I got a silikon Case not the same from your Pikter! I want this Case so much!😔
ZTE Axon 30 Ultra 5G review,Would love to see more mobiles with >90Hz displays tp provide an option in the settings to lock the refresh rate to 90Hz. I'm not talking about adaptive refresh. Just a plain and simple extra option for 90Hz along all the other options that a...
Xiaomi Black Shark 4 review,can anyone hlep me how to use bypass Charging in bs 4
Xiaomi Black Shark 4 review,It's possible. You need to turn off all running apps in the background to get as much free memory as possible. Also turn off notifications using the Shark Space app.
Xiaomi Black Shark 4 review,I would like to know if 6GB Ram is enough to run games at high graphics configuration without problems. Thanks
Xiaomi Mi 11i/Mi 11X Pro review,"Using from last three years, & of late the phone has started descending in performance. 
 
▪️ The quickball automatically hides itself after restarting the phone. 
▪️ The interconnectivity feature between Xiaomi phones & tablet has never s..."
Xiaomi Mi 11i/Mi 11X Pro review,Battery drainage quickly...
Xiaomi Mi 11i/Mi 11X Pro review,"Get it imported from india , will workout. Cheaper as well"
Realme 8 review,"Hello sir,  
My device realme 8 automatically battery drain problem solved. 
please support me"
Realme 8 review,"I have use this pic but now few day ago updating new vesion are not working properly all applications speed are very slow internet speed are very slow working, now some applications not working like Google crom is not working also several time app re..."
Realme 8 review,I used this phone from last 10month & I am very happy with this phone .All features & app works good except voice recording app.
Xiaomi Redmi Note 10S hands-on review,The bttry dies quickly and  badly ....so poor
Xiaomi Redmi Note 10S hands-on review,"You can find a perfect one with a charger for like $100 in my country, definitely the best mediatek phone for the price."
Xiaomi Redmi Note 10S hands-on review,"this phone is beast,4K 30fps at only 141$ is crazy,and i can play codm with this phone,but the only problem is that this phone overheating quickly,so you need a cooler."
Realme 8 5G review,My personal phone updated
Realme 8 5G review,It's is a waterproof phone or not ?
Realme 8 5G review,5G SA not applicable on DITO Telecom only 5G NSA is working base on my experience
Asus Zenfone 8 Flip review,"What is an ""APN setting""?"
Asus Zenfone 8 Flip review,"I just bought a ZenFone 8 flip in June 2024. The major reasons I bought this were two:  
1.  It has a microSD card slot, a feature that turns out was rapidly going away in many main smartphone lines during 2020 and beyond.  
2.  The second reason w..."
Asus Zenfone 8 Flip review,That's ridiculous - you probably have the wrong APN settings.
Asus Zenfone 8 review,"I would highly recommend anyone looking into getting an Asus Zenfone mobile phone to think twice. After 18 months of it being one of the better phones I've used, it suddenly bricked while taking a photo. Completely non responsive. Won't tur..."
Asus Zenfone 8 review,Forget to add in cons too slow charging
Asus Zenfone 8 review,Great phone. One of the best phones I have bought and will remain in the top 10 phones in my life. It checked almost all the boxes in my requirement lists and so I decided to buy it even though it was expensive. Wish Asus had provided more OS and sec...
Poco X3 NFC long-term review,"I have been using the POCO X3 NFC for four years, and my experience with this device has been outstanding. Its performance remains the same as when I bought it four years ago. I personally love this phone for its fast charging, and I believe it is th..."
Poco X3 NFC long-term review,"The phone is very good when it comes to its price. However, a MAJOR drawback that you won't find out unless after some time of use is the terrible network. If you put this phone and another of a different make in the same place and have someone ..."
Poco X3 NFC long-term review,I have been using this phone since 4 years .. i even now dont want to change this phone but my son has thrown this   phone for hundred times now its into pieces but yet in use and working good..best phone i ever had but now i think i have  to change ...
Oppo Reno5 5G / Find X3 Lite review,Is this phone water resistant? Was just wondering...
Oppo Reno5 5G / Find X3 Lite review,"Is it because u hate on Oppo.. In fact! I use an apple iPhone 13 but, I think the oppo has a good gaming performance since I play some high-graphics, And with the 64 MP camera is a huge difference! between my 12 MP camera i'll rather use that in..."
Oppo Reno5 5G / Find X3 Lite review,"Oppo is very unreliable brand.. this phone is not worth for its price, the camera gets laggy when you open it and even filming you can see some stutters. gaming is not good also the phone gets very hot on 10mins while playing some decent games like m..."
Xiaomi Mi 10T Pro long-term review,I am in Uganda and I have used my Xiaomi Mi 10T Pro 5G for four years and it is still superb
Xiaomi Mi 10T Pro long-term review,"You are obviously trolling. You've never even seen this phone in real life, let alone used it long term. I've had it for more than 2 years - battery life is still superb, photo quality is excellent and its processor + RAM combo handles ever..."
Xiaomi Mi 10T Pro long-term review,I have Xiaomi 10T Pro. And its awful. Camera quality is just 0. Refresh rate of screen is auto dropping to low by itself so for games its useless (for other goals u dont need 144hz). Battery is also quick getting out after a year of using. Also very ...
Xiaomi Mi 11X Pro / Mi 11i hands-on review,F3 pro
Xiaomi Mi 11X Pro / Mi 11i hands-on review,"Gsmarena has become a puzzle. Go through the review of mi10t pro and the camera is put to disgrace by gsmarena review whilst mi11x pro is admired, but then again go through the quick comparison the mi10t Pro just shines. 
One gets puzzled for his de..."
Xiaomi Mi 11X Pro / Mi 11i hands-on review,it's not justified maybe +600 buck
Samsung Galaxy A72 review,You should try A71 absolutely marvelous phone using it for the last four years.. No problem Occurred..
Samsung Galaxy A72 review,I want to top up my Samsung galaxy a12 with the Samsung galaxy A75 please may till me if  it was there in you office Samsung galaxy a75
Samsung Galaxy A72 review,I love
Xiaomi Mi 11 Ultra review,"For Xiaomi 11 Ultra users: 
 
If you want to take videos that can switch the 3 lens automatically from Ultrawide to Main to Zoom camera while recording... just set the stock camera app to 4k at 30fps... 
 
(currently running HyperOS 2)"
Xiaomi Mi 11 Ultra review,Well maybe Xiaomi 14 Ultra and 15 Ultra are better.
Xiaomi Mi 11 Ultra review,"Using Mi 11 Ultra for more than three years now, and if i had the option, i would buy this again without giving any second thought. For few days used Google Pixel 8 Pro, but it cannot match its image quality or overall user experience. Surprisingly, ..."
Xiaomi Mi 11X hands-on review,You can add  a custom rom as this phone is provided with a great  variety of custom roms which gives you a cleaner ui
Xiaomi Mi 11X hands-on review,No
Xiaomi Mi 11X hands-on review,But the mi11x 4k30 log is unbeatable ..you can even compare with iphone 13 or may above..
Oppo F19 Pro+ 5G hands-on review,Oppo F19 Pro+5G open device pattern lock 🔐
Oppo F19 Pro+ 5G hands-on review,I am using this model but the screen size is small battery charging is great but battery capacity is small considering the price range and NFC support is not available for this price range and the storage features are good for this price range of 8 G...
Oppo F19 Pro+ 5G hands-on review,"I have this model but i am not satisfied by this because it shows 8,128 gb but on 1 gb it was shown it was full"
vivo X60 Pro+ review,Congratulations
vivo X60 Pro+ review,"And besides, not flying nor driving 
😁😉"
vivo X60 Pro+ review,Literally the x60 pro plus are some of the best smartphones but they are not widely available. Such a mis opportunity for vivo. They should have released in more countries
Xiaomi Mi 11 Lite review,Front camera stop working after some time finger print also not working after 1 year
Xiaomi Mi 11 Lite review,I do same. Front camera not work also back camera get stopped if i do one second picture. Bug muiu 14 also getting suck. sometimes i touch the screen is hard sometimes he don't move. I don't know to downgrade again in miui 12
Xiaomi Mi 11 Lite review,"Used it for a while and the front camera stopped working, the power botton became hard."
vivo X60 Pro review,"I bought this phone in 2021. And have used is really heavy.  
 
I am a bike rider. I have used it my bike handle bar which has ton vibrations. IT HAS SLIPPED from my hand many timesduring rides from considerable height and speeds. And it performed ..."
vivo X60 Pro review,"Vivo does have bugs, but xiaomi has sooooooooo many mroe. And they didn't use to have them like 5 years ago. But now xiaomi miui is total trash. Poco ui is better but not that much. Funtouch is nice very feature rich but there's one navigat..."
vivo X60 Pro review,Screw the camera... 11T pro wins for value and other specs!
Motorola Moto G10 Power hands-on review,"Still have g9 power, use it for work. After so much abuse, multiple drops and ending at the bottom of the canal phone still works perfectly. It seems experiences are very different across the board..."
Motorola Moto G10 Power hands-on review,Has this phone got any Gorilla glass?
Motorola Moto G10 Power hands-on review,"I would happily take lesser specs, at least i don't get ads RAMMED in system apps and OS/FIRMWARE like the competitors, AND it is cheaper then other 6k mah phones."
Xiaomi Mi 11 Lite 5G review,"Best phone, Lightweight, Sleek under 30k- Happy user for 3 years!"
Xiaomi Mi 11 Lite 5G review,"This is a great phone. It's strong light and compact with a big display great camera and basically everything you need.  
It could use larger batery though.  
Lately the battery isn't holding up well and i was wondering how long i have it..."
Xiaomi Mi 11 Lite 5G review,This phone or a galaxy s10e
RedMagic 6 review,"It's been hell for me though, I also bought mine after the launch. But it's been overheating and nothing else for me. 
 
The phone heats up to 62°C in Genshin Impact on the lowest settings. 57°C in CODM on medium graphics settings and the..."
RedMagic 6 review,"It's been like this for me as well and it's been well over a year that I'm using it this way. There is no prompt leading you to the login page of that public network. 
 
I always have to ask my friends or family for the login IP addr..."
RedMagic 6 review,My REDMAGIC 6S Pro will automatically use mobile data if wifi is weak. If you cut off mobile data while connected to public wifi you will see the wifi icon appear. I am on an unlimited data plan so this functionality is great for me.
OnePlus 9R hands-on review,Also green and pink line
OnePlus 9R hands-on review,Same story also lined
OnePlus 9R hands-on review,Can cordreader connected with OnePlus 9 r
Huawei Mate X2 review,"Based on my experience with Mate Xs , the screen was really solid , it had 2 layers of expensive polymer film that were protecting and holding it tight, in my opinion this is better than glass , yes  scratches is always an issue with any plastic scre..."
Huawei Mate X2 review,"The mate x/xs was way better than anything samsung had made till then but the technology was not there yet. The screen folded outwards and was made from plastic, which meant it scratched easily and was not that durable. But as soon as foldable glass ..."
Huawei Mate X2 review,"Apart from the extra ram I can't see what are the pros of a Z fold from a hawardware point view. 
 
Possibly (and hopefully) Z fold 3 solves those, but until then Mate X2 is a no brainer (as long as you can find it that is, because -practicall..."
Poco F3 review,My phone suddenly unable to connect to android auto anymore.Really wierd
Poco F3 review,"I have been using this phone for 3 years i can still play genshin impact and pubgmobile with it, the video consumption still very good i have an rog phone 6 the performance is still not quite far considering its already 3yrs old.. im keeping this pho..."
Poco F3 review,"It won't and Xiaomi isn't what is used to be. Better to buy a Samsung, not the A Series, only S series"
Motorola Moto G100 review,"I bought a moto g100 1 1/2 years ago and it suddenly overheated and when I checked it the technician told me there was nothing to do, total loss, so after 10 years of using Motorola I am considering changing brands next month."
Motorola Moto G100 review,"I'd like to point out something about the battery life.  This thing will chew through battery by default.  Turn on battery saver, all the time, and battery life is fine.  It's plenty fast on battery saver.  I can game without turning it off..."
Motorola Moto G100 review,"In low light, the preview on my selfie cam(s) look okay, but the end result is a blurry mess.  Anyone know what's causing this?  (Should I just screenshot the preview?)"
Realme Narzo 30 Pro 5G hands-on review,I like it so much
Realme Narzo 30 Pro 5G hands-on review,ok
Realme Narzo 30 Pro 5G hands-on review,"Gotta agree with you, they just launch random ass phones and smart devices while we're still waiting for a stable Android 11 update on their phones."
Realme 8 Pro review,"I sometimes wonder if reviewers on this site look at the photos with their eyes closed. The ""3x lossless"" zoom shots look absolutely horrendous. Literally just AI hallucinating the detail."
Realme 8 Pro review,"Just bought this phone second-hand for less than $100 (~90).  
Have to say that this for my use case is 100% as well-rounded as it gets. 
The small size hits instantly, together with the rounded backsides gives a really thin and small feel. I also ..."
Realme 8 Pro review,My front camera not working properly
Xiaomi Redmi Note 10 review,Can I used magnetic charging on this phone...and how to know where the place to find it
Xiaomi Redmi Note 10 review,Bad cellphone. I got same this same model and I'm suffering. Most app can't be installed. It's always giving message that can't run on rooted device. I bought it new. Most apps I need for work and for important app like govt app.....
Xiaomi Redmi Note 10 review,"Yes,it has dual apps function 👍"
Samsung Galaxy A32 review,There is a problem with my phone speaker. It's very soft even on full volume. How can I fix it? Please assist
Samsung Galaxy A32 review,When you register your fingerprint do it slowly and properly. Make sure. Even register your finger twice
Samsung Galaxy A32 review,Usb not support way
Samsung Galaxy A52 review,My back case came off last year too. Samsung probably used a weak glue
Samsung Galaxy A52 review,mine too. had to go to cellphone repair to glue it again. and the camera is lagging. even the performance
Samsung Galaxy A52 review,Do you mean like a custom rom
OnePlus 9 Pro review,"Pls help, i have a question if i have a 4k 120hz tv how i must connect my phone to tv for playing 4k 120fps native videos,i need a usc C - HDMI 2.1 ADAPTER AND HDMI 2.1 CABLE and just run the movie from phone memory and the tv display 4k 120fps video..."
OnePlus 9 Pro review,Stop lying lol
OnePlus 9 Pro review,"It functioning well but the quality of the phone drops every new model. After one year of use, it gave a couple of green/white lines on the display. The similar thing happened with my 1+5T where the display turned to purplish. It's a shame that ..."
OnePlus 9 review,I have this phone with 4 Greenlines on display. My recommendation not to buy this phone
OnePlus 9 review,Is Oneplus Display green line issue fixed ?
OnePlus 9 review,"upgraded up to android 14, not a problem. 
looks good, feels good, works good. 
More battery capacity would be fine, but surely would have consequences on the thickness."
Poco X3 Pro review,"Still rocking this phone after 7 years of usage. Granted, battery isn't what it used to be and updates are no longer supported, but it's an endurance beast  
I will be upgrading now (2026), just because it stutters and struggles sometimes ..."
Poco X3 Pro review,Did you update???
Poco X3 Pro review,"I have Poco X3 NFC and Poco X3 Pro. I bought NFC last October of 2020 and Pro Last Dec of 2021. As of my NFC that is still up and running with broken LCD, my Pro just died yesterday after 2 major issue. No warning just died with 60+% battery, plain b..."
Motorola Moto G10 review,"after using this phone over 2 years now I can only say, yes it hasn't got the best camera (not one Moto I owned had), can be a bit sluggish at times, but it's been over 2 years and i can't count how many times it fell down to the groun..."
Motorola Moto G10 review,"The Motorola G10 get really sluggish if you have too many apps installed. What ""too many"" means is not readily available, but it's a number that doesn't give the Samsung S10 Lite any pause. I may be down to the amount of RAM, but ..."
Motorola Moto G10 review,"No specs or price worth Xiaomi MIUI, after experience with Redmi9 - mandatory permissions, inc location, monitoring, tracking, harvesting your personal information, recording calls(turn off data, before making phone calls!) Other 100%Chinese company ..."
Oppo Find X3 Pro review,"Hello GSM Arena, 
 
I've owned this mobile since 2021, and I absolutely love it. It's been one of my best electronic purchases. I'm completely enamored with this phone. The design is amazing; one of the most beautiful I've seen...."
Oppo Find X3 Pro review,you better ask your internet provider what happened. this phone has mode of switching between 4g and 5g depends on external factors like phone temp and how much battery you have
Oppo Find X3 Pro review,"have owned this for 6 months so far. 
i like it a lot. everything is great except battery life. i get between 4 hours and 5 hours if screen on time. the bizarre thing about this phone is that location annihilates battery life. the phone reaches more..."
Motorola Moto G30 review,"I still have that phone after almost 4 years of purchase, it was doing fine with Android 11 until Android 12 dropped, and it required 6GB RAM while my device only had 4GB RAM. It's dexent but it freezes for a bit whenever I open apps like TikTok..."
Motorola Moto G30 review,"The most disastrous purchase i ve ever made.... 
2months kept it and throw to the basement. 
Stucking always dysfunctional apps, battery last only for 10 hours fully charged"
Motorola Moto G30 review,Awesome gadget
Asus ROG Phone 5 review,"Hey bro, The WIFI problem is coming after the update so I bet it'll be fixed in next update"
Asus ROG Phone 5 review,"""I can bet that you are listening to radio on the phone once in about a year."" 
 
Don't speak as if you know me very well. I bought an LG V50 and Huawei Mate 20 because they are flagship-grade phones that still have offline FM Radio ..."
Asus ROG Phone 5 review,"What the real shame is, are the people that seem to always find something to complain... Radio my a€€. I can bet that you are listening to radio on the phone once in about a year. But hey something to complain. Well if there was the radio givin, the ..."
Xiaomi Redmi 9T review,"You are right. I also have some apps disabled to run when phone turn on. Granted, i use pixelos on my 9T but it is the same anyway"
Xiaomi Redmi 9T review,Agreed 100%. Quite amazing since came here because looking to get new phone. Not having any problem about my 9T. Seriously a very underrated phone. Using for almost 5 years and still no prob. The battery is amazing. If redmi 9T version 5G is out. I&#...
Xiaomi Redmi 9T review,48mp
Samsung Galaxy A02s/M02s review,"It's literally the same phone with a02s just different names 
Samsung 🤦🤦"
Samsung Galaxy A02s/M02s review,This phone is very good for only 100$
Samsung Galaxy A02s/M02s review,nice super phone
Xiaomi Redmi Note 10 Pro (Max) review,"Yes I do, it started after I changed my screen, I have MTN and Airtel sims, whenever I use the Airtel on 4G and I reach a place with low signal then it happens. But whenever I use the MTN everything is fine. Maybe has someone to do with the antenna p..."
Xiaomi Redmi Note 10 Pro (Max) review,"I bought this phone in 2021. I only replaced screen. Exactly a month after screen replacement, the phone just went dead. Cannot start cannot charge. That was last month October 2025. It held up pretty well. Never had software issues or bugs. Battery ..."
Xiaomi Redmi Note 10 Pro (Max) review,"No, i think it's problem is came from Touch Glass not the tempered glass or something else"
Realme X7 Pro hands-on review,Does anyone know the difference with the two model numbers?
Realme X7 Pro hands-on review,"Really excellent phone. Display is superb. Battery charging speed is fabulous. Battery backup is also good after some update. Performance is also excellent. I play COD in very high graphic quality, frame rate max mode. It runs smoothly. Only con is t..."
Realme X7 Pro hands-on review,I bought realme x7 pro and within 3 months it starting bulge out from middle and realme service center did not bother to help me out. Rather charge me 9300 rs for repair. It was not even broken or damage from anywhere.
Doogee S88 Pro review,"I bought an S88 Pro in 2021, I used it for a week then tried reverse wireless charging on a friend's crApple and it instantly died. I reached out to Doogee who never responded to my many emails, they truly are totally crap at customer service! ..."
Doogee S88 Pro review,I is a phone it makes calls it runs apps and it kind of takes pictures it runs for days and does more then a lot of people will believe. but the Manufacturer is a bit shady and the Q.A. is worse then i would care to see. a good doogee phone is actual...
Doogee S88 Pro review,My Doggee S88 Pro cannot receive incoming calls. It will ring but will end the call once I press to receive the call.
Samsung Galaxy A12 review,Hey. My mom has this phone. The last update it gets is Android 12 which is One UI 4. I recommend Galaxy A16 if you wanna upgrade to a phone that will get you good performance on a cheap price. A16 is also getting Android 15. Even 16. It will have upd...
Samsung Galaxy A12 review,Definitely not
Samsung Galaxy A12 review,"Of course it sucks, it's a 5 gen old BUDGET phone. Don't even think about good gameplay when its about a budget phone."
Xiaomi Mi 11 review,Absolutely true
Xiaomi Mi 11 review,This is a well known issue with the mi11 series. There is a problem with the deisgn with a large number of units suffering from burnt motherboards and wifi. Xiaomi has acknowledged this problem and have offerered replacement rather than repair if it ...
Xiaomi Mi 11 review,Very poor quality control. This is my fourth trip the service centre over the same issue. The motherboard   and related WiFi and sound issues keep resurfacing even though after the third trip they replaced the phone.
Camera test: Galaxy S21 Ultra vs. Note20 Ultra,I think it's cool
Camera test: Galaxy S21 Ultra vs. Note20 Ultra,"Dude, are these comparisons supposed to be taken seriously..? The shutter and aperture are totally different from A to B for every one, in some cases significantly so. The framing is off, the zoom distance not set exactly, some shots have clearly (no..."
Camera test: Galaxy S21 Ultra vs. Note20 Ultra,"can they just remove d on-screen fingerprint sensor on S22 thO, I honestly don’t understand the use of bixby on the side buttons when the fingerprint sensor can be there like M51"
Apple iPhone 12 long-term review,"I was a LG fan till they stop making phones because they were always ahead  by at least 2-3 years of the current thec. and the super quality of the phones, i had my LG 3 for 8 years and it had already been out for 2 years when i bought it plus it was..."
Apple iPhone 12 long-term review,iPhone 12 is a good choice in 2024. There is a lot of iOS updates ahead.
Apple iPhone 12 long-term review,"I was on iPhone 6s Plus for a really long period. February 1, 2024 I upgraded to iPhone 12 128gb. This is after reading a lot of reviews about the model considering its age. I’m amazed at how fast this phone is. I still have a ton of storage includin..."
Google Pixel 5 long-term review,"Yes! 4a best phone I've ever owned. I have the 5 now (2026) and it's been slow, battery needs to charge 2x a day and apps keep shutting down.. I am trying to find anything comparable thats made in the past few years for an affordable price ..."
Google Pixel 5 long-term review,"Google pixel 5 is a very good phone, but the problem is the price is still not compatible with the economy, if you can help us reduce the cost, it will be very nice, good phone, low price 😍"
Google Pixel 5 long-term review,"Almost any phone can, it's not a big deal."
Samsung Galaxy S21+ 5G review,I have an S21 plus and I played all those videos from page 6 at once and it worked fine👍
Samsung Galaxy S21+ 5G review,Use black wallpaper
Samsung Galaxy S21+ 5G review,"I bought the samsung s21plus, I noticed that my screen backlight does not really turn off in dark mode"
Xiaomi Redmi Note 9T review,On my side its ok and fine as hell battery is stronger as shit not 5g user but at city it works pretty good so 95% go for it mate
Xiaomi Redmi Note 9T review,3.5 years  and still the phone still works well.
Xiaomi Redmi Note 9T review,"I have come into conclusion that Mediatek are the best processors than Qualcomm. My Redmi note 9T still fucntions well. I recently bought redmi note 11 which use qualcom 6 nm process, its useless phone. ui issues, hungs too much."
Samsung Galaxy Note20 Ultra long-term review,its the stabilization camera noise
Samsung Galaxy Note20 Ultra long-term review,"How can the Pic 📸 quality not surpass the Note 9? That sounds pathetic to me, and Samsung aught to give a discount to every Note 20 Ultra. ☹️😠"
Samsung Galaxy Note20 Ultra long-term review,"I have had a P30 Lite since 2016 and haven't had a problem with it, however, I am now considering upgrading to a Note 20 Ultra as it has recently become available at one of the service providers in SA. Considering that it has Recieved its final ..."
Moto G9 Power review,How did you fix the hanging
Moto G9 Power review,"Still using this thing since 2020, everything works fine, the battery holds up to its name."
Moto G9 Power review,"Bought this phone in 2021 on a flash sale for only around $100. So far, still working fine. For ordinary phone users and not heavy into gaming nor social media, this is pretty much a good reliable phone. It comes  with a good storage size that's..."
Moto G 5G review,This is my 2 ND moto this year .First stylus was locked remotely by my Rx and his buddy right before my flight to Poland with my baby which didn't happen either. They stole my Gmail I had since 2003 with all the Google pictures I collected in th...
Moto G 5G review,This is my second Motorola this year. First one was a stylus in March my ex and his friend almost drove me nuts by stealing my Google account together with my Gmail I had since 2003... so imagine guys not having a s
Moto G 5G review,BD prices in official phone
Samsung Galaxy S21 Ultra 5G review,Mine doesn't allow multiscreen
Samsung Galaxy S21 Ultra 5G review,The image distorted at white angle
Samsung Galaxy S21 Ultra 5G review,Yes
Samsung Galaxy S21 5G review,You bought a USA/CHINA variant ask for a good phone technician to unlock the carrier to Malaysian carriers or buy the S21 international variant network is international.
Samsung Galaxy S21 5G review,green line issue in my phone SM-G991 N
Samsung Galaxy S21 5G review,This phone is useless. Buy import set from USA. I am having problems to connect internet in Malaysia. This samsung phone is really suck  useless like samsung
Samsung Galaxy S21 & S21 Ultra hands-on review,"I control my AV receiver, Air Con many models, tvs and so much more with the ir blaster on MI phones. It is so very useful because unlike a normal remote these don't stop working"
Samsung Galaxy S21 & S21 Ultra hands-on review,"Pretty obnoxious post. 
I can think of plenty of scenarios where it'd be useful.  
In particular for me , if my girlfriend is asleep in bed and I don't want to rummage around looking for the TV remote waking her up, I just do it on my pho..."
Samsung Galaxy S21 & S21 Ultra hands-on review,Id love to have some RAW files to download and edit!
Oppo Reno5 Pro 5G hands-on review,"I am OPPO Reno user, don't buy OPPO product their team is not capable of providing solutions for customer. 
Due to OPPO software bug my OPPO display has been damaged, as I saw in Dadar service centre multiple customers facing same issue & O..."
Oppo Reno5 Pro 5G hands-on review,Yes
Oppo Reno5 Pro 5G hands-on review,It was a great phone from inside till outside. It have a great texture and a good performance. The camera lens module will glowing at dark and the texture of back glass cover is smooth and it show different colour when you change different position. ...
Which cloud gaming service is the best?,"Nope, Xbox Series S also works"
Which cloud gaming service is the best?,"Just a heads up, dont buy vortex streaming -  there is no support and the games will not load or work. I spent 30 mins trying to get a game going which never worked. Customer support told me that they dont have that game, which is impossible since it..."
Which cloud gaming service is the best?,when will PlayStation come with a streaming ?
vivo V20 Pro 5G hands-on review,Eye focus?
vivo V20 Pro 5G hands-on review,I need Vivo v21 cover or case to buy
vivo V20 Pro 5G hands-on review,5g
Samsung Galaxy S20+ long-term review,"Currently at battery health approx 80%, simply it doesnt last very long 😭, record just 1.5 min video it sucked up 6% of the battery... if your battery condition is pretty good or unused then, its def worth the price in 2024"
Samsung Galaxy S20+ long-term review,"Been using the S20+ 5G since it released (4+ Years Ago) and my phone still works flawlessly, the battery wore down after 4 years so I paid £50-70~ for it to be replaced and the phone still works great. 
 
If you think you need a more powerful phone..."
Samsung Galaxy S20+ long-term review,Yes it's big problem 😭
Samsung One UI 3 mini review,s20 ultra  update  14
Samsung One UI 3 mini review,"hello, I'm using S20plus and I couldn't get to download and the install the new one 3 and android version 11"
Samsung One UI 3 mini review,Worst update☹☹☹☹
Samsung Galaxy A42 5G review,It hasn't been announced at all. I was also looking for all the updates and news because I'm still using the phone since it was introduced. Can you give me the news that Samsung announced?... There are searches you did and history.
Samsung Galaxy A42 5G review,Please my  comment  full  color  of  this Samsung galaxy A42 5G Please  I want Samsung galaxy  factory or company to help me restore my full background color back
Samsung Galaxy A42 5G review,"I couldn't get Android 13 updation in this phone but samsung already announced that will get updation,but i didn't get yet"
ZTE Axon 20 5G review,Does it support DC Dimming??
ZTE Axon 20 5G review,Its 5G dude
ZTE Axon 20 5G review,"I agree, far to much time and review effort are put into the cameras.  Even the so called bad cameras take decent everyday pictures. Wide angle's nice etc...but more on the phone, does it work well when calling.....sort of a MAJOR important poin..."
Oppo Reno4 Z 5G review,"I regret buying this phone. So many problems, so few things work properly/well. 
I can't return the phone because I can't say categorically what is wrong with it. Just about everything fails every two-three days but not every day. Utterly ..."
Oppo Reno4 Z 5G review,"Definitely is. Happens to me as well, I think this is because they made the phone too good for too cheap, has many drawbacks. Probably gonna get a new phone and sell or give to my sister that still uses an iPhone 5s :)"
Oppo Reno4 Z 5G review,"I'm getting upwards of 8h on 60hz. Something wrong with your battery? 
 
Must try 120hz though. Just try 90, a nice little compromise."
A month with the Huawei Mate 40 Pro,"I love this phone, Camera is awesome. 
I wish someone will replace my mate 10 pro with mate 40 pro."
A month with the Huawei Mate 40 Pro,Unpopular opinion but the best soc for Android is kirin 9000.
A month with the Huawei Mate 40 Pro,"One of the best in this category  
Camera battery life and touch is amazing  
Only problem is we don't have many applications in Huawei app"
Poco M3 review,Same I also changed it 5 days before every android phone needed battery replacement after 4 year
Poco M3 review,I've been using this one for 4 and a half years now and honestly it's still going great. Haven't needed to service it even once and I'm stoked about that. I Probably need to get a new battery but 6000mAh is absolutely monstrous. E...
Poco M3 review,Horrible phone. After 3-4 dead booth issue it has completely died. Motherboard is giving critical error in ram memory.  The only choice to replace whole board which does not make any sense
Samsung Galaxy M51 review,Best working my m51 with all functioning well from last 5Years. Hats Off to my Mobile M51.
Samsung Galaxy M51 review,Best phone
Samsung Galaxy M51 review,Best phone I ever have. It's been 4 and half years running smoothly without any issues. Value for money.
The best chargers for your new iPhone,wrong. I dont read the whole article since it's really relevant. but I use MI Qualcomm 3.0 Quick Charge for my iPhone Xs and it works very well. I usually charge my iPhone to 80-90% which takes 1 hour or even less.
The best chargers for your new iPhone,I really want to buy samsung again. And get back faith in them. They might surprise me well with S21 lineup. Let's see. They def in zero land now. Not up land. So they must make bigger innovations to resume going up and not staying at zero level...
The best chargers for your new iPhone,Make your own phone dude!
Xiaomi Redmi Note 9 Pro (Max) long-term review,"The Redmi Note 9 Pro is an amazing phone. It has worked smoothly and flawlessly for me since I bought it in 2020 until now, end 2024. NO lags, no bad battery drains, camera's still excellent, as good as brand new. Only have to change to anew pho..."
Xiaomi Redmi Note 9 Pro (Max) long-term review,"UPDATE: I managed to update the RN8 Pro to the latest supported MIUI version (12.5.15.0 (EU)), and performance is smoother and at least as fast with almost no hiccups or freezes and feeling faster than the RN9 Pro, also running its latest MIUI 14 ver..."
Xiaomi Redmi Note 9 Pro (Max) long-term review,"I have note 9 for 4 years. There is some problems i have with it. The android MIUI has the worst bloatware i have ever experienced. It was unstable, my phone randomly restarted and i had to disable all of bloatware to make it stable again. In few mon..."
Xiaomi Mi 10T Lite 5G review,"Hey guys, 
I have some problem that when I have a missed call and provider notifies me about it in SMS, after that I just can't click on that number to give a call back right away. That phone number in SMS is just simply not clickable, nor can ..."
Xiaomi Mi 10T Lite 5G review,Yes I use it with Amazon Music in my Merc
Xiaomi Mi 10T Lite 5G review,"I've dropped this phone in the toilet. Pulled straight out, turned off, dried out, still works perfect."
Camera test: The top flagships of the year,"No phone in the world can take pictures as well as a camera, a phone is something that is always available.  The camera is not always available, but the phone is everywhere.  If a random scene happens, the camera is not available to you, you have to ..."
Camera test: The top flagships of the year,"imma tell you what, i know a thing or two about taking photos and i would take a proper camera over this"
Camera test: The top flagships of the year,That's why I have a Sony RX100 VI for trips and outings when I want better pictures than with my phone. I can zoom in optically a lot and it has a nice picture quality. No need for a DSLR unless you are a paid photographer or need it for work or...
Realme 7 5G review,I have realme 7 5G it hasn't remote control options before this mobile I use Redmi note9s that was good 👍 it has more function but it doesn't have
Realme 7 5G review,"That Moto and some other model Motos will be Unusable in the USA after 3G sunset on Feb 22 ... It is not certified here for volte, evil carriers kicking it off network."
Realme 7 5G review,"It almost certainly doesn't. BUT it has TMO band 41 5g ... ATT doesn't even offer 5G to all subscribers, only those with 5G eligible plans. 
Also none of these dual sim phones work on Cricket or Metro PCS at all anymore ... Blacklisted. 
..."
Oppo Reno4 Pro 5G review,Don't buy it Oppo any model. soft issue has come past one year.. service center also charging near mobile buying cost.. worst service center..
Oppo Reno4 Pro 5G review,Main thing you didnt.mention: significantly lower weight.
Oppo Reno4 Pro 5G review,Check prices on Idealo.de.
Apple iPhone 12 Pro Max review,Yes I need it so much
Apple iPhone 12 Pro Max review,iPhone12 is the Best
Apple iPhone 12 Pro Max review,Are you serious?
OnePlus Nord N10 5G review,This is a unique problem but not reason enough to condemn the entire model.Do revisit your settings and then go on air about your findings!
OnePlus Nord N10 5G review,"This phone is gorgeous, comfortable to handle and above all meets the basic requirements of a good phone.Fast, spacious storage and a resilient battery.One thing though,at times the screen goes blank when making a call,dunno whether it is an isolated..."
OnePlus Nord N10 5G review,Why one plus Nord 10 5g is not accepting Ethiopian Sim card?
Apple iPhone 12 mini review,I love the white iPhone 12 mini
Apple iPhone 12 mini review,"S23 to i12 mini is a big downgrade, like - are you even serious?"
Apple iPhone 12 mini review,"Still relevant about battery life ? 
 
I have an s23 with a stunning battery life, but I saw some nice iPhone 12 mini renewed.  
 
Like, hanging out a few hours, 30 minutes maps, some text, 10 minutes web, commuting. I wonder if the little batter..."
TCL 10 5G UW hands-on: Verizon 5G speed test,Why? Don't think it's a secret that now VZW and T-Mobile are not offering 5G installed in home. Once sometime gets a taste of mmWave they're not appt to wanting that kind of speed anywhere they can get it? T-Mo doesn't even have m...
TCL 10 5G UW hands-on: Verizon 5G speed test,"It's actually worse, as WiFi signal can penetrate glass, wood, metal, stone and people. mmWave cannot."
TCL 10 5G UW hands-on: Verizon 5G speed test,"> Notice how the speeds are more consistent with the TCL 10 5G UW than the LG Wing 5G, despite both having the same Snapdragon 765G SoC with Qualcomm X52 5G modem. I could only hypothesize that the 5G antennas were more prone to interference due t..."
Which iPhone 12 to get - upgrader's guide,What’s so good and perfect?
Which iPhone 12 to get - upgrader's guide,So good and perfect
Which iPhone 12 to get - upgrader's guide,"On my prepaid plan, both 4G and 5G are capped at 150Mbps download speeds so I have to disagree on that."
Camera test: iPhone 12 vs. 12 Pro vs. 11 Pro,iPhone 12
Camera test: iPhone 12 vs. 12 Pro vs. 11 Pro,12 Mini
Camera test: iPhone 12 vs. 12 Pro vs. 11 Pro,"thinking about buying iPhone 11 pro, 12 or 12 mini"
Honor 10X Lite review,What
Honor 10X Lite review,This phone is great for my dad
Honor 10X Lite review,Yep.
Amazfit GTR 2 review,Why do ppl use always on? raise to wake exist
Amazfit GTR 2 review,Is this watch crown functional?
Amazfit GTR 2 review,"Mine works well, it is almost one year since i bought one"
ASUS ROG Kunai 3 Gamepad & TwinView Dock 3 review,"Emulators work great with the phone and its accessories. 
While the Citra 3DS emulator doesn't work with the Twinview-Dock on dual screen, it has native support on the Kunai gamepad.  
The Drastic-DS emulator has dual-screen support with the T..."
ASUS ROG Kunai 3 Gamepad & TwinView Dock 3 review,Why would Asus make a clip that supports other controllers but not the kunai controller making it (the kunai)  easier to use with other phones.. Just absent minded in my opinion
ASUS ROG Kunai 3 Gamepad & TwinView Dock 3 review,Happened to me too
Huawei Y7a / P smart 2021 review,Really good phone in my opinion! Except the camera.. But we won't talk about it now. People are whining here that it doesn't support google. If you can't live without google buy any other phone or just emulated it and go by your day. I...
Huawei Y7a / P smart 2021 review,where can get the emui 11? how???
Huawei Y7a / P smart 2021 review,"Been using it as my daily phone for 1 year now, updated to EMUI 11, Google Play Services is just in Gbox, honestly a really good phone!"
Apple iPhone 12 Pro review,Iphone 12 pro ios update
Apple iPhone 12 Pro review,12 pro
Apple iPhone 12 Pro review,"I completely disagree, but for me it’s just relative. I upgraded to a 12 Pro from an SE 2020. I’ve seen sitcom episodes  that lasted longer than the battery in the SE, anemic would be a gratuitous compliment. So for me, the 12 Pro is a full season of..."
vivo V20 review,599 what currency? Dollar? Euro? Rupiah?
vivo V20 review,it is true the prices  of vivo V20 is 599 only?
vivo V20 review,Thank you for this useful information
Apple iPhone 12 review,I like it
Apple iPhone 12 review,How can I get mine
Apple iPhone 12 review,"2 weeks using the iPhone 12. I’ve been using android all my life and I can say iPhone is worth it. It’s very fast, good cameras, battery is not as bad as everyone says, it’s almost close to android. This was my best decision ever"
Poco F2 Pro long-term review,Still my daily-driver in 2026
Poco F2 Pro long-term review,Still using poco f2 pro as main device..love the full screen 😘
Poco F2 Pro long-term review,Bought this phone on release for around €320 which was a steal. Not had any issues really. Bluetooth works fine with my two headsets (got one for working out and one for normal use) and have not had any connectivity issues. APTx and LDAC both works g...
Google Pixel 5 review,Entry level phones will put in the bare minimum for a useable experience as they are way more cost sensitive than a midrange or even a flagship phone
Google Pixel 5 review,Meanwhile some 2025 entry level phones still use 3 or 4gb ram🤨😒😒
Google Pixel 5 review,Awesome phone
Huawei Mate 40 Pro review,Love huawei.🇹🇿
Huawei Mate 40 Pro review,"3 years too late but no, but there are some service that offer you to change Chinese rom HarmonyOS (not to be mistaken with non-Android HarmonyOS next)."
Huawei Mate 40 Pro review,"Indeed. 
 
Still getting EMUI updates up till now. Security update last week, after a massive jump to EMUI 13 a few months back that added a whole bunch of connectivity features!"
OnePlus 8T review,Better then i phoneX
OnePlus 8T review,Good
OnePlus 8T review,"I was shocked that after changing the display (due to 3 green line) green line appeared again,It made me depressed"
Moto G9 Plus review,did u forget to check for updates? I have android 11
Moto G9 Plus review,"Not true. It has Android 11. Usig it for 2 years now,and no problem. 
Great batery life and camera."
Moto G9 Plus review,"Motorola is also historically and notoriously bad at providing software update. The G9 Plus started with Android 10 in 2020 and after 2 years is still on Android 10. Actually, Motorola should be called legendarily bad because Xiaomi and Realme phones..."
OnePlus 8T hands-on review,"I have been a regular one plus user with regular updates from 3 to 8. OnePlus 8 has been most disappointing purchase till date.No of issues 
1. On screen fingerprint sensor does not work for most fingers. Behind screen physical sensor had no issues ..."
OnePlus 8T hands-on review,Lol MediaTek sucks
OnePlus 8T hands-on review,"So you wanna replace SD865, a high-end chip, with a upper mid-range chip?"
Realme 7 review,"Should I buy realme 7 or realme 8 suggest please,"
Realme 7 review,My realme 7 both the camera are not being open...what should I do
Realme 7 review,Yes same issue here. Autofocus not working . Can't focus when moving from one to another subject. Also brightness reduced during shooting videos after 15 sec
LG Wing 5G review,"Is it possible to upgrade the OS to Android 15 or latest 16 version? My primary Samsung S22 screen cropped with Green Lines,after Dec.2025 OS update and screen replacement is not practical cost -(big joke). So I want to re-live up my Wing-5G, but the..."
LG Wing 5G review,The only???
LG Wing 5G review,"Easily. I use my Wing as my sole mobile vlogging gear, and it never disappoints. Also, the swivel screen still turns more heads than any foldable phone."
Xiaomi Mi 10T Pro 5G review,"I bought the phone in the summer of 2021. I've been using it for five years without any problems. It also has serious drawbacks - a fragile glass back - I've replaced it twice, there's no call recording, and many others mentioned by ot..."
Xiaomi Mi 10T Pro 5G review,I got this phone in Jan of 2021 and it's still working fine. And the main camera on this thing is really good even in 2024. The only thing I wish it also had is a 3.5mm headphone jack.
Xiaomi Mi 10T Pro 5G review,Hey guys I'm really enjoying the phone try one.So far so good all i can say is one of best phones produced in the market.
Samsung Galaxy S20 FE 5G review,Yess
Samsung Galaxy S20 FE 5G review,Nice phone.. with long lasting battery life...the picture quality is so sweet 😋
Samsung Galaxy S20 FE 5G review,"bought this phone refurbished in 2022 for around 200usd, still using it. I've looked into getting a newer, more modern device a couple times but at the end I always change my mind.  
photos look great, games run smoothly, battery life kind of s..."
Realme 7 Pro review,I think this is still a recommendation for normal use. especially for playing games because the chip used is still suitable for use in 2024. Charge support is 65w which I think is fast
Realme 7 Pro review,"only android phone i always buy even i sold my previous realme 7 pro... now i use same model satisfied for  
 
camera result, fast charging, battery life, dual speaker, eis built in, 4k video resolution,  amoled display, in display finger print com..."
Realme 7 Pro review,real me 7pro android 12 update battery draining fast on standby don't update
OnePlus Nord long-term review,Bro this is the best phone for 5 years works the same ! Gaming phone
OnePlus Nord long-term review,"OnePlus Nord 20 has several display issues and general software issues. I purchased this phone through T-Mobile and their tech department could not fix these issues, and the OnePlus technicians could not repair simple software issues. I do not recomm..."
OnePlus Nord long-term review,Yes
vivo X50 Pro+ review,"I think it could be maybe indeed possible to achieve a slightly(!) higher resolution with Quad Bayer dual pixel sensors than with Quad Bayer sensors (by using a super resolution algorithm), but it seems that Vivo doesn't do that."
vivo X50 Pro+ review,"Samsung, you promised that the GN1 sensor can take 100 megapixel photos, so just a marketing lie?Samsung said ""Samsung also provides a software algorithm that takes light information from each photodiode to produce image resolutions comparable t..."
vivo X50 Pro+ review,"Hi. Great camera... but I'm still curious if you can improve photo quality using a Gcam port, specially on ultrawide and telephoto. Has anyone been able to found such a multicamera conscious Gcam?"
Ulefone Armor 9 review,"I have owned an armor 9 flir for 3 years with the optional case.  
Bought from no so express Aliexpress for half the price of a flir cat63 ( not as good ) 
No problems ever in an industrial environment. 
Phone will not charge now because the type ..."
Ulefone Armor 9 review,"I have had this phone in the US for 18 months. 
 
It is not only the worst-quality software and overall quality of any cell phone I have used since 1997, it is the worst tech product I have ever purchased.   
 
It comes close to giving me a heart..."
Ulefone Armor 9 review,"I too initially felt the same way about buying a brand from overseas that I have never heard of. After reading several reviews on many different makes and models, I decided buying the thermal version. Just cause I thought it was cool (and only $30 mo..."
Sony Xperia 5 II review,"That's what had happened to my friend the same issue, what is the reason for that to happen?"
Sony Xperia 5 II review,Use Xperia firmware tool..
Sony Xperia 5 II review,"Use this phone for 1 year,ar the 6 month of usage green line starts to appear this is the sad fact about this phone but i love this phone because of the performance and a lot of intresting features"
Moto G9 (Play) review,"Do you actually complain about overheating when charging, whan about 50% of phones on the market sky-rocket their temperature when under load 30 mins(if you didn't get it, it means it's a normal thing)? And you are literally paying 170 buck..."
Moto G9 (Play) review,"It's a great phone for the money asked, not recommended for heavy gaming or stuff like that, but if you just want the least in everything, this thing's got you. Also android experience is good, Moto knows what they're doing with their ..."
Moto G9 (Play) review,"I actually own this phone and i can say that it's deemed itself worthy over the years. The only problem i recall having is the cameras, it kinda lowered the saturation on them. The processor may not be the best, but for the money you really don&..."
Tecno Camon 16 Premier review,Good but loud speaker and ear speaker all demige
Tecno Camon 16 Premier review,My fingerprint is not working
Tecno Camon 16 Premier review,"Best Tecno and unique with everything unless you got the fake onez I have camon 16 premier original 
Camera front and back are very okay clear and fantastic 
Speed in operation and very fast internet 
This phone is very good"
Apple iOS 14 review,"Yes is best is apple is great maybe, but no."
Apple iOS 14 review,"Now all apple needs to dethrone android is to make their atrociously overpriced products available for less than $60, make them usable without itunes and allowing facetime and bluetooth with other platforms, which they will never, ever do. Even symbi..."
Apple iOS 14 review,"is it true that you cant get home,back and close buttons on screen?? 
i mean iphone 13 and how about new 14 model?"
Motorola Razr 5G hands-on review,What
Motorola Razr 5G hands-on review,climate change is a Trojan horse and inside of it are the legions of a globalist system poised to jump out and share their dreams of communism and absolute state powers for all.
Motorola Razr 5G hands-on review,"I've had this phone now for about 3 months. My first foldable.And these are my main gripes: 
The screen has a tall aspect ratio ; and i have big hands so typing on the keyboard without errors is difficult. 
The battery life is horrendous. 
Th..."
Xiaomi Mi 10 Pro long-term review,"After 2 years of usage the battery it' s sucks. The phone diacharge very fast,. Even when it have the screen off, or on night time, the battery drop some 4-5 percent, with all conectivitty off."
Xiaomi Mi 10 Pro long-term review,"This device still deserves to be top 10 cameras, even to this year. I mean, this thing is the most versatile cameraphone yet (alongside with the Mi 10 Ultra, which unironically still has the best camera setup in the market) 
 
Just wishing they..."
Xiaomi Mi 10 Pro long-term review,"No they are not. Have you got one?? Well, you know nothing because most Chinese phones made by Huawei, Xiaomi etc all have exemplary build quality and are not cheaply made. Little do you know"
Poco X3 NFC review,"After 4 year Still working well, camera good I have just replaced battery 
I like this phone and like POCO phones 
My next phone surly would be Poco F / X  series"
Poco X3 NFC review,"Amazing phone. I am using it since 4 year and it is still working flawlessly. I dropped it multiple times but the last blow on cobblestones really cracked the touch from top corner. However, it is still working ;). I hope the new series Poco X7 pro w..."
Poco X3 NFC review,"I dropped it like once a month or something (yes, I'm very clumsy), but its been going strong for the last 4 years."
Android 11 review,You can d that in the developers option
Android 11 review,Don't upgrade 10 to 11. It is not good compare to 10.
Android 11 review,"Android 11 is the worst android ever!! Trying to improve some features, they have downgraded them. From my perspective, conversation bubble is a straight downgrade. on messenger, chat heads were far better that this new bubbles! The look uglier, bugg..."
Samsung Galaxy Z Fold2 review,"Strip issue, after some time of uses-if you unfold it, it will be switched off 
manufacturing defect"
Samsung Galaxy Z Fold2 review,Samsung galaxy fold 2
Samsung Galaxy Z Fold2 review,"Hi I have fold 2 phone , this phone is ever worst phone I bought this mobile 15 days ago and it's screen is showing bubbles neither this phone has fallen nor damaged..but customer care stated to not take it back without paying money I was switch..."
Samsung Galaxy M31s hands-on review,Very poor network connectivity.
Samsung Galaxy M31s hands-on review,"They not designed properly to uphold the updates, within 2 yrs of use corrupted the mother board. Lost all the data and samsung is charging 8k for new mother board which is of no use..I dont felt this is a worthy product."
Samsung Galaxy M31s hands-on review,"Motherboard in first 6 months of use. Luckily was in warranty so got it replaced. 
slow and laggard in performance due to outdated chips set. 
Recently faced an issue were battery fails to charge"
OnePlus 8 Pro long-term review,"Coming back to this phone after a year, I can really say that this phone has aged really well. 
 
Installing GCam would be a very great idea, and plus, this phone's display is still way more impressive than the iPhone 12 Pro Max's. 
 
I..."
OnePlus 8 Pro long-term review,Actually OnePlus never had original design it's all base on Oppo because there are BBK company . The only thing OnePlus is awesome because free bloatware and light software. Me personally still like OnePlus btw. But the only thing they lacking i...
OnePlus 8 Pro long-term review,Yes
Xiaomi Mi 10 Ultra review,I wont change my 9T until they make a something similaire or smaller would be even better
Xiaomi Mi 10 Ultra review,Same
Xiaomi Mi 10 Ultra review,I would be damn happy if they made a 2022 version of the K20/Mi 9T series
Infinix Zero 8 review,Yes
Infinix Zero 8 review,who playing the pubg mobie infnix zero 8
Infinix Zero 8 review,why my zero 8 having booting issues
Realme 7 Pro hands-on review,Which network are you going to use 5g phone on? Reaserwch 5g first then talk instead of making stupid comments.
Realme 7 Pro hands-on review,Yes
Realme 7 Pro hands-on review,No
Realme 7 hands-on review,"i used this phone, brightness was very less but performance was good, photos were also good,"
Realme 7 hands-on review,Not too different but ram and soc are more good realme
Realme 7 hands-on review,"Depends on the model of the phone. I am not recommended realme 7. I had delay touch issue on this phone. Since 8 months ago I used realme GT Master, it is very good. 
 
For realme GT Master, I recommend it, but for realme 7, no."
Oppo F17 Pro hands-on review,"Nice one like it .. using 5 years with happy.. 
Thankyou oppo"
Oppo F17 Pro hands-on review,Oppo s best phone I am using it since 2020 . Now only battery service little damage. Over All 5 years are so long for any electronic devices. Good phone full paisa wosul.
Oppo F17 Pro hands-on review,I lost mine but best ever is this F17 Pro
Asus Zenfone 7 Pro review,"What will be a better choice, this Asus or samsung S20 FE 5G"
Asus Zenfone 7 Pro review,Have zenfone 7pro DLNA function? I don't find in specs...
Asus Zenfone 7 Pro review,"Zenfone 7 with Telephoto but not OIS, or 1+ 8T with OIS and no telephoto ?"
Realme C15 hands-on review,"I also have a Realme C15 handset. Will 5G work on it? If it does, please suggest a solution."
Realme C15 hands-on review,"I'm using this unit 4GB / 128GB, can I use 256GB for external memory?"
Realme C15 hands-on review,😇😇😇
RedMagic 5S review,Not support 90fps on mobile legends 😭
RedMagic 5S review,I was just browsing here about this phone coz I've seen it used by my fav streamer on facebook & yt! His name is Narco. I hope I'd still get one of these 3 years from now.
RedMagic 5S review,"...seems like IOS designed for kids only to play few powerful games. The OS doesn't let you get the potential advantages of its specifications/capabilities. On the other hand, in those years Android has almost overcome its lags. Now a days Andro..."
Fairphone 3+ hands-on review,"Reading and watching this review with a feeling of nostalgia, on my upgraded FP3! After six years still going strong, just installed the February security update. Great fun reading the comments where people doubt the longevity of this phone... As a t..."
Fairphone 3+ hands-on review,I wonder if they could make it even cheaper by not even assembling it. Just pack it in a box like LEGO's and let users assemble it themselves. I think a lot of cost comes from labor in charge for assembling it. I wouldn't mind assembling it...
Fairphone 3+ hands-on review,"I'll buy it because Fairphone provides 5 year tech support, replaceable parts, and FP 3 has official /e/ and LineageOS support. That's basically all I need from the phone: long software support period, parts availability and custom OS with ..."
Asus Zenfone 7 Pro hands-on review,I just got my ZenFone 7 and I knew in advance that it didn't have a 3.5 headphone jack but I am surprised that it didn't have a USB adaptor and headset like the pixel 5 has . Is this the case with all ZenFone 7 s or am I missing something t...
Asus Zenfone 7 Pro hands-on review,"""Optical finger print sensor lags"" 
You clearly have never used OnePlus flagship devices. Optical takes like 0.01 second to unlock. It's instant. And always reliable. 
 
""Price is right"" 
It costs a fortune and more. Clos..."
Asus Zenfone 7 Pro hands-on review,"Finally OIS in the Camera and a flagship phone with ultrasonic fingerprint sensor on the side . Optical finger print sensor lags and I hate it so much that no longer use it on my Samsung. If the price is right, I will definitely buy this phone. I can..."
Oppo Watch review,Can we connect with apple ?
Oppo Watch review,Can't connect to hey tap health
Oppo Watch review,"Just bought OPPO 41 mm today and feel so much disappointed with battery. Seller was cheating me by saying that the battery life is up to 14 days. But it's less than 6 hours, the battery almost fully drained. 
How can I say about it?"
Samsung Galaxy Watch3 review,Where is made
Samsung Galaxy Watch3 review,Love it
Samsung Galaxy Watch3 review,"This i know too but since screen is smaller its way worse.  
And paying by watches is a no for me.  
Once i had NFC and used it for some time ago.  
And one nice summer day of 2016 after paying at Tesco counter i got a call from my bank they told ..."
Samsung Galaxy Note20 Ultra 5G review,Try note 20 ultra
Samsung Galaxy Note20 Ultra 5G review,For me I think  you go for  your budget  phone
Samsung Galaxy Note20 Ultra 5G review,Depending  on your  budget  guess you go for note 20 ultra
Samsung Galaxy Tab S7+ review,This camera has a lot more options exposed in gcam; stock camera app is completely restricted by software
Samsung Galaxy Tab S7+ review,Your tab probably is WiFi version which doesn't have sim slot. Even if you remove that black thing sim won't work because there's nothing in the tab to read the sim or the antenna signal transmission
Samsung Galaxy Tab S7+ review,""". The screen is plenty bright no matter what, so you will have no issues even in the brightest of days."" - ahha.... so that's why i can't see it in shades.."
Google Pixel 4a review,Camera is 100% same as 6a
Google Pixel 4a review,Question: How is the picture quality compared to 6A ? In my brief comparisons I found the differences especially on open sunny days with the sun facing me. The 6a did better with flare control obviously HDR
Google Pixel 4a review,"I'm amazed at many of these negative comments. I've had a 4a since it came out, nearly 4 years. Now it's a second phone to my 6a which I got nearly 2 years ago. The 4a has performed outstandingly. The battery is as as good as new. Even..."
OnePlus Nord review,yes you are able to use 5G but i hope you're software version is 12.1
OnePlus Nord review,"I bought this OnePlus nord starting released date from purchased onwards im getting issues Overheating,speed draining battery camera automatically closing issues my device is OnePlus nord 5g 12 -256"
OnePlus Nord review,"My one plus Nord ...... The battery life doesn't last long , without gaming. It has dropped to around 40 percent since I bought it. Have been using it for almost 2 years. Gets heated up. No dust or water proof"
Samsung Galaxy Note20 Ultra hands-on review,"Holy poop, I've dropped this phone at horrendous angles quite a few times without a case and it still doesn't have a scratch on it. 
 
Top teir phone quality and strength. My last phone (Huawei p90 smart) cracked in my pocket when a small..."
Samsung Galaxy Note20 Ultra hands-on review,Yes it's water and dust proof for around 30 minutes with 1m depth pool
Samsung Galaxy Note20 Ultra hands-on review,"Because Samsung is very tired with all your complaint regarding the broken back panel because drop to the floor, and if you are using phone case, some phone case will close the shiny back panel, plus you are free from doubt that glass will broke whil..."
vivo X50 hands-on review,x50 -  can you say - macro mode from main camera lens (25mm) or tele (50mm) one?
vivo X50 hands-on review,"Guys those who plan to buy this read this 
- Except camera and look everything is cheap , spending 34k on this is useless."
vivo X50 hands-on review,Very cheap earphone..Buying for 35k they can provide a decent ear phone..
Samsung Galaxy A21s review,I have been using an A 21S since 2019.It is still useful up to now in some degree.
Samsung Galaxy A21s review,I post this comment now from A21s . Before this phone was the best in this price but now .. it sooo bad was me I hope I can upgrade it nearly. I will say again it was so perfect before now it doesn't.
Samsung Galaxy A21s review,Wow
Oppo Reno4 Pro review,please would like to know the origin of the phone
Oppo Reno4 Pro review,My reno 4 pro just got three green line after the latest update.I am oppo user since oppo F1+.I used that almost 4 and half years But this time result is very unsatisfied. Oppo company Should take care of the user. Who pays lots of money for the mobi...
Oppo Reno4 Pro review,"Actually 720G is not much difference with 732G, so logical that oppo bought many 720G also for realme for getting higher bulk discount price rather than buy similar 732G, that’s why they can get margins higher than what you think, also it looks like ..."
Motorola Moto G 5G Plus review,"An extremely bad buy for the following reasons: 
1. slow software updates 
2. short life of updates, model released in July 2020, the last update is from July 2022 and it is not on Android  
3. software bugs that were fixed extremely slowly 
4. h..."
Motorola Moto G 5G Plus review,Custom ROM developments are ongoing and LineageOS is bringing up this device for official support on Android 13.
Motorola Moto G 5G Plus review,"I think this phone is discontinued 
No android 12 update."
Xiaomi Redmi 9 (Prime) review,huh... you stole mt nickname
Xiaomi Redmi 9 (Prime) review,Yssjhshfgf
Xiaomi Redmi 9 (Prime) review,"I have this phone since march 2021, still running smoothly, and it got the lcd replaced one time months ago, overall good budget phone if you don't use it for gaming, but i think the android version in this phone Will finally caught up, and i ha..."
Motorola Moto G Pro / G Stylus review,"I've had a Moto g stylus 2020 for about 3 years. I love it because it's a great phone. But it's time to get a new one. I've been faithful to the Motorola brand since my Droid X which I purchased in 2010. 
 
I'm very disappo..."
Motorola Moto G Pro / G Stylus review,"Mine doesn't, battery lasts a few days for me. I used to have a Samssung Note that got hot and needed charging daily, the Moto is a vast improvement."
Motorola Moto G Pro / G Stylus review,Just purchase a data transfer cable
Realme 6i/6S hands-on review,Its Samsung GM2
Realme 6i/6S hands-on review,"Which (main) camera sensor does the Realme 6i/6s use? 
Is It the same as Realme 6 (Samsung GW1)?"
Realme 6i/6S hands-on review,Actually ive been using this phone for 3 months now and trust do not buy this garbage connections really goddamn slow i'd prefer redmi phones that realme phones.
Asus ROG Phone 3 review,"I resolve the same issue by conducting CPU reball 
44.8 USD repair cost"
Asus ROG Phone 3 review,"WiFi suddenly don't work after the update. you can press the WiFi button on the settings but if you go back home and return to the settings its now turn off. 
 
It will stay no WiFi for a week, then after that when you reset the phone the WiFi..."
Asus ROG Phone 3 review,"Same here, mine is still running android 10. I downloaded the uodate manually but it's refusing to update. It shows me update failed.  
Apart from that i have no issues with the phone, everything still works perfectly."
OnePlus Nord hands-on review,"OnePlus Nord Issue List & Deficiency list. 24 total issues . Think before you buy OnePlus Nord.. 
 
 
Issues list: 
 
1. During phone call screen get locked and you have to unlock again to do anything like disconnect call. 
2. After every c..."
OnePlus Nord hands-on review,"I can't understand why you're calling it terrible 
When the prices go down velvet would be a affordable midrange phone with premium look 
Also you didn't tried gcam on your v30 anyway. The stock camera app is terrible it adds lots of..."
OnePlus Nord hands-on review,"If my LG V30 has a garbage selfie camera I can only imagine how terrible your G6 one is.  
 
And of course I'm going to complain about the price. Nobody wants to wait a few months for an already terrible phone just to buy it used."
Samsung Galaxy S20 Ultra long-term review,👁 2nd dat ✔
Samsung Galaxy S20 Ultra long-term review,Samsung Super class is Always good quality
Samsung Galaxy S20 Ultra long-term review,2.8
vivo X50 Pro review,"Please don't buy, many of my friends purchased this phone, and after almost one year green vertical lines appear on screen. Very pathetic."
vivo X50 Pro review,"You can use any image resizer app on Android. On Windows, you can simply use MS Paint as I did. You can even use Photoshop or Photopea, which is a browser-based open-source alternative to Photoshop if you want more freedom."
vivo X50 Pro review,How can I down-size the image manually? 🤔
Xiaomi Mi 10 Lite 5G review,"Hi 
This phone has s better camera or Redmi note 10 pro? 
Thanks"
Xiaomi Mi 10 Lite 5G review,ASD liquid cooled...
Xiaomi Mi 10 Lite 5G review,"The Mi 10 Lite and the Mi Note 10 Lite are different phones my guy. I have been daily driving a 10 Lite for almost a year now, and I can say the colours are excellent"
Samsung Galaxy A41 review,"I have a 2020 A41. Will it work in the USA with a T-Mobile SIM card? Thanks,"
Samsung Galaxy A41 review,"I got this phone 2 weeks ago from my mother as a replacement for a no name 5yo single cam dual sim android, it's better in all aspects but it's not a good phone. I have no expectations but phones haven't changed much in low end for the..."
Samsung Galaxy A41 review,I soooo agreee! we all want small compact phones again
Honor 30 Pro+ review,"android is literally google. 
 
syaying you dont need google for android is basically saying you dont need a leg to walk."
Honor 30 Pro+ review,Give me honor 30 pro plus
Honor 30 Pro+ review,Is your phone that good for you to bypass and bypass installing apps??😭 i do a simple touch of 'install' button😭😭
Samsung Galaxy A31 review,I am from Ethiopia my phone is Samsung galaxy A 31 call recorder is not available
Samsung Galaxy A31 review,I have been using A31 6gb for the past 4 yrs. No issues until now except for android 12 only. The camera is very good in daytime. Battery is excellent. Only occasionally lags
Samsung Galaxy A31 review,"You should go to some service point bro. Am using the same from past 5 years and never ever faced bettery issues 
 
Single charge, it works whole day without having any issues so far till now"
Motorola One Fusion+ review,"May 2026 and it's still going strong with two day battery life most of the time and running quite ok still. Amazing value and battery resilience, considering it wasn't expensive to begin with. Too bad it has no NFC."
Motorola One Fusion+ review,"Today's date is Aug 26, 2023 and mine is still running fast n smooth. I've always been a Motorola fan. 
However when I found the deal and researched the phone, it spec'd at 6gb RAM, bc I'm heavy RAM user. But when I bought it, I ..."
Motorola One Fusion+ review,"I've been using this phone since September 2020 and in 2+ years of use, I have not had a single issue. Really happy with this phone. Keep the great work going Motorola. 🙂"
Samsung Galaxy A51 5G review,Samsung  A 51
Samsung Galaxy A51 5G review,"Even Gsmarena review said that the Exynos 980 is efficient and it’s at SD765G performance, you probably don’t even tried this phone and think that because it has an Exynos chip it’s bad"
Samsung Galaxy A51 5G review,"Samsung a51 does,nt has a back case"
Oppo Reno3 Pro 5G  / Find X2 Neo review,"Bought for 299£, at this price is a very nice phone, i agree with the build, the screen and the overall feeling like a flagship, sadly im not impressed by the front camera, imho it have problem with colours and lights adaptation of the sensor, also w..."
Oppo Reno3 Pro 5G  / Find X2 Neo review,"No, my mistake. 
 
It's not"
Oppo Reno3 Pro 5G  / Find X2 Neo review,"Yep, mine is"
Realme X3 hands-on review,yes
Realme X3 hands-on review,Best photos
Realme X3 hands-on review,"Hello, i take it for pubg I think this device is a good device? So what's good and what's bad"
LG Velvet with DualScreen review,Is this phone has eSim?
LG Velvet with DualScreen review,Where can we buy as of today this LG Dualscreen Case for velvet? Thanks
LG Velvet with DualScreen review,It has a built in modem in the processor SD-765G which came in oneplus NORD too.there might be not as much bands supported and your service provider might not have the requisite band.
Xiaomi Redmi Note 9 Pro/9 Pro Max review,"Buy a high speed micro sd card of around 128 gb and format it as internal storage. Yes, this option is available in this phone by default. I have done it myself and have around 90 gb free in internal storage (i have 64 / 6 GB model). Also, additional..."
Xiaomi Redmi Note 9 Pro/9 Pro Max review,Been using it since 4 and half years and it's still butter smooth except for running short of memory as my model is 4/64
Xiaomi Redmi Note 9 Pro/9 Pro Max review,"Still best xiaomi phone camera before Redmi Note 10 Pro...redmi series like note 10s, note 11 series, note 12 series have not good camera"
Xiaomi Redmi Note 9 review,I use this phone and i recommended this because when i play sky the children of light it's not many lag
Xiaomi Redmi Note 9 review,The internet always turning on & off by itself
Xiaomi Redmi Note 9 review,"World's most worse phone I ever used Redmi note 9, waste phone the normal network signal is worse to worst can't able to connect in proper network and wifi signal. My personal suggestion to all people of this world is don't ever buy th..."
Xiaomi Mi Note 10 Lite review,the essue mi note 10 lite camera to front
Xiaomi Mi Note 10 Lite review,"I am on the same page! I loved my 10lite , one of the best phones i ever had that works flawlessly after 4 years. Unfortunately i have also to upgrade due to storage (64gb is a killer these days). I bought the new Redmi 13 Pro but i was dissapointed...."
Xiaomi Mi Note 10 Lite review,S.. me to also
Testing 5G: Hype vs. Reality,"WOW, you must be living in a good spot"
Testing 5G: Hype vs. Reality,You’re capping bro
Testing 5G: Hype vs. Reality,I've been subscribing to 5G from last year already. Average monthly usage is between 1.5 to 2 terrbytes per month only streaming between 4 user's. Got my S20 Ultra around 2 month's ago and got an add on 5G Sim in it. I've never go...
Samsung Galaxy M21 hands-on review,its been 4 and a half years and still running pretty good for daily use
Samsung Galaxy M21 hands-on review,One of the worst phone I ever use
Samsung Galaxy M21 hands-on review,I purchased refurbished m21 from xtracover mobile they sell this phone with 1 year warranty after six months it have problem in IC means whole phone is useless I complaint a query online and get cc address when I reach there they told me your phone w...
Huawei P40 Pro+ review,"If you repackage this phone into a new body, you'll never notice that it's a 4-year-old device. 
The optics are still great to this day, not to mention its two telephoto modules and great ultrawide and macro shooting features. The charging..."
Huawei P40 Pro+ review,At khadenga po deobharandi pin 764074
Huawei P40 Pro+ review,Good
Sony Xperia 10 II review,Sony's one of the Best affordable mobile. but amazon website is out of stock in india. im waiting for sony 10 II mobile in india.
Sony Xperia 10 II review,"Great phone at this price range, but the processor could have been a tad better. But other wise a superb midranger from Sony. The camera is pretty good too."
Sony Xperia 10 II review,Big fun of Sony! So I have this model the last 6 months and I can say it's pretty good. Today I put it accidentally in the washing machine.. 15 minutes later I realized it was in there.. I didn't want to test if it's water resistant bu...
Realme X3 SuperZoom review,"Try cleaning the camera cache every so often - it boosts performance considerably. Regarding quality (definition) I think X3 is very good, but it does depend a lot on subject matter and lighting. Some of them standard comparison with my Nikon D610 DS..."
Realme X3 SuperZoom review,Phone 📱  is absolutely right but condition dole 🔊 🔇 is  I'm using realme 6 pro and realme 5 or 5i realme 7pro speaker is absolutely right
Realme X3 SuperZoom review,Dead trigger 2 does run at 120fps.
Poco F2 Pro review,"Just install the new Android 14 build for CrDroid ; 
 
https://xdaforums.com/t/rom-14-0-beta-official-lmi-crdroid-v10-0-12-11-2023.4640996/#post-89157409"
Poco F2 Pro review,"Agree 👍, this phone has issue of charging port. This problem is common on the poco f2 pro, which has had to replace both the charging circuit assembly (including type c port) and the cable connecting the charging circuit and main motherboard."
Poco F2 Pro review,"I've had this phone for 30months now. I still love it, 6gb ram is the only reason I am looking for a new phone. It had to go back once for a internal charging cable issue, and I paid for the battery to be swapped at that point. Has been perfect ..."
Sony Xperia 1 II review,No sadly
Sony Xperia 1 II review,Hey u can see difference clearly With any satsung flagship or chappal flagship phones Download a 4k movie and play simultaneously which looks clear And without any Motion blur Then u can see the difference dont go on colous the movie looks very Nice ...
Sony Xperia 1 II review,sony xperia 1 ii have x reality engine & Triluminos display ?
Huawei P40 Pro long-term review,Yes I can confirm that. This is the best phone I never had. That's why I will wait the P70.
Huawei P40 Pro long-term review,"P40 pro is still camera King. even S22 ultra Photos are worse sometimes. Selfies with 3dtof are way superior. Dunno why no one includes it anymore. 
And with googlefier google works like 95%. 
 
PLEASE, smartphone company's, build more phones..."
Huawei P40 Pro long-term review,"Huawei P40 is best ... If you are a Huawei user than Google is not an issue, infact having Google authority in phone is an issue."
Amazfit T-Rex review,"You must have seriously damaged both your watches for them to have stopped in water. I have. Trex 1 which I have worn over 2 years to work as a technician, so physical labour and I am in the sea 4 days a week in our long summer. I think it is a brill..."
Amazfit T-Rex review,"Don't know how you was using, but I have t-rex pro for two years now and 0 issues at all, taking off only for charging, using everywhere, diving, at work, not taking off even then going in sauna."
Amazfit T-Rex review,"Junk, I have had  two  t-rex smartwatch both dead in  less and  year, one  dead after swimming in 3 feet of  sea water and the other  in  swimming  pool no  under water.  all testing is  false the  company has  poor quality  and  warranty"
Motorola Edge+ review,Beautiful nice 👍🙂🙂👍
Motorola Edge+ review,.maybe you should get insurance that covers things you hand to your wife ?
Motorola Edge+ review,"You ask to many questions, just live your life,  Instead of asking about  how it's going for others"
Motorola Edge review,About getting my first
Motorola Edge review,"I love the way the phone works, but it is super fragile. Even with liquid glass and a case I am on my third screen for this thing"
Motorola Edge review,Go collect your check from Samsung anytime you want
Huawei Mate Xs review,"Bought it in 2024, wonder why. First i had huawei p30 pro, them i Swiched from xiaomi 13 pro and realisez it's snapdragon that's consumin a lot of energy and wasting and heating."
Huawei Mate Xs review,"I can't help but think that LG or any other brand can use this phone as an inspiration for their rollable screen smartphone. I mean, the camera and the power+volume button is placed on one side with no bezel or notch or even punch-hole interrupt..."
Huawei Mate Xs review,It comes with a pre installed screen protector. I've had mine 9 months it's still on there.
Moto G8 Power review,Rubbish. WiFi disconnect constantly. No 5GHz WiFi.
Moto G8 Power review,One is probably the g8 power (sold internationally) and one is the g power...they look different
Moto G8 Power review,Plastics are not harmful to the environment;  the thoughtless littering and/or improper disposal of plastics by self absorbed morons is...
Oppo Find X2 review,In that case iphone 11 pro max should be around 550$
Oppo Find X2 review,It is in china
Oppo Find X2 review,Anyone Have Call Issue This Device
Xiaomi Mi 10 5G review,Installed miui 14.0.5 and it works much better than current best midrange phones
Xiaomi Mi 10 5G review,"Still using this amazing phone in 2025, got the Chinese version and it's as excellent as they advertise. Android 13 and a security patch from November last year. I think they're discontinued but it's still amazing. Big ups to Xiaomi"
Xiaomi Mi 10 5G review,"Hyper Os is now downloading for me. With security patch 03.2024. 
 
So happy with this, might keep it for another year. 
Good job Xiaomi!!!"
Apple iPhone SE (2020) review,i am using this phone around year and i am happy with it only the battery is issue
Apple iPhone SE (2020) review,"I wish you guys would consider the old dB levels, at least for ring tone and & loudspeaker levels... This new method isn't practical for those 2 very important need to know items (imo)... Thanks..."
Apple iPhone SE (2020) review,"Only complain is idle battery drain.  
 
Drain like 10% for 8 hours at night. Too much. Apple forcing Bluetooth scan for their 'smart' devices tags and sh.t even you disable bt. also I suspect wideband network management scan is bad.  
 ..."
OnePlus 8 Pro review,8pro better
OnePlus 8 Pro review,8pro is best
OnePlus 8 Pro review,Please suggest me I should buy OnePlus 8pro or OnePlus 9R or OnePlus 7pro.which is the best in these models
Xiaomi Redmi Note 9S / 9 Pro review,"Using the same phone posting this comment, i had this phone since may 2020, 2 weeks after release, not sure about people who said they had issues after 2 years, I've had this for almost 6 years and still no issues other than it doesnt fully supp..."
Xiaomi Redmi Note 9S / 9 Pro review,"Used this phone for about 3 years. I would say it lasted long enough. I am a heavy phone user. Played games, used for extended hours. It was ok for 2 years and didn't face any major issues. After that started facing some hardware issues like vol..."
Xiaomi Redmi Note 9S / 9 Pro review,*Itni Shiddat Se Maine Tumhe Paane Ki Koshish Ki Hai … Ki Har Zarre Ne Mujhe Tumse Milane Ki Saazish Ki Hai 👩👨👩‍❤️‍👨*
OnePlus 8 review,Please my Mobile updates one plus 8
OnePlus 8 review,I would like a new OnePlus based on the same size of Op8 . Now are too bigger
OnePlus 8 review,"I have been using a OnePlus 8 for well over a year now and the battery lasts at least a day but sometimes 2. I use my phone about 3 hours a day for games like clash of clans or fallout shelter, watching YouTube, and using Snapchat, and searching the ..."
vivo iQOO 3 5G review,I am using 12/256 with 5g version bought in 2020 and still works only inconvenience for me now is not having nfc that's it otherwise everything is awesome
vivo iQOO 3 5G review,How I connect 5g network there is no options are available..
vivo iQOO 3 5G review,Display
Xiaomi Mi 10 Pro 5G review,I have one but it's locked
Xiaomi Mi 10 Pro 5G review,Yes good mobile
Xiaomi Mi 10 Pro 5G review,So do you
LG V60 ThinQ 5G review,"Where would I go to have the same refurbishing done to my V60? I am old and have no clue. My battery is getting worse and worse and I do not want to give up the best phone ever made. 
 
 
 
 
Just finished refurbing my two dual screened V60s wit..."
LG V60 ThinQ 5G review,"How difficult was it to replace the back glass? And why is everyone's broken on the back only? Anyway, is it involved at all to do?"
LG V60 ThinQ 5G review,"Just finished refurbing my two dual screened V60s with new batteries, charging ports, and back glass. They are like brand new again. I did notice some newer phones have 1T byte storage. I may look at them in a couple of years and use my headphone Qub..."
Realme X50 Pro 5G review,"Camera 10 on 8 
Display 10 on 7 
Interface 10 on 9 
Charging 10 on 10 
Overall 10 on 8.5"
Realme X50 Pro 5G review,"Camera is too good than iphone 12  
Using since 1.5 year"
Realme X50 Pro 5G review,"So which phone is the better phone,this realme x50 pro or the standard one plus 8??both run the Snapdragon 865 with 90 refresh screens and both cost the same in 2022 at 250 pounds new,I need to know this please?"
OnePlus 8 Pro hands-on review,Yes it is available
OnePlus 8 Pro hands-on review,"Please do dxomark for oneplus 8 pro. There is only preview in dxomark. 
 
Also please GSMArena do full review of oneplus 8 pro."
OnePlus 8 Pro hands-on review,yesss
OnePlus 8 hands-on review,Woah! Careful dude. Not everyone likes android.
OnePlus 8 hands-on review,where’s the bloody review!?
OnePlus 8 hands-on review,Does OnePlus8 have esim option. Can anyone suggest
Realme 6i review,Tell me short about  display  Led or LCD  I can't understand
Realme 6i review,Full day not coming battery 🔋....😭
Realme 6i review,mmsd card up to how much sd size?
Huawei P40 review,"It can, but xiaomi 13 pro and 12s ultra got better cameta then mi 11 ultra"
Huawei P40 review,"Yes, and?"
Huawei P40 review,I think a flagship from 2020 can be better than a flagship from 2023.
"TCL 10 Pro, 10 5G and 10L hands-on review","TCL 10 5G 
 
So the dual sim, is the micro sd slot second sim slot. Are both 5G connection when used together. Is it T790Y model number."
"TCL 10 Pro, 10 5G and 10L hands-on review",Yes
"TCL 10 Pro, 10 5G and 10L hands-on review",Is the tcl 10 5g a dual sim device?
Realme 6 Pro review,Best phone have been using for last 5 years and has been working without any issue
Realme 6 Pro review,"Camera is defined not poor, the camera has a lot of features that you'll only get in a flagship phone, like a telephoto lens, ultra wide, and an ultra wide selfie camera? Never heard of a phone which has an ultra wide lens in the selfie camera"
Realme 6 Pro review,It's quite surprising that a phone like this never got almost absolute reviews.  I have had this phone for 3 years and have not yet found realme product that supercedes this 6 except for their camera outputs. All upgrades have successfully corre...
RedMagic 5G review,Can game at max graphics 60fps on any mobile game currently. Only downside this phone will melt the skin off your hands it gets that hot.
RedMagic 5G review,What is pogo pins??
RedMagic 5G review,Does this Phone available to Phillippine😢
Realme 6 review,Yes
Realme 6 review,Still using realme 6 until know.2025
Realme 6 review,"Why? My realme 6 wifi connection in 2.4ghz is so low like one bar, but if I connect to 5g it's good. How do I fix this?"
Huawei P40 Pro review,"Yes I got mine 3 week ago, I got easily 6-7 hours of sot."
Huawei P40 Pro review,What about if I buy second hand? Can it still give me 5 hours of SOT?
Huawei P40 Pro review,"Anyone here this 2025. Currently still using huawei p40 pro while typing this comment. Still the best phone for me. 5yrs and counting, no issues whatsover 😊"
Huawei P40 hands-on review,"I think, all negative comment about P40 series, because they never hold this phone..for me GMS is not a deal breaker just use my older phone for bussiness and the new no GMS phone for private time, the power of P40 series camera is my main reason. Th..."
Huawei P40 hands-on review,"I'm buying the Huawei p40 pro+ God willing. I have been a Huawei enthusiast since the day of P8. GMS or not, I no where I belong"
Huawei P40 hands-on review,"? What I won't? Buy, or transfer all apps? As I said..I don't care about GMS"
Samsung Galaxy S20+ review,Damn!
Samsung Galaxy S20+ review,It's ok
Samsung Galaxy S20+ review,I've got two
OnePlus 7T Pro long-term review,I think 7t pro and 7t pro MacLean. Best phn on oneplus❤️🇧🇩
OnePlus 7T Pro long-term review,I still love the phone and I think it's still going to be my phone for the next 5 more years.
OnePlus 7T Pro long-term review,It is 2g standby so I think people use it for 2nd business line on personal smartphone 1st sim.
Xiaomi Redmi Note 8 Pro long-term review,Best camera phone comparatively other phone that's why I am not changing this phone
Xiaomi Redmi Note 8 Pro long-term review,I have been using RN8P for 5 years and its better than a lot of flagships so idk what the hell are u talking about
Xiaomi Redmi Note 8 Pro long-term review,"Yes, it is very nice phone I am also using it since 2019 and is working very well."
Oppo Find X2 Pro review,"I´ve being using this beast device since April 2021, and wow, I cant get enough of it. Last year I had an battery issu, it was draining very fast, and i changed it for 44 euros, and it was like a new device! Today, 06/2025 I got a black screen proble..."
Oppo Find X2 Pro review,"The Oppo Find X2 Pro is a beast of a device that still holds up remarkably well even in 2025. Here's why: 
 
Design and Display 
 
This phone is a stunner, with a sleek design that's both premium and comfortable to hold. The 6.78-inch d..."
Oppo Find X2 Pro review,Hello. So if I buy this second hand this January 2025 battery is a lot worse? What about if you use 60Hz for screen refresh rate? Well it help? Thank you.
Huawei P40 Lite / nova 7i review,My play store is not working
Huawei P40 Lite / nova 7i review,"My Huawei P40 lite has two places for Sim cards (Sim1 and Sim card) but it's only Sim 1 that is reading, l can't activate Sim 2, what could be the problem or cause of this... Only Sim 1 is showing"
Huawei P40 Lite / nova 7i review,This phone is amazing for me.. because I been use this phone 4 years now even now I still use this phone for gaming.. only one thing that I disappointed is to buy memory card for this phone at my country (Malaysia) way too expensive.. 😢
Samsung Galaxy S20 review,"yeah s20 is better but somehow the s20 value has dropped a lot particularly in the second hand market compared to s21 and even s10, much likely bcs of outdated android and its overall design (both s10 and s21 still look very nice in 2026 while s20 lo..."
Samsung Galaxy S20 review,I bought a S20 plus 5 and I can’t reset it I entered wrong pins several times and it locked how can I unlock it it’s has box by voice activated
Samsung Galaxy S20 review,"Stil well now.faster My s20 5g,"
Honor 9X Pro review,Good phone
Honor 9X Pro review,Ok
Honor 9X Pro review,I agree. It us great phone. Depend what  Are You looking for. Not for gaminig. So is perfect  for me is what i was looking for
Infinix S5 Pro review,"The. Phone is nice and it's very good for gaming,the screen type is the best but it overheats a lot and when ever it overheat the battery runs down and lastly the phone is UGLY"
Infinix S5 Pro review,Is there is no update for it's android version
Infinix S5 Pro review,Brilliant phone
Realme 6 Pro hands-on review,I have question that does realme 6 pro supports 50w or more fast charging
Realme 6 Pro hands-on review,Yes absolutely - better camera configuration 😊
Realme 6 Pro hands-on review,"Hi Gsmarena Team, 
I'm Michael from India here I have got confused a little in Realme 6 Pro review. You've given more than 283789 to 6 Pro on Antutu 8 when you've given Pro hand on review while reviewing out Realme 6 you have lowered Pro's Antutu 8 ..."
Oppo Find X2 Pro hands-on review,"To my dear smart phone companies, 
 
Please make small smartphones,compact ones the 5.5 inch ones"
Oppo Find X2 Pro hands-on review,Only camera performance is worrying me. Nothing else. Let's see the final software and product camera and video samples. And decide. Def very promising 2020 contender!
Oppo Find X2 Pro hands-on review,"I think it isn't a problem if you do regular backups. 
Like we do for all desktop hdd. 
Internal storage can fail anytime for multiple reasons. Only thing saving you is regular backups. Besides if you lose your phone, you lose all your data plus th..."
TCL futuristic foldables hands-on,The design is unnecessarily flashy
TCL futuristic foldables hands-on,Glass can't bend? Ever heard of optical fiber?
TCL futuristic foldables hands-on,TCL keep it up
Realme 6 hands-on review,My cameras were fine. They could take stunning photos. My friends would always use my phone(realme 6) in photo ops.
Realme 6 hands-on review,When will be available in egypt?!
Realme 6 hands-on review,"I bought it. My comments about camera wasn't good. 
So blur"
Samsung Galaxy Z Flip review,"Phone has cracked in the middle...I would NOT recommend this phone to anyone!! I did not take the warranty due to (normally solid) Samsung quality, however they missed the boat on this one."
Samsung Galaxy Z Flip review,"Buy the warranty it' worth it ,I got mind changed for only $130.00 
 And I got a replacement 2 times already."
Samsung Galaxy Z Flip review,"can i have you number please i want to talk you about that  
please. Because i am going to purchase that one mobile"
Oppo Reno3 Pro review,Best best phone
Oppo Reno3 Pro review,NO
Oppo Reno3 Pro review,I am use this phone before 5 years It is the best phone
Samsung Galaxy S20 Ultra review,Ultra
Samsung Galaxy S20 Ultra review,Thanks for this info. I would have never thought about that. I will give it a try.
Samsung Galaxy S20 Ultra review,"The battery test is made on 3 G net work  
What's  the purpose the network is most of time 4g to ,5 g"
LG V60 ThinQ 5G hands-on review,"Have this foon on contract now and for 36 months and for this price. It's not playing wma files,doesn't have it's own file system use google files,finger print scanner work if you're lucky and I have lost some of my contacts not o..."
LG V60 ThinQ 5G hands-on review,"this phone is only available in the US? that bad! LG, You are losing buyers because of your poor distribution and selling policy. the latest model available in my country is the V40 c'mon! It is your fault..."
LG V60 ThinQ 5G hands-on review,"So LG.  
When are you going to allow others around the world to purchase this?  I'm in Australia, really would like it but your distribution truly sucks!"
Galaxy S20 Ultra camera comparison,"Of course I didn't use all the phones. It will be stupid to think so. I think I was using Nokia 6120c at that time. But there is internet, there is GSMARENA who has a lot of samples. You can check them too. Just make sure you check them on a good SRG..."
Galaxy S20 Ultra camera comparison,There's also third possibility. You never had 808 but are stupid enough to show your ignorance.
Galaxy S20 Ultra camera comparison,"I have P30Pro and Lumia 950XL. Both great camera phones. In detail and colour department, 808 is better. Only thing it has worse is dynamic range due to lack of HDR. 
So sush."
vivo iQOO 3 hands-on review,Im in the same position as you I am thinking black shark 3 pro cuz of the triggers and battery but if theres some good phone with 665and 5000 mAh for a cheaper price I might consider that one
vivo iQOO 3 hands-on review,what do you mean?
vivo iQOO 3 hands-on review,Lost me at 60hz
Samsung Galaxy M31 hands-on review,"I am having  M31F15/DS ,Since 2020 ,,Now I facing  mobile Network  problem  in 1st sim _ jio( mobile  data signals become  weak and No network  for data) ,when checked  ,I found instrument  is 3G   
."
Samsung Galaxy M31 hands-on review,"I have this phone but just after a year the charging problem started, than display got problem, I replaced and now finally some software issue came up and the phone is now in active. I have been using samsung phone for a long time but whenever we go ..."
Samsung Galaxy M31 hands-on review,I have bought this phone in 2020 and still using the same in 2025. No issues.
Huawei Mate Xs hands-on review,"I'm not going to go into total rant, I'll save that for Huawei customer service. I'm disappointed with two things. 
1. I rather the phone open up like a book to reveal the screen. I can see it now little metrial, scratches from  being..."
Huawei Mate Xs hands-on review,no stereo speakers and no headphone jack.creases when folded and unfolded and wildly expensive.early days yet.
Huawei Mate Xs hands-on review,its out with Three now
Realme X50 Pro 5G hands-on review,realms x 50 Pro frant camera better than one plus
Realme X50 Pro 5G hands-on review,"Every yeara phones has to miss something.... 
 
All I eant is phone with jack/ir/dual front and triple back camera/stereo speakers/4000mah+ battery/sd card slot.. 
 
Is that too much to ask phone makers???"
Realme X50 Pro 5G hands-on review,When is the full review coming out? I am confused between the OnePlus 7T and the X50 Pro. I like the chipset and RAM of the X50 but wanted to know how its camera compares to the X50 Pro.
Samsung Galaxy S10 Lite review,"Posting this in 2026 from my 5.5 year old s10 lite. It has been a great phone. Was here to compare and see how it fairs with the new phones out there, but it seems, we haven't come very far. There will be some nice technological upgrades, but no..."
Samsung Galaxy S10 Lite review,"Posting this in 2026 from my 5.5 year old s10 lite. Was planning to buy a new phone and wanted to just compare how far we have come, but it seems, we haven't leaped exponentially. This one is a great phone though."
Samsung Galaxy S10 Lite review,Yes
Realme C3 hands-on review,I have been using this mobile since 2020 and it's battery is amazing 😍
Realme C3 hands-on review,Na wala po yan yon cp ko
Realme C3 hands-on review,Absolutely same my thoughts
Xiaomi Mi Note 10 long-term review,Long range wifai not working
Xiaomi Mi Note 10 long-term review,I had this phone. The best phone I ever had.
Xiaomi Mi Note 10 long-term review,Is there anyone face display blinding problem??
Samsung Galaxy A51 review,Overall The A51 remains the best in the category...latest development have only improved size and processor mainly...camera and the rest remains basically the same and the price has slightly increased. Also after 51 no memory card available...a real ...
Samsung Galaxy A51 review,How can I command a text translation?
Samsung Galaxy A51 review,I like the phone
Xiaomi Redmi K30 review,Does it compatible with any screen display drawing tablet devices such as xp pen?
Xiaomi Redmi K30 review,I like this phone.☺️
Xiaomi Redmi K30 review,"So. Plastic or aluminum frame? 
to be sure before buying."
Honor V30 Pro review,The price  is too high if compared to the quality and the performance. The processor is Kirin which on paper specs are great but really the performance is average. I don't understand what were the manufacturer's thinking while pricing the handset.
Honor V30 Pro review,Nice
Honor V30 Pro review,Front camera hole is utterly ugly. Doesn't fit the UI. No padding below and huge padding above. S10e single well positioned into UI hole on right is far better.
"Best phones for selfies, Jan 2020","Wouldnt the  Samsung Galaxy A80  be a decent offering? 
Pretty cool flippy camera... 48mp selfies"
"Best phones for selfies, Jan 2020",give me a top 10 ranking
"Best phones for selfies, Jan 2020","If you're talking about Samsung, then saying sensational might be actually true. Though if it's in the likes of Xiaomi Oppo Huawei and that sort then that's one good joke. Locked bootloaders can stay right where got made...not to mention all the labo..."
vivo U20 hands-on review,Wow
vivo U20 hands-on review,Superb
vivo U20 hands-on review,"Redmi note 8 pro is IPS screen and v17 pro has super amoled display... V17 pro,v17 and s1 pro much better display quality compare to redmi note 8 pro"
Mi Note 10 vs. Galaxy Note10+: Do you really need 108MP in a phone?,Good
Mi Note 10 vs. Galaxy Note10+: Do you really need 108MP in a phone?,Actually we need 8k but 50mp is enough for that
Mi Note 10 vs. Galaxy Note10+: Do you really need 108MP in a phone?,dslr cameras are not phones m8
Redmi Note 8 Pro vs. Realme X2: Showdown,Bst feature is IR Blaster....
Redmi Note 8 Pro vs. Realme X2: Showdown,In this mi note 8 pro first i have super slow motion camera but now is not there why u remove i need that camera
Redmi Note 8 Pro vs. Realme X2: Showdown,I think I will choose Redmi note 8 pro because of its powerful performance and long battery life like me gamers.
Xiaomi Redmi 8a hands-on review,Ok
Xiaomi Redmi 8a hands-on review,Exactly I'm facing the same challenges
Xiaomi Redmi 8a hands-on review,"My Redmi 8A I was trying to update my phone system so as soon as it was done it went off and can't on again now if I want to on it, is not working only vibrating"
Samsung Galaxy M30s review,You can't upgrade past Android 11
Samsung Galaxy M30s review,How to upgrade my M30s to higher Android versions from 11.
Samsung Galaxy M30s review,"M30s has Exynos Chipset, these kind of Chipset directly gives some amount of power to CPU, that is why this product got stuck and hot sometimes, Qualcomm always use Charging IC as a mediator to give power to all ICs"
Samsung Galaxy Note10+ long-term review,"Have had this phone since launch. Still going strong aside from the following, not a big deal for me but it may be for you:  
• battery on the S-pen failed and now has limited features  
• wireless charging works intermittently not sure if I damage..."
Samsung Galaxy Note10+ long-term review,"Kinda, but I don't recommend a screen protector with it. In my case, the fingerprint sensor is unusable with my screen protector."
Samsung Galaxy Note10+ long-term review,What about issue of ultra sonic fingerprint? Is it fast
LG V50 ThinQ 5G Dual Screen review,"Have u found anything to replace it? 
 
Under 6,5"" with solid audio & video capture?"
LG V50 ThinQ 5G Dual Screen review,Duo screen is the killer weapon of this phone. Sadly 95% of people arent interested in this
LG V50 ThinQ 5G Dual Screen review,I had a great time updating LG phone product. This phone if switched from watts apps to duo. It's a handheld computer. A smartphone on steroids. It's a one of a kind.
Motorola Moto G8 Plus review,Is the moto g8 plus more resistant than the moto E7i power?
Motorola Moto G8 Plus review,Sums it up very well.
Motorola Moto G8 Plus review,What is tha stok Motorola moto g8 plus?
OnePlus 7T long-term review,"Use adb to trim down the telemetry services and all. 
And then enable some unused resources like gpu acceleration n graphics handling you can easily get 6+ hrs sot for normal daily use . Exclude gaming as they are getting heavier. I just stayed on A..."
OnePlus 7T long-term review,"I have a OnePlus 7T with 8/128GB. I bought it in 2019. It still holds it's own against today's smartphones. The battery life is reduced, but still not bad. It still charges rapidly on warpcharge. The only downside is that it is a 4G phone. ..."
OnePlus 7T long-term review,"I would say after using for 3 years now, I have not seen such an amazing smartphone of that time. It still copup with today's flagships. Battery do shows now little fastter discharge but is manageable by the usage. This smartphone served it purp..."
Xiaomi Redmi Note 8T review,Is epic :D
Xiaomi Redmi Note 8T review,You can remove everything with ADB.
Xiaomi Redmi Note 8T review,"I've had a better experience with the camera. For me, it captures stunning detail, and is smooth. Are you on a beta update, or are you running the latest MIUI available for the Note 8T? 
 
If none of this helps, take this up with Xiaomi throug..."
Realme 5s review,"This phone amazing and iam using 5years.  
Wery thanks Realme"
Realme 5s review,You are absolutely right
Realme 5s review,"Yes, the phone is not bad...! 
But it didn't give the ""Software Update"" since 3 years. 
So it is a risky phone for Cyber Security.  
Also it heating up and hanged in many times in a day... Also 10W charging capability takes upto 3ho..."
Google Pixel 4 review,N9
Google Pixel 4 review,That's just fanatical
Google Pixel 4 review,"i think it's a pretty good option for 100-200$ 
the performance is good for average use and gaming too and the camera quality is way better than other options at the same price"
Xiaomi Redmi Note 8 review,"Using 64gb/4gb version, 2020 model, working fine , only had to replace battery after 4years. display brightness not that good compared other models,i bought this phone mainly for sensor (compass,gyro, accelerometer,finger print) you won't find g..."
Xiaomi Redmi Note 8 review,Yes
Xiaomi Redmi Note 8 review,How can I upgrade my redmi note 8 to mini 13 android
Honor V30/V30 Pro hands-on review,"The LCD is a little bit of a setback in the case of this Phone but not the end of the World. 
 
What i like is the kirin 990 and the separated balong 5000 chipset for 5g. This should be a better battery saving Option then a process or with integrat..."
Honor V30/V30 Pro hands-on review,An IPS LCD? That is a deal breaker. Why......
Honor V30/V30 Pro hands-on review,Checkmate edition?
Best smartphones of 2026 - buyer’s guide,"In 2026, the “best smartphone” really depends on what you need, but a few clear flagships stand out across reviews and rankings. 
 
Top-tier phones like the iPhone 17 Pro Max, Samsung Galaxy S26 Ultra, and Google Pixel 10 Pro XL are consistently ra..."
Best smartphones of 2026 - buyer’s guide,Bold of you to be so confidently wrong. The Honor Magic series gets 7 years of software updates. It seems the only thing with a short lifespan here is the accuracy of your comment.
Best smartphones of 2026 - buyer’s guide,is this guide always update from period to period? seems a good guide to me. it helps me choose a good android since there are tons of androids phones in the market which some i'm not even familiar with.
Realme 5s hands-on review,It’s really a nice and  reasonable phone for all....I’m satisfiedq
Realme 5s hands-on review,"Yeah got mine, but the camera upgrade doesn’t seem tempting for me to swop my set to the newer one..."
Realme 5s hands-on review,"I mean it's the thing with most of these budget chinese brands, they care about their customer only up to the point when he buys their device, then he can f*ck right off for all they care.  
 
There's a reason why these devices have such a strong p..."
RedMagic 3s review,"3 Month User , Recording Lag Audio Buzz , Cast auto on when recording start 
 
Reset Factory , Update Nothing Change Goodluck Boy"
RedMagic 3s review,Hi GSMARENA. Iwoul like to ask if I can use a game capture device with the dock accessory of magic 3s. so the idea would be (magic3s + game dock+ type c to hdmi with power + elgato hd60 S plus.
RedMagic 3s review,You need a software update sometimes my home buttons disappear or even my files just message the company itself as it's major problem. They not give us support after sales
Best flagship phones 2026 - buyer’s guide,You need to separate the flagship section from foldables.
Best flagship phones 2026 - buyer’s guide,DXOMark? hahahaha you joking?
Best flagship phones 2026 - buyer’s guide,"GSMArena is just for specification of mobiles. 
Its reviews are not reliable, instead the DXOmark is the best source for compressions and costumers guide."
Phones with best battery life 2026 - buyer’s guide,"Honor X9d has 8300 battery and reverse charging, so superb"
Phones with best battery life 2026 - buyer’s guide,IQOO Z11 and Samsung Galaxy S26 Ultra not in the list?
Phones with best battery life 2026 - buyer’s guide,Poco x8 Pro Max the best Battery life
Best compact phones 2026 - buyer’s guide,Why oneplus 13s/13t is not on the list? Is this list a joke?
Best compact phones 2026 - buyer’s guide,"You are so right! I really want to buy compact phone. My tablet (Lenovo Legion Y700) has 8,8 inches and it's big enough for a tablet. Phone should have 5,6-5,9""."
Best compact phones 2026 - buyer’s guide,"this is unreal, 6.3 inches is anything but compact. these are tablets for christs sake!!  
buy a zenfone 9/10 if you want something even remotely small"
Best camera phones 2026 - buyer’s guide,"This is exactly how you should test and compare your cameraphone. 
Do you want to create professional looking images or do you want to remember moments?  
I never thought I'd be using a Xiaomi device but here I am."
Best camera phones 2026 - buyer’s guide,I am just waiting for the price of the Oppo find x9 ultra to go down a bit. This phone has everything you could ask for and then some! But the price is just too high at the moment!
Best camera phones 2026 - buyer’s guide,How is the Xiaomi 15t Pro. Better at cameras than the higher rated Xiaomi 15?
Best gaming phones 2026 - buyer’s guide,Where's Infinix GT 50 or Poco X8 Pro Max from the list?
Best gaming phones 2026 - buyer’s guide,"""Apple iOS 26 is chaotic"" wdym iOS 26 is chaotic 😭😭😭😭😭😭😭"
Best gaming phones 2026 - buyer’s guide,"Hey, what do you think of the RedMagic 11 Air?"
Best midrange all-rounders 2026 - buyer’s guide,"What country?? 2G it's outdated network and very insecure because no have authentication between Tower and cell phone have very poor expired encryption and it's possible to hack in real Time call conversation,SMS and Data GPRS  or EDGE if w..."
Best midrange all-rounders 2026 - buyer’s guide,I wouldn't have removed the Poco X7 Pro from the list. It's available for 200-230€ and massively outperforms everything else in the 200€ category for gaming.
Best midrange all-rounders 2026 - buyer’s guide,Xiaomi on every list but the OS is absolute cr4p.
Best premium all-rounders 2026 - buyer’s guide,Looks good
Best premium all-rounders 2026 - buyer’s guide,"What the hell is Realme 12 Pro+ doing here? It's two years old already, plus it never even supposed to be in this category lmao"
Best premium all-rounders 2026 - buyer’s guide,"So why realme gt 6 got removed from this list?and u dont have a samsung phone so maybe s24 fe?also,pixel 8 pro is now like 600 euros(no point keeping pixel 8) and is miles better than 14t pro."
Best entry-level smartphones 2026 - buyer’s guide,same garbage. just added the sprinkle
Best entry-level smartphones 2026 - buyer’s guide,motorola g45 should def be on this
Best entry-level smartphones 2026 - buyer’s guide,"Hmm, Infinix Note 50x didn't make it into the list. 
I wonder why..."
Best flagship killers 2026 - buyer’s guide,"The Honor 400 Pro is excellent in most aspects for its price, the only noticable weak point is the use of USB 2.0 which is too slow to do regular backup as it takes 3 to 4 hours to backup just 350GB. 
This wouldn't matter if cloud backups are u..."
Best flagship killers 2026 - buyer’s guide,"how the f*ck is this a flagship killer?! 
gsmarena, you fking kidding!"
Best flagship killers 2026 - buyer’s guide,"Consider Honor 400 pro , flagship level of performance, camera, ai excellent experience. Goodfor its price, a flagship killer"
Motorola Razr hands-on,"Bought a Razr, needed repairing 3 times. During ownership I have been without it, 94 days or 7 weeks! Don’t buy a Motorola!"
Motorola Razr hands-on,Motorola must launch budget razar phone...we are still missing old razer...but new one is too expensive..
Motorola Razr hands-on,"There is no issues to iron out! But you prob mean till the price comes down, I have RAZR and z flip and trust me all the negative reviews are having used RAZR for 6 months have no issues there is no negative it's far nicer to hold than z flip an..."
Nokia 6.2 review,"My nokia 6.2 power button stuck while power off.Continues restarting. 
Network disconnected & network bars disappeared .Its happened very often"
Nokia 6.2 review,Hi I have a Nokia 6.2 but the volume on the what app voice message is very low can hear anything
Nokia 6.2 review,its an option for saving your eyes. you can stop it any time.
Samsung Galaxy Fold long-term review,"A quick answer to most questions and silly answers.  People who talk about thick or foldable phones, plastic screens, size of front screen 4in, etc. have to be realistic: 
 
1.  Ever tried to use a Nokia Communicatior from 13 years back.  E90 - com..."
Samsung Galaxy Fold long-term review,"Great concept feels sturdy however screen is ridiculously sensitive  
Even putting it in your pocket is a hazard for dust for  it to get damaged. 
When I first got it in November last year had it a week screen managed to get a small indent 
Ended ..."
Samsung Galaxy Fold long-term review,That's cool.
Realme X2 review,"I think something on your phone not everybody I think or I hope my phone's battery health is still good I think I can get 12 to 14 hours still I am using 
 I buy on 2019 December more than 3 years ago 😊"
Realme X2 review,"Super and excellent phone in mid range  segment 
 I am using in 3 years still going on. And awesome camera no leg hang anything else still unique  🥰"
Realme X2 review,NFC work this phones
Xiaomi Mi Note 10 review,I need change  skin how can i get original  one
Xiaomi Mi Note 10 review,"Same issue here, only bottom part is broken but still working. I wanted to change the screen, how to order. Also back cover is broken."
Xiaomi Mi Note 10 review,I used the phone for 4 years and 2 months and now my display is broken and now I can't get the display. Does anyone know where to get the display?
Xiaomi Mi CC9 Pro hands-on review,Very good
Xiaomi Mi CC9 Pro hands-on review,"I have been able to use this phone for about 1 year.   The camera performance of the phone is very good.  But there are many over hits, as a result my phone has processor re-balling issue and the display shows 6-7 green lines.  And then the entire di..."
Xiaomi Mi CC9 Pro hands-on review,Where can i find the back cover
Xiaomi Mi 9T Pro/Redmi K20 Pro long-term review,For a few years. 3 years could be minimum. And 4-5 years should be how long it lasts
Xiaomi Mi 9T Pro/Redmi K20 Pro long-term review,Defective unit. Or fake one. Usually these kind of ones are fkae and cheaper then the real price.
Xiaomi Mi 9T Pro/Redmi K20 Pro long-term review,Nah. All of the stuff that pop up breaks and is fragile is fake. It can last you for years.
LG G8X ThinQ Dual Screen review,Does the G8X ThinQ support Volte. Fido is leaving 3G and moving to Volte and they say my phone will no longer support calls
LG G8X ThinQ Dual Screen review,"since LG is no longer around smartphone business, It looks like you have not updated since ver.10 and it will not find a LG server update so that's it.  It's always to be in a habit to check OS updates from the manufacturer for this - reall..."
LG G8X ThinQ Dual Screen review,"My own is still android 10 ,,and is telling me up to date"
Oppo Reno Ace review,It will not launch in India
Oppo Reno Ace review,Hey guys.This phone comes with ads like the xiaomi phones or not?
Oppo Reno Ace review,what is the launched  of oppo reno ace launch in India? please
Amazfit GTR watch review,"I bought one and still working but I lost my charging cable.I cannot use it when there is no spare cable available to buy. 
Please me guide a place to buy the cable for gtr."
Amazfit GTR watch review,It has both options. It is the user's choice to either select always on display or not
Amazfit GTR watch review,Is this watch display alway on or wrist connect??
Google Pixel 4 XL review,simply no!
Google Pixel 4 XL review,"i mean, if you want qhd display at this price then definitely buy it"
Google Pixel 4 XL review,I use the pixel 4xl as my main phone everyday and it's very decent. I have no complains. It never lags. The only things I don't like is the small storage space (I have the 64gb version) and the fact that it doesn't have a headphone jac...
OnePlus 7T Pro vs. OnePlus 7T,no
OnePlus 7T Pro vs. OnePlus 7T,Is it 5g
OnePlus 7T Pro vs. OnePlus 7T,You right
Realme X2 Pro review,I also had this now switched to one plus 12 24gb ram for only 850€
Realme X2 Pro review,Been using this phone(12/256 CN Rom) since 2019. It's been a good experience so far. Gotta buy a new phone tho. Might give this to my granny. Imma buy a Vivox100 pro 1TB for another 5 years use :D
Realme X2 Pro review,"I bought x2 pro (12, 256)back in year 2020. Been using it for about a year when it suddenly lagged when i ws texting my son via whtsapp. It nvr revived. I felt so cheated and disappointed. I hv nvr trusted a realme ever since. I am now using regular ..."
Honor 9X review,Honor 9x harmony software is not installed
Honor 9X review,"Huawei has a habit of launching the same device under different names for various marketing reasons. So selling a slightly modified version of P Smart Z as Honor 9X is nothing unseen, but it's for the first time we see an Honor device bear the m..."
Honor 9X review,Its this problem only with my phone when i make a video with my back camera  the video is croped and when i want to see is all in little cubes and if the video is 30 sec i can see only 5 sec and after that i cant see anything :/
Nokia 7.2 review,"I'm used the phone for 5years, solid phone, but now I'm using vivo v 29,but still I'm miss my Nokia,every time I'm dorp it but still can use,not like Nokia , vivo ones drop have to change screen. I love Nokia alot"
Nokia 7.2 review,"After updated my camera,flashlight also not working"
Nokia 7.2 review,"Still use my phone since 2020 in South Africa.  Camera is good for what use it for.   
Value for money.  Pity the free firmware updates stopped.  Still a good solid phone..  
Like the Gorilla glass, therefore no need to buy a screen protector."
Motorola One Zoom review,"I'm still using it 8hrs a day in 2024. Best sound ever heard for music. Richest tones, like in Dolby digital. 
It keeps me 10-11 hrs on browsing. 
Only disadvantage is the sound volume on recording video, which is lower than others. 
Great ph..."
Motorola One Zoom review,"2 Years later and the 2018 chipset 675 does still beat the 695 since it can do 4K at 200 bit rate, meaning the phone can burst out Full sized 8MP pictures 30Times a secound.  (Samsung 8K doesn't even reach a 200 bit rate, so the details on this ..."
Motorola One Zoom review,Are you kidding? Stock Android is the best. This phone isn't lagged down by an annoying skin like samsung s series. It also already has the newest version of Android thanks largely to the limited altered UI.  It makes it nearly as quick as a fla...
OnePlus 7T Pro review,still going strong and see no alternative as beautiful as this piece of art!
OnePlus 7T Pro review,No
OnePlus 7T Pro review,Always a way around it
vivo V17 Pro review,"hi there 
i have issue with my vivo v17 pro connecting through with wi-fi. 
after entering wi-fi code it dos connect to wi-fi but no wi-fi network in phone and i did try to other wi-fi to connect but still same problem. 
om data network it is work..."
vivo V17 Pro review,"hi there 
i have a vivo v17 pro. 
i have a issue with connecting through wi-fi. 
after entering wi-fi code it dos connect to wi-fi but no network of wi-fi in phone and i did try to outer wi-fi network and shows same result but on data it working. ..."
vivo V17 Pro review,"Good morning,it's just that the phone screen protector and pouch or jacket hardly to get still looking for it"
OnePlus 7T Pro McLaren Edition hands-on review,Older 7 Pro are still available with LTE 4G only.
OnePlus 7T Pro McLaren Edition hands-on review,Not unless it contains metals.
OnePlus 7T Pro McLaren Edition hands-on review,Turn off your selfie camera and the world well be better instantly.
vivo NEX 3 5G review,Does it support wireless charging
vivo NEX 3 5G review,I like it Vivo NEX 3 5G
vivo NEX 3 5G review,vivo nex3 is available here in brazil
"Realme X2, X2 Pro hands-on review",Why would u need that?
"Realme X2, X2 Pro hands-on review","And 
- MIMO Network antennas 
- Hi-Res audio 
- Liquid or any specific cooling system 
- Curved display glass 
- Stereo speakers"
"Realme X2, X2 Pro hands-on review","It easily lasts a day with regular usage, about 8-9 hours with extreme usage and will last nearly 2 days for low-medium usage!"
ZTE nubia Z20 review,"Comment to test the reactions. 
Don't delete."
ZTE nubia Z20 review,"There is no yellow tint. It is a blue eye filter that you just turn off in the settings. I'm very pleased with my Nubia Z20 had the Z17 lite before and that was a bargain. 
I think if you like me like to have something a bit different then the Nubia..."
ZTE nubia Z20 review,Can anybody tell how to flash Nubia ui on Nubia z20 global rom
Xiaomi Mi 9 Lite/Mi CC9 review,"yes it has this option but hidden by factory you need to download an app called ""ANC Camera pro to unlock it"
Xiaomi Mi 9 Lite/Mi CC9 review,It's a glass mate.
Xiaomi Mi 9 Lite/Mi CC9 review,"I don't know yours, but mine is glass yes!"
OnePlus 7T Pro hands-on review,When will the full review of the Oneplus 7T Pro be published?
OnePlus 7T Pro hands-on review,My Nokia n82 had a great macro mode.
OnePlus 7T Pro hands-on review,"They could, but having this update gives them a more competitive edge against other manufacturers which have 855+ phone. Assuming 7T Pro is priced the same as 7 when it just came out."
Motorola One Macro review,Nice!
Motorola One Macro review,Nice phone!
Motorola One Macro review,Please don't purchase Motorola one macro it  drops data signal
Oppo Reno2 review,"I have had this since 2019 . Now a days Its my go to backup phone whenever i am switching phones or require a  2nd phone. Its quite tough the case provided excellent grip . Without it its very slippery and often slips out of pockets ,and from the des..."
Oppo Reno2 review,My son bought the Reno 2 in 2019. He handed it to my brother 3 years later when he got an iPhone. My brother is still using it today in 2025. I replaced my Galaxy Edge with this phone 4 years ago. I'm still using mine. The 40 MP  camera is excel...
Oppo Reno2 review,no dear
Huawei P30 Pro long-term review,"It depends on price you are paying and if there are apps or services. For example I had to buy an iphone due to Intune compliance at work. Ending up taking out my Huawei everytime I reach a disappointment, like a 3x macro zoom."
Huawei P30 Pro long-term review,I have it since 6 years. It has raised my expectations from mobile phones. You just have to deal with google services.
Huawei P30 Pro long-term review,"Yes, on screen, middle bottom side."
Xiaomi Redmi Note 8 Pro review,"I'm thinking of buying this phone. 
I have 3 options : Sharp aquos r7, Nokia 8v 5g redmi note 9pro or redmi note 8pro. 
Which one should I buy?"
Xiaomi Redmi Note 8 Pro review,I am using this phone for now 7 yrs
Xiaomi Redmi Note 8 Pro review,My Redmi Note 8 pro is holding strong still after 5 years of everyday usage and everyday charging. It is unbelievable how strong it still is. The battery is like day one. It never lagged and never lags in daily usage. Amazing phone from Xiaomi for lo...
Huawei Mate 30 Pro review,"Samsung 108mp in s20 ultra: 
:////"
Huawei Mate 30 Pro review,Mate 30 pro or oneplus 7t pro mclaren ?
Huawei Mate 30 Pro review,"Wtf...just watch youtube and you will be learning fast how to put gapps on huawei smartphone,  great with no concerns!!!"
Samsung Galaxy A50s hands-on review,"Your charging port has problem due to frequent usage. Either clogged with dirt, loose or damaged. A good phone repairer can fix to reinstate the slow charging issue. I got my slow charging problem fixed!"
Samsung Galaxy A50s hands-on review,Great device 👍🏾 SAMSUNG A30s and A50s💯🤝🏾
Samsung Galaxy A50s hands-on review,It's my 5th year with this smatphone.  Up to this moment it's still work very well except a slight problem with charging port
Realme 5 review,Realme 5 backup lock picture mobile lock
Realme 5 review,I use realme 5 since October 2019 with no issue..best low budget handphone i may say..
Realme 5 review,My realmi 5 phone 2 years no no update
Apple iPhone 11 review,Really
Apple iPhone 11 review,iPhone lack of accessories in the new purchase is senseless
Apple iPhone 11 review,"The only reason I can get the money is a good place to get the money to pay you are a great friend and you are the only one who can  
Iphone apple  
Laura N Vue"
OnePlus 7T review,"I agree. It is 2026,6 years has passed  and still rockin' this powerful beauty."
OnePlus 7T review,Bes production phone. All updates 3 years in use. Overpowers most phones to this day. Oneplus dint dissapoint. Its the best price best thing to buy. Well the new model are weaker then my old phone thats a bit shame. Since comparing benchmark after 3 ...
OnePlus 7T review,Battery is weak
Apple iPhone 11 Pro and Pro Max review,What is the price of iphone 11 pro max PTA approved haiving 516 GB storage and white colour.
Apple iPhone 11 Pro and Pro Max review,How do you mean?
Apple iPhone 11 Pro and Pro Max review,"Dear, we’re currently in 2025…."
Samsung Galaxy A60/M40 review,"This phone is bizarre, no 3.5mm jack but there is FM radio and only a 3500 mAH battery while most if not every Samsung A phone had a 5000 mAH battery during the era this phone was released"
Samsung Galaxy A60/M40 review,Spare parts not available with the Samsung service centre’s itself the start button got problem I took to 2 centera they told the oart will it be avialable better to try out side else buy new one.   It’s really horrible answer
Samsung Galaxy A60/M40 review,Very very bad battery-run... Faltu
"Huawei Mate 30, 30 Pro, 30 RS hands-on review",Well done thank u so much
"Huawei Mate 30, 30 Pro, 30 RS hands-on review","Don't cry kid I own Huawei Mate 30 Pro and I've no google but who cares?! I've Facebook, Instagram etc via ApkPure can add anything. If u don't onw a phone Mate 39 Pro don't talk. U saying just bullshit"
"Huawei Mate 30, 30 Pro, 30 RS hands-on review",It's price?
Sony Xperia 5 review,Is it water proof can be used underwater?
Sony Xperia 5 review,"Android 11 not  come my system  901SO   
 
end over hitting problem"
Sony Xperia 5 review,"Sony Xperia 5 
Model 90S10 
Recoding system actives? 
Please"
vivo NEX 3 hands-on review,"I love the Vivo brand❤😍😘, but its new flagship disappointed me😕😣😫He still has no wireless charging on his phones😣😑 Why really????????????????"
vivo NEX 3 hands-on review,"So,which has more juice...s8 or Vivo?"
vivo NEX 3 hands-on review,I dot know hw 2 appreciate da great innovation bt all thanks go 2 u
Realme XT review,Why are you outofspace people always posting things like that here? This is no service center nor a chat room!
Realme XT review,My mobile phone screen is white it's not working how to resolve my problem
Realme XT review,"I absolutely agree: an excellent mobile phone, especially at that price (€220 back in January 2020). If the charging hadn't gone 'crazy' (it thinks it charges all the time, and will only take up to ~93% from the original charger) I wou..."
Asus ROG Phone II review,"this is my dream phone. 
 but i don't have enough money to buy it i can't afford the price"
Asus ROG Phone II review,"Most irritating, as my ROG 2 auto reboots frequently, it seems the phone cannot handle abit of usage, it keeps shutting off during emergencies also."
Asus ROG Phone II review,"Can i get all the accessories all along with the phone together???  
jst like a complete setup...."
Redmi K20 Pro vs. OnePlus 7,K20 pro records only in 480fps it uses frame interpolation method to double the frame rate
Redmi K20 Pro vs. OnePlus 7,"Bought the OnePlus 7 last week 
8+256 for 32k INR or 450$ in Japan  
Here it was sensible to buy an OP7 as 
- it has a better UI 
- the price, cuz here k20 pro is a  
Also the durability factor played a big role  
The k20 pro is better with a b..."
Redmi K20 Pro vs. OnePlus 7,"Bought the OnePlus 7 last week 
8+256 for 32k INR or 450$ in Japan  
Here it was sensible to buy an OP7 as 
- it has a better UI 
- the price, cuz here k20 pro is a 2000 INR costlier and the OP7 felt more value for money. 
I knew I’d be compromi..."
Samsung Galaxy A90 5G hands-on review,"The rear glass of mine cracked where can i get it pls 
Am in gombe"
Samsung Galaxy A90 5G hands-on review,Keep them away from water
Samsung Galaxy A90 5G hands-on review,If you had big hands you and saw how bright it is you wouldn't be saying that
LG G8X ThinQ first look,"I'm very suspicious about LG's claim that the 2nd screen only sucks down 20% more juice. The screen is the single largest power draw on every phone I've ever used, which makes sense. How did LG get this 20% number? I'm guessing they turned the lighti..."
LG G8X ThinQ first look,I want it without the dual screen
LG G8X ThinQ first look,"I have several LG phones. Even though the battery seems too small on paper, the phones actually have good battery life. And are quick to charge as well."
Motorola One Zoom hands-on review,It's android one. I think. I saw it in the quick guide or over the box when I bought it i suppose
Motorola One Zoom hands-on review,Utterly disappointed about the android 10 update delay....I was a hardcore fan of motorola phones ever since I had my first android phone moto g1. Pure android experience is the only thing made me opt this phone among many other at least three other ...
Motorola One Zoom hands-on review,Android 10 update is still pending. Utterly disappointing to those who ignored all other below par specs just for a pure android phone i guess...I loved Motorola g and z series and has been a hardcore fan of Motorola phones ever since my first first ...
Sony Xperia 5 hands-on review,Listen Sony it's me DC boy people love the play station 5 but people don't no about the Sony Xperia Pro phone or any other phones you make I like the new phones but only way people will buy one have it as a bunble package 📦 Sony earbuds Son...
Sony Xperia 5 hands-on review,"good phones but battery downgrade, overheating"
Sony Xperia 5 hands-on review,"I owned 2 sony xperia phones, now I am owner of samsung galaxy s10e because of size. Sony- I no need showel !"
"Nokia 7.2, 6.2, 2720, 800 hands-on review",where is your manual for 1:39. Cannot find it anywhere?
"Nokia 7.2, 6.2, 2720, 800 hands-on review",Terrible phone. Make it or stop 🛑
"Nokia 7.2, 6.2, 2720, 800 hands-on review",Love it and I need to purchase one
Android 10 review,"It's great to read about Android 10, sure do wish there were a simple way to find phones with it. 
 
Any word on when 10 is going to be added as a filtering option in the Phone Finder? Apologies if this had been addressed, it's a damned difficult t..."
Android 10 review,Yep. It's true. And I really miss those old CSS tricks for making 3-D effects like beveled button edges. You could do so much with color and shading. Material Design is suitable for peeps whose right brain is numb. :)
Android 10 review,"I cannot agree with this: ""And the traditional three-button navigation bar has returned too, bafflingly.""  What's baffling is that you spout that piece of nonsense right after you trashed the alternative - the new gesture navigation.  Well that deser..."
Samsung Galaxy Note10 review,"Ive had my battery replaced very recently and battery drainage is a fact, at least twice a day I need to recharge the battery. Im also told that the fact that no updates availble for the Note 10 contributes to this issue...Samsung wants us to invest ..."
Samsung Galaxy Note10 review,With in 2 years I have faced battery drainage problem.  I have charging my phone 3 to 4 times per day. Always my charger in my packet.
Samsung Galaxy Note10 review,"Yes after 5 years i have a battery problem in my phone, It have gave me very good experience but now it have lagged . I need to charge 3 times a day on normal use and sometimes it switches off itself on its own on 20%. 
I need to change the battery."
Realme 5 Pro review,"What do you mean, y alr know it's only capable of 60fps"
Realme 5 Pro review,Then what you expect? To it play 4k 120 fps games without lagging? It's a budget phone from 2019 it only has 10GB Ram and a snapdragon that isn't capable for newer games nowadays
Realme 5 Pro review,"My mom still using this phone till today for watching Youtube and basic phone usage. Two years ago,the screen came off but I fixed it with double sided tape and has stayed on till today. Speakers on it still sounds good even today and snappy enough t..."
Xiaomi Redmi K20 Pro/Mi 9T Pro review,"Bought this beauty 5 years back in Corona time, for myself (after its 1 year launch). Used it for 2 years... Then my elder son used it for 2 years... Now my younger son is using it for the last 1 year... Redmi K20 Pro... Running for the last 5 years,..."
Xiaomi Redmi K20 Pro/Mi 9T Pro review,"March 2025. 
 
Mi9T pro still rockin' 
Waiting for non-Nubia under display selfie camera (or no selfie camer at all)"
Xiaomi Redmi K20 Pro/Mi 9T Pro review,"After this, the Poco F3 of Xiaomi was really good too but Xiaomi fell after that"
Lenovo Z6 Pro review,"After a faithful 5 years of service, the glass on my phone cracked when it was dropped again. I can't find a replacement anywhere. Can anyone suggest where I can order the glass from? The screen works."
Lenovo Z6 Pro review,Was this the last Lenovo smartphone review ever?
Lenovo Z6 Pro review,My lenovo z6pro facial recognition gone all the sudden what should i do??
Samsung Galaxy Note10+ review,looking for spire part of samsung galax note 10 plus if it is avairable how murch it is?
Samsung Galaxy Note10+ review,how much LCD for samsung galax note 10 plus
Samsung Galaxy Note10+ review,I had the note 20 fell in ❤️.  I now have the s24 and long for a note 20 still.
Realme 5 and 5 Pro hands-on review,"go to settings then ""Sound and Vibration"" then scroll to the very bottom and look for ""Real Sound Technology"" and turn off the EQ."
Realme 5 and 5 Pro hands-on review,Realme 5 pro audio if use headset sound like bathroom echo..y ..pls comment tq
Realme 5 and 5 Pro hands-on review,S
LG W30 hands-on review,Troll. No single bloatware app. Stop being s**t. I have this and it's clean android. Not even their own apps in the device.
LG W30 hands-on review,"Just got June, 2020 security patch. Up from sep,19 security patch. No Android 10 yet."
LG W30 hands-on review,It's good and superb I got 3 gifts from the phone one is selfie stick and one ring and one Bluetooth headset also thanks for launching the LG w 30
Motorola One Action review,"No autofocus on front camera means some facial recognition apps won't work because your face becomes blurry when you need to get closer. I wish I had known this prior to purchase, because now I have to keep two devices to be able to use all of m..."
Motorola One Action review,"Hmmm very good manufacture body, high speed resolution display,,, good working i like moto mobiles .... i suggest to buy best model Moto 1 Action... Really...."
Motorola One Action review,I love this phone pretty good till now completing nearly 2 years
vivo Z1Pro hands-on review,Running 8year but still good work good
vivo Z1Pro hands-on review,Good but it fingerprint sensor doesn't work any more
vivo Z1Pro hands-on review,Best phone my phone is 5 years old but very good condition
Samsung Galaxy Note10 and Note10+ hands-on review,I dont believe my Samsung Note 10+ dont have the function to record conversation when my Xiaomi 6 already have it
Samsung Galaxy Note10 and Note10+ hands-on review,"As i said earlier  sorry Samsung iam out,  
    after long years with you one hour laiter i will be useing Huawei ,this is my last message from samsong phone, just i wished samsung  listen to users more than followng apple phones. 
any one happy wi..."
Samsung Galaxy Note10 and Note10+ hands-on review,"Agreed! Well a high end professional needs to answer calls and attend to conference calls and how to do that without a 3.5 mm jack required for a wired headset?  
 
Also, a high end professionals needs a Note series phone with a stylus to sign off ..."
Samsung Galaxy Tab S5e hands-on review,You can get it at slot or order it from amazon
Samsung Galaxy Tab S5e hands-on review,"I have this tablet around 2 years and it's a really great multimedia tablet, granted not the fastest but for some games, Netflix and web browsing it's still perfectly fine. The screen is just fantastic and the sound from the speakers is rea..."
Samsung Galaxy Tab S5e hands-on review,"I have this tablet around 2 years and it's a really great multimedia tablet, granted not the fastest but for some games, Netflix and web browsing it's still perfectly fine. The screen is just fantastic and the sound from the speakers is rea..."
Xiaomi Redmi K20 Pro hands-on review,"High quality,rich and louder sound.But I think you won't get a headphone with the phone."
Xiaomi Redmi K20 Pro hands-on review,"That was a perfect review.Redmi k20 pro rules over oneplus 7,Asus 6 and many more in overall performance.😎"
Xiaomi Redmi K20 Pro hands-on review,No.You will get a gorilla glass 5 protection in both sides with the phone.
Asus Zenfone 6 vs. Samsung Galaxy A80,A80 is the best smartphone w/ a camera that can flip 💪
Asus Zenfone 6 vs. Samsung Galaxy A80,"i love samsung galaxy phone  
 
 
samsung galaxy is the best"
Asus Zenfone 6 vs. Samsung Galaxy A80,"Could you use better English, that was almost unreadable. Go for the 1+ though."
Xiaomi Mi A3 review,Excellent
Xiaomi Mi A3 review,"I'm a fully satisfied user for over 5 years. A great no nonsense value for money work horse. In the jungle of smart phones, Google+ Xiaomi stand apart as a useful choice"
Xiaomi Mi A3 review,I want to say same about the phone but you almost coverd all the words. I am also using the same since 2019 and will complete 5 years in this August. Really a nice machine.
Samsung Galaxy S10+ long-term review,In my s10+ have green line center of the display without hit and damage any solution of this problem
Samsung Galaxy S10+ long-term review,"used since May 1, 2019. I just replaced the battery this year (test results at the Samsung center for battery capacity remaining 70-80%)"
Samsung Galaxy S10+ long-term review,"Am planning to buys one, is it a good choice though? Can it run car x street and latest versions of game properly?"
Mobvoi TicWatch Pro 4G LTE review,Where is this clock in your database???
Mobvoi TicWatch Pro 4G LTE review,You're thinking of the TicWatch Pro 3. This is a review for the 2019 model.
Mobvoi TicWatch Pro 4G LTE review,check the Chipset:  it is not Snapdragon Wear 2100 - it is Qualcomm® Snapdragon Wear™ 4100 Platform
RedMagic 3 review,Hi guys! I just want to ask. Is it worth to buy Nubia Red Magic 3? I am planning to buy for myself. So i just need your advice if it is worth or not before getting one. Thank you for those who will answer. Have a good day everyone.
RedMagic 3 review,Hi! I don't know if anyone experienced this on their red magic 3 yet but mine's showing a pink line. Any ideas on how to remove it?
RedMagic 3 review,Can GSMArena or anyone here confirm if the phone supports LTE Carrier Aggregation?  I can't seem to get it to work on this phone. I know the Snapdragon 855 and X24 modem support it. I fear that Nubia has intentionally disabled this feature on the pho...
Honor 20 review,Can someone confirm that Honor 20's screen is NOT Gorilla Glass??
Honor 20 review,"I using honor 20 last 6 month I get 5 star this phone its all good camera, profamence or battreylife all very good work every time"
Honor 20 review,Try wipe partition cache. Phone will run better.
Asus ROG Phone II hands-on review,"Will you play games underwater, eh? xD"
Asus ROG Phone II hands-on review,"Dev's earn not via just selling the game but USER buying in game data, diamonds, shell, in game bundles etc they will own more than just selling the game , battle passes and many more. How do you think COC, MLBB  Vainglory flourinshed? they have the ..."
Asus ROG Phone II hands-on review,Does this phone is waterproof
"Black Shark, Red Magic vs mainstream flagships","hi 
please do a 2022 version 
including flagship midrange and entry level phones"
"Black Shark, Red Magic vs mainstream flagships","And the oneplus 7T, with the 855+."
"Black Shark, Red Magic vs mainstream flagships",I have a SD845 device which is the Unlocked version of the LGv40 and it doesn't throttle at all in the throttle test. They should've been using the GPU GFLOPS FP32 test for a base comparison. The new Mate 40 Pro for example has a ARM Mali-G...
Our editors talk: 2019 H1 highs and lows,I am looking for the best telephone power .... because many devices suffer from this power in far-off geographical location of the good network covers
Our editors talk: 2019 H1 highs and lows,"You may be right but one aspect how much quality they give . Some phone's life has too small ,some has reasonable ,some has ultra good. In my opinion one plus phone have small life comparing Samsung phone .  
This is most important aspect when there..."
Our editors talk: 2019 H1 highs and lows,"In my opinion, what is important in smartphone game is to hold the performance/price ratio higher. For example the difference between oneplus 7 pro and Samsung galaxy s10 series is that ratio. Oneplus phone delivers equal or even better performance t..."
"Realme 3i, Realme X hands-on review",realme is a good phone
"Realme 3i, Realme X hands-on review",3i when arrive myanmar?
"Realme 3i, Realme X hands-on review",India gets upgraded P70 cpu at a cheaper price
OnePlus 7 review,"A real gem, very well balanced performer for life and business. I am sorry Oneplus do not make 6.4 inch or smaller units."
OnePlus 7 review,"Very good phone. Still working in excellent condition. Purchased in 2019 still working fine. I have replaced phone battery in service center a year before. 
There is no issues except battery performance is average. 
Software Display charging time N..."
OnePlus 7 review,"its 2024 September, I'm texting this from a OnePlus 7 -5yrs of great performance , happy with the purchase, Just that my storage is full couldn't run heavy tasks and i broke my screen got it replaced outside the store so few accidental touc..."
Black Shark 2 review,is this code really works?
Black Shark 2 review,Who is batter Realme 8 1month old or Black shark 2 13month old who is best
Black Shark 2 review,Does gpu boost (*#*#666#*#*) improve gaming performance overall? Or is it only for bhenchmarking? Because i am getting frame drops with turning on  gpu boost i dont know why tho. Please reply :(
MOQI i7s Android game console review,"Verizon will work fine for phone calls, mobile data, and sending texts, but receiving texts will only work if your SIM is setup for ""CDMA-less"" devices*. The one I used was the TCL 10 Pro, and I think my OnePlus Nord N200 5G would also trig..."
MOQI i7s Android game console review,Unfortunately this device got stuck on Android 8.1 but still all the latest games I tested runs quite well and very good for emulation.
MOQI i7s Android game console review,What phone services can be used on this device? I tried verizon but it doesnt work. I put in the sim card and talked to a verizon representative and he also couldnt get it to work on verizon.
Xiaomi Mi 9 SE review,"I'm using this Phone for like 28 months and thebonly flaw it's the battery, it's tl small..."
Xiaomi Mi 9 SE review,GPS problem in this phone is very annoying.
Xiaomi Mi 9 SE review,"Same feeling here. The size is just perfect for me. Bought it on 1st day it available here in Malaysia about 2 years ago. If only Mi 11 Lite come with the same display size, then we got replacement for it."
OnePlus 7 Pro vs. Samsung Galaxy S10+,OnePlus 7 pro 🔥
OnePlus 7 Pro vs. Samsung Galaxy S10+,Sooooo
OnePlus 7 Pro vs. Samsung Galaxy S10+,The s10+ is the obvious champion
Xiaomi Mi 9T/Redmi K20 review,Very good
Xiaomi Mi 9T/Redmi K20 review,Very good
Xiaomi Mi 9T/Redmi K20 review,Wonderful
Samsung Galaxy M30 review,How to put software in Samsung galaxy M30? Is coming from china.
Samsung Galaxy M30 review,Super phone very fine clarity photos took from this.
Samsung Galaxy M30 review,Bro u are right
Samsung Galaxy A30 review,How restore or clean Android phone galay a30
Samsung Galaxy A30 review,Here i am using Samsung A30 with Custom rom With OneUi6.1 and Android 14  - all thanks to XDA Forums idk what i'd do with this phone without them. Still feels smoothhh. Since 2019 i'm using A30.
Samsung Galaxy A30 review,Good
Motorola Moto Z4 review,Model z3 force doesn't exist.
Motorola Moto Z4 review,moto z3 force better then z4
Motorola Moto Z4 review,I love this phone it takes the best pictures ever The screen cracked and it quit working so I went with the edge I hate it camera is not near as good as the Z4 my pictures were so awesome taking with the Z4 I cannot say that about the edge most of th...
Xiaomi Redmi Note 7 Pro hands-on review,Yes
Xiaomi Redmi Note 7 Pro hands-on review,Yes
Xiaomi Redmi Note 7 Pro hands-on review,My phone is evaryday off 11 30 pm?
Sony Xperia 1 vs. Samsung Galaxy S10+,Quality never goes out of style...that's SONY
Sony Xperia 1 vs. Samsung Galaxy S10+,"I am  Sony boy from my childhood days. It tried and tried with many other brands...but experience with Sony is marvelous... Sony phone is like its something connected with your mind and body. Once you with Sony, You never compromise with quality and ..."
Sony Xperia 1 vs. Samsung Galaxy S10+,yeah
Smartphone buyer's guide: Mid-2019 edition,S10e also a phablet?
Smartphone buyer's guide: Mid-2019 edition,No smartphones - only phablets...
Smartphone buyer's guide: Mid-2019 edition,"I Think People Should Consider About Realme 5 Instead Of Realme...It Has Bigger Screen,Bigger Battery And Quad Camera.And It Has A Better SoC Too..."
Sony Xperia L3 review,"Was good to use! could not understand why manyones calling worst phone , good experience with sony I4312 ."
Sony Xperia L3 review,thats simple. this phone is a dry spell for them. its like what happened to the galaxy note 7 (which is way worse than the issues you could have with this sony model) not saying samsung are a bad company as there not but my point is every company has...
Sony Xperia L3 review,why sony still in phone market? Sony Xperia L3 the worst phone I have ever use
Sony Xperia 1 review,"tf you means by 5G lacking?? Only special version of SD855 phone have 5G like S10 5G at that time. Tbh wireless charging isn't that great. Other complaint are just you being nitpicky. 4K screen with 3300mah, anyone with brain can know that the b..."
Sony Xperia 1 review,"Had Sony Xperia 1 never again think phone over heats etc  
Think Sony Xperia 5 was the best battery life on that was for very long compare to 1 not haveing Xperia has to be Samsung 💯"
Sony Xperia 1 review,"after two and a half years, my phone still has 88% battery capacity. the battery is small but of very good quality."
Samsung Galaxy A80 review,"Learned the hard lesson of it when going back to my mum's rural hometown. That's why I learned to stop relying on the internet all the time. Times like that make me realize that the so-called ""outdated"" old tech is still far more ..."
Samsung Galaxy A80 review,"Come back to me when rural places have stable internet coverage (which of course it won't). So much for ""geT wItH tHe tIMeS"". 🙃🙃"
Samsung Galaxy A80 review,It was released in 2019
Honor 20 Pro review,"Btw, there is no IR blaster. And it's a great phone."
Honor 20 Pro review,Yes it have
Honor 20 Pro review,Does this have ir blaster for use as TV remote?
Oppo Reno 10x zoom review,"Oppo Reno 5g 
Yes or no"
Oppo Reno 10x zoom review,Is there two models for this device? Single sim and dual sim??
Oppo Reno 10x zoom review,Very cost for me      but like it
Asus Zenfone 6 review,"Me too here after 5 years in2024. Everything, even the battery, is still fine."
Asus Zenfone 6 review,"Best all rounder phone by Asus. Great flip camera which means high quality selfies, great sound quality, full screen IPS display, 5000 mah battery, 3.5mm jack, SD card slot.. Slim & compact built. Sadly these type of innovative phones are no long..."
Asus Zenfone 6 review,Best and useful comment till this year.
Samsung Galaxy A70 review,Had this phone since Feb 2019 (I think) still going strong! only got a new phone today because Australia were shutting off support for the A70 (Something to do with security laws and that this particular model is liable as well as a few other Samsung...
Samsung Galaxy A70 review,"Same with me, i've had it since October 2021, best value for money. A few hiccups but what a solid phone."
Samsung Galaxy A70 review,"I think the phones were manufactured in 2018 but released to the public in 2019. I bought mine in 2020 March. Sadly needed a battery change recently, and the battery was dated as 2018 manufactured."
Android 10 Q beta review,"so I currently just updated my pixel 3 to this update and now I am stuck on the boot up logo for pixel... it wont even access anything, and I have tried a hard reset and still nothing... any advice?"
Android 10 Q beta review,"Indeed. But if it brings the Compact line back, it might be worth it"
Android 10 Q beta review,"From what I heard so far, the ""Xperia 4"" name was based on rumors going on Esato Forum, one of few places where Sony fans gather to get news and rumors. And one of the reliable Sony leaker said ""Xperia 4"" could be the chosen name for the Compact line..."
Honor 20 and 20 Pro hands-on review,"Honor 20 pro vs Reno 10x zoom, which one is better?"
Honor 20 and 20 Pro hands-on review,okay so? current phones should still working
Honor 20 and 20 Pro hands-on review,Honor 20 pro is way better
Asus Zenfone 6 hands-on review,Still a great phone in 2021. Especially with non-aging LCD IPS display.
Asus Zenfone 6 hands-on review,"Unfortunately, this Zenfone 6 has not been launching in Malaysia as promised! We're not getting this unit unless we import from other countries through online shopping platform like Shopee and Lazada, sad to say this."
Asus Zenfone 6 hands-on review,"Yes, I has a hidden cabinet on the file manager"
Motorola One Vision review,good
Motorola One Vision review,"Suddenly after android 11 update, the phone charges really slow..and sometimes doesn't charge at all. Have factory reset it. Still, the battery issue persist. Any suggestions will be of great help."
Motorola One Vision review,"I have this phone for 1.5 years. 
Camera is good. 
Charging is fast and compatible with fast chargers from other vendors: samsung, hmd. Usually I charge it for 30-40 min by getting 50% more juice. 
Battery health is 99% and it can handle 8h+ for s..."
OnePlus 7 Pro review,"Still using it. Incredible phone, performance is still very nice.  
Battery life is poor (~1 day in normal usage) and my usb port is becoming more and more capricious but for a phone of more than 5 years it is still very nice."
OnePlus 7 Pro review,"Wonderful ❣️ 
Mobile 📲 one plus amazing"
OnePlus 7 Pro review,Xiaomi poco F5 pro is the best option
Realme X review,"1. Not able to open front camera. 
2. Phone is not vibrating.  
3. Speaker volume is very low now. 
4. Screen doesn't get ON when call comes. 
5. Charging gets down rapidly. 
 
Bought on August 2019"
Realme X review,Not able to open front camera
Realme X review,"it is difficult to ansewer the call,"
Huawei P30 Lite review,"Because of your careless, that is why you broke the back cover."
Huawei P30 Lite review,I have 1T gb in mine
Huawei P30 Lite review,"I got one such a phone 
The phone is on and functioning but since  yesterday it doesn't display light that I can't do anything on it. 
How do I go about it to enlight Huawei P30 Lite?"
Google Pixel 3a XL review,Is it waterproof?
Google Pixel 3a XL review,"Is this phone COMPLETLY made without metal? Even the inside, battery etc?"
Google Pixel 3a XL review,Is the pixel 3a xl ready for v 12
OnePlus 6T long-term review,"Good phone without problem from 6 years. Hearing up is only problem, with fingers burning sensation. 
When not in much use also heating. Why"
OnePlus 6T long-term review,Best phone ever since have been using phones in my entire life 😞
OnePlus 6T long-term review,great phone actually but i have tiktok burned in my screen for like 1 year of having tiktok
Samsung Galaxy A40 review,"What did you expect from a smartphone like A40 and that price? 
 
I bought mine in 2019 and I still use it. No battery problems, social media user (Twitter / X, Instagram, Youtube) and all fine 
 
I will buy a new one (still do not know what bran..."
Samsung Galaxy A40 review,"And here i am on my a40 with oneui 6.1 installed on it with 0 problems. Yes it is not a speed demon, but it is far from bad! Netflix and most other just work fine. Some banking and other apps that rely on strong device integrity will not work"
Samsung Galaxy A40 review,?
Samsung Galaxy Fold review,return your device to the place to got the fold
Samsung Galaxy Fold review,"Email Samsung, this isnt GSMArenas issue."
Samsung Galaxy Fold review,"I am using Samsung gallaxy 5g fold and it is not charging, please can rectify the problem"
Oppo Reno 10x zoom hands-on review,"96kbps is really enough for good quality sound, already almost at mp3 beginning days, but definetly now with modern encodes. 
 
..so, without listening to the vid, id say the problem is the microphone quality or size or... placement."
Oppo Reno 10x zoom hands-on review,Can you hear the low quality sound in video taken? Oppo didnt learn from past I see. Who on earth would set the bitrate of camera audio to 96kbps only? Oppo would :)))
Oppo Reno 10x zoom hands-on review,"why? As it is most sensible notch less option for me, I will order it."
Realme 3 Pro review,"Yes, I can confirm. Mine still have no crack at all on the original screen protector since I bought it on the early released date until now."
Realme 3 Pro review,"Been using this phone for 5 years and a month never used a screen protector rather than the one that's already on the phone ( that thin protector). Dropped this phone countless times (even from 1.6 meter or 5+ft), nothing happened to the screen,..."
Realme 3 Pro review,I've had a Realme 3 Pro since Jul 2019 and it's been a great phone. I am now looking to replace it as a few months ago I dropped and cracked the screen which I had the screen replaced and put a protector on but this screen has now started t...
Samsung Galaxy S10e vs. Apple iPhone XR,s10e is sharp really the best anything iphone below 11 don`t try it you might end in regret
Samsung Galaxy S10e vs. Apple iPhone XR,how far it goes can`t be thesame with xr it maybe similar but never good working as it xr is like a cheat to s10e still has everything and more
Samsung Galaxy S10e vs. Apple iPhone XR,I will go with Xr. Xr is supereb in performance 🤞
Samsung Galaxy A50 review,My mobile  slow  charging
Samsung Galaxy A50 review,Battery problem. Replace battery and don't  overcharge the pho e
Samsung Galaxy A50 review,I'm with you brother. Slick and smooth
Samsung Galaxy Fold hands-on review,"I love the original fold & ive had it 7 months now & still in love with it, couldn't go back to a normal phone now, foldable phones are definitely the future"
Samsung Galaxy Fold hands-on review,My future phone.. One of the most awaited device.
Samsung Galaxy Fold hands-on review,"Hey, is that Edinburgh museum there in the pictures?"
Huawei P30 review,"I can't find a way to testy display 
 
It used to pop up all the time, but now I want to test my display, o can't find it. 
I guess you don't like bad reviews?"
Huawei P30 review,Yes i stille using nu P20 and have p30 as sparen in the box i charge IT weekly tot user IT when nu P20 dies BUT that's nog happening😂
Huawei P30 review,"am astonished, my p30 has gone 6 years....and am not even planning to change it"
Samsung Galaxy A80 and A70 hands-on review,Got cheated. Fingerprint notworking
Samsung Galaxy A80 and A70 hands-on review,Please dont compare that cheap crap adware phone with this.
Samsung Galaxy A80 and A70 hands-on review,"Under display fingerprint making to place so many times 
Apart from that other options are very nice"
LG G8 ThinQ review,Recently got this phone from my employer for a work phone. I have never been an LG fan of phones but so far this one is treating me well. Time will tell!
LG G8 ThinQ review,"I love the LG phones.  Not so much the bloatware.  I bought mine renewed at $176.  Now they are $129.  This is a flagship phone.  When it boots up, it says ""Verizon"".  I think It updated to Android 10 when I got it, then 11 and now 12.  It ..."
LG G8 ThinQ review,"An LG costs $250 and an Asus costs $650 for basicly the same features and has its own problems, I will definite keep the $400 difference in my pocket and buy an LG"
Nokia 9 PureView review,Battery is so much small
Nokia 9 PureView review,"I took this smartphone with the battery exhausted, replaced it and participated in a photo contest in my small country of residence. Well, I won."
Nokia 9 PureView review,"I sadly had to give up my Lumia 1020 as my regular phone years ago, as WhatsApp wasn't supported anymore. Such a shame. The 9 cannot compete with the 1020. Yet I am not disappointed in the photo quality at all. Even managed to get some good resu..."
Samsung Galaxy M20 review,"Aug 2025, and I still use this old phone daily since I bought it new in 2019. Still solid, while its competitors in my families' phone in the same era and class (namely, Asus ZF MP 1, etc.) were already dead."
Samsung Galaxy M20 review,This phone is very nice... but i broke up display
Samsung Galaxy M20 review,this phone is vary nace
Honor View 20 long-term review,My honor view 20 so far still good until now.video plus photos still beautiful. My problrm because I cannot put the sd card as the internal memory is not enough for me
Honor View 20 long-term review,"eBay stock it, about £25"
Honor View 20 long-term review,my honor view 20 broken any one knows were can i find a LCD for my phone .
Samsung Galaxy M10 review,"I have it now for 3 years and it's absolutely good, I love this phone 😀"
Samsung Galaxy M10 review,"I had bought the M10 and I feel that this phone was created to bolster the M20. All the marketing campaigns focus on the M20 and there's not a whole lot on the M10. 
 
Still, this feels way better than its Chinese competitors though I will say..."
Samsung Galaxy M10 review,"superb phone. when i bought this i was upset for no fingerprint sensor, why i am not purchasing m20 , and always comparing with m20. because m20 is only 1k costly form this phone. but time passes and passes. after all average phone. but this is also ..."
Camera VS: Huawei P30 Pro against the world,good
Camera VS: Huawei P30 Pro against the world,So true🤦‍♂️🤣🤣🤣
Camera VS: Huawei P30 Pro against the world,From remote hub
Huawei P30 Pro review,Configuration
Huawei P30 Pro review,"This is the second P30 Pro I've owned. In 2025 you'd it's out of date. Having said that, the camera's are still very good (I use the macro camera a lot for work as a microscope!) The battery is still a 2 day battery. The thing I d..."
Huawei P30 Pro review,Great camera. Great lens. Makes great photos. Love the Leica pre-sets. Great to carry around next to my Leica Q and Canon D1s.
Huawei P30 hands-on review,"Just noticed, second photo in samples with a cup is not telephoto camera. It's a digital zoom from main camera. Wonder if it's deciding for me what camera to use? As this 3x and 5x photo looks pretty bad, very pixelated. But 3 rest of photos are take..."
Huawei P30 hands-on review,fake news. it does has 4200 mAh.
Huawei P30 hands-on review,Very nice  what is the praise
Sony Xperia 10 review,How to unlock Sony xperia 10 if you forget the pin?
Sony Xperia 10 review,"Because only has 3GB RAM which is too small and Snapdragon 630 which only relies at A53 cores, this is low performance cores, which means snap630 is identical like 4xx not 480 
 
If you want a reliable phone, buy flagship 8xx and UFS, no regret eve..."
Sony Xperia 10 review,"I have been a Sony fan for many years now, and own/ have owned many Sony products. This phone however does not do the Sony brand justice as it's the worst Sony device I have ever owned (after 2 years of use). Like so many other users, it's ..."
Samsung Galaxy S10e review,Very nice mobile phone
Samsung Galaxy S10e review,Great phone
Samsung Galaxy S10e review,yes i do
Oppo F11 Pro review,"Hello! I am oppo f11 pro user for almost 3 years, I've encountered the same problem where pop-up-camera is not showing, i asked my uncle which is kinda expert about phone, he told me that there's a ""ribbon"" thingy that you need to..."
Oppo F11 Pro review,How do I get my front selfie camera to start working again?
Oppo F11 Pro review,How do I stop the volume from reducing by itself
Sony Xperia 10 Plus review,"Not have screenshot System..... 
and you can do video calling battery is dead in 1-2 hours...."
Sony Xperia 10 Plus review,"Samsung A50 or A70 at the same android Pie and UFS and better chipset plus Oled, also Oppo Reno and Realme also offers similar like samsung at the lower cost than sony, Many OEM offers more interesting features than Sony at the similar premium price"
Sony Xperia 10 Plus review,do you still have that water proof sony
vivo V15 Pro review,"This phone all over very fine speacilly both camera is the best . 
i love vivi v15 pro"
vivo V15 Pro review,phone pop camera was not working properly.
vivo V15 Pro review,Very nice phone look display and smart phone
Sony Xperia XZ3 long-term review,and it still performs great after all these years …
Sony Xperia XZ3 long-term review,Why version 11 or 12 is to late for this mobile
Sony Xperia XZ3 long-term review,"Does anyone know where can I buy a good battery for my z3 dd300 
Thank you"
Samsung Galaxy S10 review,Android Galaxy S10 5G
Samsung Galaxy S10 review,"the usb charge does not work anymore and there are  
 crack on the glass on front side and back side due have uselly  
but.... 
still working perfectly with wireless charge with 86% of battery health. Connected with windows 11 as i can use for web..."
Samsung Galaxy S10 review,Yessir
Realme 3 review,"I have been using Realme 3 since May 2019 and it is still working, but I faced some problems with Android 10 with some lags and slow, so I had to go back to Android 9 and now it works better."
Realme 3 review,Realme3 4gb rem64gb storage
Realme 3 review,"I am using realme 3 since july, 2019. 
It is working well. There is an issue with battery life, but that is obvious for almost 4 years old phone. 
There is not any lagging issue. But sometimes, the fingerprint doesn't work."
Motorola Moto G7 Play review,"It's an ohk phone. But I lost the pin used to open up the SD area. What do I do? 
I'm also wondering if it is a dual or single SIM phone? 
The memory space is rather small"
Motorola Moto G7 Play review,"Hate this phone. After a few months, it's laggy on doing even the most basic tasks, like opening the keyboard to type into an app! Literally a 4-5 second delay to get the keyboard. I reboot it constantly to keep it snappier (??) and it still ..."
Motorola Moto G7 Play review,The Snapdragon 632 whips through most games without issue. The lower level Adreno 506 kind of let's it down if you're getting it for games. Still it'll handle almost anything you throw at it.
Samsung Galaxy S10+ review,"This phone was insane, 12GB of RAM and 1TB of storage in 2019 🤯 And more than 7 YEARS later we get S26FE with 8GB of RAM... And ONLY S26 Ultra also goes up to 1TB"
Samsung Galaxy S10+ review,How's the battery life compared to the Note 10 plus?
Samsung Galaxy S10+ review,Great phone
"Samsung Galaxy A50, A30, Tab S5e hands-on review","Bought a new A50 after I changed my Huawei Y9.comapred to Y9 Samsung A50 is no where near Huawei 9.  
Poor network quality (3G and 4G)compared to Y9 
Y9 more user friendly  
Camera only better than Y9. I have regretted picking A50"
"Samsung Galaxy A50, A30, Tab S5e hands-on review","Bought a new A50 after I changed my Huawei Y9.comapred to Y9 Samsung A50 is no where near Huawei 9.  
Poor network quality (3G and 4G)compared to Y9 
Y9 more user friendly  
Camera only better than Y9. I have regretted picking A50"
"Samsung Galaxy A50, A30, Tab S5e hands-on review",Its normal dudee
"Sony Xperia 1, 10 Plus, 10, L3 hands-on review",Wow what a phone hands down
"Sony Xperia 1, 10 Plus, 10, L3 hands-on review","you can't delete my comment cause i mentioned your mistake guys, 
for a device to be labeled as 4k/QHD/FHD/HD we should look at ""vertical"" pixels not horizontal pixels , this is an elementary term in resolution topics. 
 
so if a device doesn't ha..."
"Sony Xperia 1, 10 Plus, 10, L3 hands-on review",6.5 in 21:9 is equal to having a 5.2 display in 16:9 and having it's up and down stretched
"Xiaomi Mi Mix 3 5G, Mi 9 Explorer, and Mi 9 SE hands-on review",They price is what
"Xiaomi Mi Mix 3 5G, Mi 9 Explorer, and Mi 9 SE hands-on review","Wow ! Nice Display . 
 How About the quality ?"
"Xiaomi Mi Mix 3 5G, Mi 9 Explorer, and Mi 9 SE hands-on review",Xiaomi mi 5g mobile with infrared sensors and light sensors and 5000 mh battery and 5 inches display  my choice
LG V50 ThinQ 5G and LG G8 ThinQ hands-on review,"If you have a LG G7 or older phone, please upgrade, I had LG G6, it had many problems, can't charge, due to moisture detected, can only use wireless charging, then I bought the LG G8 in Red from T-Mobile in May 2019 at a discount price $600, omg..."
LG V50 ThinQ 5G and LG G8 ThinQ hands-on review,My LG V20 is the last good phone! Removable battery! Sad they don't make these anymore! A battery will only last 2 years max! Phones are now disposable with a premium price! Sad! Sad! Sad!
LG V50 ThinQ 5G and LG G8 ThinQ hands-on review,May choice is lg v50 thinQ 5g
Nokia 9 PureView hands-on review,"Nokia management loves jokes and use silly customers making most expensive phone with most shitty batteries. If this doesn't stops then after Nokia lover I will fall to haters side. Now I'm neutral, still watching such nastiness or siliness..."
Nokia 9 PureView hands-on review,Zte
Nokia 9 PureView hands-on review,Nice phone
"Nokia 4.2, 3.2, 1 Plus and 210 hands-on review",approved and of good quality product
"Nokia 4.2, 3.2, 1 Plus and 210 hands-on review",3000
"Nokia 4.2, 3.2, 1 Plus and 210 hands-on review",I love the phone but it's sad that when I want to record a conversation it allows the other end receiver to know I want to start recording. Wtf who does that what then is the essence of making a record if it's not for personal use. 🤨
Huawei Mate X hands-on review,"Hi  
How are you  
I am fine . 
I was also finding such a phone.its look very nice .but l need long battery timing."
Huawei Mate X hands-on review,"Huawei is clearly telling us that, phone is manufactured during the week days and go on sale on Friday :)  
What I'm curiously about is why not sale it on their showrooms around China! 
 
I think we should make a fair comparison between brands.  ..."
Huawei Mate X hands-on review,awesome device
"Samsung Galaxy S10, S10+, S10e, S10 5G handson review","I have the screen, if you still need it"
"Samsung Galaxy S10, S10+, S10e, S10 5G handson review",Wow mine is also broken and I got a lot of stuff on it too I want to retrieve back I currently gave it to fix in a shop best you can do is the same go to a shop where they fix phone's screen and you will have fix looking good brand new face in a...
"Samsung Galaxy S10, S10+, S10e, S10 5G handson review","Hi,My S10 5G screen got damaged and I need to replace it cause, I have lots of information I need to retrieve. Any help on how I can get the screen replaced? Have really tried and I couldn't get it though. Any credible information would duly be ..."
Xiaomi Mi 9 review,"This phone outlasted 2 other phones i had, to date (of this post). A LG and an Oneplus. Other than the battery this phone is going strong. The only thing i fear that will undermine this phone or bottleneck this phone in 1-3 years would be the support..."
Xiaomi Mi 9 review,Same here. Been using since 2019. System is almost flawless and it is working as swiftly as it was with a minor hiccup here and there. I wish it received updates though. Cameras are still great with gcam mod!
Xiaomi Mi 9 review,"I have been using mine since 2019, no single fault till date, apart from battery is slightly weaker now."
vivo V15 Pro hands-on review,"""The side frame is just 1.75mm while the top one is merely 2.22mm"" 
Why didn't mention bottom bezels size as well?"
vivo V15 Pro hands-on review,almost there vivo but no quite with that small chin.
vivo V15 Pro hands-on review,"the camera result is good for the price, but not for pixel peeper.  
 
it only good for small screen, not for zooming in. 
other than that, this is a terrific phone.."
Motorola Moto G7 Plus review,it comes with a case
Motorola Moto G7 Plus review,"This phone is 120. right now, which makes it a great deal (only problem is trying to find a case for it)."
Motorola Moto G7 Plus review,"How long are you getting now?  
Also, any slowness or breakdown happened since day 1?"
Motorola Moto G7 Power review,"I love my moto g7 power! It didn't cost much, doesn't have as much bloat as Samsung and simple. I actually returned a pixel 9 because it had too much. The only reason I'm upgrading to a new phone is that they stopped updating the os on..."
Motorola Moto G7 Power review,Moto G7 power is a piece of crap because the speaker is nothing but rubbish junk and I don't recommend anyone buying it but if you decide to get one make sure you get a hearing aid and then maybe you might hear it  also the text notification suc...
Motorola Moto G7 Power review,"Phone battery is replacable but I think you will need to take it to a phone shop.  
Expect to pay about £50."
Motorola Moto G7 review,is not capatible for audio streaming hearing aid protocal
Motorola Moto G7 review,"My partner has had this phone for about two years and at some point it was updated from Android 9 to 10. We believe that before the upgrade it was possible to select 4g calling but now this option doesn't appear on the menu. 
This was not a pro..."
Motorola Moto G7 review,"Hi is a Moto g,7 any good would you recommend it"
Asus Zenfone Max M2 hands-on review,"Asus_X01AD 
Can't activate volte fully updated"
Asus Zenfone Max M2 hands-on review,"I've been using my Asus Zenfone Max M2 for more than a year already and I am satisfied with it. Satisfaction depends on your usage. If you want a long life battery, I can say that this is worth it. It lasts up to 48 hours (depends on your usage)..."
Asus Zenfone Max M2 hands-on review,"Asus zenfone max m2 is the worst handset I had ever purchased.  
 
Purchased year: Jan 2019. 
 
Performance: Jan 2020 replaced motherboard due to software issue and same had been incurred after 4 months without any physical damage. 
 
Now compa..."
Moto G7 family hands-on review,"Apple's quality is on top?  
I just wonder why some basic and major functionalities have issues apprearing in their devices. Im pretty sure that they are testing their devices but i think not that well. I think their dev team is not doing unit and i..."
Moto G7 family hands-on review,"""Apple's quality is still on top"" 
 
Hahaha! What a comedian xD 
 
Apple's got a lot of money, and they obviosly save a lot on testing as they clearly don't do much of it. 
 
Lucky for your wife she got the 5S. Where the 5 was the public beta d..."
Moto G7 family hands-on review,"Vanilla android is helpful on opening basic apps a milisencond faster, but that does not take away the performance advantage the SD660 have over the SD636 where it actually matters, games. 
 
Not sure which version of the Note 7 they compare, 3, 4 ..."
Xiaomi Mi 8 long-term review,I'm writing with it and it doesn't have any issue 😅
Xiaomi Mi 8 long-term review,"I loved my mi8 but since it fell down and the screen was inked. I can't get the screen for my phone anywhere else. Can anyone please 🙏 help me to get the screen? Please 🙏. I'm in Bloemfontein, Free State, South Africa."
Xiaomi Mi 8 long-term review,"I used for 4 years without any issues, and would more, but it fell in water, so must find some new :("
Xiaomi Redmi Note 7 review,"note 7 pro uses snapdragon 675 which is capable of taking actual 48 MP photos and 4k videos, while note 7 uses snapdragon 660 which isn't capable of that much."
Xiaomi Redmi Note 7 review,Chipset...
Xiaomi Redmi Note 7 review,"Pls what are the differences between redmi note 7, and note 7 pro?"
Huawei Mate 20 X review,"It definitely doesn't last 6 hours anymore, but that's likely just due to battery degradation. Might be worth seeing if you can put a new battery in one"
Huawei Mate 20 X review,"Thank you so much. Are the rear cameras fast to focus, even in indoor shots? It has only regular PDAF, but it has Laser Autofocus. Autofocus Speeds matter much to me."
Huawei Mate 20 X review,Yes I've had mine since 2019 and started using it again after sitting since 2022 and it still gate 8 hours no  problem
Huawei P Smart 2019 review,This phone very powerful but battery is not okay so just make 6000Ah battery then your phone becomes proper. Like this p smart 2019 battery are not good. Thanks for your products 👍👍👍
Huawei P Smart 2019 review,"best phone i ever had, serviced me from 2019 till 2025 without a single problem of planned obsolescence, still works just as good as the day i got it, sure it got some scratches but its the best phone ever"
Huawei P Smart 2019 review,"Have that phone from 2019 to 2024. Never freeze,baterry 1 day. never problems. 5/5"
Honor View 20 review,Proximity sensor
Honor View 20 review,Anyone can confirm what's at the top..beside microphone.. one is IR and the other?
Honor View 20 review,"""The display quality isn't flagship-worthy."" - actually, IPS screen with single dot + 3,5 jack is why I am going to buy this phone in 2020! It even has 3.1 usb type-C, even despite most newer flagman use 2.0 Sad,they skipped SD card, so I need to hun..."
vivo NEX Dual Display review,You may contact your local vivo for more information
vivo NEX Dual Display review,"I bought this in Ghana and i cant even change the country and region on this phone , Can anyone assist me with this please ."
vivo NEX Dual Display review,Nice
Pocophone F1 long-term review,"2026, and still on it. What a monster device it is."
Pocophone F1 long-term review,"Hi. I bought this model when they started producing it. Price $310. This is my second Xiaomi. The best thing is that if something breaks, they fix it right away. IPS is great, safe phone, battery in very good condition, I've been using it for 5 ..."
Pocophone F1 long-term review,Omg me too. It just keeps chugging along.
Honor View 20 hands-on review,Popup slefie camera ont good
Honor View 20 hands-on review,Please post a full review on this mobile. It's the most discussed phone now.
Honor View 20 hands-on review,"Those 48 Mpix shots are still worse than the 38 Mpix ones from my old Nokia 808. And we are in 2019. That's incredible. But yes, probably unfair to compare it with a quad-bayer filtered sensor..."
Xiaomi Mi Mix 3 review,Such a brilliant design and they dropped for the punch hole and they udc
Xiaomi Mi Mix 3 review,"Lmao what. How is this a failure. You get a 24 mp front camera with portrait camera individual. You get two high megapixel count cameras on the back with up to 4K 60fps recording. You get a slider that has Face ID immediately when you open it, with o..."
Xiaomi Mi Mix 3 review,"Does the mi mix 3 have a dual camera mode? ie. Picture-in-Picture, front and back camera recording."
Samsung Galaxy A9 (2018) review,My favourite phone
Samsung Galaxy A9 (2018) review,Samsung Galaxy a9 2018 this mobile phone is excellent but battery is same problem therefore new Samsung wants to be change kindly accept my request New phone exchange
Samsung Galaxy A9 (2018) review,Device no useful
Our editors' favorite smartphones of 2018,What?! No HTC fans in the team?!!
Our editors' favorite smartphones of 2018,"Honestly speaking, Xiaomi and Nokia had a better year in terms of Smartphones. PuGB and Fortnite in terms of Games. And ofcourse Memes like these 
https://www.techoleaksofficial.com/2019/01/best-smartphones-games-and-memes.html?m=1"
Our editors' favorite smartphones of 2018,I also asked the same question. I want to know Will's favourite smartphone :(
Camera test: The phone with the best Portrait mode,"I think we need more photos of Angie to determine camera quality. 😜 Brains and looks, wow for Angie!"
Camera test: The phone with the best Portrait mode,"I'll split my money on a budget phone and a Nikon D750, there, problem solved, hurray."
Camera test: The phone with the best Portrait mode,"I dont think so.  
Nikon D3400 is probbably best DSLR money can buy for a price of 250 euros and less. 
But now dominates Nikon D3500 for 499. But again if you know hhow and where you can buy it for around 350-400 bucks."
Best and worst smartphone trends of 2018,Wired headphones are so 1986 I mean c'mon one day we'll just have transmitter in our ear canal and pick up music with implant antenna
Best and worst smartphone trends of 2018,Yes you're right
Best and worst smartphone trends of 2018,you just said everything i was going to say bravo
Honor 10 Lite review,"Solid Phone, isn't as sharp as the newer phones but if your looking for something reliable, durable and not as expensive its great."
Honor 10 Lite review,They cant beat its selfie camera and screen.
Honor 10 Lite review,"I got this phone 2 years ago, and I am happy with it.  
I like the interface and there is less bloatware than Samsung phones.  
Love the selfie camera, that was the main reason why i got this phone and second is the low price.  
Only problem I am ..."
Asus Zenfone Max Pro (M2) ZB631KL review,"My phone newly bought through online, when I opened it, the phone wants to update its system, due to poor of signal in our place, the update s went long until it turns off, when I opened it back the signal and wifi are disabled only the bluetooth are..."
Asus Zenfone Max Pro (M2) ZB631KL review,13jun
Asus Zenfone Max Pro (M2) ZB631KL review,Asus zenfone Max Pro M2 Android 10 official release date
Asus ROG Phone review,"Can we desktop dock for other applications than only gaming,like business, professional works, billing softwares etc/ can we use only the phone as PC with keyboard and mouse/ or with an external display/monitor without a PC."
Asus ROG Phone review,Not worth it. I dropped my phone once and it was just about knee high and the display got broken. At first it was displaying some light in the screen but as time goes by it just displayed black screen. The touch sensor were still working but the disp...
Asus ROG Phone review,Which 2020? Before or after Christ?
OnePlus 6T McLaren Edition review,What Are your thoughts on the headphone jack removal? I use wired headphones and am wondering whether to get this phone.
OnePlus 6T McLaren Edition review,"Yes, it's a simple addictive phone.  Works seamlessly and the speed of the phone is top notch.  Excellent camera.  The only thing is think before buying this phone.  Its a fantastic phone but are you worth to have this phone? If you are not an aggres..."
OnePlus 6T McLaren Edition review,"Size is quite comfortable. I am using it for 3 Months now, the best phone I have ever used. The much better camera than any iphone."
Honor Magic 2 review,Hey Honor i have that cellphone and the scenario is juat super weird because when i pull the the camera it goes blackscreen how can i troubleshoot it or just fix it??? Please help me honor
Honor Magic 2 review,When it'll be released in Pakistan...???
Honor Magic 2 review,Im replying this on honor magic 2. Its a whole different & wonderful experience.
vivo NEX Dual Display Edition hands-on review,Your question was already answered on the top. You just need to open your mind
vivo NEX Dual Display Edition hands-on review,Best phone ever
vivo NEX Dual Display Edition hands-on review,"By having a second screen you can take selfies from the back of the phone, leaving the entire front free of notches or holes for selfie cameras. the entire front of the phone is a screen."
OnePlus 6T McLaren Edition hands-on review,"10GB of RAM with a processor that supports only 8GB, you've played yourself one plus. 
What shit engineers or marketing people must they have."
OnePlus 6T McLaren Edition hands-on review,"the design does not feel luxury, if only the design is like what Vertu did, 
 and the glass cover the the carbon fibre make it less premium"
OnePlus 6T McLaren Edition hands-on review,If this had depth sensor and studio lighting portrait mode I would have bought...it ticks almost everything
Oppo RX17 Pro review,Yup could be that eye of sauron tof camera.
Oppo RX17 Pro review,That's why it died very quickly.
Oppo RX17 Pro review,"As mentioned in the review, the biggest problem for me is the capability of recording 60 fps, even in the lastest update, oppo still don't bring it. i just noticed it after bought this phone. A bit let down why i didn't read the review befo..."
Apple iPad Pro 12.9 (2018) review,Can I use the 24W and 61W charger to charge my iPad Pro 2018? Plz i need your help
Apple iPad Pro 12.9 (2018) review,Big price in korea 🇰🇷🇰🇷
Apple iPad Pro 12.9 (2018) review,Plz anyone tell me can we use the memoji feature in this ipad plz
OnePlus 6T vs. 5T vs. 3T,"I installed Gcam and find it hard to see any difference. I'm using a Xiamio A3 and I didn't need to search for my model, thought by your remarks the close up might be better but also not to be (there is a phone out there which has a close u..."
OnePlus 6T vs. 5T vs. 3T,"The Oneplus line of phones have always been ahead of the rest when it comes to hardware specs. The 3T had 6gb of RAM and 128gb of storage along with an Snapdragon 821 processor, and an Amoled display. Those specs alone were as good as gets in 2016. T..."
OnePlus 6T vs. 5T vs. 3T,Kikikikik I like this
Realme U1 review,I think you don't to how to take photo with realme u1
Realme U1 review,This is using helio p70 clock speed 2.1 and the new processor g90T is having clock speed of 2.05 that is interesting.
Realme U1 review,Very poor Flash quality like Nokia 1100 led torch.. very disappointed..!!
Xiaomi Mi 8 Lite review,"August 2024 
Upgaded to Android 10 
My old phone mi 8 lite still alive :) 
Compact and enough for daily job"
Xiaomi Mi 8 Lite review,My battery spoiled and I need new one but where can I get it
Xiaomi Mi 8 Lite review,"I have had mine Xiaomi Mi 8 Lite since it came out and it's still an excellent phone. 
 
Very reliable"
ZenFone Max M1 and Lite L1 hands-on review,"so very nice phone, qua;ity phone"
ZenFone Max M1 and Lite L1 hands-on review,More phone darkar asus zenfone max and lite L1
ZenFone Max M1 and Lite L1 hands-on review,Where is the review of the ROG PHONE???????!!!!!
Night mode ON: Pixel 3 vs. Mate 20 Pro,huawei does a better job with evening the lighting and has less noise but the night sight brings out more detail. both have come a long way.
Night mode ON: Pixel 3 vs. Mate 20 Pro,"Huawei has come a long way and is starting to trade blows with the biggest names. Competition drives innovation.  
 
I actually prefer the look for the Mate 20's night shots to most of the Pixel 3's. I own the Pixel 3 XL as well as the Pixel 2 XL. ..."
Night mode ON: Pixel 3 vs. Mate 20 Pro,Trolls fly on your cows. Test what i said and see it for yourself.
Smartphone buyer's guide,"Why is Mate 20 Pro not in the ""Camera Phone"" department?"
Smartphone buyer's guide,"I do enjoy the ""Smartphone buyer's guide"" article. It's awesome and a practical guide. I love it. Colleagues at work do trust me with the buying of smartphones for them, family an friends. 
But I wish the guide will be featured monthly or perhaps at..."
Smartphone buyer's guide,"Please add a section on basis of ""Audio Quality""."
Xiaomi Mi A2 long-term review,How can I switch my app gallery[Vertically or Horizontally]
Xiaomi Mi A2 long-term review,"Hi, 
Bought this phone for my son for his 21nd birthday this year. 
Later, he bought another phone for himself as he needed the option to pay using the phone (NFC), but this phone doesn't support this option. 
Later, this phone returned back ..."
Xiaomi Mi A2 long-term review,Which model was used for this review?  The 4/64? Did you face any read/write lags? Referrign to the infamous eMMc storage.
LG V40 ThinQ review,"A great cell phone with some huge problems: 
1) The cell phone battery is absolutely scandalous! From the first moments I realized that the charge lasts very little, after a year I found myself having to recharge my cell phone even 4-5 times a day, ..."
LG V40 ThinQ review,The speaker and mic? You can try looking them up on AliExpress.
LG V40 ThinQ review,"Does anyone know how to remove the navigation bar from the recent app launcher?  The navigation bar doesn't show on my home screen (which I want), but it keeps popping up when I hit the recent app button.  How do I remove it from there?"
Motorola One review,2024 and still here baby! This phone's endurance is nasty. Badass.
Motorola One review,"I also was with apple, and defected. 
Love my moto one. even in 2020 it still works great. I will definitely be getting another Motorola, have not missed apple in any way."
Motorola One review,U damn right
Honor 8X review,My honor 8x don't have fingerprint option
Honor 8X review,My Honor8x good
Honor 8X review,"My 8x is now 6 years old. Flawlessly reliable, good camera, good battery life and I won't be buying another phone until it dies."
Google Pixel 3 XL review,How to set network
Google Pixel 3 XL review,I have this device this is one beautiful piece of unique hardware in its ergonomics.
Google Pixel 3 XL review,Pixel 3 XL
Samsung Galaxy A7 (2018) review,"Its such a good phone, it works very perfectly in 2026 thanks Samsung"
Samsung Galaxy A7 (2018) review,i have A7 2018 model from 2018 and its work very fine no battery issue no heating issue nothing first 2 year used the phone by me and then by 1yr my mom then 1 yr me then till the day my mom using this phone thank you Samsung to making such a gadget ...
Samsung Galaxy A7 (2018) review,"Over the past few years I've realized that running the phone with animations turned off can make every process, especially launching the system apps a little faster. However, I find this phone draining every day and leaving it on charge for hour..."
Xiaomi Redmi 6 and Redmi 6A review,"This cellphone, thank God, is still good and worth it in 2026, but there are still many shortcomings and severe lag, and sometimes the screen doesn't respond. However, in this year, it can still open apps, but it takes a long time, and the stora..."
Xiaomi Redmi 6 and Redmi 6A review,This was a really helpful review
Xiaomi Redmi 6 and Redmi 6A review,"How to solve the problem, when I get a message that RAM ia occupied, 
Its phone Reame 6"
Razer Phone 2 review,I can't use mine again because I got no way of charging it can anyone help please.
Razer Phone 2 review,i love this phone
Razer Phone 2 review,i had this phone sins 2018 and i love it but the screen shattered but i did drop it of a balcony but i love Razer products
Oppo RX17 Pro hands-on review,"Yeah, but still no audio jack nor IR-blaster. And what's with that ridiculous triple camera setup at the rear?"
Oppo RX17 Pro hands-on review,"It's not like that... The camera module on all three of them use a Sony made sensor (IMX363 for the Mi Mix 3 & IMX345 for both the Samsung S9+ & Oppo RX17 Pro).  
 
If you're asking about image quality, then personally i would rate them lik..."
Oppo RX17 Pro hands-on review,"Hey, Pentile is awesome. What makes you think it's not great? Nowadays, we don't see individual pixels as everything is at Retina quality anyway? I dunno what am I saying. I don't even have this lul."
Apple iPhone XR review,Now updated with full testimonial findIngs the iPhone XR is the third iphone to be launched this year after the iPhone XS and the iPhone max
Apple iPhone XR review,I phone XR
Apple iPhone XR review,So good
Huawei Mate 20 review,Bought this phone 6/64 back in 2020 and now it's been almost 5 years I'm using this phone. It's impressive how this phone remains fast after I did heavy tasks on this this. The only problem I faced that the power button and volume butt...
Huawei Mate 20 review,"User sińce 2019, great phone overally and still is fast. Has everything head phone Jack, ir blaster, fm radio, memory card and do on. Even battery is OK. 4gb of ram is a bit small and they broke weather app with some stupid ads"
Huawei Mate 20 review,"Still using it on February 2025, and works fine for everyday tasks. 
 
Not a great main camera by now but a good selfie one tho.  
 
It lags sometimes and disconnect the Bluetooth if taking a photo.  
 
But for a phone bought 6 year ago, i can&..."
Google Pixel 3 review,I have a google pixel 3 it just fell in my hands and the screen won't turn on. I want to know what to do
Google Pixel 3 review,Pixel 3 in Japanese model esim facility is there
Google Pixel 3 review,I have a Google pixel 3 .And I can't make or receive calls it's fully unlocked  by the manufacturer but is it ?
OnePlus 6T review,This comment has aged like spoilt milk
OnePlus 6T review,I hate this notch because of full dust go inside in front camera from calling speaker.There is gap in display and calling speaker.
OnePlus 6T review,GSMArena should really consider dropping geekbench from the benchmark tests. It's really inconsistent and shady just like antutu. That is why very technical sites like AnandTech does not include geekbench test results when they review a CPU. Gee...
Huawei Mate 20 Pro review,I have mate 20 pro but its camera doesnt take clear pictures. Especially back camera take blurr pictures. What is solution?
Huawei Mate 20 Pro review,"You can simply give the screen a two knocks consecutively, the screen will be grabbed."
Huawei Mate 20 Pro review,"You can try using assistive ball for taking screenshot, volume control and power on/off. I set it up on all my phones to prevent buttons from overworking."
Xiaomi Mi Mix 3 hands-on review,Doesn't this phone deserve a proper review?
Xiaomi Mi Mix 3 hands-on review,"i have one, it is really a great phone, why there is no full review ??"
Xiaomi Mi Mix 3 hands-on review,i Love This Mobile
Nokia 7.1 review,"My experience with this phone has been quite a ride. Android 10 update bricked my phone. Had to go to Service Center to have it clean wiped to 9. Later was able to install Android 10. 
 
The charging part gave away less than a year after that. Coul..."
Nokia 7.1 review,"The only real problem I've had with the Nokia 7.1 is the USB charging & connection port. The port will fail to connect properly after a very few number of connections. However, a replacement port kit can be purchased from Amazon or Newegg fo..."
Nokia 7.1 review,Worst phone my humble request to all please do not purchase this phone. Because in two years i experience is battery problem sound problem many time it's hang many times
Oppo Find X Lamborghini Edition review,If it has Android One OS with custom icons (including color) that would be great.
Oppo Find X Lamborghini Edition review,My dream charger ^~^
Oppo Find X Lamborghini Edition review,Fail bend test! Low quality phone
Xiaomi Redmi Note 6 Pro review,"Phone me tap to call in back, youtube is not working, speaker sound problem, headphone problem"
Xiaomi Redmi Note 6 Pro review,It looks same design to iphone x max😎
Xiaomi Redmi Note 6 Pro review,when does xiaomi/redmi give this phone night mode feature for its camera? it's only software right? I don't want to install 3rd app party (like google phote) to get this night mode feature..
"Huawei Mate 20, 20 Pro, 20 X hands-on review","It's not fair or proper to criticize Huawei for going for proprietary memory cards. Because SD cards which other smartphone makers use are also proprietary, patented and copyrighted. Manufacturers need to get a license to produce SD cards. And H..."
"Huawei Mate 20, 20 Pro, 20 X hands-on review",I disagree. I expect Huawei will keep using NM card so it is not planned obsolescence. and There is no reason for memory cards to be the same size as SD card when generally used nano SIM cards are not. It makes more sense to make memory cards to matc...
"Huawei Mate 20, 20 Pro, 20 X hands-on review",What standard format are you talking about? SD card adopted by other smarphone makers is not an open standard format. SD card is a proprietary format as well like Huawei's NM format.
Apple iPhone XS Max vs. Samsung Galaxy Note9,should i get the note 9 as a new main for the next few years?
Apple iPhone XS Max vs. Samsung Galaxy Note9,Note 9 is the especially cause of the camera and  battery life
Apple iPhone XS Max vs. Samsung Galaxy Note9,Note 9 all the way
Samsung Galaxy A9 (2018) hands-on review,Why woukd someone buy this phone when the OnePlus 6T has top notch specifications such as a Snapdragon 845 chip for a cheaper price?
Samsung Galaxy A9 (2018) hands-on review,"Bro, mirror will never give the accurate picture.... 
Also, it makes video calls impossible.... You can't be looking at a mirror. 
 
My idea on the other hand, replaces 2 front cameras with 2 simple motors, which rotate inside the device, not outs..."
Samsung Galaxy A9 (2018) hands-on review,"600$ are you kidding? wait, waht? euro? ohh sh..t 
4 camera is a good way to rip peoples pocket 
300$ price is fine, but not for me for samy lovers"
Honor 8X hands-on review,It's charging is pretty fast
Honor 8X hands-on review,"Umm, you guys forgot to review the device i think."
Honor 8X hands-on review,"Didn't find any problem while charging, it's fast."
Razer Phone 2 hands-on review,"they have razor earphone that are built for this so botton up, razor remove headphone jack .problem. razor make earphones for razor 2 . problem fixed"
Razer Phone 2 hands-on review,There is a reason why the design did not change much. Remember that there is a laptop dock which uses this phone as the entire think center for the unit. Cheers..
Razer Phone 2 hands-on review,Omg the design is just terrible. How can you not learn from the first generation. It looks like the same as before.
Google Pixel 3 and Pixel 3 XL hands-on review,"And Note 9 doesn't have better display, they both have the same display. 
 
Regarding speakers, Pixel 3 has much better speakers..."
Google Pixel 3 and Pixel 3 XL hands-on review,"On the other hand, if you want the best camera, AI, security and on top of it free unlimited storage for photos and 3 years of instant OS updates, then you should go for Pixel3 or Pixel 3 XL!"
Google Pixel 3 and Pixel 3 XL hands-on review,Battery test???
Nokia 5.1 Plus review,What causes my phone's Fingerprint sensor not to display on scree lock
Nokia 5.1 Plus review,with a micro SD card
Nokia 5.1 Plus review,How can I expand my phone space
Nokia 7.1 hands-on review,What is MIA2 means?
Nokia 7.1 hands-on review,Nope. :(
Nokia 7.1 hands-on review,"Not even close to that design, and this one has all the rest better. And battery life is actually very good in comparison to a lot of devices at this price."
LG V40 ThinQ hands-on review,"I really like my V40. Good size. Good screen. Software is fine. But the battery is too small. I'm always charging the device. And for the love of God, I cannot take a decent enough photo in auto mode (photo's look flat), at least in my book. Whenever..."
LG V40 ThinQ hands-on review,When would you make real review of LG V40.. I am still waiting.
LG V40 ThinQ hands-on review,"My bad, I think I got picked up by his comment stating he:  
- ""heard"" (means it's not confirmed yet, just a gossip) that   
- Australia (he picked one particular country)  
- could spy with a special hacking software (come on, almost every countr..."
Apple iPhone XS Max review,She said that if she had to
Apple iPhone XS Max review,I deleted all the apps I don’t need and turned off the apps I don’t use that drain the battery in the background in the cellular tab. My devices battery improved significantly.
Apple iPhone XS Max review,The refurbished Apple iPhone XS Max is the best hands down. I am very impressed with the features the device offers from the videos I’ve watched. I added assistive touch 3D just to add an additional layer of security to confirm all my Apple Pay from ...
Realme 2 Pro review,"Using realme 2pro since Oct 2018 still fabulous,"
Realme 2 Pro review,I am using Realme2 pro from January 2019.Lat 5 years was a wonderful journey .This the  best mobile phone I have ever used.
Realme 2 Pro review,Excellent Smart device using since 2019 not single door step service center. (Can any one advice which is the similar device like this in real me any one using?
Apple iPhone XS review,Good
Apple iPhone XS review,iOS16
Apple iPhone XS review,XS hasent gotten the ios 26
Huawei Mate 20 lite review,me when I lie
Huawei Mate 20 lite review,"I've been using it for 11 years straight, it survived drops, punches and it still works! The best first Phone ever."
Huawei Mate 20 lite review,"I have been using this phone for 4 years. No gaming - mainly for business and to upload images to my shop, etc. I can say that in 2023 it still performs amazingly. No lag at all and charges quickly with a Huawei 9V charger. The screen got detached ov..."
OnePlus 6 long-term review,"Hey can you please tell me what battery brand you replaced your battery with and the cost, also please tell me about screen too thanks."
OnePlus 6 long-term review,"Oh man, best phone I ever bought. 
 
I bought the 6T to replace my OnePlus 2, which was my previous favourite. 
 
Gotta say, even now in mid 2023, a good three and half years after I bought it - it's still a lag free phone! 
Have used my 6T..."
OnePlus 6 long-term review,It's simply a wonderful phone. It does everything I need to and that's saying a lot for a soon 5 Yr old phone! I recently changed the battery and replaced the screen and it feels brand new.
Sony Xperia XA2 Plus review,👍
Sony Xperia XA2 Plus review,"Too heavy, sharp corners are super annoying."
Sony Xperia XA2 Plus review,you can buy at shopee
Sony Xperia XZ3 review,"l have a sony phone,so sony ph is verynice, 
Thanks...."
Sony Xperia XZ3 review,This device is NOT for everyday activities including XZ2
Sony Xperia XZ3 review,Drop many times. Never breaks.
Samsung Galaxy Watch review,The website doesn't even exists.
Samsung Galaxy Watch review,Why don't you buy it second hand while it's still available.
Samsung Galaxy Watch review,"I purchased the gear s3 in March 2020, at first all was great, but every time I had to download an upgrade, the watch stopped working until I deleted the app and reopened it.  
Last month I performed another upgrade  this time the watch stopped char..."
Oppo F9/F9 Pro review,This device is problem to got WhatsApp how to register in this device
Oppo F9/F9 Pro review,Please my oppo f9  is not WhatsApping I have try everything for it to work but no way please I need help
Oppo F9/F9 Pro review,"I use oppo f9,one faithful morning while I was use the phone it went off all of a sudden since June till now the phone isn't working at all. It will just be boosting it won't on. Please how can it be fix???"
vivo V11 review,Stilk using this phone since 2018. Only prblm is battery backup
vivo V11 review,"Hi friends I think I have never seen such a wonderful phone in my life I m addictive to games also I ll be use phone for 12 hours till date I couldn't feel any problem with my phone it's really awesome  
Rarest of the rare gem"
vivo V11 review,Y I can't use a wireless headphones to my v11 it's said I have to install the device but I don't know what kind of device I should install to connect my Bluetooth wireless headphones please help me thank u
Asus Zenfone 5z review,I am still using it in 2024. 🎉
Asus Zenfone 5z review,Anybody still using them in 2024?
Asus Zenfone 5z review,Hello its 5mb
HTC U12 life hands-on review,what sense does it make a phone to challenge xiaomi .... lose at the start.  you are a great home make top models and updates
HTC U12 life hands-on review,"And to this day, no review in sight xD ...""we'll get back to you"" oh-kay..."
HTC U12 life hands-on review,wonderful
Huawei Mate 20 Lite hands-on review,i hate notch. dont buy such a ugly phone.
Huawei Mate 20 Lite hands-on review,"what kind of issues did u get? 
will u please say?"
Huawei Mate 20 Lite hands-on review,"Does anybody know if the Mate 20 Lite has a frontal notification-led like the Mate 10 Lite or has this been eaten-up by the ""notch"" too? (like part of the image on the screen when you're watching full-screen videos, full-screen photos, full-screen ga..."
Honor Play review,I have bought this phone back 2018 and one of the best device which I ever used. still  using it 17-05-2025 but due to my mistake I destroyed it by dropping.
Honor Play review,I still use this device & still satisfied me through 5 years & I played  PUBGM v1.0 still work with GPU Turbo v3.0 whether this device is never updated to the new emui 10.
Honor Play review,what were you expecting?! s25 ultra with 20gb ram?!
ZTE Axon 9 Pro hands-on review,Iwant sim card mobil ZTE cricket model Z851
ZTE Axon 9 Pro hands-on review,"I know this is old news . 
But I still haven't found a replacement for my Axon 7, I struggling to find something worth the upgrade. 
Pretty easy formula to get right. 
OLED screen resolution 1920x1080 or better. 
As many forward descent facing sp..."
ZTE Axon 9 Pro hands-on review,I brought this phone last Monday then after charge it 2hrs 3mins the phone suddenly explode
BlackBerry KEY2 LE hands-on review,Yes Luis Cruz  new phone  BlackBerry key2 le
BlackBerry KEY2 LE hands-on review,"if you have any hope for some blackberry comeback, just wrap it up cause they won't be back and haven't made shit since 2018 - having FM radio to appeal to beach suburbanites to pair along with their iPhone during a storm warning won't..."
BlackBerry KEY2 LE hands-on review,Is Key 2 LE available in GSMArena BD now?
Sony Xperia XZ3 hands-on review,"Beware on xz premium - frame is polycarbonate, same plastic they use for head light covers on cars.  Mine ended up getting bent and let water pour into phone and shorted out the backlight.  Make sure you look up what the frame is made of on any speci..."
Sony Xperia XZ3 hands-on review,I was thinking about getting an XZ PREMIUM in malaysia. Any ideas from where i can get it now?
Sony Xperia XZ3 hands-on review,"I'm Sony fans i have own from Xperia SP,Xperia Z2,Xperia Z3+,XZ Premium(currently using) and now im buying from online XZ3(still waiting it arrival) because Malaysia SONY never carry 
 
i have use 4 type sony mobile before all overheat except XZ Pr..."
"LG G7 One, G7 Fit hands-on review",I am using LG g7 and reasonably good phone but i am disappointed with its face unlock it opens with the close eye as well
"LG G7 One, G7 Fit hands-on review",why the hell are they releasing with only 32gb internal? such a good phone with only 32 gb option! serious?
"LG G7 One, G7 Fit hands-on review","And having bootloop as bonus? 
Cheap and freeze go grab poco & 6+, 
I prefer motorola z3"
Oppo Realme 2 review,My thoughts exactly...a 10 year old can come up with a better name.
Oppo Realme 2 review,Good phone. Good battery
Oppo Realme 2 review,My phone is real me 2 in this phone the ios theme has support or may be cause the hanging problem
Sony Xperia XZ2 Premium review,"I'm looking to get this phone for its black/white camera. May I ask if its monochrome camera shoots in up to 1080p only, or goes all the way to 4K?  
 
The YouTube samples I've seen so far only go up to 1080p. 
 
Mostly planning to shoo..."
Sony Xperia XZ2 Premium review,"SOV37 was the XZ2, no premium, no compact, the ""middle"" one."
Sony Xperia XZ2 Premium review,It's because you bought a used Sony that was formerly locked to a carrier.
Pocophone F1 by Xiaomi review,"Served for 6 years, various custom roms, it's time for a change and the change is Redmagic 9S Pro, a mobile phone for another 6 years, a minute of silence for the Poco F1 :("
Pocophone F1 by Xiaomi review,"I had to change the battery after 3½ years because of bulging, maybe because of intense gaming (majorly PUBG,Rocket League etc.) Apart from this no issues."
Pocophone F1 by Xiaomi review,Can I use 32ohms IEM (Blon Bl03) directly without any external amp with Poco F1 using the headphone jack?
Xiaomi Mi Max 3 review,Agreed!
Xiaomi Mi Max 3 review,very true! same here
Xiaomi Mi Max 3 review,"Best phone ever! 
 
5 years plus and still good as ever. 
 
Still better than most phones labeled 'latest phone'"
Moto Z3 review,"How this verzon be used , is the Moto z3 play cover available in the market, (accessories of Moto z3 play)"
Moto Z3 review,"Coming back to this phone's review in 2022, I only noticed how impressive the battery endurance rating was. The 2016 Moto Z Force has a smaller and shorter 16:9 screen and an extra 500mAh of battery capacity, and yet the Z3 is only two hours beh..."
Moto Z3 review,"Lol, I prefer to have the Moto Mods add-on instead of using a Bluetooth connection. No more BT lag when using the Moto Mods, especially for the Moto 360 camera and the Moto Gamepad, and that is a solid big win for me!"
Nokia 6.1 Plus (X6) review,"Bought mine in August 2019, still good as new in September 2024.  
 
Looking at the Nokia G60 for its stock Android and IPS LCD because they served me well in the 6.1 Plus."
Nokia 6.1 Plus (X6) review,"My phone just went dead without a reason up to date, had a bad experience with this phone"
Nokia 6.1 Plus (X6) review,My best phone
Samsung Galaxy Note9 review,"i have oneui 2.5 and battery life is around 5 hours (really bad). if you turn on battery saver youll get 7 hours max and turn on ultra battery saver youll get 10 hours. battery life really bad but other than that, been using my note9 since 2019. id s..."
Samsung Galaxy Note9 review,"What's the ONEUI you have now, how is the battery life is like for your note 9?"
Samsung Galaxy Note9 review,Since 2019 until now i am using my Note 9. It is still good working only have a little crack on his screen but all was still good. Thanks samsung for this good unit that you produce.
Xiaomi Mi A2 Lite review,But do all reft and right speaker work
Xiaomi Mi A2 Lite review,this phone is good but in the screen came yellow lines. they told me that you can't replace the screen
Xiaomi Mi A2 Lite review,how did you check the battery health ?
Samsung Galaxy Note9 hands-on review,Friends which one is better in Note 9..Single sim or Duel sim..Need some expert opinion
Samsung Galaxy Note9 hands-on review,Is Samsubg Galaxy Note 9 upgrading to Android 9.0 Pie
Samsung Galaxy Note9 hands-on review,Best advance s pen features & enhanced camera with dual aperture
Android 9 Pie review,Even if i aleady turned off my sim they can call or text me. Please fix this. Thank you so much.  Samsung j7 pro user.  Have a great day.
Android 9 Pie review,Lets just wait for android q to be launched
Android 9 Pie review,"Can't even move files between folders within the same storage. For example, files can only be moved/copy from internal memory to SD card or vice versa. It can't be done within internal storage or SD card by itself."
Oppo Find X review,We've dropped a few on to marble floor and it survived
Oppo Find X review,"Purchase last month, pretty awesome and beautiful. :) 
 
Front - https://c2.staticflickr.com/2/1947/44209446724_4ea360fcd4_h_d.jpg 
Back - https://c2.staticflickr.com/2/1949/29992896967_9810f170d4_h_d.jpg"
Oppo Find X review,Oppo find x avilable top notifications bar... same like samsung mobile
Nokia 8110 4G review,"This phone is crap, I'd rather have an n86 8mp or n82 for this. Symbian is still better than KaiOS"
Nokia 8110 4G review,"Bought one for the wife’s 75th birthday has blogs said “so simple to use for people who are not very good with mobiles “  
What a load of rubbish  
Took me over a hour to reset it To English from Russian (inadvertently pressed by me I thought “ tur..."
Nokia 8110 4G review,"this phone support voice calls from google duo ,IMO or whats app calls...."
Motorola Moto Z3 hands-on review,This company cheat customer and there services are very bad.unprofessional person are hired at service centre . according to my experience this company is full of thief's so do not buy it.
Motorola Moto Z3 hands-on review,"OMG! is this an upgrade to the Z3 Play? If so, then this is truly awesome! but, hope this will reach in the Philippines. I'm so confused what phone to get now. But I'm still loving my daily driver Moto Z play and Droid RAZR."
Motorola Moto Z3 hands-on review,"The WHOLE point of the devices in the Z-series is the Mods... 
 
Actually you get the versatility of one day having a slim device for the 'dinner jacket' with the build in battery AND another day after clicking on a battery pack for more demanding ..."
Xiaomi Mi A2 review,You sure ?
Xiaomi Mi A2 review,"My best phone  
Android one"
Xiaomi Mi A2 review,It's actually because the mi a2 has bad image procesing. The actual camera lens is good but after processing the image looks bad. This is only noticable in lowlight tho if given proper lighting the camera quality shows
Samsung Galaxy Tab S4 10.5 hands-on review,"""Analysts got it wrong with their post-PC predictions - instead of moving to a one ""do-it-all"" device, consumers just bought several devices. A smartphone, tablet and smartwatch each has its own duties, the key is that they talk to eac..."
Samsung Galaxy Tab S4 10.5 hands-on review,Best tablet has been ever made.
Samsung Galaxy Tab S4 10.5 hands-on review,2016 had a refreshed Tab S2. With a Snapdragon 652.
Huawei Nova 3 review,"Still have the exact phone this year. Broke the Display unfortunately last week due to it's"" slippery feature"" hopefully huawei makes like these phones again, quite good for it's year"
Huawei Nova 3 review,Support Huawei how many modes in this phone like maintence or all modes pls sir
Huawei Nova 3 review,Huawei nova 3i is the best phone i've ever had. If noba 3i comeback i will buy it again.
Nokia 3.1 review,"You can find out what you're phone model is in ""settings/about phone ""."
Nokia 3.1 review,U can just put the passcode and wait
Nokia 3.1 review,can it conect to 5ghz band wifi?
Xiaomi Mi 8 SE review,Noice
Xiaomi Mi 8 SE review,"Who cares about the radio? Download from G.S . Infrared ? I think  OIS are  more important. And front facing stereo speakers, with Dolby Atmos. My (2016) ZTE axon beat the MI 8, still."
Xiaomi Mi 8 SE review,Just white one..
Xiaomi Mi A2 and Mi A2 Lite hands-on review,I used both the phones....and currently using mi a2.....but I found that mi a1 camera is still better than mi a2...
Xiaomi Mi A2 and Mi A2 Lite hands-on review,I cannot install update version .tell me why
Xiaomi Mi A2 and Mi A2 Lite hands-on review,"How can you consider a file manager and a TV controlling App bloatware. Those are the first 2 apps I would download. And they would probably have Ads. For them to include those is a BONUS.  
 The crud that AT&T and Samsung put on their phones......"
Sony Xperia XZ2 Premium hands-on review,.we
Sony Xperia XZ2 Premium hands-on review,When is the full review coming?
Sony Xperia XZ2 Premium hands-on review,"I assume you are too naive to believe anything above ISO 800 in a smartphone camera is usable.  You probably don't own a dSLR or a 28"" 4K monitor to see just how garbage anything is above ISO 800 in a smartphone and how very important manual controls..."
Huawei P20 Pro long-term review,if you have other original Huawei battery with thesame size and flex..you can replace it
Huawei P20 Pro long-term review,"i really love this phone easy to manage his performance is insane until this time 
oldest phone that ive got HUAWEI P20 PRO  is the LEGENDARY 🤙 
 
sana .mag release ng software update pRa dimapag iwanan"
Huawei P20 Pro long-term review,"Have the phone for 7 years now and everything still works. Dropped a few times, submerged in water and the Only issue is the video stabilization which has worsened overtime. 
I tried newer flagship phones but there seems to be nothing really ""n..."
Samsung Galaxy A6+ (2018) review,This phone was the best phone I ever had. I want to buy a new Samsung phone now. Can anyone recommend me a phone that matches A6+?
Samsung Galaxy A6+ (2018) review,Similar thought of an a6+ users😃😃 and the replacement piece for this one is too😀 s23 or s24
Samsung Galaxy A6+ (2018) review,Been using it since 2018 to date no issues. I have been trying to upgrade but i am wondering which Samsung will give me match it.
Huawei Y7 Prime (2018) review,Does it come with a cover?
Huawei Y7 Prime (2018) review,"I've been trying to download Avenza Maps app from the Google play store but they said it can't work on the device. I feel terrible right now cos I need that app for my new job. 
Please help out"
Huawei Y7 Prime (2018) review,Really it has
BlackBerry KEY2 review,"She doesn't want you to sleep. So, I'd suggest you, don't sleep, otherwise she'll suicide again as always... :V"
BlackBerry KEY2 review,I done buy one but it give headec i don't know why when it sleep it off itself but i'm really like the phone what the solution?
BlackBerry KEY2 review,I am  Going to bye one
Meizu 15 review,"I bought a mobile phone as like as two peas on the website, 10, which is new and nice. The computer has long life and quick response. It's not exactly like carton, which is exactly the same as my friend bought on the official website. But I boug..."
Meizu 15 review,Why my xiaomi cant make phone like That???  mi6 is outdated and doesn't have any more support from xiaomi
Meizu 15 review,I suggest you read it again as the reviewer is talking about the Samsung Galaxy S7.
LG G7 ThinQ review,Yes
LG G7 ThinQ review,The lg g7 thinq is better I have been using it for a year now and there is nothing wroong with it execpt for the battery but aside that it is a good phone
LG G7 ThinQ review,I wanna know that this phone is dual SIM or not.
vivo NEX S review,"Correct me if I am wrong, but Vivo Nex S is the first device in the world to sport pop up selfie shooter. I own a NEX and the selfie camera takes average photos. However good first try by Vivo. Nothing great to talk about the image quality though. Ho..."
vivo NEX S review,I never had this problem. I can hear everything clearly
vivo NEX S review,I am also facing same problem. Voice is not clear to hear and I sent back for replacement after using 1 day. This deficiency covers all good things of the phone. Because basic function must be perfect.
Xiaomi Mi 8 review,nice iPhone X
Xiaomi Mi 8 review,"Xiaomi mi 8 HDR video play after screen colour change totally, Still not fix the isse"
Xiaomi Mi 8 review,"OMG thats genius! Cos its newer, its better! WRONG. No. Choose a phone based on your needs."
Samsung Galaxy S9+ long-term review,"My friend, it's not S9plus that has issues. It's google's version of Android that is garbage. It literally produces issues after a certain amount of time in order to force you to change your phone. Those internet sources whp deny this ..."
Samsung Galaxy S9+ long-term review,"No, it is quite slow nowadays and software updates and security updates have already stopped for this phone. I recommend something that will support future OS Updates. Plus, Exynos. My S9 Plus drains a lot of battery. Best of luck."
Samsung Galaxy S9+ long-term review,Please is it a good recommendation to go in for s9+ this 2024?
Xiaomi Redmi S2 (Y2) review,Display protection???
Xiaomi Redmi S2 (Y2) review,"A mobile phone, is less of a luxury and more of a necessity (Common Knowledge). Having used 3 Samsung, 1 Microsoft phone, switched on to Redmi Y2 in 2018, have been using it and have been to the workshop only once. This is the best phone so far, valu..."
Xiaomi Redmi S2 (Y2) review,S2
HTC U12+ review,Can you please advice me how to switch off vibration on volumes and Power Keys
HTC U12+ review,"""Taking a screenshot has now become impossible by the default keys"" 
The default keys for HTC are holding down the power button and pressing home, which works perfectly on the U12+"
HTC U12+ review,What adapter do you use in audio test?
Oppo Find X hands-on review,"But if it's rated for up to 300,000 uses, and you use it 100 times a day, that's still 3000 days worth of use or 8.2 years worth - even if they overstated it's reliability by twice as much, it still means 4 years worth of use? 
 
I'd be keen to see..."
Oppo Find X hands-on review,So how's the OS on this phone? It looks soo beautiful! Tempted to buy this.
Oppo Find X hands-on review,"Chinese software isn't that bad look at huawei doing it big, oppo software is way more beautiful and stable thans huawei.. 
The reason why every new Samsung phone lags is due the way Korean Dec's writes the os, have a look on YouTube about this."
Samsung Galaxy A6 (2018) review,Absolute 100% garbage. Never used any electronic device and technology worst as this one.
Samsung Galaxy A6 (2018) review,"This is my mum's old phone... looking to install LineageOS 22 on it to test the ROM 
 
Any suggestions on how I should go about doing it?"
Samsung Galaxy A6 (2018) review,My only problem with galaxy A6 is storage and...cover. it's rare in my city.
Xiaomi Redmi Note 5 AI Dual Camera review,"I use redim note 5 but it doesn't open whatsapp, what's the problem?"
Xiaomi Redmi Note 5 AI Dual Camera review,No service for 2 or 3 years old models and their reply is older model no parts available. Be careful while purchasing old models.
Xiaomi Redmi Note 5 AI Dual Camera review,Does it support HDMi
vivo NEX S and NEX A hands-on review,"hi every body just want you to know that i just moved from samsung note5 to vivo nex a phone .. 
what i want you to focus on that the nex a : 
1- there is no indicator led 
2-not very clear sound from earphone , speaker is great  
3-OS system is ..."
vivo NEX S and NEX A hands-on review,The only other company aside from Sony I see really love making mini phone is ZTE. Just telling you incase you looking for compact flagship mini phone. Apple and Google too makes mini flagship but rumor from both side this year said they not doing sm...
vivo NEX S and NEX A hands-on review,"Flagship or wannabe, for me, camera quality will be the decider."
OnePlus 6 review,I bought mine in 2018. Changed the battery last year and 2025 still kicking around. Great machine with its 8gb of RAM and 256 of HD
OnePlus 6 review,"I've had this phone since launch and it still works incredibly well.  
I cannot find a new device that fits my criteria as well as this phone does, not in the price range at least. Nothings phone 2 is the closest i could find."
OnePlus 6 review,Late June 2024 and my rooted OnePlus 6 still performs better than newer devices... No reason to waste money by now
BlackBerry Key2 hands-on review,Just you
BlackBerry Key2 hands-on review,"Is it just me, or the dual cameras in the back look like two very tired eyes?"
BlackBerry Key2 hands-on review,"What about rumors key2 lite. 
I hope blackberry gonna release a blackberry classic or blackberry torch 9800 with oreo go or something!"
Moto Z3 Play hands-on review,I agree. This could be a better package than the Z3 even.
Moto Z3 Play hands-on review,Where's the full review? It's a shame GSMArena doesn't provide reviews for main phone models from major manufacturers - this is a big ommission IMO.
Moto Z3 Play hands-on review,"The 636 is more than adequate for anything you could ever do. If playing the most intensive games isn't good enough for you, and you need to have the highest benchmarks on a phone for it to be ""acceptable"" then you should probably get an IPhone"
Moto G6 review,"Came here because I couldn't remember how old this phone is. I think I bought it about a year after it came out. Mine's still kicking. No problems, good for my simple needs, light use."
Moto G6 review,"I inherited mine from my son. No issues at all in the past two years, fast enough for my needs, good screen resolution and sound quality. Screen size works well with my old eyes as my previous Xiaomi´s screen was too small for comfortable viewing. I ..."
Moto G6 review,"This phone is horrible, dont waste your money and buy a samsung. I brought it thinking the software would make up for the camera and being small but it does not, i have had problems with wi-fi since day 1 of getting it, and now whenever i play games,..."
Nokia 8 Sirocco review,And is the most compact smartphone with a large 16:9 display ngl
Nokia 8 Sirocco review,The Nokia 8 sirocco doesn't have 4k video recording in the front camera but the Nokia 8 has it
Nokia 8 Sirocco review,Pls hw can 5mp selfie in sirocco be compared with 13mp of nokia 8 selfie
Honor 10 review,"Bought Honor 10 in Oct 2018 and still using it. Today is 12th May 2025. 7 years and still running without any issues. Even battery life is good. Processing speed is better that mid range performance phones of 2025. 
No service cost or repair cost or..."
Honor 10 review,Restore honor
Honor 10 review,"I have got Huawei Honor 10i in 2018 and I have been using it. It's fantastic with high performance, high resolution display, high resolution  still pictures and video recording having most of the capabilities (dicovered new techniques every new ..."
"Nokia 5.1, 3.1 and 2.1 hands-on review","Since the last update to android 10 he phone is useless. It simply can't handle this update and so is sluggish, freezes and is pretty much unresponsive."
"Nokia 5.1, 3.1 and 2.1 hands-on review",I have this Nokia 2.1 and 1 have problems with the SD card the phone keep on rejecting the card l don't know why
"Nokia 5.1, 3.1 and 2.1 hands-on review",This is the best mobile forever
Oppo Realme 1 review,"Excellent performance, Still I'm using it. 
I purchased on 3rd Jun 2018. 
One of the Best mobile. 
 
Really impressed with performance.   
Many thanks OPPO - Realme"
Oppo Realme 1 review,Me too using same till now Apr 25
Oppo Realme 1 review,Brought on 2018 exclusive sale ..one of the best mobile still using it posting this comment on same phone ..2024 Dec 25😍😍😍
Huawei P20 Lite review,which one are you using
Huawei P20 Lite review,Very old in 2025 but still Supporting All Apps. The battery is so small timing is not good.
Huawei P20 Lite review,"I still have this P20 light.  
Now I use it like second Phone, next to My Newest Pura70.  
It has had front and rear Protection since day one and it has served me well."
Sony Xperia XZ2 long-term review,"Used RIGHT HAND FINGER on finger print sensor, was so easy to do."
Sony Xperia XZ2 long-term review,"I'm not a phone fanboy but I paid for the then flagship Xperia xz2 about 5 years ago. the contract has long ran out & it's still going absolutely fine (I'm typing on it now). 
phone memory nearly filled as is the memory card &..."
Sony Xperia XZ2 long-term review,"I got my K800i in October 2006, 3.2mp, Xenon flash...Still an epic tiny phone camera."
HTC U12+ hands-on review,bluetooth connections my friend
HTC U12+ hands-on review,"If no 3.5 jack, it's then impossible to listen to music with headphones? Have to use loudspeaker only??"
HTC U12+ hands-on review,"If no 3.5 jack, it's then impossible to listen to music with headphones? Have to use loudspeaker only??"
Motorola Moto G6 Play review,"Had a Moto G6 play.It's signal quality was excellent. 
Bought a Samsung A 40 and unless I take residence close to the local mast It's almost useless.Would have bought another Moto but I don't fancy a 6.5 inch phone."
Motorola Moto G6 Play review,what is the compatible battery for moto g6play
Motorola Moto G6 Play review,"It's a great phone. Not the best but I still love the phone. I also love the price of the phone fells like I'm paying just inof or less. 
BTW I live in Macidonia so the prices are different for me."
OnePlus 6 hands-on,battery is low config..
OnePlus 6 hands-on,"Less than 4000MAH Battery, no one would be interested. All spec are good except the battery!!!"
OnePlus 6 hands-on,very good
Huawei Honor 10 hands-on review,is it normal for the honor 10 to produce heat although for just using apps for example instagram.. i mean the heat produced is quite hot too
Huawei Honor 10 hands-on review,"Well would you rather get a phone that gets intentional alowing updates, to me updates mostly give me nothing new or useful at all. Have done finw wirh my honor 6 until now glass broke"
Huawei Honor 10 hands-on review,"Dude, you kidding me? That Glacier Grey looks gorgeous!"
Motorola Moto G6 Plus review,Made the mistake of purchasing the Moto G6 it is a piece of junk that has added a lot of apps supposedly for Motorola that cannot be disabled nor uninstalled. then they told me that they would take the phone back and repair it yet now again they'...
Motorola Moto G6 Plus review,"This phone is a literal piece of crud!  Avoid at all costs.   Never again will I ever touch a Motorola phone.  Between the incompatibilities, battery demolishment and just plain terrible interfacing issues. This thing is a piece of junk.  I have hate..."
Motorola Moto G6 Plus review,auto screen rotate is the most infuriating unresponsive non-sense motorola can never figure out
Android P public beta first-look review,"Good question. 
A few suggestions show a few options: 
1. a second cycle of A-Z and over and over again. 
2, It'll begin a computational AA, AB, AC. ETC. 
3. It'll stop using letters altogether. relying on numbers only."
Android P public beta first-look review,wich android will come after android Z ?????????????
Android P public beta first-look review,BB10 OS had all these gestures in 2014 already.
Asus Zenfone Max Pro M1 hands-on review,"Are you sure theres ads from android stock? 
 
I have it for over 5 years and if theres ad, it come from applications, not the phone itself"
Asus Zenfone Max Pro M1 hands-on review,Asus xtootd is very bad mobile because it's ads and laging phone very bad service of asus xtootd and network problem
Asus Zenfone Max Pro M1 hands-on review,Used it for 4 complete years before switching to a 5G phone. Still working fine as a backup phone. Its been 5.5 years now. Planning to import Zenfone 10.
Oppo F7 review,The phone not friendly with WhatsApp App it's reading you're using unofficial account try to login on official WhatsApp
Oppo F7 review,Why does is log out from Whatsapp
Oppo F7 review,"i'm use this moblie 10 year complets, i loved this moblie"
Xiaomi Mi Mix 2S review,How can I get a LCD of this phone
Xiaomi Mi Mix 2S review,"Just used this phone for a while , the screen is just and bad as my cheap Redmi phone. Avoid any Xiaomi with an LCD screen !"
Xiaomi Mi Mix 2S review,"I got a lot feedback in telegram group before buy this phone in 2019. (you should too if you want to know more, most of the user give honest review). Firstly it was so much cheaper flagship now. Price same/cheaper than poco,mi9t without any critical ..."
LG G7 ThinQ hands-on review,This hands-on review was published on 2 May. It's almost 2 months and there is no sign of the full review to show up. Do gsmarena team really forget about this phone? Even Xiaomi Mi 8 has already been reviewed by them.
LG G7 ThinQ hands-on review,"It's disappointing more reviews aren't highlighting the high end audio gear of the G7, wireless solutions have their own compromises and aren't for everyone"
LG G7 ThinQ hands-on review,"You're right. I agree with you. 
 
In term of signal reception, I'm happy to tell you that it's better than LG G6. It now has better reception and much less signal lost, and also better at keeping on 4G network. 
 
For battery use, yes, it's not ..."
LG V30S ThinQ long-term review,I agree. Same situation as I had with the phone. Very nice.
LG V30S ThinQ long-term review,"Created an account just to rate this phone. Bought it like... 1-2 years ago. Such a great phone! I've had a Unicorn Beetle case for it, dropped it a few times, but it has remained in super condition. Great battery still, everything working as sm..."
LG V30S ThinQ long-term review,It is like some pple are paid jst to talk negative abt lg
Huawei P20 Pro vs. Samsung Galaxy S9+,Samsung for me
Huawei P20 Pro vs. Samsung Galaxy S9+,"What is the connection between the camera and the display, exactly?"
Huawei P20 Pro vs. Samsung Galaxy S9+,"definitely s9+  
Dont be fooled by the camera MegaPixels , have a look in display resolution with is JUST (407 PPI)  
While s9+ comes with (530 PPI) +dual appeture camera sensor  
My opinion would be 100% for s9+"
Nokia 6 (2018) review,"Using the 4 gb version from June 18. Broke the front glass once and got it repaired from a local vendor. Phone has stopped updating at Android 10 and performance has slowed down over the time. However, still manages to work through modern day apps be..."
Nokia 6 (2018) review,Super
Nokia 6 (2018) review,One bit of a Tank. Jeez. I couldnot beleive I using it for More than 4 years now without drop in performance. Mine is light to moderate usage.
"Meizu 15, 15 Plus, and 15 Lite hands-on review",Where is full review?
"Meizu 15, 15 Plus, and 15 Lite hands-on review",used to be fan... but Nougat in summer 2018? Seriously???
"Meizu 15, 15 Plus, and 15 Lite hands-on review","Did you end up getting any updates at all? I am also interested in getting the 15 standard version, since it is such a nice small form factor with a very decent hardware. 
Thanks!"
Nokia 7 plus review,"Same. I got its charging port changed twice, but then stopped using it by 2023. Absolutely no issues faced other than that."
Nokia 7 plus review,"As others noted, great phone however the charging port gave out after a few months."
Nokia 7 plus review,"The features I love the most in this phone are the simultaneous use front and rear camera, either for stills or video, though it's more useful in videos where you would want to narrate something and can either appear half screen or as a pic in p..."
"Moto G6, G6 Plus, and G6 Play hands-on review",Recently purchased the Moto G6 play 5/19/2018  and love the specs and the device!!!! Major glitch alert the phone continues to shut down by itself in the middle of phone calls! I've researched for solutions but have yet to find any... Good luck
"Moto G6, G6 Plus, and G6 Play hands-on review","Comparing Moto to Vivo ! 
 
Bro I have a friend who Moto exchanged his phone 3 times in 2 years to satisfy him and he is a freaking bad user. 
 
Moto support rocks"
"Moto G6, G6 Plus, and G6 Play hands-on review","In India Moto g6 plus Price is 25000 
But Vivo V9 Price is 23000. 
Vivo V9 is almost same configuration with better Camera."
Moto E5 Plus and E5 hands-on review,Good cellphone
Moto E5 Plus and E5 hands-on review,"I have one of these phones 
I love that phone 
It was the goodest phone i ever had"
Moto E5 Plus and E5 hands-on review,E5 locked in Safe Mode. How can I get out of Safe Mode?
Huawei P20 review,"Had the Huawei p20 since 2020, and had an issue. First, when I was coming home from vacation, it started to restart by itself multiple times. I got it checked by a friend who knows his things about phones, but he's not a professional since we�..."
Huawei P20 review,"### Review of the Huawei P20 
 
I have been using the **Huawei P20** for over six years, and I can confidently say that the phone has proven itself to be a powerful and reliable device without any issues during this time. 
 
### Design: 
The pho..."
Huawei P20 review,"Had this phone for 3 years now, all of a sudden, on YouTube when you try type a comment the keypad freezes, which is ridiculous. Tried soft resetting it. Doesn't solve the problem..wouldn't recommend this shit phone"
Oppo R15 Pro review,Have owned this phone for five and a half years and it has operated flawlessly. I am finally replacing it as the battery life has reached a point where it doesn't last long and I am wanting a camera upgrade. Has been a sold performer and at the ...
Oppo R15 Pro review,I'm using this mobile since 1 year still it's working great without any problem
Oppo R15 Pro review,This use until now..almost 1 year..good for gaming..love it
Huawei P20 Pro review,"""It would be entirely wrong, however, to judge the 40MP images, as they weren't meant to be used that way. For a more technical perspective you can check out our article on the topic, but let's just say that the entire point of the 40M..."
Huawei P20 Pro review,"No, it doesn't."
Huawei P20 Pro review,"Seems a bit pointless arguing over a 5 year old phone. 
In any case, the OIS is disabled because the massive issues involved in combining images from 4 lenses was not feasible."
Lumia 1020 vs. Huawei P20 Pro,"You can notice it the most on the sign.  Put the slider such that it bisects one of the letters. 
 
We have all seen these flat white plastic backlit signs.  They only make them one color and one way - and it's appliance flat white.  The 20mp camer..."
Lumia 1020 vs. Huawei P20 Pro,"Same with me. There's too much software processing going on, and I hated it!"
Lumia 1020 vs. Huawei P20 Pro,"Software AI could never beat real physics. P20 may look more attractive due to its color processing, but if you understand the nature of photography, the Lumia 1020 would be the clear winner.  
 
Also, the Lumia 1020 equipped with Xenon flash. So b..."
Oppo F5 long-term review,My Oppo f5 6gb is not working well since today I am not able to connect WiFi and even Bluetooth is not working there where not showing the device name plz help me
Oppo F5 long-term review,"Everyone is mumbling this Xiaomi phone. Yes it's got good specs and cheaper pricing but how come it doesn't have official stores in the Ph?  If you buy it then where would bring it for repair? Unless of course it's totally unbreakable. Oppo, on the o..."
Oppo F5 long-term review,Hahaha. Crazy. Oppo f5 is a great phone.
Huawei P20 Pro: a photo walk around Paris,yeah i understand what you're saying and its the reason why i wouldn't buy any phone from there. With that said huawei was picked as an obvious choice because its the biggest partly for the reason you mentioned but also because it would be the number...
Huawei P20 Pro: a photo walk around Paris,"Well mate,it`s all well,but I was reffering to a""Communication act"",maybe you`ve read about it,I guess you have...all chinese smartphone makers have ties with communist `party,surely,but why they chose Huawei as the enemy that`s a mistery...or isn`t?..."
Huawei P20 Pro: a photo walk around Paris,"Actually my daily driver is Lumia 950 XL, so i think i have pretty good idea abput nowadays lenses/processing. Although, mentioned camera is still from Nokia school, no exessive oversharpening."
Galaxy S9 vs. Xperia XZ2 shootout,Samsung s9 Plus
Galaxy S9 vs. Xperia XZ2 shootout,"Nevertheless, Galaxy S9 is the best in all because its shots reflect mostly reality to the object colour and atmosphere. And, that's kind of reasons it's in contrast to the latest S23 itself.  
 
You can also compare their photos to confi..."
Galaxy S9 vs. Xperia XZ2 shootout,Is Xperia a   good phone??
Oppo R15 and R15 Pro hands-on review,my oppo r15 pro screen is kinda faulty. I want to replace for a new one. Is it possile to use Oppo r15 lcd instead of r15 pro lcd?
Oppo R15 and R15 Pro hands-on review,"Notch design isn't great. Notch is a trends and it block the notification bar. If they making the 6 inch screen for a proper display without notch, it would be better."
Oppo R15 and R15 Pro hands-on review,Micro USB. Great.
"Huawei P20, P20 Pro and Mate RS hands-on review","We just bought the porche design phone and great phone, one of the best we had BUT it uses 1 g b data in four days. We done the normal auto updates, etc we had in at the shop and they also tried but still the same. Anyone with some advice please"
"Huawei P20, P20 Pro and Mate RS hands-on review","Not really fond of the notch, but the status icons sit in that artificial bezel, so you get a little bit of extra space."
"Huawei P20, P20 Pro and Mate RS hands-on review",Price :30000
Xiaomi Mi Mix 2s hands-on review,It turns out OLED has PWM problem and causes eye strain. Almost all OLED phones are affected. You can search for it.
Xiaomi Mi Mix 2s hands-on review,"I get the annoyance at lack of AMOLED (as someone who has strictly used AMOLED phones since 2009), but objectively you have to look at what you are getting for the price. 
 
I've bagged one for £440, yet everything available with a high-end c..."
Xiaomi Mi Mix 2s hands-on review,The original Mi MIX is larger.  Physically.  Pointing out that it's larger it silly because it IS measurably larger.
iPhone X vs. Galaxy S9+ shootout,I have a galaxy 9plus good phone no issues just ran out  memory64gb..family want to get a iPhone  looking to try something new any suggestions 10plus or iPhone 15 plus
iPhone X vs. Galaxy S9+ shootout,The iPhone X and the Galaxy S9+ each have a pair of 12MP cameras on their backs. But they are
iPhone X vs. Galaxy S9+ shootout,S9+ is the best
Huawei Mate 10 Lite long-term review,"I am using this phone since Dec 2017 til now 2022. Believe me or not, this device has zero lagging even on battery saver mode, i use it really heavy for social media and Whatsapp from day 1. The battery life is same hell as new. I rarely noticed if i..."
Huawei Mate 10 Lite long-term review,👍🏽
Huawei Mate 10 Lite long-term review,"Can you please tell me why mate 10 lite has stopped as 8.0? Sometime ago it was announced in a Huawei forum that it will get 10 without a 9 update but its all silent again. Lately, it is announced that Mate 10 and Mate 10 Pro will receive 10 within A..."
Sony Xperia XZ2 Compact review,Die hard fan of Sony here. Loved all my previous Compacts... but this one has been very disappointing. Aluminium black finish was easily scratched and colour faded to a brighter blue. My previous X compact had a much durable design and durable materi...
Sony Xperia XZ2 Compact review,Bought it slightly used in very good condition last year and I like everything said true about it but excellent battery life and cheap price not true
Sony Xperia XZ2 Compact review,"To this day, I'm still baffled by this phone's battery endurance rating. It has no right to achieve the exact score as the bigger 5.7"" XZ2 that sports a bigger battery capacity. If not for the extra 1.0 mm body thickness, this phone wo..."
Samsung Galaxy S9+ review,Still miles better than the ubl-locked snapdragon version
Samsung Galaxy S9+ review,"Check if you're phone is an exynos version, its normal for an exynos phone to overheat"
Samsung Galaxy S9+ review,"I have the s9+ exynos version, it is pretty fast, and also, i love that it has an heartrate sensor"
Sony Xperia XZ2 review,Can i find the original battery to the sony xperia sov37 xz2?
Sony Xperia XZ2 review,"Gonna buy this phone after I got money from selling my redmi 12c,even I downgrade the gb space but I get a best performance to play cod maybe"
Sony Xperia XZ2 review,Using it since first release and everything is still perfectly fine in 2024 the performance are not bad but it has only 4 gb ram and 64gb storage but sd card is the solution.The camera are not bad
Samsung Galaxy S9 review,"Australian here so my spelling may not align with Americans. 
Still using this device in 2025. 
The Samsung S9+ is truly one of the last good phones they made. 
3.5 mm headphone socket, SD card slot which is great if you damage your phone like I d..."
Samsung Galaxy S9 review,"The Samsung galaxy s9 is a great phone for its age, I love the design and also the camera features, the iris scanner, fingerprint and face identification. It’s a good phone for its age, the best phone for a second!!! But I will not use it for a main ..."
Samsung Galaxy S9 review,"After about 3 yrs service, the S9 just switches off after about 1 minute of use. 
Then have to re start the whole process of switching it on."
LG V30 vs LG V30S ThinQ camera comparison,"Never had any issues with any LG phone 
Had a G4, a Stylo, 2 V20 phones, and V30 
V30 is the Best Android out currently!"
LG V30 vs LG V30S ThinQ camera comparison,"Got the thinQ update on my V30 
See no improvement at all?"
LG V30 vs LG V30S ThinQ camera comparison,"Cameras don't beat the S7 Edge and Note 7/FE's camera. 
S7 Edge. RethinQ what a phone can do. 
Note 7/FE. The smartphone that thinQs big."
"Asus Zenfone 5, 5z, 5 Lite hands-on review","I love the spec ASUS_X00QD,best quality engineering. 
Great support and fast"
"Asus Zenfone 5, 5z, 5 Lite hands-on review","very mediocre phone with very bad camera and sound, but good battery. looks like a pro, very nice manufacter but evrything else is poor. i'm very dissapointed. i buy a samsung s 51 and the diffrence si gorgeous."
"Asus Zenfone 5, 5z, 5 Lite hands-on review",it is what it is
Sony Xperia XZ2 and XZ2 Compact hands-on review,"Want do you to see from apple copypaste phone? Quick charge 2, where xiaomi and friends at least 3? Thas why galaxy fan boy come here try copy sony IP certificate"
Sony Xperia XZ2 and XZ2 Compact hands-on review,And there you go deflecting again as usual
Sony Xperia XZ2 and XZ2 Compact hands-on review,"Try to turn the OLED display always on until next day morning then you can know the quality, do at your own risk or maybe do not try this at home."
Samsung Galaxy S9 and S9+ hands-on review,"Waiting for S 9 mini around 135-140mmx65-69mm x7mm 140-150  gm compact . The current galaxies are too big for comfortable handling. 
Even A 8 2018 edition does not fit the bill. Hope Samsung i Or for that manner any one else is listening?"
Samsung Galaxy S9 and S9+ hands-on review,But won't that have mostly the same design and the same processor and the same display? It would have just a better camera and the S pen right?
Samsung Galaxy S9 and S9+ hands-on review,"Irish scan face scan finger scan pulse oximeter heart rate minitor bp check. What's Next ECG, X-ray,  microscope, portable oxygen concentrator, ultrasound and defibrillator?... Wow that's cool"
"Nokia  8 Sirocco, 7 Plus, and 8110 4G hands-on review",It's it confirmed that we can sync Google contacts between Android phones and Nokia 8810 phone.
"Nokia  8 Sirocco, 7 Plus, and 8110 4G hands-on review",Very nice model
"Nokia  8 Sirocco, 7 Plus, and 8110 4G hands-on review",Is there a matte finish on the back of the 6 2018?
Alcatel at MWC 2018,They need to bring all the Alcatel phone back I had bought my first one in 2018 I really enjoyed it I cracked the front of my phone about 5 months ago and it was hard to replace because they weren't making these phones anymore and I really enjoy...
Alcatel at MWC 2018,I need battary for alcatel 3 v
Alcatel at MWC 2018,Alcatel tables
Samsung Galaxy Note8 long-term review,The phone is very good
Samsung Galaxy Note8 long-term review,"Jan 25, had Note 8 for nearly 8 years - battery beginning to only last 12hrs or so - been fantastic phone but time for upgrade. Hope new one lasts as long and performs as well."
Samsung Galaxy Note8 long-term review,Do you recommend getting the note 8 as a second phone now?
Xiaomi Redmi Note 5 Pro hands-on review,"This phone is actually very good, but only in 2018 - 2023, after 2024, this phone experiences several things such as bugs, decreased performance, and increased temperature. 
If you buy this phone in 2025 and beyond, I suggest you don't, just bu..."
Xiaomi Redmi Note 5 Pro hands-on review,"I've been using this phone since June 2019 and it's been a wild ride. It was a great choice and continues to serve despite being 5 years old. Volume up and power button died about 3 years ago, and the camera quality decreased. But consideri..."
Xiaomi Redmi Note 5 Pro hands-on review,It is one of the best mobile. I said it because  i am using this model from 26th Jan 2019 to today. Quality manufacturing and functioning of all the aspects are superb. It's my honest review.
Huawei P Smart review,My phone casing is bad how much for new Huawei p smart case
Huawei P Smart review,"I need help guys, I can press this phone it's giving me problems it switches of n on.... What to do guys and I've been updating it's software but still"
Huawei P Smart review,Does this version of the P Smart phone feature wireless battery charging? Thank you.
Apple iPhone 8 Plus long-term review,I’m not sure if it’s worse for the long-term battery health or not but I want the fastest possible charging so I just bought the Apple 20W USB‑C Power Adapter and the 6ft/1.8m Anker 641 cable. New batteries aren’t too expensive.
Apple iPhone 8 Plus long-term review,"I charge my 8 Plus at 2.4A/12W now because 1A/5W is just too slow. It might not even be less healthy for the battery to fast charge it. 
 
I still try to stop charging before it reaches 90% as I believe that helps (there was a study done on this). ..."
Apple iPhone 8 Plus long-term review,I believe the Battery Health “Maximum Capacity” on my iPhone 8 Plus goes down slower because most of the time I charge it at a standard 1 amp rather than fast charging it at higher amps and the other thing I do is I stop charging it by 89% when I can...
Sony Xperia L2 review,"nothing wrong with the phone, well done Sony.."
Sony Xperia L2 review,FFS...   This is a $200 SONY Xperia Budget smart phone that delivers great user experience and gives decent functionality. Stop hating it or comparing it to high-end more expensive phones. Simply appreciate what it represents(decent smart phone for t...
Sony Xperia L2 review,when will this model can be root / unlocked the bootloader. this model still not in the list for unlocking in the sony unlock website although that there is other 2018 model that can be unlocked.
The best phone cameras for selfie videos,what is your opinion on asus zenphone 5
The best phone cameras for selfie videos,Strange....in my Xperia M5 i have 13mpix with AUTOFOCUS... It does very good ff :-)
The best phone cameras for selfie videos,I am surprised that Nokia 8 made the list. Is the selfie camera that good?
Sony Xperia XA2 Ultra review,I love it
Sony Xperia XA2 Ultra review,"Good phone I used this for 3 year i appriciate it, good job for this company and screen also good when i do replacement not fake............."
Sony Xperia XA2 Ultra review,"Have had this phone for about 2 years now. Battery life is still good except when I leave a game playing on, have been using it for 8 hour Zoom or Skype calls and it can survive on one charge. Photos are not as good when you zoom in though and when t..."
Xiaomi Redmi Note 5A (Y1) review,Good
Xiaomi Redmi Note 5A (Y1) review,Good p
Xiaomi Redmi Note 5A (Y1) review,It's not making sense
Nokia 8 long-term review,It's been 4 years and still phone is super fast...It has been fallen. From hand n number of times still no issues ... So much satisfied .... Wish nokia to continue with their same series phones
Nokia 8 long-term review,"Bought this phone in amazon for less than 300€ in amazon in summer 2018, still using it and very happy with it, after 4 years usage my only problem so far its that recently the usb charging port has some issues and i need to plugit several times befo..."
Nokia 8 long-term review,Shake your phone it will we ok but Shake tightly
Honor View 10 review,on gaming Kirin 970 is superior than SD 845. i faced much heating & lag issues in SD845 (Oneplus 6T)
Honor View 10 review,Honor view after use for long time will format automatic not good for me
Honor View 10 review,No the kirin is much more powerful than the sdm835
Xiaomi Redmi 5 review,"Sometimes the memory is full, even though I have few photos, and only two applications from the Play Store, but why is my memory still full, even though I have diligently cleaned it."
Xiaomi Redmi 5 review,After 5-6 years using this phone..it has touch problem (maybe because my lcd crack) weak network...the screen stuck when u trying to clear background apps..i like this phone size but not recommend for gaming its laggy if u play big games..it actually...
Xiaomi Redmi 5 review,"Agreed. That's the only problem that I face.Otherwise, an amazing phone"
Sony Xperia XA2 review,"Although this phone is discontinued, it's still a very usable phone. It can still run most modern apps, has a pretty good processor, it has 4g networks, so you can still use it in 2026 easily."
Sony Xperia XA2 review,"The battery isn't quite good though, my dad had one and it expanded after one year."
Sony Xperia XA2 review,"Hi, 
Like my phone on all points! 
Camera fast and ok for all situations! 
Best of all small size on phone, slide easy in on all pockets!"
Xiaomi Redmi 5 Plus review,My mi note 5 has problem with WhatsApp and Facebook
Xiaomi Redmi 5 Plus review,Yes
Xiaomi Redmi 5 Plus review,Hello  I have bless with redmi not 5 the problem is that not doing whatspp and other applications like tonkeepe and what spp thank you
Moto G5S Plus review,i couldnt make calls from my set. after giving for service they said sim tray is damaged.cant replace sim tray with a new one.only to creplace the mother board which is nearly costing a new one. I would like to get an answer from the service centre.
Moto G5S Plus review,Know time comes to purchase new mobile handset go for with brand ?
Moto G5S Plus review,"Motorola g5s plus good hand set I find two problems, few minutes in online heat in both side mobile handset and from my contact list call goes it self due to this i have to delete some numbers from contact list, 
                     From time of pu..."
Apple iPhone X long-term review,sure
Apple iPhone X long-term review,Reduce the volume
Apple iPhone X long-term review,"Ipx in my area only got one major problem, which is the face id. 
Most of my friends whose using ipx including me face the same problem which is our face id is faulty right after the warranty expired. 
Lol, i sent mine to switch service center but ..."
BlackBerry Motion review,You are wrong
BlackBerry Motion review,Where can we buy BlackBerry phones in Namibia?
BlackBerry Motion review,ElAborate
Huawei Honor 7X review,Where can i buy the screem because my own has been bad for two months now
Huawei Honor 7X review,"Dear All…. 
Please help a soul. 
I am unable to use WhatsApp on my Huawei Honor X7 phone. 
The WhatsApp gets blocked that it becomes difficult for me to access."
Huawei Honor 7X review,Adorable
Samsung Galaxy A8 (2018) review,My phone is not using the mobile network it's just says not registered on the  network please help me to update my phone to work again l can't phone to any one please help me please help me my phone is Galaxy A8
Samsung Galaxy A8 (2018) review,"Having it for almost 6 years now, since November 1st 2018, I am still using it writing this message. Just bought it back then for the dual sim and the IP68 certification mainly. Didn't cost me much as it was bought with bundle contract and i was..."
Samsung Galaxy A8 (2018) review,"At this point, you should consider yourself lucky that it didn't blow up on you while loading a webpage"
"Xperia XA2, XA2 Ultra, L2 hands-on review",Xperia l2 is best or xa2
"Xperia XA2, XA2 Ultra, L2 hands-on review","People have expectations and would like to see products that compete but sony failed to deliver in latest time so people  bash them as their models look alike and gave them problems subpar cameras, heat issues, lack of updates, thus people are intere..."
"Xperia XA2, XA2 Ultra, L2 hands-on review","It could be useful if they used stacking. Also 1s is poor for shoting, imagine how great shot would be with at least 4 if not 10 seconds. Its as opposed to pro shooting - long exposures in stead of high iso. I also use iso even more than shutter spee..."
Nokia 2 review,I hate this phone. It can't even load Viber or IG. It loads after an hour and sometimes it doesn't even load. It's so slow and it heats up very quickly. I'm gonna smash this phone with a hammer when I get a new one.
Nokia 2 review,I bought it for battery life. I know I gb RAM and 8 gb ROM are not enough for video stores. But I am very much frustrated. Battery runs out too quickly and soon it became swollen. So I visited authorised service centre and got a new one. But the same...
Nokia 2 review,I am purchase in Poorvika mobileTuticorin very very worst product  nokia2. 3month properly use after fully complained  battery no charging mobile hang etc...
Google Pixel 2 XL long-term review,How strong is the battery for Google Pixel 2XL
Google Pixel 2 XL long-term review,Long Time Revision.........is The Star.
Google Pixel 2 XL long-term review,I think it's battery because the cold shutdown me phone at first at 20% like you and now it's closer to 50% and the battery is internal so can't be changed
GSMArena smartphone buyer's guide,"having spent some more time with the device, i can't say that the camera is great and i don't any reason why dxomark gave it a better grade thana huawei mate 9,cause it is waay behind!! it overexposes a lot, photos lack contrast, no eay near those ta..."
GSMArena smartphone buyer's guide,"IKR. Mi Note 3 is possibly the most balanced phone of the year. Amazing camera like the HTC U11, good performance similar to OnePlus 3T, fast fingerprint scanner, good sound quality, etc."
GSMArena smartphone buyer's guide,"A perfect phone in my opinion should have: 
A metal body and water resistance like the iPhone 7 
Google Pixel 2's camera and LG V30's wide angle lens. 
Fingerprint scanner position like G6 and accuracy like the Mi 6 
Front Firing speakers and 18:..."
LG Q6 review,"It's a great cp ,easy to handle for seniors nice to have one. i think I will enjoy using LG Q6👍"
LG Q6 review,which country did you seacrched the battery to buy
LG Q6 review,"If Company give Lg Q6+ no Any LG UI , Android Version Update in 2021?"
"Best phones, worst phones 2017","OnePlus over Xiaomi, amoled display, still have headphone jack, better camera and close to stock Android.(compared to Xiaomi Mi 6/Mix 2)"
"Best phones, worst phones 2017","Says the kid that loves his E7 while lowkey has Samsung Note 4 and Note 8 but loves the old  symbean and older phones but would trash others that like older models. 
Thumbs up for you logic."
"Best phones, worst phones 2017","I have a galaxy j7 Samsung it is a good phones for a normal routine use . But It does nt have basic features like screen mirroring , cast screen,nfc,gyroscopic sensor and face recognition lock.  But in technical use point of view it is a worse phone ..."
vivo V7 review,me too..i bought 2017. still am using.
vivo V7 review,"Bought this back in early 2019 and up until now I'm still using this phone, although there is a minor screen crack, it's still functioning properly."
vivo V7 review,Been using this for how many years now and it's still working at it's finest..Camera and all...No issues encountered so far...
Sharp Aquos S2 hands-on review,2021 version of this wd still compak size.. pleassss
Sharp Aquos S2 hands-on review,IGZO screen or not?  It's impossible to find out.
Sharp Aquos S2 hands-on review,But what of dongles? They are the ultimate accessory !  ^_^ .  -Add satire.
Apple TV 4K review,Nvidia Shield TV PRO 2019 version.
Apple TV 4K review,"I had a collection of movies which are 10GB to 30GB files. 
can I access them on the Apple tv box  cause  Im thinking to switch my TV interface from android to IOS"
Apple TV 4K review,When ever i want to buy streaming box i prefer Apple Company and mostly Apple TV 4k.
Samsung Galaxy A8 (2018) hands-on review,Got this phone with a Samsung Neon Flip Case but I'm not getting any notification lights when I receive text messages or whatsapp message. Any suggestions on how to fix this?
Samsung Galaxy A8 (2018) hands-on review,why Samsung a8 (2018) mobile isn't come in india in a8+ are not success because a higher price why Samsung your are provide market your share in other company plz provide good phone in 15000 under and provide good spec like 5.5 in infinity display 18...
Samsung Galaxy A8 (2018) hands-on review,Please post a full review of A8 (2018).
Huawei Mate 10 Lite review,Camera is very ordinary
Huawei Mate 10 Lite review,Smooth phone accrualy... It been like almost 3 years am using it 👍🏽👍🏽👍🏽👍🏽🙂
Huawei Mate 10 Lite review,Please where can I buy the screen of Huawei mate 10 lite
Oppo R11s review,"Hi guys.. I am satisfied user of oppor11 since 2017 up until now. Now I am planning to buy new oppo phone with the same or higher quality camera than oppo r11s.  
 
I have tried searching oppo phone better than r11s in  the store. Though it tells 6..."
Oppo R11s review,"Side left lower button, side right button simultaniously"
Oppo R11s review,Just swipe diagonally using three fingers all at the same time.
Archos Diamond Omega review,"Not much french left of them, it's 99% China now."
Archos Diamond Omega review,Zte z17s has quickcharge 4.0 and archos has only 3.0V
Archos Diamond Omega review,And the Honor V10 will come also around 500€...A much better deal as I see...
Samsung Gear Sport review,"Totally agree, the Gear Fit 1 was a great watch. I rubbed the worn ""metallic"" bezel and it looked stunning ; does all I need, never missing a call, showing who's calling, texts with quick answer, emails, media control, counting steps, good sleep trac..."
Samsung Gear Sport review,The Garmin 935 is much more expensive. I do understand the logic however of not wanting to charge a smart watch every second or third day. Especially when it is also used to track sleep.
Samsung Gear Sport review,No point in getting a smart watch when it can't even last a week. The features are already there. The battery life is just meh.
Huawei Honor View 10 hands-on review,Pls Pls Pls Tell me how is Loud Speaker Volume of V10 🎵
Huawei Honor View 10 hands-on review,"Its available now, launched 8th Jan. 2018"
Huawei Honor View 10 hands-on review,Has it auto call recording facility ?
HTC U11 Life review,"What is the ""Auto forward"" app used for ?"
HTC U11 Life review,"As for the selfie camera, the sensor is actually 4 MPix (AnTuTu says it's 4mpix, HD Kamera app does a 4mpix picture with it), so the native HTC app does some fancy super-res upscaling from several shots taken in the buffer, effectively quadrupling th..."
HTC U11 Life review,Anyone know what the rear camera sensor is on the U11 Life? There just doesn't seem to be any info on it. HTC's HDR Boost algorithms are extremely impressive if it's a tiny 1.0 micron pixel sensor like the IMX351 used on the U Play (that's my guess) ...
Motorola Moto X4 review,"Had this phone for 3 years, no bad thing I can say"
Motorola Moto X4 review,Karachi Sind Pakistan
Motorola Moto X4 review,Best phone ever created
HTC U11+ review,"Best phone I've ever had.  
 
I've had HTC ONE M7, M9, iphone 7, iPhone6"
HTC U11+ review,"long story short. Had alot of phones(one plus 7, pixel 3, etc. in the last year) ended up using a U11+ (dirt cheap 150 dollars). Disapointed at first - screen a little meh but quite nice natural colours 8/10, nice camera 8/10, ergonomycs 6/10...but t..."
HTC U11+ review,Is the problem of brightness have solutions in updates?
vivo V7+ review,For me the phone is good but I was fooled when I went to buy it they told me it was 8 GB Ram and 256 GB ROM but after two days the phone settingd tested and I started seeing 4 GB Ram and 64 GB ROM. I saw 3225 mah but mt own is 3900 mah
vivo V7+ review,THE PHONE IS REALLY AWESOME I HAVE IT NOW 1 YEAR no problems nothing really fast and nice phone VIVO! nice thank you for your awesome work!
vivo V7+ review,"Pathetic phone, Absolute waste. Priced high over more speced phone. 
All the money has gone to marketing instead of making a good phone. 
No dual band wifi and No fast charging. These things are supported by SOC 450 snap. 
6 inch hd resolution is ..."
Oppo F5 review,My phone doesn't support any whatsapp though it is messenger it cannot and so please am kindly requesting you if you can fix that problem for me cause am really missing a lot. Thanks.
Oppo F5 review,My phone  doesn't support  any whatsapp though it is messenger it cannot  and so please am kindly requesting you if you can fix that problem for me cause am really missing a lot. Thanks
Oppo F5 review,"Worst smartphone I've ever used. its features are very few compared to other smartphones. There is no restart button, no shortcut features, and much more. And the hardware also often has problems, such as a ghost touchscreen, the power and volum..."
OnePlus 5T review,yeah
OnePlus 5T review,"Since December 2017 I used 5t, countinue amazing 😍... Best ever.."
OnePlus 5T review,"I bought oneplus 5T in Feb 2018, still is working fine with no issues. Great phone. I read thru the review; none if the negative points hv impacted me."
Samsung Galaxy S8 Active review,"Not working camera,front & main camera,,i chek this but camera done,,,but not working"
Samsung Galaxy S8 Active review,I just found out about this new phone line up. Might get one as my new phone. Thank for the info.
Samsung Galaxy S8 Active review,Does it support Indian network operators?
OnePlus 5T hands-on review,"Too bad the camera still blurs faces... What about macro and closeups? 
I returned my OP5 because of these issues on the camera and was excited to hear the OP5T would have a new lens.. but looking at the samples i don't see much improvement."
OnePlus 5T hands-on review,Which phone is next to OP5 at 1:45 ?
OnePlus 5T hands-on review,I never got more than 3 & half hours of SOT out of OP5 even though it wasn't used heavily.
Samsung Galaxy J7 Pro review,Very nice and long lasting Phone
Samsung Galaxy J7 Pro review,No
Samsung Galaxy J7 Pro review,"No. It's a ""midrange"" device released in 2017. 5G started rolling out in 2020. 5G came to ""midrange"" devices in 2022 only."
Razer Phone review,"I've had this phone for a year and I haven't had a single problem with it.  
 
IMO the main reasons to buy this phone (at the time) were the sound quality, GUI responsiveness, stock Android, and the fact it looks different from other phones. These ..."
Razer Phone review,"4 months after purchase and the charger stopped working. 5 months after purchase the screen developed an issue, which i found upon research online that it is common with this phone- half the screen freezes and would not respond until you reboot the p..."
Razer Phone review,"I love this phone, since having this phone i was only able to update once and only update the apps (which i love). The performance on the phone is awesome!!!"
Nokia 2 hands-on review,"see your old nokia mobile modles and use diffrent diffrent modle do not use the same body of mobile for ex »nokia 7210 ,3310 etc"
Nokia 2 hands-on review,see your old nokia mobile modles and use diffrent diffrent modle do not use the same body of mobile
Nokia 2 hands-on review,"Xiomi is crap 
Nokia is best."
Apple iPhone X review,You can always 3
Apple iPhone X review,my face recognition doesnt work also the phone is jamming
Apple iPhone X review,Very nice
Google Pixel 2 review,I dont know what you are smoking but pass that to me as well :)
Google Pixel 2 review,The pixel 2 isn't that bad. Well that's considering I get a Pixel 2 reburb. For $100. I paid $900 when it first came out but returned it because I couldn't justify the cost for a flagship with a6 month lifespan. But for$100 I'll l...
Google Pixel 2 review,"The only thing I found awkward were the bezels. Everything else was great... IP68 is sometimes a good amount better, but I think IP67 is good enough. I overprotect my phone so much sometimes I forget it is water resistant. I feel like only a weak spr..."
Huawei Mate 10 Pro review,Experiencing problems with web browser hanging so time to upgrade.
Huawei Mate 10 Pro review,"The Huawei Mate 10 Pro still holds up as a solid smartphone, especially with its powerful performance, great battery life, and impressive Leica dual cameras. A great pick for those who value speed and photography in a sleek design! 📱📸 
Visit my webs..."
Huawei Mate 10 Pro review,the best mobile i ever used :)
Razer Phone hands-on review,https://www.ebay.com/i/302622706259?chn=ps
Razer Phone hands-on review,Benchmarks seem disappointing for a smartphone touting itself on Superior gaming... Not that it did poorly but it's not going to give you anything better then other flagships and in some cases or clearly did far worse. Also using your smartphone for ...
Razer Phone hands-on review,"Bet they did not think about the future of these phones by glueing the batteries. 
 
Only future fools that will keep parting with their money every year or two."
HTC U11 Life hands-on review,"Is it just in my device, or it really has 0/5 stars? Refreshed the page 5 times and the star rating is still 0/5."
HTC U11 Life hands-on review,oppo r11 has even better selfies
HTC U11 Life hands-on review,Great little review! I especially appreciated the generous and well-presented camera review. It's a damn nice phone for the price.
Google Pixel 2 XL review,"Not looking at what you type, before pressing the submit button, is really embarrassing."
Google Pixel 2 XL review,Gotten it yet? I'm still using 1st gen. Recently got audio problems and want to switch to this.
Google Pixel 2 XL review,I got brand new on eBay unlocked for about 180 dollars last year. I unlocked the boot loader and installed Lineage custom ROM. Everything works great and i have the latest Android security patches. Nice phone still today. Very nice photos also.
Huawei Mate 10 review,Excellent phone. Still works perfectly after 5 years of use. So proud of Huawei to make the wonderful hardware and the Harmony OS.
Huawei Mate 10 review,"Just purchased this phone for only 900-00 Namibian Dollars :) 
what a great phone!!!"
Huawei Mate 10 review,Is it 4G sported
Xiaomi Mi Mix 2 review,"Kind of strange. I have the Mi Mix 2 for a couple of months now and while I can see it lasts a bit less than the Mi 5 it replaced, the endurance rating seems suspiciously low - I get 2 full days with moderate usage, sometimes more (the Mi 5 always ga..."
Xiaomi Mi Mix 2 review,I haven't tried it but it should as it's stock with a locked bootloader.
Xiaomi Mi Mix 2 review,May be gsm arena needs to retest battery life. It comfortably gives an endurance rating  of more than 80 hrs and that too on dual sim
Galaxy Note8 vs iPhone 8 Plus,"I love my iPhone 8 Plus! 😍 
Probably one of the best phones ever made. Call me a fanboy I don’t care. My next phone might be an iPhone 20 (XX?) that’ll probably come out in September next year (2027). Hopefully I don’t run into any problems with my ..."
Galaxy Note8 vs iPhone 8 Plus,Note the best in anything 💯
Galaxy Note8 vs iPhone 8 Plus,both iPhone and the Samsung has quality camera
Galaxy Note8 vs iPhone 8 Plus camera blind vote,mmm the results show otherwise >stop fooling yourself .iphone camera is best in the world that's absolute rubbish ....even the Iphone x struggles to keep up with Samsung camera .Samsung are cheaper on flagship and provide a better experience why p...
Galaxy Note8 vs iPhone 8 Plus camera blind vote,iphone is the good camera any phone cant compear with iphone world wide natural camera is the i phone
Galaxy Note8 vs iPhone 8 Plus camera blind vote,"galaxy Note 8 is the king  
best camera in the samsung history"
Honor 9i/Mate 10 Lite hands-on review,You need to buy a tempered glass for the screen protector... yup it has no Gorilla Glass..
Honor 9i/Mate 10 Lite hands-on review,"Hi guys I just bought this Nova 2i / Honor 9i all I can say it is so fast. If you want to charge this phone fast, turn off the device or switch your phone to airplane mode.  
for the camera the auto mode is good and you can also capture in burst mod..."
Honor 9i/Mate 10 Lite hands-on review,Can I use this phone without the screen protector? It does not say that it is a Corning Gorilla Glass though.
Google Pixel 2 XL hands-on review,"I didn't say Apple is right in not adding SD card slot, I criticize every one that has any excuse to not have an SD card slot, It's not something that messes with integrity of design or waterproofing or anything, it's purely marketing technique to ma..."
Google Pixel 2 XL hands-on review,Sony is irrelevant.
Google Pixel 2 XL hands-on review,"Seriously? Stop blindly defending. That's a foolish interference to help work on a problem that should not be an issue. And introduces it's own issues. 
This is not because wireless is the future. That's the future. This is the present. 
Currently ..."
"Huawei Mate 10, 10 Pro, Porsche Design hands-on",Small Player?....Said the dope to everyone.  Huawei is the #2 phone Mfg in the world next to Samsung and ahead of Apple.
"Huawei Mate 10, 10 Pro, Porsche Design hands-on","so far from early morning til i go to bed at night, im still left with battery between 35-65% so this phone definitely last for more than a day!!!  and also i want to mention that its very responsive and the fast charging is really fast too.  So thos..."
"Huawei Mate 10, 10 Pro, Porsche Design hands-on","Wharever, I still can't and won't ever rely on chinese products. 
Also Leica will charge you a ridiculous amount for using its red dot. Even Apple is a generously cheapo compared to Leica. 
Excellent effort from Huawei, nevertheless."
Xiaomi Mi A1 review,Cpu reball
Xiaomi Mi A1 review,Is xiaomi mi a1 phobe available in market stock or out of stock. 2ndly what's the price of this model in market right now?
Xiaomi Mi A1 review,"Been rocking the a1 in 2024, with lineage is 13, gcam, and gcam aux module for magisk. Its pretty decent for my needs."
Honor 7X hands-on review,The was very fantastic.i haven't seen such a mobile.evey one who is excited to own this mobile.but price offcourse more and try to buy this mobile with borrowing  money from their relatives or Friends
Honor 7X hands-on review,It's $200
Honor 7X hands-on review,No...The honor 7x doesn't support and also gyroscope.
Moto Z2 Play review,I buy new phone moto Z2 play i need to update
Moto Z2 Play review,"in the review it says the z2 play has wifi ac (5GHz) Wave 2, but it does not. it only has wifi N 5ghz"
Moto Z2 Play review,No audio with GPS
Sony Xperia XA1 Plus review,Not correct..my kids using it with pleasure sony brand for a good price
Sony Xperia XA1 Plus review,Update or flash  with official oreo xa 1 plus.. Unless you know to root them..you can edit build.prop after reinstalling original kernel (professional only)
Sony Xperia XA1 Plus review,Another major bad thing about the Xperia XA1 Plus is the screen. Even on full brightness outside in the sun you can't see anything. Not only the screen in general but if you are taking pictures or videos it is rubbish because you can't see what you a...
Google Pixel 2 and Pixel 2 XL hands-on,and just android gmail google youtube
Google Pixel 2 and Pixel 2 XL hands-on,"Errrr: 
Android 
Maps 
Chrome(/OS) 
Tensorflow 
Docs/GSuite 
Drive 
Ad(sense|words)"
Google Pixel 2 and Pixel 2 XL hands-on,"The original pixel did well enough in sales that they are making another, the nexus 5 sold well also. Chromebooks are popping up more and more too."
Apple iPhone 8 review,"I am An Android Developer , From 2025 to 2026 , Iphone 8 have Great Experience in my Life."
Apple iPhone 8 review,Good day and I will see if I will get it to do that and I don't
Apple iPhone 8 review,8
Apple iPhone 8 Plus review,"I noticed with at least one app on the App Store that “Requires iOS 17.0 or later” that it’ll let you download and use an older version. This is not the case with all apps that require iOS 17.0 or later though but still, it’s worth mentioning."
Apple iPhone 8 Plus review,It’s a great phone. Even today it’s great for me. The only thing is that some apps are starting to require iOS 17 or later. It’s not an issue for me yet but in the future it might be.
Apple iPhone 8 Plus review,Can 8 + is best choice for using today...?some one can help me can i buy or not?
Asus Zenfone 4 family hands-on,Yes...why the price is so drop highly?
Asus Zenfone 4 family hands-on,When did the price drop of this phone happen?
Asus Zenfone 4 family hands-on,""" We also have a review unit of the Zenfone 4 here at the office, all set to enter the review pipeline. You can expect a detailed review in the coming weeks. "" 
 
Right....."
Sony Xperia XZ1 Compact review,"My favourite phone. Still using as a secondary device. Reasons why I upgraded (to a Xiaomi 15): 
 
No software support 
32GB internal storage isn't enough in 2025 with apps getting bigger and bigger 
GPS problems. Will lose connection during..."
Sony Xperia XZ1 Compact review,"I still use my XZ1 Compact as a second device (currently writing on it). I upgraded to a Xiaomi 15.  
 
If you want to replace your xz1 compact maybe look for Asus ZenFone 9 or 10, Galaxy S25, iPhone 16, Pixel 5, Huawei P30. These phones may not be..."
Sony Xperia XZ1 Compact review,"I bought mine in 2018 and am still using it!  Time for a replacement, but I can’t find anything comparable."
Xiaomi Mi 5X review,"I know it's been 6 years but yet the Mi A1/5X (they share the same codename as tissot, but the other model is daisy. like the 9a is dandelion but the 9at is dandelion_eea ect,) is still good in 2024/25 as the lineageos supports it OFFICIALLY and..."
Xiaomi Mi 5X review,What if I'm not interested in gaming?
Xiaomi Mi 5X review,it is not good company but features are best
Samsung Galaxy Note8 review,It's been 7 years since I bought it in 2018.
Samsung Galaxy Note8 review,I have one but unfortunately it has a screen problem.. so how much is the screen and where can I get it in Nigeria?
Samsung Galaxy Note8 review,this is the best Samsung of all time. (for me atleast)
LG V30 review,"Thats a lie mate. When it comes to camera and sound, v60 is the best LG has ever made"
LG V30 review,"2022: 
I love the ""snap movie"" feature on LG V30. Sadly the LG V40 thru LG V60 does not have it."
LG V30 review,Yeah agree I have one and the battery of v30 was horrible
Sony Xperia XZ1 review,Android 14.0.2
Sony Xperia XZ1 review,"Love this phone, I wish there was a slightly updated model so I could buy it again in 2023. The corners could stand to be a touch more rounded but otherwise it's pretty amazing! Why won't anyone make small Android phones with decent specs a..."
Sony Xperia XZ1 review,"And that is why today in 2022 you have the same basic, boring design with no headphone jacks. Guess who still has no notches, has Led notification and a headphone jack? That's right."
LG Q6 preview,"It's wrong what they said about Slow charging of Lg Q6 mobile  
I have LG Q6 mobile for year and still my mobile charged in maximum 1 hour 20 or 30 minutes  
And another thing that it also have fast charging option.  
Note: All i say about ch..."
LG Q6 preview,"I droped this phone 2 storys high on rock (face down)  
with NO DAMAGE!"
LG Q6 preview,"damn I love the front design so much. Yet disappoint with SoC, ffs SD435??? I'm in doubt to purchase this device or not."
Meizu Pro 7 Plus review,Face lock is yessssss
Meizu Pro 7 Plus review,Where are the cpu tests?
Meizu Pro 7 Plus review,"It seem that only the Pro 7, not the Plus has Band 20 support, is that correct?"
Android 8.0 Oreo review,8
Android 8.0 Oreo review,"Yes,it is on official lists"
Android 8.0 Oreo review,The oreo update completely stooped my Samsung galaxy S7 from working. I was forced to do a factory reset which has caused untold problems.
"Alcatel Idol 5s, Idol 5, A7 XL, A7 hands-on review",nice
"Alcatel Idol 5s, Idol 5, A7 XL, A7 hands-on review","When are the 10"" phones coming out? Hmm Mediatek, I would use that if I so got it for free, still using Snapdragon Quad core with LaOS 14.1, which is the best I've ever used."
"Alcatel Idol 5s, Idol 5, A7 XL, A7 hands-on review",Smaller bezels than the X devices?
Motorola Moto X4 hands-on review,"I can't help but notice similarity in Moto X4 and Galaxy S7 front design. Looks pretty similar to my S7 from the front. The initial impressions look good. The design is beautiful, as is the case with glass builds. Although I prefer AMOLED displays f..."
Motorola Moto X4 hands-on review,I am already been a long moto brand user but everyone like moto for its produced quality and I am proudly using its first brand whoever I ask for purchase they say go for moto but after with lenovas linked production of moto there are lot of complain...
Motorola Moto X4 hands-on review,"One of the greatest advantages of the Moto devices is their battery life.  Galaxy S7 lasted me 8 hours, at best - returned it after 7 days.  Moto G5 Plus - battery lasted 1-2 days.  Moto Z Play (my current device) - battery lasts  2-3 days!  Heck, ev..."
Sony Xperia XZ1 hands-on review,Is it XZ1 could tap to wake and wake up?
Sony Xperia XZ1 hands-on review,"this phone looks much better than the copycat xz2. 
LOL. sony is always going backward"
Sony Xperia XZ1 hands-on review,Why did you have to get so defensive over that and start making indirect insults?
LG V30 hands-on review,Sooooo... still waiting
LG V30 hands-on review,"It seems you're the most possessed Samsung fanboy child here, who can't accept the truth. 
 
As I already said, LCD screens are overall better than AMOLED screens. All AMOLED screens burn in over time. And it not only means that you can recognize a..."
LG V30 hands-on review,"Looks like you can't provide any. And it seems you are basing all these childish attacks and antics solely on the possibility of burn in. Seriously?? 
Because LCD doesn't get image retention or have it's own issues. And as a unique one to LCD that d..."
Sony Xperia XA1 Plus hands-on review,"Hi,  does your dual sim model have dedicated slot for microsd or it uses sim card 2 slot ? 
Share ur experience of using that phone as im thinking of buying it"
Sony Xperia XA1 Plus hands-on review,I purchased Xperia XA1 from Canada. The phone has touch screen and speaker problem. Read more reviews before you buy.
Sony Xperia XA1 Plus hands-on review,Love the screen Sony
Sony Xperia XZ1 Compact hands-on review,"People like these only know to complain about anything, that's all. They didn't know how things work,dual speaker,big battery 2700 mah considered big for 4.6 inches phone, head phone jack and fingerprint in a compact phone. Tell me the other manufact..."
Sony Xperia XZ1 Compact hands-on review,"I don't understand how people want compact and good battery life but then complain on low resolution and thickness... Lower resolution,  better battery life... Compact in size, increase in thickness.. Smh"
Sony Xperia XZ1 Compact hands-on review,This is the dream phone for people like me who need a couple of phones with easy access to emails and only a few other data requirements because we have access to laptops or other bigger devices for proper computing. We do not want a 150mm device to ...
"Gear Sport, Fit2 Pro, IconX (2018) hands-on review",I am disappointed by the Samsumg Gear Sport.
"Gear Sport, Fit2 Pro, IconX (2018) hands-on review",Can the gear sport  make and receive calls
"Gear Sport, Fit2 Pro, IconX (2018) hands-on review",In what way has the hr sensor improved?
Moto G5S Plus hands-on review,Yes
Moto G5S Plus hands-on review,Mi A1 is lot better than this crap. And it's cheaper too
Moto G5S Plus hands-on review,"Did you purchase this device? How is it? 
https://www.qualcomm.com/news/onq/2017/11/27/device-ai-acceleration-debuts-motorola-smartphones-snapdragon-neural-processing?cmpid=fofyus1728"
Nokia 8 review,"My phone always restarts :( I hate it and there are duplicate apps but If I delete the other get deleted, I need new phone"
Nokia 8 review,Since unboxing i can not use the screen in cold weather. Around 10c it stops responding. Even 15 and windy weather. All nokia 8 affected with this problem. :( Over all pretty good device.
Nokia 8 review,"I still own a Nokia 8 nowadays and I use it daily for a lot of calls, reading news and using some apps. Even for games it still handles pretty solid! Battery life haven't changed much since when it was new and I am just sad they did not kept thi..."
Samsung Galaxy Note8 hands-on review,stop using phone while driving sir. its can harm yourself. love your family's.
Samsung Galaxy Note8 hands-on review,"I can't believe they didn't include IR port, it's very usefull to me. 
Fingerprint on back? So, no using it in my car, and no quick tapping while working... Terrible. 
Curved screen for stylus? Not sure samsung knows the best anymore, so I must see..."
Samsung Galaxy Note8 hands-on review,You mean Note 4?
Xiaomi Mi Max 2 review,mez using this mi max 2 for 8 years now. still functioning truly well.... except for some outdated apps... love this phone... true legend... hope they launch something new in mi max family.
Xiaomi Mi Max 2 review,used for 8 year I've dropped it throwed it in water open it and many times of overcharging but still good this phone is very good
Xiaomi Mi Max 2 review,6 year already💀💀💀
Hands-on Nokia 8 review,"Welcome back Nokia we have waited for you guy for a long time, that you guys should bring in this beautiful handset. But please, is this market?"
Hands-on Nokia 8 review,"All phones are Chinese phones, because all phones are made in China."
Hands-on Nokia 8 review,Nokia is back!
Nokia 6 review,Great Stuff
Nokia 6 review,Hello... Nokia 6 not to my expectation. Recent app button not working. Battery saver not active. I had to download an app via playstore to support those features. Inserting an earpiece. Only one side of the earpiece is working. Fix it well.
Nokia 6 review,"My own phone doesn't provide calls sounds to my second party, unless I put it on speaker which is also not loud enough at my ens"
Moto Z2 Force review,Very nice phone 6 to 7 hours on wifi using continusely
Moto Z2 Force review,"all those nice details the B&W sensor captures don't affect the color picture though, right? The color picture is only as detailed as the color sensor captures."
Moto Z2 Force review,"Hey can you tell that now in India in festival offers,  
I am getting this phone for $250/ . It's a really good deal or I choose to go with new device? 
Please tell"
Doogee Mix review,"Got this phone after an iphone5, had it nearly 4 years and it's never missed a beat. Been dropped loads of time, no damage. Picture quality is a bit hit and miss, but not the worst I've used. Charging is getting slower, but battery lasts ag..."
Doogee Mix review,"Don't get fooled by the name ISOCELL. The S5K3P3 is a patently garbage toy camera image sensor. 
 
Other phones with that image sensor model, such as the Ulefone Armor 2, also produce noisy images in perfect daylight! No co-incidence. 
 
Ima..."
Doogee Mix review,I don't have Doogee Mix.
Samsung Galaxy J5 (2017) review,Can I get for info about this topic?
Samsung Galaxy J5 (2017) review,Why are you using the past tense?
Samsung Galaxy J5 (2017) review,I have this phone but doesn't have a screen because it fell on the ground and got black screen but im gonna fix it.
Samsung Galaxy J7 Max preview,"Still using this phone still running good, but the back up is not good"
Samsung Galaxy J7 Max preview,Nice phone i love it
Samsung Galaxy J7 Max preview,By ordering it
Our editors talk,Hmm.that's right
Our editors talk,Where did you get that kind of stupid theory?
Our editors talk,Because the phone i described is not on the market. And only a fan boy could read that list and state as a matter of fact that their favorite phone does meet 100% of that criteria.
Nokia 5 review,"Used it from 2019 but can not send voice notes since October last year, took it to professional no luck ,what could be the problem?"
Nokia 5 review,I like it where can I find it
Nokia 5 review,"Had it for three years it's still going fine but the 16gb (really 8 after the system swallows half of it) is too small for a smart phone and the power point is had it, only works with one cable (I guess it's the original) and only on a part..."
Samsung Galaxy J7 (2017) review,"Same opinion 
great phone  
many features ,looks premium , No issues 
well built  
Storage 16 GB is a downside 
but with SD card things get better"
Samsung Galaxy J7 (2017) review,"Amazing build quality. bought in 2017, using daily for 3 years now. The phone is working like the 1st day I bought it. Buttons, USB, head phone jack, no tiring of the materials whatsoever. The battery lasts forever, about a week with power savings on..."
Samsung Galaxy J7 (2017) review,I've bought j7 around June 2017. It's still OK nowday.
Oppo R11 review,On my opponent r11... I can't save videos or pictures or music why.. It's wipe away why
Oppo R11 review,Killer phone one of the best smartphone
Oppo R11 review,"Is wish if this specs would be in my phone 
-3D 5.5"" inch super amoled display Corning gorilla glass 5 1080P screen resolution 
-Snapdragon 660 64GB 4GB DDR4 Ram 
-Dual sim + Sd card support 
-Volte 
-Nfc 
-12mp dual rear camera f1.7 with kis ..."
ZTE Nubia Z17 review,FYI the Z17 6GB/64GB model can be had for $390 on importer sites now.
ZTE Nubia Z17 review,"Why don't they make camera comparisons with this phone? The samples are really nice. Nicer than the G6, S8, iPhone 7, etc."
ZTE Nubia Z17 review,Apple wasn't first. I think that was the LeEco Le Max 2
Honor 9 review,Good
Honor 9 review,Battery timing is too short
Honor 9 review,"I found it on ifixit, but they only ship to certain EU countries."
Xiaomi Redmi 4 review,No it isnt
Xiaomi Redmi 4 review,"Still rock solid in late 2022.5 years already in my hands and still running smoothly. Does what it supppsed to do, and still does it quite well given it's age. 
Too bad that 5 inch displays aren't a thing anymore..."
Xiaomi Redmi 4 review,Nooo xiaomi redmi note 11 pro is best
Nokia 3 review,"It's August 2024 and this phone is already 7 years old, but I'm still using it. It still works fine, except for the power button. It wears out quickly and I have already repaired the power button 6-7 times. Also these days, the battery life..."
Nokia 3 review,"Its been five years Since I bought this mobile. It is still doing great  
i bought it in July 2017 and still using it here in april 2022"
Nokia 3 review,"I agree about the camera, below standards even after considering the price range. On the other hand, really sturdy phone, It even survived falling twice in the toilet."
OnePlus 5 vs. Galaxy S8 vs. iPhone 7 Plus,"Yes, really."
OnePlus 5 vs. Galaxy S8 vs. iPhone 7 Plus,"I agree with you bro. Android has more functions  than of apple devices. More customizable, awesome UI than apple, cheaper, more accessible system configuration, high end specs(if you have a flagship device) etc.."
OnePlus 5 vs. Galaxy S8 vs. iPhone 7 Plus,Sad
HTC U11 vs. iPhone 7 Plus vs. Xperia XZ Premium,My unitel iPhone 7plus
HTC U11 vs. iPhone 7 Plus vs. Xperia XZ Premium,"I'm sorry, I don't speak English and I'm difficult to understand everything he wrote. In short words who won? They seems so equal as colors(daylight) and a bit noised on xzp.... And writer's opinion tends to be too objective(avoiding takes of positio..."
HTC U11 vs. iPhone 7 Plus vs. Xperia XZ Premium,"Obviously someone who is trying to prove that the U11 which everyone knows has the best camera is not as good as the experts claim. He 
 
The Xperia is certainly better in some shots, where the added detail and dialled down over exposure wins  The ..."
Sony Xperia L1 review,"I brought the dual card phone so I could use overseas, with a seperate sim.  However, I cannot find a usa sim which is compatible.  Everytime I check my imei number it comes back no coverage in usa.  Does any one know a sim which will work even on 3g..."
Sony Xperia L1 review,I also had this phone G3311.i installed Google 1 to get FREE additional 15G memory..for saving Other Documents as well.. I dOnt need to buy an SD card.. And the price still not going down faster.
Sony Xperia L1 review,i've had this phone since 2018 and i really love it. the battery lasts for about 2 days and it's kinda fast. 16gb isn't much though and the phone do get kinda hot when you stress it but it's otherwise a really good phone.
OnePlus 5 review,"still useing this phone.. with my wife.. 
good for work and others. 
when you get worst issue, there's from other brand. lol wkkk"
OnePlus 5 review,"Bought it since august 2017. Still no glaring issue except battery life which is as expected because its already nearly 7 years old, and a bit screen burn in at top right where signal and battery percentage are (no burn in at rest of the screen). Sti..."
OnePlus 5 review,Bought it July 2017 and stil working perfectly since day 1. Only the battery performance after five years is weaker (lasts little more than one day). Definitely my next one will be OnePlus again.
Moto Z2 Play preview,"well, if a company won't update their phones that's just fine. but you can't run around and tell the world that you will provide updates and then you won't. 
 
this is not just unethical - its a scam! motorola was scamming their customers as i bet ..."
Moto Z2 Play preview,"If you care so much for updates why didn't you get the X Play? G series are low end budget smartphones and they won't get more than 1 major software update. It makes sense, it costs them a lot of money to mantain older devices. Motorola in Google's e..."
Moto Z2 Play preview,Motorola is an excellent brand damaged by a poor customer service. I wont buy another one due to my poor experience....
Oppo R11 preview,Battery?
Oppo R11 preview,"Will this work on american carriers like T-mobile? 
I think i'd rather spend $500-600 for the r11 Plus, than $1000 for the Note 8."
Oppo R11 preview,Micro usb & 3000mAh battery really let me down
HTC U11 review,"I have a HTC U11  for 3 yrs but put it down last year cause I upgraded to the U12+ and now my U12+ gotten stolen  and my u11 not booting up, I'm getting the blinking light and I try every method to get it turn on back,  so my question is if I re..."
HTC U11 review,"I brought this phone 2yrs back 
Within a month it fell down while charging due to its slippery smooth back  and front glass cracked.  
Couldnt fix it. 
But other wise very smooth running and no battery complain .now since month I have trouble with..."
HTC U11 review,"Just 6 month back i bought .... 
gorilla glass???? but it's boricken both the side.....i don't think  will get warranty... 
Not satisfied...in U11"
Xiaomi Redmi 4a review,"This Mi 4A is the best best best phone for everything...  dropped it several times in 5 years, not even a scratch or dent, everything is perfect abput this phone...  its size fits all pockets and is handy than hefty big phones...  full day life at 10..."
Xiaomi Redmi 4a review,I hope to get my new phone
Xiaomi Redmi 4a review,I hope to get my new phone.
Sony Xperia XA1 Ultra review,"Superb phone when using....no hang and no hard to use it.... 
 
Camera quality is amazing...Photo quality and resolutions are very good as compared to iPhone"
Sony Xperia XA1 Ultra review,"When i install Open Camera, it gives me option to turn on 4k recording, maxed out at 4k ultra. Not sure if it's really doing that resolution. Also, in open camera, you can set video bitrate and frame rate. 
Please let me know about this. I did a sam..."
Sony Xperia XA1 Ultra review,"I regret to have gotten this smartphone, poor battery life, poor camera resolution, not practical functions at all."
Huawei P10 Lite review,Am having the same challenge .please let anyone who has knowledge about it help us out
Huawei P10 Lite review,"I had all the lites up to the P30 lite, and I must say, this one was their best. P8lite a close second."
Huawei P10 Lite review,"My phone has this writing on screen EMUI 
then said download latest version and recovery 
And reboot and shutdown but doesn't work pls help"
BlackBerry KEYone review,"I purchased Blackberry KEYone about two years back, but when I used , I was disappointed as its keyboard didn’t work properly. It’s typing system was intricate. I packed it in box and put it in brief case. BlackBerry is a rubbish phone. I would prefe..."
BlackBerry KEYone review,"Blackberry don't want to pay much for OS development since their market is nearly zero and they didn't have much phone development too and they know they just wait for completely died, so for what paying os development team anymore if 1 major upgrade..."
BlackBerry KEYone review,is the messenger active?
Xiaomi Mi 6 review,"I have had this phone since 2016, and it still works like the first day. bravo xiaomi!"
Xiaomi Mi 6 review,"I had this phone in 2018, pretty sure it was the Ceramic model! I also liked the blue one too but probably couldn't get my hands on it. I vaguely remember the camera being pretty good! I have a picture of a cat. 🐱"
Xiaomi Mi 6 review,"I've got this one for almost 3 years, it's really good.  
Camera, functionality, power.  
A shame though 64gb is not enough."
HTC U11 vs. Samsung Galaxy S8+,I have a samsung galaxy s8 and s21
HTC U11 vs. Samsung Galaxy S8+,"HTC U11 Definetly better Tel then Samsung s8plus  
I have tested both at same tims ..and very kntresting Htc is ahead of samsung in Most apps when im opening ..."
HTC U11 vs. Samsung Galaxy S8+,this is so funny...what a surprise...i have used a htc one before...it lags at all the time...camera is just a mess...UI is good...drains battery so fast.....Please dont compare samsung phones with these type of odd phones...
Moto G5 Plus preview,"Posting from my moto G5+. Display working perfectly even with a black round on it. Everything working fine. Phone is still with company fitting, not a single repair required till now. What is more in term of telling this phone an ""Eternal"""
Moto G5 Plus preview,"This Moto G5 plus camera takes the worst pictures I've seen. Even my old Moto G3 did a better job. HDR sucks. I know this is because of the software, since the sensor is quite good and you can find online forums where people report excellent res..."
Moto G5 Plus preview,Moto G5 plus new android software when come
LG G6 vs. Galaxy S8 vs. Xperia XZ Premium,ok
LG G6 vs. Galaxy S8 vs. Xperia XZ Premium,"It depends on where u bought them from,"
LG G6 vs. Galaxy S8 vs. Xperia XZ Premium,"For best camera results, which phone would you suggest between Sony Xperia xz1 and LG g6? Thanks"
Blind shootout revealed,Why if I had tested Samsung S8 camera is not good as the gsmarena review? Are they using custom setting? I used auto setting in S8
Blind shootout revealed,omg. look at those 3 phones picture. the middle one has the biggest size. worst ergonomic with almost identical screen size compared two the other two.
Blind shootout revealed,And Samsung overexposed their photos...
HTC U11 hands-on,No ir blaster no deal I was really liking this phone. I'm so tired of these companies playing the follow game.
HTC U11 hands-on,This is the best
HTC U11 hands-on,"Check it again mate, you are wrong somewhere, 11% in 2hours of watching video only happen with offline condition (even impossible with 2 hours). Normal phones and high cap battery phones take about 15% per hour when playing video online. I know you l..."
Sony Xperia XZ Premium review,"Hi 
Doen anybody know why my XZ Premium sudenly  started to charge so slow (3watts max) but battery is still in good condition like new ,lasts all day after 6years now. 
And charging is funny , when you plug in charges and then stops , you take out..."
Sony Xperia XZ Premium review,Uae original charger and do not leave to much in charge
Sony Xperia XZ Premium review,How did you test enable it?
Oppo F3 review,Been using this since June 2017 and still working fine but some of the apps cannot be install since its not updated anymore. I drop this already many times even drop in the toilet bowl (clean of course lol).
Oppo F3 review,"I'm using this phone since Oct 2017 and it is still working but only the problem is battery n the speed and also some apps are not supporting now ....but often dropping the phone the display is very durable, no scratches no broken glass ...nothi..."
Oppo F3 review,I would like to ask if you have broke  oppo f3 phone or a display IC for oppo f3 phone. Thank you
Sony Xperia XA1 review,Never ever buy this one
Sony Xperia XA1 review,I feel you bro... Same problem... Great phone.. But the toushcreen is garbage
Sony Xperia XA1 review,"barely used it, never dropped, brand new... came in with many problems/errors/defects such as compass not working, or GPS not very good. Touch screen stopped working on sides after a few months making it nearly impossible to use. Constant crashes. Un..."
Samsung Galaxy C7 Pro preview,Worst camera ever
Samsung Galaxy C7 Pro preview,I need
Samsung Galaxy C7 Pro preview,Good but not upgrable to Android 9 pie
Oppo F3 Plus review,https://m.gsmarena.com/postreviewcomment.php3?idReview=1605&idComment=228364
Oppo F3 Plus review,No 8.0 Oreo update a long times.
Oppo F3 Plus review,Nope
Honor 8 Pro review,"Hi, 
 
I am interested in capturing true B&W images through a CMOS sensor without any bayer filters in RAW format while being capable of operating in manual mode. 
 
I noticed that some phone while having a monochrome sensor do not allow to c..."
Honor 8 Pro review,Yes
Honor 8 Pro review,honor 8 pro.. its 6s not 7 plus or 8 calm down
Samsung Galaxy S8 review,"For which you need to use a third party app, especially i use volume style that's available on the google play."
Samsung Galaxy S8 review,My most favorite phone of all time!
Samsung Galaxy S8 review,"Can't seem to find screen-shot in the Samsung S8, any help??"
Samsung Galaxy S8+ review,Good phone
Samsung Galaxy S8+ review,Replace battery
Samsung Galaxy S8+ review,Nope im using the s8 plis in 2024 with the lattest android for s8 plus (android 9)and it does not have may be downloading third party apps might do the trick
Motorola Moto G5 preview,"I have the same phone with the same problems, what F is wrong with this thing a million unremovablegoogle service apps with endless permissions, used to work great til I put a new SIM card in it now it seems hacked to hell? Did you figure out your pr..."
Motorola Moto G5 preview,I love this phone
Motorola Moto G5 preview,My moto g5 is not working very well when calling or when you turn cellular data on  is not working well on network please help me
Huawei Watch 2 review,"... For all those features to work reliably? From what I am reading, the HRM is off by as much as 20 bpm, the notifications are sometimes lost and the latest firmware supposedly made the HRM not detect anything over 141bpm...  
 
And I was about to..."
Huawei Watch 2 review,Yup. And the Mate 9 and the watch reviews are the ones that I read.
Huawei Watch 2 review,"I'm with these other guys in customer service. A month after I got my watch, the button popped off- warranty refuses to cover it, now I can't even turn the thing on, it's otherwise perfect :("
Sony Xperia XZs review,❤️❤️❤️
Sony Xperia XZs review,"This phone is good, but problem It's in overhating issues"
Sony Xperia XZs review,Maybe?
Huawei P10 Plus review,"Almost same here, i have the same problem unfortunately. I have been using my device for about 7 years and i never thought to change it coze it is a great phone. I went to the local service center for the sudden restart problem. they told me that its..."
Huawei P10 Plus review,"My Huawei p10 plus suddenly blacks out and then reboots, then blacks out again and then reboots even when the battery is at 50 - 40%. Why is this the case?"
Huawei P10 Plus review,"Hello guyz,am using Huawei 6x for uber as a driver,it works very well fast in Google map no signal lost for once and has fast charging 3gb ram/32gb but now the Ram is getting full and disturbing Google map. What kind of Huawei good in Google map like..."
Huawei P10 Plus vs P10,"""The P10 plus captures more light than the P10 plus in low light,"" 
well.. uhm. that sir is confusing."
Huawei P10 Plus vs P10,"I have this problem with my camera in my P10 plus.. 
(since im not a pro..but i just like to take pictures, so i really dont know about its settings). 
There is always a blue dot whenever I shoot directly into the lightbulb..its like a reflection....."
Huawei P10 Plus vs P10,"I will have to disagree with gsmarenaon this. The P10 plus captures more light than the P10 plus in low light, so the P10 plus have more detail than the P10."
Samsung Galaxy S8 and S8+ hands-on,Agreed.
Samsung Galaxy S8 and S8+ hands-on,FYI the XZ Premium using the display panel to do the 4k shifting it is saving more energy to switch between FHD. The 960fps video is for creative user. The hi-res audio is for audiophile. The IMX400 is for Xperia XZ Premium and XZs not S8 or S8+.
Samsung Galaxy S8 and S8+ hands-on,"Previous generation phones used 28 nm process so needed larger batteries.  
S8 is built on 10nm process and is 30% power efficient. 3000mah batteries suffice."
Xiaomi Redmi Note 4 (S625) review,WhatsApp still working miui 11 android 7 n and some application is not available in play store now insta snap pubg working well battery life around 6 to 7 hours with charging speed is now 1.30 min to full charge and i don't root this phone to hi...
Xiaomi Redmi Note 4 (S625) review,Yeah its goog and still working
Xiaomi Redmi Note 4 (S625) review,"No, it's better to buy a used Google Pixel 4, 4xl, but not from Verizon or T-Mobile, because if you need to, you won't be able to flash it because of the “manufacturer's lock” (OEM). Xiaomi Redmi Note 4 is already outdated. And even if..."
Honor 6X vs. ZTE Blade V8 Pro,"I got the 6X for quite some time now and I can say it's perfect in everything for me : 
playing asphalt8, hearth stone and everything else smoother than my galaxy note 4 
In my opinion it just need camera stabilisation and not this useless dual cam..."
Honor 6X vs. ZTE Blade V8 Pro,Honor 6x facing no problems stable charges after updating to nougat ui  is much better... Overall a great deal for such a price of 14k in India... Better than note 4 for sure...
Honor 6X vs. ZTE Blade V8 Pro,"Agree with your points, but the camera is much worse on the Redmi Note 4."
Samsung Galaxy A7 (2017) review,the touch screen of my samsung a7 2017 it is not working
Samsung Galaxy A7 (2017) review,Common error of Moisture detected issue popping up when there is neither dirt nor moisture in the charging port
Samsung Galaxy A7 (2017) review,when i update Android version 8 my internet 4G very slowly. can you tell me what happen ?
