phone,review
Xiaomi 17T Pro,"['oh', 'god', 'happen', 'green', 'photo', 'horribl', 'oversatur', 'look', 'like', 'bbk', 'factori', 'phone', 'even', 'realm', 'dare', 'go', 'far', 'xiaomi', 'photographi', 'get', 'wors', 'wors', 'long', 'live', 'pixel']"
Xiaomi 17T Pro,"['hypero', 'breez', 'use', 'compar', 'stock', 'pixel', 'experi', 'sw', 'compani', 'like', 'googl', 'produc', 'buggi', 'mess', 'beyond']"
Xiaomi 17T Pro,"['yep', 'mention', 'that', 'one', 'also', 'similar', 'offer', 'xiaomi', '17t', 'pro', 'honor', 'still', 'avail', 'though', '200', 'euro', 'coupon', 'europ', 'check', 'germani', 'come', '799', 'euro', '12gb', '512gb']"
Xiaomi 17T,"['cyberday', 'happen', 'chile', 'week', 'great', 'deal', 'launch', 'clp', '489990', 'usd', '550']"
Xiaomi 17T,"['good', 'suggest']"
Xiaomi 17T,"['yet', 'spend', 'time', 'switch', '4k60', '1080p30', 'that', 'select', 'box', 'henc', 'go', 'use', 'peopl', 'vivid', 'natur', 'similar', 'onetap', 'chang', 'tremend', 'improv', 'imag', 'qualiti', 'point']"
Infinix Note 60 Pro,"['stupidli', 'accur', 'phone', 'upper', 'midrang', 'standard', 'mid', 'assign', 'well', 'listen', 'your', 'come', '5year', 'old', 'mid', 'tier', 'midrang', 'like', 'redmi', 'note', '10', 'pro', 'legend']"
Infinix Note 60 Pro,"['that', 'best', 'review', 'devic', 'ive', 'come', 'across', 'far']"
Infinix Note 60 Pro,"['would', 'copi', 'someth', 'extent']"
Honor 600,"['anoth', 'concompromis', 'mention', 'vibrat', 'motor', 'sound', '600', 'lite', 'highpitch', 'rotat', 'mass', 'categori', 'kind', 'would', 'find', 'much', 'cheaper', 'phone', 'sufer', 'comparison', 'midr']"
Honor 600,"['like', 'budget']"
Honor 600,"['nf', 'work', 'eu', 'version']"
Sony Xperia 1 VIII,"['mayb', 'aim', 'good', 'phone', 'overal', 'use', 'featur', 'compar', 'phone', 'specif', 'made', 'best', 'camera', 'flagshipwhich', 'still', 'good', 'camera', 'isnt', 'main', 'focu', 'lot']"
Sony Xperia 1 VIII,"['vivo', 'x300', 'ultra', 'much', 'better', 'think', 'soni', 'need', 'improv', 'ui']"
Sony Xperia 1 VIII,"['talk', 'liter', 'simplest', 'name', 'scheme', 'possibl', 'first', 'number', 'denot', 'model', '1', 'flagship', 'former', '5', 'compact', 'flagship', '10', 'midrang', 'number', 'written', 'roman', 'numer', 'de']"
vivo X300 FE,"['wouldnt', 'want', 'giant', 'monstros', 'imo', 'though', 'peopl', 'shop', 'x300x300', 'fe', 'purpos', 'look', 'someth', 'smaller']"
vivo X300 FE,"['look', 'like', 'vivo', 'given', 'phone', '1y', 'old', 'vivo', 't4', 'ultra', 'less', 'half', 'price', '300fe', 'india', 'much', 'better', '10x', 'telephoto', 'shot', 'actual', 'look', 'like', 'optic', '50mp', '70mm', '1195', 'sensor', 'look', 'like', 'much', 'ai', 'slop']"
vivo X300 FE,"['well', 'ram', 'memori', 'overpr', 'nowaday']"
OnePlus Nord CE6 hands-on,"['phone', 'better', 'exampl', 'oppo', 'k13', 'turbo', 'far', 'faster', 'dimens', '8450', '4k60', 'camera', '12gb', 'choic', 'want', 'still', 'strong', '7000', 'mah', 'batteri', 'far', 'lesser', 'cash', 'ill', 'say', 'ce6', 'fraud']"
OnePlus Nord CE6 hands-on,[]
OnePlus Nord CE6 hands-on,"['n', 'version', 'global', '7500mah', 'batteri', 'c', 'addit', '5', 'year', 'use', 'life', 'offici', 'websit', 'appear', 'india', 'microsd', 'sensor', 'camera', 'omnivis', 'ov50d40', 'processor', 'snapdragon', '7', 'gen', '4', '4nm', '8gb', 'ram', 'bluet']"
Honor 600 Pro,"['useless', 'honor', 'remov', 'mani', 'featur', 'like', 'cant', 'even', 'say', 'chees', 'take', 'photo', 'ai', 'pathet', 'useless', 'lock', 'screen', 'shortcut', 'either']"
Honor 600 Pro,"['450', 'eur', 'pro', 'version', 'sure', 'even', 'non', 'pro', 'version', 'without', 'gift', 'expans', 'magic8', 'pro', 'sometim', 'nice', '900', 'eur', 'cours', 'go', '800', 'eur', 'magic', 'price', 'magic']"
Honor 600 Pro,"['iphon', 'user', 'real', 'wannab', 'cheap', 'tier', 'crowd', 'use', 'cheap', 'qualiti', 'product']"
OnePlus Pad 4 hands-on,"['theyr', 'shut', 'america', 'bought', 'someth', 'theyr', 'go', 'hoop', 'anoth', 'compani', 'theyr', 'sister', 'compani', 'oppo', 'person', 'oneplu', 'pad', '3', 'best', 'tablet', 'ive', 'ever']"
OnePlus Pad 4 hands-on,"['tablet', 'gener', 'gotten', 'larg', 'reason', 'size', 'one', 'lenovo', 'tab', 'one', 'spec', 'make', 'less', 'worthwhil', 'imo']"
OnePlus Pad 4 hands-on,"['come', 'android', 'competit', 'western', 'hemispher', 'samsung', 'googl', '2', 'top', 'dog', 'wouldnt', 'buy', 'anyth', 'made', 'oneplu', 'shut', 'north', 'america', 'believ', 'im', 'mistaken', 'get', 'repl']"
vivo X300 Ultra,"['bought', 'final', '5th', 'day', 'hope', 'get', 'next', 'month']"
vivo X300 Ultra,"['posit', 'comment', 'site', 'found', 'interest', 'igen']"
vivo X300 Ultra,"['find', 'x7', 'ultra', 'unless', 'use', 'uw', 'time', 'x6', 'pro', 'uw', 'cam', 'better', 'easili', 'everyth', 'el', 'better', 'x7u']"
Moto G Stylus (2026),"['2024', 'g', 'stylu', 'love', 'best', 'phone', 'ive', 'year']"
Moto G Stylus (2026),"['tmo', 'current', 'sell', 'phone', '189', 'price', 'amaz', 'deal', '2025', 'model', 'dont', 'see', 'reason', 'upgrad', 'everyon', 'tire', 'pay', 'flagship', 'price', 'mid', 'phone', 'great', 'option', 'sore', 'miss']"
Moto G Stylus (2026),"['2024', 'version', 'best', 'phone', 'ever', 'own', 'found', 'past', 'samsung', 'googl', 'phone', 'expens', 'lot', 'less', 'featur']"
Infinix Note 60 Ultra,"['bought', 'phone', 'second', 'thought', 'super', 'love', 'design', 'perform', 'work', 'dan', 'daili', 'driver', 'talk', 'poco', 'samsung', 's25fe', 'xiaomi', 'realm', 'bore', 'phone', 'great', 'deal', 'price', 'own', 'huaw']"
Infinix Note 60 Ultra,"['price', 'much', 'phone', 'midrang', 'processor']"
Infinix Note 60 Ultra,"['u', 'root', 'infinix', 'devic', 'easili']"
Oppo Find X9 Ultra,"['advertis', '100w', 'charg', 'peak', '83w']"
Oppo Find X9 Ultra,"['phone', 'amaz', 'batteri', 'camera', 'compar', 's24', 'ultra', 'run', 'fast', 'compat', 'speed', 'test', 'like', 'open', 'app', 'etc', 'side', 'side', '100x', 'zoom', 'differ', 'stagger', 'manag', 'get', 'deal', 'uk', '9']"
Oppo Find X9 Ultra,"['yep', 'your', 'completli', 'right', 'price', 'austria', 'horrend', 'well', 'think', '1700', 'even', 'coupon', '512gb', '12gb', 'version', 'alreadi', 'xiaomi', '15', 'ultra', 'wont', 'buy', 'phone', 'anytim', 'soo']"
vivo V70 FE,"['guess', 'next', 'one', 'oppo', 'find', 'x9', 'ultra', 'launch', 'today', 'china', 'speaker', 'test', 'plu', 'oppo', 'seem', 'suppli', 'major', 'review', 'theyr', 'advertis', 'chine', 'launch', 'global', 'launch']"
vivo V70 FE,"['camera', 'like', '200mp', '20mp']"
vivo V70 FE,"['vivo', 'copi', 'samsung', 'lol', 'dont', 'idea', 'steal', 'compani', 'lol']"
Samsung Galaxy A37,"['huh', 'blab']"
Samsung Galaxy A37,"['500', 'dip', '400', 'within', '1', 'month', 'bco', 'samsung', 'phone', 'worthless', 'ppl', 'simpli', 'wait', 'buy', '200', 'buy', 'better', 'brand', 'samsung', 'entir', 'product', 'price', 'strategi', 'refer']"
Samsung Galaxy A37,"['nobodi', 'say', 'flagship', 'model', 'less', 'superior']"
Samsung Galaxy A57,"['recent', 'samsung', 'kill', 'advantag', 'seri', 'phone', 'start', 'a36a56a57', 'remov', 'sdcard', 'slot', 'work', 'phone', 'repair', 'shop', 'get', 'custom', 'daili', 'unfix', 'brokensmash', 'phone', 'look', 'tra']"
Samsung Galaxy A57,"['quit', 'exyno', '1680', 'sd', '8', 'gen', '1', 'lot', 'effici', 'real', 'life', 'httpsnanoreviewnetensoccomparesamsungexynos1680vsqualcommsnapdragon8gen1']"
Samsung Galaxy A57,"['nokia', '232', 'analog']"
OnePlus Nord 6 hands-on,"['imag', 'batteri', 'capac', 'show', '7500', 'mah', '7500mah', '80w']"
OnePlus Nord 6 hands-on,"['talk', 'xiaomi', 'king', 'adb', 'phone', 'easi', 'custom', 'adb']"
OnePlus Nord 6 hands-on,"['softwar', 'poco', 'dog', 'water', 'mean', 'hypero', '3', 'everybodi', 'hate', 'crap', 'wast', 'complet', 'lock', 'bare', 'run', 'adb', 'command', 'buy', 'iphon', 'rate', 'least', 'softwar', 'wont', 'childish']"
Nothing Phone (4a) Pro,"['peopl', 'like', 'design', 'would', 'pay', 'giant', 'premium', 'design', 'specif', 'one', 'look', 'like', 'kid', 'space', 'phone']"
Nothing Phone (4a) Pro,"['sinc', '500', 'flagship', 'price', 'phone', 'year', '2026', 'flagship', 'would', 'asum', 'mean', 'poco', 'x8', 'ultra', 'okay', 'oppo', 'find', 'x9', 'ultra', 'cost', '1800', 'poco', 'x8', 'ultra', 'much', 'cheaper', 'also', 'flagship']"
Nothing Phone (4a) Pro,"['welp', 'mayb', 'peopl', '2', 'braincel', 'brain', 'sure', 'may', 'seem', 'like', '4a', 'pro', 'mediocr', 'chip', 'mediocr', 'camera', 'small', 'batteri', 'slow', 'charg', 'high', 'price', 'consid', 'process', 'inform']"
Nothing Phone (4a),"['doesnt', 'ip69', 'ip68', 'anyth', 'cheaper', 'long', 'lot', 'phone', 'bulk', 'need', 'coat', 'besid', 'brand', 'provid', 'there', 'excus', 'noth', 'tight', 'market', 'hav']"
Nothing Phone (4a),"['call', 'ip69', 'excess', 'overkil', 'justifi', 'low', 'end', 'midrang', 'smartphon', 'ip69', 'rate', 'achiev', 'ip69', 'get', 'realli', 'costli', 'hardwar', 'wise', 'flagship', 'phone', 'doesnt', 'seem', 'much', 'cost', 'wise', 'hav']"
Nothing Phone (4a),"['probabl', 'dont', 'even', 'know', '80']"
Oppo Find N6,"['oppo', 'find', 'n6', 'way', 'better', 'galaxi', 'fold', 'z7', 'chang', 'z7', 'n6', 'better', 'everi', 'singl', 'way', 'except', 'mayb', 'speaker', 'use', 'speaker', 'phone', 'anyway', 'dont', 'understand', 'samsung', 'charg']"
Oppo Find N6,"['oppo', 'find', 'n6', 'id', 'say']"
Oppo Find N6,"['disappoint', 'opinion', 'meaningless', 'pursuit', 'invis', 'fold', 'flexibl', 'display', 'practic', 'pointless', 'bring', 'better', 'user', 'experi', 'vivo', 'x', 'fold3', 'pro', '2', 'year']"
Xiaomi Pad 8 Pro,"['12', 'bit', 'dither']"
Xiaomi Pad 8 Pro,"['lol', 'npc', 'actual', 'answer', 'u', 'use', 'chat', 'gpt', 'come', 'detail', 'answer']"
Xiaomi Pad 8 Pro,"['middl', 'desert', 'also', 'assum', 'there', 'cellular', 'servic', 'isnt', 'dead', 'anyway', 'would', 'need', 'sat', 'capabl', 'phone', 'like', 'one', 'iphon', 'newer', 'pixel', 'samsung']"
Poco X8 Pro,"['review', 'go', 'phone', 'support', 'hire', 'audio', 'via', 'usbc', 'wireless', 'via', 'bluetooth', 'xiaomi', 'websit', 'spec', 'state', 'hire', 'hire', 'audio', 'wireless', 'certif', 'dolbi', 'atmo', 'biggest', 'reason', 'id', 'buy', 'phone']"
Poco X8 Pro,"['appl', 'effect', 'everyon', 'see', 'anticonsum', 'thing', 'appl', 'get', 'away', 'want', 'copi']"
Poco X8 Pro,"['reread', 'comment', 'get']"
Apple iPhone 17e,"['unfortun', 'enough', 'deal', 'io', 'job', 'daili', 'basi', '6', 'whole', 'year', '3', 'separ', 'devic', '6', '11', '14pro', 'honestli', 'idea', 'peopl', 'use', 'frustratingli', 'restrict', 'bafflingli', 'anti', 'consum', 'c']"
Apple iPhone 17e,"['im', 'deni', 'peopl', 'use', 'camera', 'holiday', 'lot', 'peopl', 'matter', 'peopl', 'dont', 'care', 'photographi', 'agre', 'peopl', 'use', 'smartphon', 'nowaday', 'main', 'camera', 'holiday']"
Apple iPhone 17e,"['dont', 'live', 'real', 'life', '20002010', 'peopl', 'use', 'mostli', 'compact', 'holidayi', 'use', 'a1100', '2016', 'last', 'one', 'soni', 'dscp73', 'nowaday', 'peopl', 'mostli', 'use', 'smartphon', 'that', 'see', 'everywher']"
Poco X8 Pro Max,"['im', 'sorri', 'alway', 'skip', 'great', 'futur', 'like', '4k', 'display', 'hdmi', '8k', 'video', 'record', '35mm', 'jack', 'card', 'slot', 'evolut', '7', 'year', 'go', 'samsung', 's10']"
Poco X8 Pro Max,"['amaz', 'batteri']"
Poco X8 Pro Max,"['dimens', '9500', 'slightli', 'upgrad', 'version', 'much', 'power', 'dimens', '9400', 'last', 'year', 'flagship', 'chip', 'common', 'sen', 'xiaomi', 'b2b', 'mediatek', 'purchas', 'chip', 'last', 'year', 'mani', 'quantiti', 'wh']"
Google Pixel 10a,"['imma', 'get', '10a', 'also', 'therapi', 'buyer', 'remors', 'fing', 'expens', 'eu', 'gusi', '600', 'actual', 'f', 'greedgl']"
Google Pixel 10a,"['ye', 'still', 'substanti', 'upgrad', 'manag', 'squeez', '340', 'cycl', '7a', 'batteri', 'life', 'still', 'reason', 'im', 'suspect', 'provid', 'cycl', 'like', '1000', '10a', 'arent', 'youll', 'get', 'real', 'world', 'think', '7a']"
Google Pixel 10a,"['true', 'everi', 'brand', 'though']"
Samsung Galaxy S26,"['wellthank', 'thank', 'youi', 'would', 'never', 'buy', 'chine', 'trashand', 'watch', 'o', 'everi', 'day']"
Samsung Galaxy S26,"['love', 'mineno', 'problem', 'exyno', 'one', 'ui', '85', 'excel', 'also', 'take', 'excel', 'photo', 'day', 'night']"
Samsung Galaxy S26,"['trade', 'motorola', 'razr', '50', 'ultra', 'one', 'local', 'store', 'trade', 'cost', '410', 's26', 'watch', '8']"
Samsung Galaxy S26+,"['camera', 'almost', 'ident', 'four', 'year', 'ago', 'galaxi', 's22', 'yet', 'that', 'list', 'con']"
Samsung Galaxy S26+,"['nah', 'actual', 'find', 'new', 'one', 'price', 'vat']"
Samsung Galaxy S26+,"['isnt', 'ultra', 'snapdragon', '100mah', 'batteri', 'even', 'lost', 'exyno', 'plu']"
vivo V70,"['idk', 'pro', 'max', 'dont', 'sell', 'offlin', 'live', 'saw', 'x8', 'pro', 'haptic', 'motor', 'xiaomi', 'midrang', 'xaxi', 'motor', 'pretti', 'small', 'feedback', 'isnt', 'nice', 'flagship', 'model']"
vivo V70,"['trend', 'current', 'wingtech', 'design', 'part', 'space', 'intend', 'vibrat', 'use', 'batteri', 'expand', 'space', 'case', 'batteri', 'may', 'chanc', 'inflat', 'despit', 'sic', 'ba']"
vivo V70,"['agre', 'vivo', 'taken', 'fatal', 'step', 'midrang', 'phone', 'especi', 'term', 'camera', 'emphas', 'photographi', 'capabl', 'mean', 'ad', 'telephoto', 'len', 'major', 'downgrad', 'ultrawid', 'len']"
Samsung Galaxy S26 Ultra,"['score', '42', 'max', 'better', 'honor', 'magic8', 'pro']"
Samsung Galaxy S26 Ultra,"['s10', 'amaz', 'screen', 'idk', 'complain', 'curv', 'beauti', 'im', 'type', 'messag', 's10']"
Samsung Galaxy S26 Ultra,"['curv', 'screen', 'didnt', 'get', 'galaxi', 'ultra', 'earlier', 'get', 'one', 's24', 'ultra', 'cant', 'stand', 'curv', 'screen', 'worst', 'absolut', 'hate', 'curv', 'screen', 'galaxi', 's10', 's8']"
Google Pixel 10a hands-on,"['lower', 'batteri', 'life']"
Google Pixel 10a hands-on,"['hand', 'neg', 'odd', 'gsma', 'gener', 'samsung', 'exact', 'thing', '26seri', 'review']"
Google Pixel 10a hands-on,"['tri', 'xiaomi', 'call', 'record', 'box']"
Tecno Camon 50 Ultra,"['how', 'experi', 'camon', '40', 'premier', 'far']"
Tecno Camon 50 Ultra,"['year', 'camon', 'hasnt', 'quit', 'excit', 'much', 'infinix', 'note', '60', 'ultra', 'tecno', 'sibl', 'appeal', 'sinc', 'fast', 'wire', 'wireless', 'charg', 'icon', 'design', 'plu', 'stronger', 'mtk', 'd8400', 'chipset', 'im', 'w']"
Tecno Camon 50 Ultra,"['oh', 'look', 'samsung', 'actual', 'stuff', 'box']"
Xiaomi 17,['esim']
Xiaomi 17,"['china', 'version', 'way', 'cheaper', 'bigger', 'batteri', 'cnhypero', 'cn', 'english', 'languag', 'esim']"
Xiaomi 17,"['httpswwwyoutubecomwatchvxj6ysrwgwzi', 'samsung', 's25', 'xiaomi', '17', 'iphon', '10', 'googl', 'pixel', '10', 'xiaomi', 'top', 'video', 'techmo']"
Xiaomi 17 Ultra (Global),"['galaxi', 's3', 'reason', 'dont', 'touch', 'samsung', 'phone']"
Xiaomi 17 Ultra (Global),"['think', 'xiaomi', 'use', 'boe', 'display', 'samsung', 'that', 'sure']"
Xiaomi 17 Ultra (Global),"['anyon', 'know', 'whether', 'display', 'samsung', 'thnx']"
"Samsung Galaxy S26 Ultra, S26 Plus and S26 hands-on",['huh']
"Samsung Galaxy S26 Ultra, S26 Plus and S26 hands-on","['prove', 'point']"
"Samsung Galaxy S26 Ultra, S26 Plus and S26 hands-on","['sound', 'like', 'wast', 'money', 'given', 'updat', 'yoy', 'small', 'your', 'marri', 'galaxi', 'id', 'upgrad', 'everi', '3', 'year']"
Poco M8 5G,"['snapdragon', '6', 'gen', '3']"
Poco M8 5G,"['offer', 'best', 'money', 'alway', 'motorola', 'samsung', 'modelsnot', 'samsung', 'ofc', 'other', 'good', 'like', 'fairphon', 'cmf', 'hmd', 'etc', 'peopl', 'buy', 'anyth', 'aa', 'overpr', 'possibl']"
Poco M8 5G,"['m8', 'definit', 'better', 'x7']"
Poco Pad M1,"['ye', 'sure', 'across', 'eu', 'state', 'czechia', 'poland', 'sell', 'eu', 'ver', 'tablet', 'pretti', 'cheap', 'consid', 'perform']"
Poco Pad M1,"['sold', 'europ']"
Poco Pad M1,"['mean', 'recommend', 'way', 'curiou', 'tnx']"
Motorola Signature,"['believ', 'guy', 'didnt', 'get', 'test', 'continu', 'selfi', 'video', 'white', 'balanc', 'seriou', 'strobelik', 'effect']"
Motorola Signature,"['also', 'extra', 'dim', 'quick', 'menu', 'motorola', 'g31', 'android', '12', 'guess', 'also', 'signatur']"
Motorola Signature,"['wait', 'vivo', 'x300', 'fe', 'guy']"
Realme P4 Power,"['miss', 'stereo', 'speaker', 'better', 'tripl', 'camera', 'rear', 'instead', 'fake', 'camera', 'len', 'least', 'cool', 'fan', 'provid', 'fake', 'camera']"
Realme P4 Power,"['sadli', 'nfc', 'onboard']"
Realme P4 Power,"['ever', 'go', 'becom', 'avail', 'europ', 'batteri', 'capac', 'go', 'look', 'like']"
Moto G & G Play (2026),"['lmao', 'best', 'comment', 'page']"
Moto G & G Play (2026),['2021']
Moto G & G Play (2026),"['nice', 'phone']"
Infinix Note Edge,"['u', 'easili', 'unlock', 'bootload', 'unlock', 'root', 'account', 'infinix', 'phone', 'next', 'phone', 'might', 'well', 'infinix', 'phone', 'im', 'fed', 'xiaomi', 'alway', 'imit', 'appl', 'samsung']"
Infinix Note Edge,"['well', 'dont', 'defend', 'bad', 'optim', 'phone', 'easili', 'outlast', 'other', 'ill', 'stop', 'complain', 'simpli', 'bad', 'batteri', 'life']"
Infinix Note Edge,"['bro', 'get', 'flagship', 'phone', 'stop', 'complain', 'mid', 'rage', 'afford', 'phone', 'like', 'infinix', 'tecno']"
OnePlus Pad Go 2,"['unit', 'develop', 'larg', 'black', 'patch', 'screen', 'within', 'week', 'purchas']"
OnePlus Pad Go 2,"['ive', 'alway', 'wonder', 'old', 'man', 'tri', 'look', 'young', 'take', 'selfi', 'tablet', 'would', 'look', 'like', 'thank', 'review', 'know']"
OnePlus Pad Go 2,"['that', 'avoid', 'oneplu', 'realm', 'like', 'plagu']"
Xiaomi Redmi Note 15 5G,"['network', 'speed', '600mbp', 'super', 'speed', 'high', 'camera', 'qualiti', 'display', 'edg', 'vivid', 'colour', 'waterproof', 'better', 'iphon', 'samsung']"
Xiaomi Redmi Note 15 5G,"['o', 'still', 'call', 'home', 'bloat', 'stutter', 'screen', 'protect']"
Xiaomi Redmi Note 15 5G,"['samsung', 'solid', 'ole', 'technolog', 'suck', 'cant', 'make', 'good', 'samsung', 'phone', 'ip', 'lcd', 'display']"
Oppo Reno15,"['overal', 'camera', 'oppo', 'reno', '15', '5g', 'good', 'slightli', 'shaki', 'issu', 'solv', 'issu', 'updat', 'much', 'need']"
Oppo Reno15,"['want', 'ask', 'bruh', 'phone', 'oppo', 'reno15', 'audio', 'record', 'like', 'iphon', 'whu', 'record', 'wide', 'stereo', 'audio', 'besid', 'smoother', 'transit', 'wide', 'ultrawid', 'len']"
Oppo Reno15,"['mani', 'o', 'updat', 'get']"
RedMagic 11 Air,"['phone', 'spent', 'time', 'orang', 'drop', 'red', 'cool', 'fan', 'activ', 'compar', 'gimmick']"
RedMagic 11 Air,"['well', 'activ', 'cool', 'shoulder', 'button', 'strong', 'processor', '499', 'that', 'freak', 'good', 'packag', 'that', 'price']"
RedMagic 11 Air,"['dont', 'understand', 'phone', 'red', 'magic', '11', 'given', 'much', 'attent', 'call', 'game', 'phone', 'way', 'compar', 'phone', 'previou', 'flagship', 'phone', 's24', 'know', 'wht']"
OnePlus 15R,"['come', 'grammar', 'nazzi']"
OnePlus 15R,['locat']
OnePlus 15R,"['terribl', 'servic', 'zero', 'support', 'warn', 'buy', 'want', 'warn', 'everyon', 'compani', 'approach', 'custom', 'phone', 'arriv', 'servic', 'center', 'februari', '27th', 'warranti', 'repair', 'late', 'march', 'thi']"
Xiaomi 17 Ultra Leica Edition,"['s25', 'ultra', 'still', 'stuck', '2017', '8bit', 'panel', 'real', 'weak', 'point', 'inexcus', 'samsung', 'everyon', 'el', 'better', 'regard', 'almost', 'reveiw', 'either', 'gloss', 'undersel', 'import', 'nobodi', 'want', 'loo', 'ou']"
Xiaomi 17 Ultra Leica Edition,"['un', 'special', 'provis', '188', '49', 'cfr', '173185', 'limit', 'batteri', '20watt', 'hour', 'requir', 'special', 'danger', 'good', 'ship', 'make', 'prohibit', 'expens', 'sell', 'batteri', 'larger', '6000mha', 'phone', 'unit', 'state', 'europ']"
Xiaomi 17 Ultra Leica Edition,"['smartphon', 'brand', 'huawei', 'ban', 'u', 'chine', 'brand', 'choos', 'enter', 'u', 'market']"
Moto G Power (2026),"['would', 'want', 'anyth', 'electron', 'china', 'secur', 'massiv', 'issu', 'that', 'theyr', 'well', 'space', 'cheap']"
Moto G Power (2026),"['think', 'trump', 'want', 'everyon', 'buy', 'phone', 'trump', 'phone']"
Moto G Power (2026),"['phone', 'market', 'u', 'realli', 'damag', 'buyer', 'buy', 'motorola', 'phone', 'carrier', 'lock', 'cheaper', 'basic', 'per', 'month', 'instal']"
Oppo Reno15 Pro (mini),"['went', 'iphon', '25', 'pro', 'galaxi', 's25', 'bought', 'guy', 'sale', 'best', 'phone', 'ive', 'use', 'easi', 'absolut', 'incred', 'batteri', 'life']"
Oppo Reno15 Pro (mini),"['phone', 'macro', 'pictur']"
Oppo Reno15 Pro (mini),"['eye', 'strain', 'irrit', 'issu', 'especi', 'read', 'night', 'time', 'tri', 'eye', 'care', 'adapt', 'tone', 'noth', 'help', 'sold', 'oppo', 'reno', '15', 'pro', 'mini', 'switch', 'back', 'pixel', 'never', 'eye', 'strain', 'issu', 'pixel', 'past', '7', 'yea']"
Realme 16 Pro+,"['well', 'transfer', 'photo', 'comput', 'work', 'file', 'name', 'time', 'taken']"
Realme 16 Pro+,"['havent', 'tri', '3rd', 'parti', 'app', 'yet', 'would', 'expect', 'would', 'work', 'main', 'sensor', 'anyway', 'per', 'usual', 'unfortun']"
Realme 16 Pro+,"['use', 'three', 'lens', 'third', 'parti', 'camera', 'app', '14', 'pro', 'plu', 'wide', 'angl', 'len', 'avail']"
Honor Magic8 Pro,"['honor', 'esim', 'cooler', 'samsung', 'galaxi', 's26', 'ultra', 'dont', 'lie']"
Honor Magic8 Pro,"['overheat', 'lot', 'support', 'esim', 'despit', 'paper', 'eurp', 'one']"
Honor Magic8 Pro,"['realli', 'want', 'get', 'honor', 'phone', 'due', 'softwar', 'howev', 'telephoto', 'good', 'enough', 'photographi', 'kit', 'avail', 'purchas', 'anywher', 'big', 'disappoint', 'advertis', 'much', 'ma']"
Poco M8 Pro,"['societi', 'realli', 'degenr', 'cant', 'even', 'use', 'googl']"
Poco M8 Pro,"['revok', 'agreement', 'term', 'msa', 'app', 'ad', 'servic', 'googl', 'friend']"
Poco M8 Pro,"['redmi', 'note', '15', 'seri', 'includ', 'pro', 'avail', 'eu', 'micom', 'shop']"
The Pro cameraphone comparison: Honor vs Oppo vs Vivo,"['batteri', 'europ', 'oppo', 'better', 'worldwid', 'honor', 'better', 'choic']"
The Pro cameraphone comparison: Honor vs Oppo vs Vivo,"['iphon', 'even', 'wors', 'camera', 'lmao']"
The Pro cameraphone comparison: Honor vs Oppo vs Vivo,"['review', 'pretti', 'much', 'sum', 'havent', 'set', 'expect', 'high', 'three', 'downgrad', 'year', 'ago', 'ai', 'slop', '3', 'agre', 'take', 'iphon', 'nowaday', 'sadli']"
Best-sounding phones and tablets we tested in 2025,"['ye', 'poco', '21', 'system', 'graphic', 'improv', 'low', 'frequenc', 'decreas', 'bigger', 'improv', 'iphon', 'test', 'seem', 'glorifi', 'iphon']"
Best-sounding phones and tablets we tested in 2025,"['agre', 'come', 'expens', 'high', 'want', 'trebl', 'select', '3d', 'surround', 'sound', 'featur', 'lose', 'bass', 'found', 'standard', 'set', 'ident', 'sound', 'premium', 'bass', 'set', 'hope', 'h']"
Best-sounding phones and tablets we tested in 2025,"['seem', 'smartphon', 'higher', 'qualiti', 'speaker', 'rog', 'phone', '7', 'appear', 'yet']"
Huawei Mate X7,"['think', 'would', 'right', 'time', 'get', 'huawei', 'mate', 'x8', 'x9', 'durabl', 'ip58', 'ip59']"
Huawei Mate X7,"['way', 'get', 'googl', 'play', 'store', 'full', 'gm', 'experi', 'microg', 'aurora', 'store', 'check', 'first', 'huawei', 'alreadi', 'instal', 'microg', 'instal', 'aurora', 'store', 'download', 'fullsiz', 'store', 'seem', 'adfre', 'unlik', 'apk', 'websit']"
Huawei Mate X7,"['dont', 'know', 'man', 'seem', 'fell', 'trap', 'judg', 'anyth', 'accord', 'peopl', 'garante', 'give', 'accur', 'result', 'conclus', 'must', 'tri', 'give', 'thought', 'share', 'other']"
Xiaomi Redmi Note 15 Pro 5G,"['smoothest', 'phone', 'earth', 'doesnt', 'feel', 'differ', 'sd865', 'phone', 'admittedli', 'stutter', 'happen', 'game', 'launch', 'app', 'breez', 'latest', 'updat', 'also', 'buggi', 'app', 'switcher', 'lite']"
Xiaomi Redmi Note 15 Pro 5G,"['worth', 'mention', 'pro', 'lack', 'sd', 'card', 'slot', 'note', '15']"
Xiaomi Redmi Note 15 Pro 5G,"['redmi', '15', 'pro', '5g']"
Xiaomi Redmi Note 15 Pro+,"['25', 'water', 'resist', 'fail', 'normal', 'use', 'advertis', 'redmi', 'note', '15', 'pro', 'ip', 'rate', 'live', 'claim', 'bought', 'phone', 'specif', 'advertis', 'water', 'resist', 'within', 'one', 'month', 'fingerprint', 'sensor', 'fail']"
Xiaomi Redmi Note 15 Pro+,['realli']
Xiaomi Redmi Note 15 Pro+,"['13', 'pro', 'better', '14', 'pro', 'though']"
OnePlus 15R hands-on,"['funni', 'critic', 'phone', 'get', 'still', 'better', 'liter', 'everi', 'phone', 'price', 'point', 'got', '556', '120w', 'charger', 'bud', '4', 'im', 'sure', 'itll', 'last', 'least', '4', 'year', 'without', 'give', 'ba']"
OnePlus 15R hands-on,"['prefer', 'even', 'heavier', 'phone', 'look', '220gram', 'oneplu', 'manufactur', 'get', 'close', 'well', 'done', 'kid', 'know', 'cheap']"
OnePlus 15R hands-on,"['yeah', 'like', 'said', 'realli', 'issu', 'area', 'reli', 'band', '20', 'urban', 'area', 'town', 'citi', 'even', 'mani', 'villag', '4g', 'band', 'like', 'issu', 'rural', 'area', 'band', '20', 'may']"
Huawei Mate X7 hands-on,"['get', 'nfc', 'payment', 'useless', 'even', 'pay', 'qr', 'code', 'futur', 'payment', 'onlin', 'support', 'basic', 'almost', 'problem']"
Huawei Mate X7 hands-on,"['huawei', 'honor', 'huawei', 'premium', 'product', 'far', 'understand', 'involv', 'also', 'independ', 'alreadi', 'think', 'know', 'googl']"
Huawei Mate X7 hands-on,"['approach', 'googl', 'orient', 'that', 'get', 'everyth', 'wrong']"
Honor Magic8 Lite,"['honor', 'x9d']"
Honor Magic8 Lite,"['latinamerica', 'come', 'charger', 'case', 'also', 'batteri', 'seem', 'bigger', '8400mah', 'that', 'offici', 'store', 'say', 'mayb', 'eu', 'thing', 'regul']"
Honor Magic8 Lite,"['456', 'eur', 'got', 'realm', 'ggt', '7', '51212', 'version', 'think', 'far', 'better', 'option', 'money', 'phone']"
Nothing Phone (3a) Lite,"['uf', '31']"
Nothing Phone (3a) Lite,"['fact', 'support', 'esim']"
Nothing Phone (3a) Lite,"['theyr', 'european', 'brand', 'market', 'afaik']"
Poco F8 Pro,"['open', 'bootload', 'phone', 'fix', 'problem']"
Poco F8 Pro,"['camera', 'test', 'hdr']"
Poco F8 Pro,"['gsmarena', 'plea', 'clarifi', 'f8', 'pro', 'max', '280015gip', 'averag', 'avg', '241372gip', 'x8', 'pro', 'max', 'max', '522138gip', 'avg', '317459gip', 'x7', 'pro', 'max', '322407gip', 'avg', '266952gip', 'one', 'think', 'x7', 'pro', 'beat', 'f8', 'pro', 'x8pm', 'beat']"
Poco F8 Ultra,"['phone', 'go', 'im', 'think', 'buy']"
Poco F8 Ultra,"['xiaomi', 'least', 'monthli', 'softwar', 'updat', 'arent', 'secur', 'patch', 'poco', 'f8', 'ultra', 'actual', 'quarterli']"
Poco F8 Ultra,"['secur', 'updat', 'biggest', 'bullshido', 'market', 'thing']"
iQOO 15,"['wonder', 'get', 'motorola', 'signatur', 'avail', '12256', 'config', 'countri', 'oneplu', 'realm']"
iQOO 15,"['doesnt', 'iqoo', '15', 'use', '50w', 'wireless', 'charger', 'like', 'poco', 'f8', 'ultra']"
iQOO 15,"['experi', 'good', 'overal', 'aspect', 'better', 'game', 'experi', 'build', 'chip', 'balanc', 'stabil', 'camera', 'softwar', 'hardwar', 'etc', 'particularli', 'case', 'use', 'phone', 'long', 'game', 'high', 'perform']"
Motorola Edge 70,"['abhorr', 'word', 'part', 'sound', 'ai', 'gener', 'inde']"
Motorola Edge 70,"['see', 'camera', 'island', 'four', 'ring', 'hous', '50mp', 'primari', '50mp', 'ultrawid', 'camera', 'plu', 'led', 'flash', 'fourth', 'ring', 'appear', 'decor', 'one', 'symmetr', 'purpos', 'fourth', 'ring', 'isnt', 'decorati']"
Motorola Edge 70,"['first', 'bro', 'skibidi', 'expect', 'ultrathin', 'phone', 'buy', 'regular', 'size', 'one', 'want', 'good', 'sound', 'speaker', 'btw', 'rare', 'even', 'use', 'speaker', 'phone', 'much', 'rather', 'prepher', 'good', 'sound', 'headphon', 'second', 'br']"
Realme GT 8 Pro,"['real', 'flagship', 'killer', 'also', 'cost', '2x', 'less', 'overpr', 'iphon']"
Realme GT 8 Pro,"['kabayan', 'ger', 'china', 'rom', 'realm', 'gt8', 'pro', 'via', 'lazada', 'way', 'cheaper', 'safer', 'china', 'rom', 'alway', 'get', 'latest', 'major', 'firmwar', 'updat', 'secur', 'updat', 'bug', 'fix', 'realm']"
Realme GT 8 Pro,"['stupid', 'take', 'realli', 'think', 'lcd', 'panel', 'dont', 'problem', 'look', 'border', 'burn', 'issu', 'touch', 'sensit', 'problem', 'phone', 'lcd', 'panel']"
RedMagic 11 Pro,"['1tb', '24gb', 'ram', 'good', 'spec', 'red', 'magic', 'phone', 'alway', 'excel', 'hardwar', 'flagship', 'snapdragon', 'soc', 'builtin', 'fan', 'cool', 'red', 'magic', 'alway', 'good', 'softwar', 'would', 'much', 'prefer', 'pop', 'camera', 'screen', 'camera', 'se']"
RedMagic 11 Pro,"['great', 'phone', 'altogetherand', '35', 'jack', 'even', 'betterthi', 'phone', 'take', 'pictur', 'like', 'iphon', 'galaxi', 'pictur', 'video', 'look', 'good', 'photographi', 'would', 'rather', 'buy', 'canon', 'n']"
RedMagic 11 Pro,"['rm11', '16512', 'subzero', 'silver', 'version', 'cool', 'phone', 'great', 'look', 'warp', 'speed', 'fast', 'deliveri', 'time', 'unreal', 'order', 'saturday', 'got', 'follow', 'wednesday', 'that', 'fast', 'excel', 'phone', 'around', 'truli', 'innov']"
Honor Magic8 Pro hands-on,['agre']
Honor Magic8 Pro hands-on,"['long', 'wait', 'review', 'honor', 'magic', '8', 'pro']"
Honor Magic8 Pro hands-on,"['see', 'proper', 'review', 'dont', 'mean', 'compress', 'youtub', 'video', 'full', 'resolut', 'sampl', 'like', 'gsmarena', 'provid', 'dxomark', 'opinion', 'still', 'isnt', 'worth', 'dime', 'wait', 'one', 'wont']"
OnePlus 15,"['speaker', 'setup', 'hybrid', 'one', 'state', 'review', 'use', 'symmetr', 'speaker']"
OnePlus 15,['ye']
OnePlus 15,"['peopl', 'serious', 'undermin', 'simpl', 'fact', 'batteri', 'doubl', 'lifespan', 'sinc', 'charg', 'cycl', 'halv', 'entir', 'life', 'batteri', 'usag']"
nubia Z80 Ultra,"['love', 'phone', 'quick', 'fluid', 'full', 'screen', 'amaz', 'batteri', 'unbeliev', 'goodi', 'disabl', 'app', 'serious', 'good', 'devic', 'camera', 'brilliant', 'selfi', 'bad', 'dont', 'realli', 'use', 'itfor', 'p']"
nubia Z80 Ultra,"['love', 'phone', 'quick', 'fluid', 'full', 'screen', 'amaz', 'batteri', 'unbeliev', 'goodi', 'disabl', 'app', 'serious', 'good', 'devic', 'camera', 'brilliant', 'selfi', 'bad', 'dont', 'realli', 'use', 'itfor', 'p']"
nubia Z80 Ultra,"['xiaomi', 'softwar', 'actual', 'pretti', 'fluid', 'featur', 'pack', 'disabl', 'ad', 'nonsens', 'im', 'say', 'agre', 'ad', 'bake', 'phone', 'dont', 'softwar', 'pretti', 'good', 'disabl', 'crap']"
vivo X300,"['play', 'hdr', 'content', 'camera', 'updat', 'good', 'improv', 'pro', 'mode', 'crush', 'hdr', 'scene', 'reddit', 'post', 'sampl', 'avail', 'cn', 'version', 'btw']"
vivo X300,"['updat', 'chine', 'global', 'version', 'bit', 'odd', 'thing', 'someth', 'affect', 'phone', 'someth', 'chang', 'screen', 'hdr', 'mode']"
vivo X300,"['updat', 'x300', 'user', 'sinc', 'novemb', 'softwar', 'updat', 'surpris', 'vivo', 'origino', 'gener', 'updat', 'alway', 'got', 'optim', 'updat', 'everi', '2', 'month', 'yeah', 'includ', 'secur', 'updat', 'googl', 'speaker', 'got', 'upd']"
vivo X300 Pro,"['doesnt', 'matter', 'disclos', 'batteri', 'size', 'test', 'phone', 'make', 'easi', 'realiz', 'inde', 'absolut', 'garbag', 'come', 'effici', 'one', 'reason', 'anoth', 'compar', 'rest']"
vivo X300 Pro,"['that', 'batteri', 'size', 'reduc', 'eu']"
vivo X300 Pro,"['look', 'actual', 'result', 'pisspoor', 'especi', 'western', 'version', 'even', 'though', 'batteri', 'size', 'impli', 'otherwis']"
Xiaomi 17 Pro Max,"['anyon', 'know', 'cant', 'access', 'full', 'galleri', '3rd', 'parti', 'app', 'chine', 'firmwar', 'phone']"
Xiaomi 17 Pro Max,"['esim', 'support', 'realli']"
Xiaomi 17 Pro Max,"['find', 'side', 'subject']"
Oppo Find X9 Pro,"['110', 'definit', 'upgrad', 's24', 'ultra', 'oppo', 'absolut', 'smoke', 'everi', 'depart', 'ive', 'sinc', 'launch', '5', 'month', 'thee', 'best', 'phone', 'ever', 'use', 'without', 'doubt', 'fi']"
Oppo Find X9 Pro,"['im', 'profession', 'photograph', 'mostli', 'event', 'portrait', 'use', '1', 'soni', 'a7iv', '1', 'nikon', 'z6ii', 'good', 'prime', 'lens', 'iphon', 'user', 'samsung', 'xiaomi', 'year', 'said', 'best', 'phone', 'camera', 'ive', 'eve']"
Oppo Find X9 Pro,"['thank', 'good', 'get', 'end', 'user', 'thought', 'use']"
Xiaomi Redmi Pad 2 Pro,"['buy', 'amaz', 'trie', 'bend']"
Xiaomi Redmi Pad 2 Pro,"['exampl', 'telia', 'baltic', 'countri', 'offer', 'wifi', '5g', 'version', 'buyer', 'chois']"
Xiaomi Redmi Pad 2 Pro,"['mean', 'there', '5g', 'version']"
vivo X300 & X300 Pro hands-on,"['your', 'never', 'go', 'carri', 'separ', 'camera', 'everywher', 'point', 'great', 'camera', 'phone', 'easili', 'time', 'captur', 'thing', 'otherwis', 'might', 'miss', 'reli', 'separ', 'camera']"
vivo X300 & X300 Pro hands-on,"['much', 'expens']"
vivo X300 & X300 Pro hands-on,"['point', 'buy', 'dslr', 'mirrorless', 'camera', 'better', 'phone', 'get', 'best', 'world']"
Xiaomi 17 Pro Max hands-on,"['work', 'perfectli', 'india', '5g', 'network', 'googl', 'playstor']"
Xiaomi 17 Pro Max hands-on,"['bought', 'china', 'outsid', 'china', 'work', 'global', 'unit', 'bought', 'china', 'im', 'china', 'right', 'plan', 'buy', 'one', 'wonder', 'gonna', 'work', 'outsid', 'china', 'well', 'think']"
Xiaomi 17 Pro Max hands-on,"['think', 'best', 'phone', 'ive', 'ever', 'come', 'across', 'fast', 'easi', 'use', 'youll', 'play', 'around', 'get', 'use', 'im', 'use', 'uk', 'dont', 'think', 'im', 'look', 'phone', 'lon']"
Samsung Galaxy Tab S11 Ultra,['ye']
Samsung Galaxy Tab S11 Ultra,"['ye', 'work', 'usa', 'want', 'sure', 'check', '3g', '4g', '5g', 'band', 'spec', 'see', 'suport', 'usa']"
Samsung Galaxy Tab S11 Ultra,"['s11', 'ultra', 'sold', 'usa', '5g', 'sim', 'card', 'capabl', 'european', 'version', 'work', 'usa', 'cellular', 'carrier']"
Xiaomi 15T,"['3h', 'usag', 'drop', '80', '40', 'mean', 'approxim', '10h', '100', '0', 'greatnot', 'terribl', 'question', 'level', 'bright']"
Xiaomi 15T,"['absolut', 'rubbish', 'thing', 'phone', 'hardwar', 'everyth', 'el', 'make', 'complet', 'worth', 'buy', 'camera', 'okay', 'use', 'extrem', 'photo', 'process', 'make', 'photo', 'look', 'unnatur', 'differ', 'th']"
Xiaomi 15T,"['bought', 'last', 'month', 'everyth', 'good', 'mayb', 'batteri', 'could', 'better', 'depend', 'price', 'could', 'nice', 'option', 'screen', 'huge', 'get', 'use', 'becom', 'posit']"
Xiaomi 15T Pro,"['anyon', 'bought', 'phone', 'recent', 'price', 'came', 'region', 'ive', 'wait', 'get', 'discount', 'nowaday', 'still', 'hover', '600', 'get', 'wors', 'currenc', 'get', 'weaker']"
Xiaomi 15T Pro,"['ye', 'sound', 'qualiti', '5050', 'use', 'poco', 'x6', 'wayyy', 'better', 'sound', 'qualiti', 'overal', 'powerful', 'beatiful', 'devic']"
Xiaomi 15T Pro,"['5', 'year', 'ago', 'still', 'great', 'phone', 'casual', 'user', 'ive', 'complaint', 'use']"
Apple iPhone 17 Pro,"['besid', 'compar', 'sound', 'qualiti', 'a56', 'shock', 'a56', 'samsung', 'midrang', '34', 'time', 'cheaper']"
Apple iPhone 17 Pro,"['root', 'ruli']"
Apple iPhone 17 Pro,"['consid', '2', 'gener', 'usbc', 'kind', 'given', 'power', 'brick', 'never', 'bother', 'lack', 'inclus', 'alway', 'buy', 'third', 'parti', 'brick']"
Honor Magic V Flip 2,"['everyth', 'u', 'complain', 'therewhich', 'version', 'u', 'use']"
Honor Magic V Flip 2,"['spelt', 'cook', 'wrong', 'crook']"
Honor Magic V Flip 2,"['coola', 'id', 'never', 'buy', 'android', 'googl', 'assist', 'doesnt', 'even', 'work', 'phone', 'close', 'like', 'ai', 'featur', 'edit', 'messag']"
Apple iPhone 17,"['tri', 'xiaomi', 'ecosystem', 'samsung', 'ecosystem', 'huawei', 'ecosystem', 'dont', 'lier']"
Apple iPhone 17,"['better', 'honor', '600', 'iphon', '17', 'differ', 'price', 'quit', 'import']"
Apple iPhone 17,"['phone', '01', 'pt', 'better', 'turd', 'noth', 'phone', '3', 'realli', 'realli']"
Apple iPhone Air,"['honestli', 'think', 'iphon', '17', 'air', 'one', 'misunderstood', 'iphon', 'appl', 'releas', 'year', 'came', 'iphon', '13', 'pro', 'max', '84', 'batteri', 'health', 'real', 'everyday', 'use', 'air', 'give', 'similar', 'batteri', 'life', 'synth']"
Apple iPhone Air,"['hello', 'dont', 'understand', 'guy', 'tell', 'camera', 'good', 'mean', 'look', 'car', 'number', 'plate', 'romania', '980', 'euro', 'price', 'huawei', '15t', 'pro', 'make', 'qualiti', 'pictur', 'cheaper', 'dont', 'pretens', 'appl']"
Apple iPhone Air,"['dude', 'realli', 'said', 'accord', 'artifici', 'intellig']"
Apple iPhone 17 Pro Max,"['digit', 'zoom', 'rang', '17', 'pro', 'max']"
Apple iPhone 17 Pro Max,"['realli', 'want', 'one', 'look', 'cool']"
Apple iPhone 17 Pro Max,"['well', 'said', 'camera', 'good']"
Realme P3 Ultra,"['add', 'sim', 'card', 'slot', 'ye', 'basic', 'smartphon', 'run', 'custom', 'rom']"
Realme P3 Ultra,"['use', 'cabl', 'perfect', 'comparison', 'ask']"
Realme P3 Ultra,"['angri', 'old', 'man', 'yell', 'cloudsmp3']"
Samsung Galaxy A07 4G,"['wrong', 'tecno', 'infinix', 'phone', '10', 'time', 'better', 'samsung', 'galaxi', 'a07', 'come', 'budget', 'midrang', 'provid', 'excel', 'build', 'qualiti', 'better', 'spec', 'valu', 'money']"
Samsung Galaxy A07 4G,"['phone', 'get', 'hot', 'quickli', 'lot', 'im', 'concern', 'batteri', 'run', 'fast', 'especi', 'internet', 'connect', 'switch']"
Samsung Galaxy A07 4G,[]
Google Pixel 10 Pro XL,"['ill', 'wait', 'oneplu', '16', 'go', 'monster']"
Google Pixel 10 Pro XL,"['honest', 'get', 'warm', 'sometim', 'that', 'good', 'doesnt', 'get', 'super', 'hot', 'like', 'warm', 'sometim', 'honestli', 'that', 'real', 'innov', 'phone', 'warm', 'nokia', 'havent', 'done']"
Google Pixel 10 Pro XL,"['depend', 'purpos', 'u', 'buy', 'phone', 'want', 'phone', 'good', 'game', 'choos', 'oneplu', '15', 'want', 'use', 'phone', 'long', 'term', 'choos', 'googl', 'pixel', 'phone']"
Sony Xperia 10 VII,['beauti']
Sony Xperia 10 VII,"['name', 'none', 'em', 'sd', 'card', 'slot', 'headphonejack']"
Sony Xperia 10 VII,"['get', 'week', 'never', 'use', 'phone', 'turn']"
Samsung Galaxy S25 FE,"['great', 'phone', 'like', 'camera', 'process', 'navig', 'app', 'easi', 'nice', 'phone', 'use', 'although', 'batteri', 'camera', 'spec', 'probabl', 'behind', 'sever', 'competitor', 'good', 'thing', 'realli', 'seal', 'well']"
Samsung Galaxy S25 FE,"['kind', 'camera', 'glass', 's25fe', 'made', 'ofwhat', 'kind', 'materi', 'shoul', 'use', 'camera', 'len', 'protector']"
Samsung Galaxy S25 FE,"['stop', 'embarrass', 'broin', 'world', '2400', 'midrang', 'cpu', 'fe', 'seri', 'arent', 'even', 'midrang', 'phonesthat', 'like', 'subflagship']"
Google Pixel 10 Pro,"['adapt', 'sync', 'game', 'uniqu', 'phone', 'avail', 'ltpo', 'display']"
Google Pixel 10 Pro,"['hahaha', 'fals', 'ive', 'got', 'pixel', '10', 'pro', 'toyota', 'rav4', 'work', 'fine', 'case', 'use', 'magnet', 'case', 'interf', 'qi']"
Google Pixel 10 Pro,"['phone', 'bad', 'stop', 'work', 'decemb', '31', '2025', 'tri', 'everth', 'help', 'pl', 'tell']"
Google Pixel 10,"['camera', 'bad', 'use', 'pixel', '6', 'far', 'better', 'pixel', '10', 'camera', 'happi', 'sure', 'googl', 'done', 'like', 'wast', 'money', 'want', 'sell', 'pixel', '10']"
Google Pixel 10,"['pictur', 'bad', 'wouldnt', 'call', 'heat', 'much', 'differ', 'phone', 'selfi', 'soso', 'heavey', 'small', 'phone', 'heavey', 'design', 'debat', 'dont', 'like', 'cheap', 'thick', 'design', 'time', 'googl', 'o', 'reason']"
Google Pixel 10,"['alright', 'edg', '60', 'pro', 'still', 'behind', 'pixel', '10', 'pic', 'mostli', 'burn', 'oversatur', 'photo', 'possibl', 'option', 'turn', 'ultra', 'hdr', 'better', '9a', 'despit', 'wide', 'uw', 'sensor', 'guess', 'new']"
Xiaomi Redmi 15 5G hands-on,"['pretti', 'good', 'budget', 'phone', 'realli', 'good', 'batteri', 'updat', 'hyper', 'o', '3', 'smart', 'function', 'like', 'glass', 'feel', 'display', 'comput', 'phone', 'connect', 'function', 'widget', 'task', 'plan', 'schedul', 'privaci', 'control', 'etc', 'camera', 'bad', 'c']"
Xiaomi Redmi 15 5G hands-on,"['pretti', 'good', 'budget', 'phone', 'realli', 'good', 'batteri', 'overal', 'cam']"
Xiaomi Redmi 15 5G hands-on,"['im', 'obsess', 'guy', 'havent', 'gotten', 'yet', 'read', 'daili', 'love', 'redmi']"
Huawei MatePad Pro 12.2 (2025),"['great', 'devic']"
Huawei MatePad Pro 12.2 (2025),"['best', 'tablet', 'dream', 'love', 'much', 'beauti', 'got', 'good', 'space', 'everyth', 'wowwwww']"
Huawei MatePad Pro 12.2 (2025),"['great', 'display', 'ye', 'softwar', 'chipset']"
The Ultra cameraphone comparison,"['still', 'akp', '1', 'download', 'get', 'panorama', 'mode']"
The Ultra cameraphone comparison,"['truei', 'liter', 'said', 'repli', 'comment']"
The Ultra cameraphone comparison,"['thing', 'peopl', 'western', 'world', 'dont', 'much', 'choic', 'come', 'brand', 'appl', 'samsung', 'googl', 'mostli', 'main', 'choic', 'peopl', 'buy', 'avail', 'know', 'howev', 'visit', 'reddit', 'site', 'wil']"
Honor Magic V5,"['v3', 'dont', 'think', 'screen', 'never', 'repair', 'work', 'great', 'use', 'phone', '20', 'month', 'phone', 'felt', 'lot', 'time', 'protect', 'case', 'ruin']"
Honor Magic V5,['happen']
Honor Magic V5,"['good', 'balanc', 'review', 'honor', 'foldabl', 'impress', 'piec', 'hardwar', 'macro', 'best', 'impress', 'close', 'get', 'focu', 'lock', 'sure', 'go', 'bright', 'claim', 'littl', 'tricki']"
Google Pixel 10 Pro XL hands-on,"['get', 'full', 'review', 'soon']"
Google Pixel 10 Pro XL hands-on,"['obvious', 'pixel', 'fan', 'dont', 'buy', 'phone', 'play', 'game', 'that', 'place', 'would', 'actual', 'notic', 'lack', 'perform', 'compar', 'flagship', 'era', 'that', 'big', 'pillow', 'swallow', 'mani']"
Google Pixel 10 Pro XL hands-on,"['googl', 'stop', 'produc', 'googl', 'phone', 'improv']"
vivo V60,"['sure', 'decent', 'zeiss', 'camera', 'dont', 'see']"
vivo V60,"['phone', 'use', 'content', 'creation', 'well', 'budget', 'one', 'get', 'price', 'rang']"
vivo V60,"['want', 'buy', 'v60', 'vivo', 'true', 'hang', 'even', '28gb', '512gb', 'better']"
RedMagic Astra,"['stylu', 'pen', 'non', 'exist', 'vapourwar']"
RedMagic Astra,"['plea', 'answer', 'devic', 'support', 'stylu', 'pen', 'hope', 'enlighten', 'thank']"
RedMagic Astra,['good']
Realme 15 Pro,"['disappoint', 'phone', 'servic', 'poor', 'respons', 'delay', 'support', 'unresolv', 'issu', 'custom', 'care', 'help', 'definit', 'satisfi', 'overal', 'experi', 'dont', 'buy', 'real', 'phone', 'onlin', 'plateform']"
Realme 15 Pro,"['worst', 'experi', 'phone', 'onlin', 'deliveri', 'servic', 'phone', 'arriv', 'damag', 'packag', 'poor', 'deliveri', 'handl', 'careless', 'custom', 'support', 'provid', 'proper', 'solut', 'disappoint', 'overal', 'servic']"
Realme 15 Pro,"['aluminum', 'frame', 'antenna', 'line']"
Realme P4 Pro hands-on,['ye']
Realme P4 Pro hands-on,"['phone', 'good', 'need', 'free', 'plssssssssssssssssssssss']"
Realme P4 Pro hands-on,"['amaz', 'appl', 'copi', 'design', 'upcom', 'iphon', '17', 'pro', 'seri']"
Samsung Galaxy A17 5G,"['alway', 'happi', 'samsung', 'never', 'buy', 'anoth', 'samsung', 'profuct', 'a17', '5g', 'piec', 'garbag', 'fill', 'garbag', 'even', 'sandbox', 'appl', 'android', 'finish', 'didnt', 'pay', 'phone', 'foesnt', 'belong', 'a17', '5']"
Samsung Galaxy A17 5G,"['id', 'get', '8256', 'cheap', 'countri', 'realli', 'love', 'design', 'use', 'virtu', 'sd', 'card', 'slot', 'cheap', 'need', 'retir', 'a11', 'effici', 'anymor', 'say', 'doesnt']"
Samsung Galaxy A17 5G,"['yeah', 'realli', 'decent', 'dat', 'lag', 'tho', 'ever', 'present', 'mention', 'weather', 'app', 'run', 'like', 'ugh', 'arm', 'v8', 'dead', '2026', 'must', 'done', 'artha', 'never']"
Poco M7 Pro 5G,"['brilliant', 'phone', 'price', '4g', 'version', 'snapdragon', '685', 'better', 'cheaper', 'think', 'ill', 'swap']"
Poco M7 Pro 5G,"['buy', 'amol', '6', 'nanomet', 'chipset', 'otherwis', 'spec', 'perfect']"
Poco M7 Pro 5G,"['poco', 'm6', 'pro', '4g', 'better', 'buy', 'better', 'camera']"
Infinix Hot 60 Pro+,"['sound', 'like', 'problem', 'work', 'total', 'fine']"
Infinix Hot 60 Pro+,"['im', 'total', 'disagre', 'work', 'total', 'bad', 'im', 'face', 'issu', 'auto', 'power']"
Infinix Hot 60 Pro+,"['thank', 'review', 'budget', 'phone', 'nice', 'phone', 'target', 'market', 'like', 'africa', 'averag', 'african', '4g', 'ok', '5g', 'network', 'isnt', 'provid', 'everywher', 'headphon', 'jack', 'chine', 'sell', 'wireless', 'headphon', '10', 'esim']"
Huawei Pura 80 Ultra,"['lover', 'huawei', 'nigeria', 'gadget', 'huawei', 'pad', 'laptop', 'phone', 'watch']"
Huawei Pura 80 Ultra,"['lol', 'useless', 'smartphon', 'compar', 'vivo', 'x100', 'x200', 'ultra', 'year', 'vivo', 'lost', 'compar', 'oppo', 'find', 'x9', 'ultra']"
Huawei Pura 80 Ultra,"['depend', 'need', 'excel', 'littl', 'differ', 'choic', 'would', 'x300u']"
Tecno Spark 40 Pro+,"['call', 'assist', 'keep', 'say', 'error']"
Tecno Spark 40 Pro+,"['whacki', 'batteri', 'last', 'day', 'half', 'clear', 'dont', 'use', 'phone']"
Tecno Spark 40 Pro+,"['serious', 'heat', 'lot', 'batteri', 'lose', 'power', 'faster', 'youll', 'expect', '5k', 'mah', 'batteri', 'good', 'sake', 'tecno', 'tri', 'improv', 'good', 'takeaway', 'fact', 'charg', 'fast', 'also', 'good', 'audio', 'batt']"
OnePlus Pad 3,"['honestli', 'one', 'best', 'tablet', 'buy', 'rang']"
OnePlus Pad 3,"['biometr', 'secur', 'option', 'isnt', 'great', '2025', 'look', 'like', 'great', 'tablet']"
OnePlus Pad 3,"['that', 'also', 'use', 'stylu', 'keep', 'screen', 'clean']"
Samsung Galaxy Z Flip7 FE,"['terribl', 'batteri', 'life', 'samsung', 'never', 'fail', 'go', 'low', 'expect']"
Samsung Galaxy Z Flip7 FE,"['googl', 'term', 'upsel', 'youll', 'understand', 'samsung']"
Samsung Galaxy Z Flip7 FE,"['phone', 'exist', 'flip6', '7', 'realli', 'baffl', 'say', 'least']"
vivo X Fold5,"['smartphon', 'flaw', 'freez', 'screen', 'take', 'photo']"
vivo X Fold5,"['realli', 'sound', 'good', 'true', 'tbh', 'saw', 'guy', 'x', 'fold3', 'pro', 'global', 'v', 'cn', 'rom', 'thing', 'mayb', 'x100', 'pro', 'felt', 'like', 'chine', 'rom', 'nicer', 'look', 'snappier', 'there', 'high', 'chanc', 'random', 'chine', 'creep']"
vivo X Fold5,"['yeah', 'ive', 'heard', 'similar', 'thing', 'other', 'never', 'know', 'sometim', 'card', 'type', 'dont', 'work', 'im', 'gonna', 'take', 'plung', 'cu', 'wish', 'could', 'x200', 'ultra', 'look', 'like', 'great', 'deal']"
Samsung Galaxy Watch8 and Galaxy Watch8 Classic,"['60', 'hour', 'watch', 'smart', 'pathet']"
Samsung Galaxy Watch8 and Galaxy Watch8 Classic,"['humbleafford', 'motorola', 'watch', '70', 'last', 'week', 'long', 'singl', 'batteri', 'charg', 'softwar', 'despit', 'basic', 'job', 'amazfit', 'smart', 'watch', 'also', 'quit', 'reliabl', 'renown', 'come', 'batteri', 'perform']"
Samsung Galaxy Watch8 and Galaxy Watch8 Classic,"['may', 'ask', 'last', '5', 'day', 'oneplu', 'watch', '10', 'day', 'garmin', 'believ', 'wearo', 'support', 'app', 'download', 'play', 'store', 'youtub', 'video', 'full', 'gm', 'run', 'wearos', 'wearo', 'built', 'android', 'o', 'therefor', 'samsung', 'goog']"
Realme 15 Pro hands-on,"['amazon', 'safe', 'browser', 'order', 'realm', '15', 'pro', '5g', 'amazon', 'deleverd', 'realm', '15t', 'amazon', 'give', 'answer']"
Realme 15 Pro hands-on,"['plea', 'sincer', 'tell', 'wrong', 'chine', 'phone', 'compar', 'american', 'phone']"
Realme 15 Pro hands-on,"['get', 'samsung', 'pixel', 'popular', 'choic', 'honestli', 'famili', '5', 'phonesc35', 'x2', 'c75', 'edg', 'edit', 'gt', 'neo', '2and', 'theyv', 'work', 'flawlessli', '4', 'year', 'think', 'plenti', 'solid', 'phone', 'bey']"
Samsung Galaxy Z Flip7,"['went', 'galaxi', 'ultra', 'razr', 'ultra', 'love', 'motorola', 'cool', 'trick', 'miss', 'willl', 'eventu', 'chang', 'phone', 'like', 'shake', 'phone', 'turn', 'flashlight', 'love', 'moto', 'ui', 'good', 'phone', 'updat', 'unfortuna']"
Samsung Galaxy Z Flip7,"['razr', 'ultra', '2025', 'destroy', 'batteri', 'life', 'charg', 'speed', 'import', 'thing', 'decent', 'camera', 'fine', 'modern', 'phone', 'decent', 'camera']"
Samsung Galaxy Z Flip7,"['got', 'one', 'till', 'feel', 'premium', 'im', 'hardcor', 'gamer', 'phone', 'luxuri', 'socialit', 'use', 'hardcor', 'game', 'long', 'use', 'mainli', 'camera', 'xd']"
Apple iPad 11-inch A16 (2025),"['heck', 'priorit', 'bring', 'ipad', 'first', 'phone', 'probabl']"
Apple iPad 11-inch A16 (2025),"['flash', 'your', 'dark', 'place', 'base', 'ipad', 'your', 'gonna', 'panic']"
Apple iPad 11-inch A16 (2025),"['xiami', 'pad', '7', 'return', 'display', 'edg', 'front', 'face', 'camera', 'volum', 'button', 'bit', 'dimmer', 'rest', 'screen', 'potenti', 'better', 'hardwar', 'come', 'expens', 'poor', 'qualiti', 'control', 'rubbish']"
Samsung Galaxy Z Fold7,"['saw', 'huawei', 'check', 'old', 'z', 'fold', '5', 'made', 'think', 'thin']"
Samsung Galaxy Z Fold7,"['hi', 'peopl', 'fold', '7', 'hard', 'use', 'phone', 'possibl', 'use', '4', '5', 'year', 'without', 'issu', 'ribbon', 'display', 'lead', 'plea', 'thank']"
Samsung Galaxy Z Fold7,"['realli', 'well', 'said', 'nonam', 'brand']"
OnePlus Nord CE5,"['batteri', 'capac', '7100', 'mah', 'nord', 'ce5', 'howev', 'show', '5200', 'mahi', 'confus']"
OnePlus Nord CE5,"['swear', 'mother', 'plea', 'buy', 'phone', 'plan', 'play', 'heavi', 'game', 'like', 'pubg', 'paper', 'say', 'handl', '90', 'fp', 'even', 'ingam', 'there', '90', 'fp', 'option', 'real', 'game', 'stabl', 'even', 'normal', 'c']"
OnePlus Nord CE5,"['mayb', 'cabl', 'got', 'disconnect', 'go', 'get', 'check', 'seem', 'like', 'cheap', 'fix']"
Nothing Phone (3),"['cinemat', 'video', 'record', 'avail', 'camera', 'need', 'improv']"
Nothing Phone (3),"['user', 'theynoth', 'use', 'proprietari', 'cabl', 'charg', 'use', 'good', 'cabl', 'pd', '3031', 'charger']"
Nothing Phone (3),"['that', 'reason', 'couldnt', 'catch', 'origin', 'competit', 'drop', 'price']"
vivo X200 FE,"['got', 'bad', 'experi', 'vivo', '200fephon', 'color', 'shade', 'due', 'reason', 'check', 'servic', 'centr', 'fone', '23', 'month', 'old', 'told', 'cant', 'replac', 'small', 'argument', 'told', 'theyi', 'check', 'chang', 'display']"
vivo X200 FE,['yeah']
vivo X200 FE,"['phone', 'cater', 'differ', 'region', 'differ', 'name']"
Huawei Pura 80 Ultra hands-on,"['well', 'said']"
Huawei Pura 80 Ultra hands-on,"['mani', 'bot', 'man', 'thank', 'real', 'comment']"
Huawei Pura 80 Ultra hands-on,"['bot', 'youv', 'come', 'reddit', 'sow', 'fals', 'narr']"
Samsung Galaxy Z Fold7 and Z Flip7 hands-on,"['fold', 'owner', 'frequent', 'thought', 'switch', 'thing', 'none', 'manufactur', 'pay', 'much', 'attent', 'softwar', 'fold', 'phone', 'hardwar', 'thinner', 'fold', 'phone', 'useless', 'without', 'pen', 'multitaskin']"
Samsung Galaxy Z Fold7 and Z Flip7 hands-on,"['like', 'samsong', 'galaxi', 's24', 'utra']"
Samsung Galaxy Z Fold7 and Z Flip7 hands-on,"['joke', 'realli', 'peopl', 'call']"
OnePlus Nord 5,"['bear', 'mind', 'set', 'voic', 'record', 'side', 'plu', 'key', 'button', 'record', 'filz', 'size', 'reach', '499mb', 'plu', 'key', 'happen', 'wish', 'state', 'somewher', 'let', 'guy', 'know']"
OnePlus Nord 5,"['cant', 'coincid', 'vivo', 'x300', 'xiaomi', '17', 'clearli', 'regul', 'affect']"
OnePlus Nord 5,"['5500', 'mah', 'eu', 'limit', 'pure', 'fiction', 'that', 'iata', 'aviat', 'rule', 'eu', 'law', 'appli', 'spare', 'batteriespowerbank', 'phone', 'buy', 'store', 'phone', '60007000', 'mah', 'sold', 'europ', 'year', 'go', 'poco', 'x7']"
Tecno Camon 40 Premier,"['amaz', 'phone', 'one', 'best', 'tecno', 'phone']"
Tecno Camon 40 Premier,"['perfom', 'favor']"
Tecno Camon 40 Premier,"['make', 'ypu', 'tgink', 'eo', 'buy']"
Infinix Xpad GT,"['infinix', 'add', '16', 'gb', 'ram', '1', 'tb2tb', 'storag', 'plu', 'micro', 'sd', 'card', 'better', 'mediatech', '9400', 'ultra9500', 'soc', 'includ', 'pen', 'app', 'paint', 'android', '16', 'window', '11', 'o', 'dual', 'support', 'free', 'keyboard', 'plu', 'ip6869', '5g', 'support', 'happi']"
Infinix Xpad GT,"['genuin', 'cannot', 'rememb', 'last', 'time', 'transsion', 'use', 'snapdragon', 'chip', 'one', 'devic']"
Infinix Xpad GT,"['888', 'good', 'enough', 'need', 'lack', '4g5g', 'support', 'go']"
Tecno Camon 40 Pro,"['realli', 'true', 'co', 'think', 'buy', 'mine', 'dont', 'want', 'get', 'disappoint', 'later']"
Tecno Camon 40 Pro,"['support', 'googl']"
Tecno Camon 40 Pro,"['ip68', '69', 'real', 'mine', 'water', 'damag', 'trust', 'highest', 'waterproof', 'level']"
Poco F7,"['sen', 'commenti', 'move', 'iphon', 'poco', 'use', '5', 'bank', 'app', 'daili', 'base', 'includ', 'trade', 'app', 'lot', 'crypto', 'exchang', 'appsi', 'best', 'decis', 'move', 'away', 'io', 'ecosystem', 'phone', 'great', 'everyt']"
Poco F7,"['phone', 'xiaomi', 'poco', 'f7', 'game', 'peopl', 'use', 'bank', 'app', 'absolutelli', 'unusful', 'int', 'sen', 'special', 'european', 'market', 'need', 'iron', 'patienc', 'devic', 'kid', 'youngster', 'plenti', 'time']"
Poco F7,"['know', 'differ', 'variat', 'model', 'sold', 'countri', 'like', 'india', 'dont']"
Honor 400,"['im', 'use', 'honor', '400', 'perfectli', 'size', 'phone', 'beauti', 'want', 'good', 'looker', 'perform', 'realli', 'good', 'dont', 'game', 'play', 'mobil', 'legend', 'work', 'flawlessli', 'camera', 'realli', 'good', 'like', 'realli']"
Honor 400,"['buy', 'honor', '400', 'redmi', 'note', '15', 'pro', 'plu', 'im', 'realli', 'unsur', 'becous', 'feel', 'like', '400', 'look', 'much', 'better']"
Honor 400,"['slightest', 'issu', 'phone', 'exist', 'worst', 'phone', 'ever', 'guy', 'plea', 'dont', 'buy', 'im', 'world', 'phone', 'guy', 'trust']"
Motorola Razr+ 2025,"['real', 'user', 'softwar', 'qc', 'major', 'bug', 'glitch', 'phone', 'kinda', 'nice', 'overal', 'good', 'valu', 'recent', 'discount', 'look', 'like', 'one', 'buy', 'reason']"
Motorola Razr+ 2025,"['2025', 'mean', '2026', '20255']"
Motorola Razr+ 2025,"['cover', 'screen', 'overkil', 'there', 'reason', 'fullfat', 'phone', 'screen', 'size', 'ill', 'take', 'flip', '6']"
Tecno Pova Curve hands-on,"['bought', 'smartphon', 'use', '1', 'month', 'price', '146usd', '8256gb', 'variant', 'love', 'thin', 'edg', 'bodi', 'sadli', 'android', 'updat']"
Tecno Pova Curve hands-on,"['256', 'base', 'version']"
Tecno Pova Curve hands-on,"['got', 'one', 'cant', 'access', 'internet', 'fail', 'download', 'anyth', 'must', 'plea']"
Xiaomi Redmi Pad 2,"['bought', '8256', '110', 'euro', 'black', 'friday', 'sale', 'incred', 'valu', 'imho']"
Xiaomi Redmi Pad 2,"['yeah', 'ask', 'also', 'propper', 'sequel', 'even', 'origin', 'xiaomi', 'redmi', 'pad', '1', 'fact', 'perform', 'even', 'wors', 'g99', 'basic', 'perform', 'g100', 'processor', 'googl', 'comparison', 'need']"
Xiaomi Redmi Pad 2,"['rememb', 'tab', 's2', '80', 'mega', '63', 'samsung', 'legend']"
Infinix GT 30 Pro,"['use', 'phone', 'almost', 'year', 'havent', 'seen', 'issu', 'except', 'normal', 'one', 'like', 'heat', 'bug', 'app', 'overal', 'experi', 'phone', 'remain', 'outstand', 'enjoy', 'worth', 'buck', 'pre']"
Infinix GT 30 Pro,"['regret', 'buy', 'phone', 'cannot', 'reli', 'high', 'speed', 'sim', 'card', 'data', 'play', 'ml', 'poor', 'prefer', 'network', 'configur', 'shift', '5g', '4g', 'drastic', 'vice', 'versa', 'make', 'game', 'laggi', 'compar']"
Infinix GT 30 Pro,"['handphon', 'nice']"
Motorola Razr 2025/Razr 60,"['nice', 'model']"
Motorola Razr 2025/Razr 60,"['dont', 'buy', 'moto', 'servic', 'bad', 'warranti', 'deni', 'plea', 'dont', 'buy', 'special', 'moto', 'flip']"
Motorola Razr 2025/Razr 60,"['bad', 'phone', 'get', 'discount', 'later', 'becom', 'even', 'afford', 'lack', 'lot', 'perform', 'want', 'get', 'new', 'flip', 'phone', 'guarante', 'updat', 'without', 'break', 'bank', 'base', 'razr', 'way']"
Xiaomi Pad 7 Pro,"['snapdragon', '8', 'gen', '3', 'hw', 'av1', 'video', 'stream', 'decod', 'read', 'xp7', 'pro', 'decod', 'disabl', 'firmwar', 'true']"
Xiaomi Pad 7 Pro,"['xiaomi', 'went', 'uniqu', 'pad', '6', 'pro', '124', 'touchpad', 'keyboard', 'appl', 'copycat', 'pad', '7', 'pro', 'focu', 'keyboard', 'wth', 'xiaomi']"
Xiaomi Pad 7 Pro,"['review', 'quit', 'accur', 'one', 'downsid', 'experienc', 'speaker', 'joke', 'mayb', 'tablet', 'also', 'other', 'class', 'netflix', 'rest', 'use', 'lenovo', 'yoga', 'tab', 'mile', 'ahead', 'jbl']"
Honor 400 Pro,"['stop', 'whine', 'doesnt', 'better', 'offer', 'price', 'rang', 'best', 'over', 'phone', 'around', '500']"
Honor 400 Pro,"['what', 'issu', 'camera', 'seem', 'quit', 'plea', 'seem', 'complain', 'sake', 'complain']"
Honor 400 Pro,"['5300mah', 'that', 'shame', 'sinc', 'philippin', 'variant', 'got', 'larger', '6000mah']"
OnePlus 13s hands-on,"['global', 'version']"
OnePlus 13s hands-on,"['yep', 'mate']"
OnePlus 13s hands-on,"['13s13t', 'support', 'android', 'auto']"
nubia Z70S Ultra,"['get', 'india']"
nubia Z70S Ultra,"['nice', 'oneplu', '13', 'probabl', 'one', 'texa', 'brandish', 'high', 'qualiti', 'chine', 'tech']"
nubia Z70S Ultra,"['im', 'use', 'z70', 'ultra', 'tmobil', 'texa', 'long', 'time', 'ago', 'huawei', 'mate', '10', 'pro', 'translat', 'issu', 'howev', 'nebula', 'o', 'realli', 'doesnt', 'weird', 'chine', 'english', 'translat', 'far', 'seem', 'p']"
vivo X200 Ultra,"['ah', 'man', 'gonna', 'hassl', 'share', 'file', 'other', 'download', 'app', 'thank', 'repli']"
vivo X200 Ultra,"['u', 'useinstal', 'easyshar']"
vivo X200 Ultra,"['quick', 'share', 'avail', 'devic', 'use', 'lot', 'transfer', 'photo', 'devic']"
Realme GT 7,"['thnk', 'go', 'realm', '16', 'pro', 'plu', 'rel', 'use']"
Realme GT 7,"['hey', 'current', 'use', 'realm', 'gt', 'neo', '3', 'sinc', 'almost', '3', '12', 'year', 'work', 'without', 'disappoint', 'nowaday', 'problem', 'like', 'get', 'heat', 'quickli', 'moder', 'use', 'game', 'tri', 'use', 'hotspot']"
Realme GT 7,"['gt', '7', 'cours']"
Samsung Galaxy S25 Edge,"['dont', 'mind', 'batteri', 'game', 'isnt', 'focu', 'ye', 'also', 'flagship', 'featur', 'harder', 'find', 'price', 'like', 'usb', '32', 'video', 'triband', 'wifi', '7']"
Samsung Galaxy S25 Edge,"['phone', 'still', 'worth', '2026', 'pay', '530', 'euro']"
Samsung Galaxy S25 Edge,"['love', 'number', 'rememb', 'processor', 'power', 'effect', 'exyno', 'a56']"
Motorola Edge 60,"['lol', 'care', 'lag', 'still', 'lag', 'one', 'think', 'oh', 'like', 'lag', 'exyno', 'fault']"
Motorola Edge 60,"['camera', 'perform', 'present', 'day', 'gsmarena', 'review', 'found', 'quit', 'inconsist', 'improv', 'updat', 'late']"
Motorola Edge 60,"['octob', '2025', 'edg', '60', '220', 'edg', '50', 'neo', '250', 'say', 'edg', '60', 'way', 'better', 'camera', 'even', 'camera', 'app', 'updat', 'faster', 'better', 'way', 'brighter', 'display', 'better', 'batteri', 'backup', 'talk']"
Motorola Edge 60 Pro,"['use', 'moto', 'game', 'cpu', 'batteri', 'drain', 'faster', 'charg', 'even', 'charg', 'still', 'end', 'dead', 'phone', 'extrem', 'annoy', 'take', '20', 'minut', 'use', 'actual', 'phone', 'brilliant']"
Motorola Edge 60 Pro,['ye']
Motorola Edge 60 Pro,"['recent', 'bought', '512gb12gb', 'panton', 'shadow', 'one', 'girlfriend', 'birthday', 'next', 'week', 'hope', 'deliv', 's20', 'fe', 'start', 'lack', 'hold', 'batteri', 'display', 'camera', 'feel', 'obsolet', '2026', 'got', 'local']"
Sony Xperia 1 VII,"['display', 'blazer', 'big', 'size', 'good', 'outsid', 'good', 'side', 'good', 'manufactur', 'good', 'display', 'bezel', 'big', 'size', 'like', 'display']"
Sony Xperia 1 VII,"['like', 'way', 'soni', 'take', 'photo', 'littl', 'nois', 'never', 'hurt', 'photo']"
Sony Xperia 1 VII,"['wtf', 'throttl', 'deadass']"
Nothing CMF Phone 2 Pro,"['x264', 'x265', '20', 'year', 'old', 'x264', 'produc', 'larg', 'deform', 'similarli', 'colour', 'area', 'dont', 'understand', 'anyon', 'use', '10', 'year', 'younger', 'x265', '2x', 'smaller', 'areaeffect', 'everyth', 'encod']"
Nothing CMF Phone 2 Pro,"['overal', 'phone', 'perform', 'best', 'good', 'camera', '5g', 'work', 'worst', 'part', 'come', 'scan', 'finger', 'login', 'bank', 'app', 'mcb', 'j', 'bank', 'pakid', 'app', 'unabl', 'login', '100', 'attempt', 'guess', 'issu', 'focu']"
Nothing CMF Phone 2 Pro,"['seem', 'like', 'skill', 'issu', 'tbh', 'get', 'gud']"
Moto G Stylus 5G (2025),"['im', 'current', 'still', 'verizon', '15', 'expect', 'updat']"
Moto G Stylus 5G (2025),"['good', 'motorola', 'brand']"
Moto G Stylus 5G (2025),"['alway', 'dosplay']"
Google Pixel 9a,"['downgrad', 'main', 'cam', 'especi', 'googl', 'never', 'even', 'give', 'detail', 'semsor', 'guess', 'wider', 'brighter', 'last', 'year', 'clearli', 'meant', 'way']"
Google Pixel 9a,"['best', 'thing', 'thw', 'phone', 'batteri', 'wors', 'buzzl']"
Google Pixel 9a,"['real', 'advantag', 'pixel', '9a', 'size', 'dont', 'know', 'singl', 'person', 'own', 'phone', 'bigger', '64', 'want', 'size', 'downw', 'huge', 'market', 'germani', 'peopl', 'see', 'rock', 'smallest', 'version']"
Motorola Razr 60 Ultra,"['hi', 'im', 'big', 'fine', 'moto', 'rezr', 'need', 'emi', 'mobil', 'sir']"
Motorola Razr 60 Ultra,[]
Motorola Razr 60 Ultra,"['final', 'support', 'usbc', '32altdp', 'mode', 'still', 'usb', '2']"
RedMagic 10 Air,"['headphon', 'jack', 'good', 'ip', 'rate', 'ye', 'camera', 'bump', 'what', 'even', 'point']"
RedMagic 10 Air,"['card', 'reader', 'budget', 'mid', 'rang', 'phone', 'typic', 'give', '1346', 'mb', 'speed', 'uf', '40', '4500mb', 'one', 'best', 'card', 'world', 'card', 'reader', '9999', 'case', 'bottleneck', 'reme']"
RedMagic 10 Air,"['someon', 'forget', 'microsd', 'fastest', 'speed', '170mb', 'v', 'ufs41', '4300mb']"
Oppo Find X8 Ultra,"['wrote', 'clear', 'your', 'heavili', 'bias', 'toward', 'samsung', 'havent', 'tri', 'phone', 'understand', 'great', 'pictur', 'qualiti', 'peopl', 'low', 'knowledg', 'high', 'confid', 'got', 'th']"
Oppo Find X8 Ultra,"['unless', 'retard', 'let', 'enlighten', 'knowledg', 'oppo', 'releas', 'ultra', 'flagship', 'x9', 'ultra', '10x', '230', 'mm', 'camera', 'last', 'time', '200', 'mm', 'plu', 'camera', 'phone', 'way', 'back', 'janua']"
Oppo Find X8 Ultra,"['argument', 'go', 'well', 'mention', 'dxomark', 'there', 'ever', 'site', 'wouldnt', 'trust', 'review', 'bought', 'paid', 'might', 'well', 'still', 'believ', 'santa', 'one', 'review']"
Infinix Note 50 Pro 4G,"['fetcher', 'good', 'whatapp', 'call', 'clearsign', 'issu', 'recommend', 'phone', 'social', 'medium', 'sometim', 'strack']"
Infinix Note 50 Pro 4G,['good']
Infinix Note 50 Pro 4G,"['phone', 'beast', 'beauti', 'ui', 'respons', 'build', 'qualiti', 'spec', 'awesom', 'bang', 'thr', 'buck', 'wont', 'go', 'wrong', 'phone']"
Google Pixel 9a hands-on,"['ugli', 'pixel']"
Google Pixel 9a hands-on,"['way', 'tensor', 'processor', 'way', 'cannot', 'understand', 'googl', 'use', 'samsung', 'processor']"
Google Pixel 9a hands-on,"['phone', 'look', 'good', 'screen', 'bodi', 'weak', 'even', 'drop', '12', 'foot', 'broke', 'worth', 'money', 'perform', 'wise', 'also', 'still', 'observ', 'felt', 'slow', 'rate', '25', '5']"
AI Object Removal - which phone is best?,"['compar', 'oppo', 'vivo', 'handset', 'also']"
AI Object Removal - which phone is best?,"['agre', 'oppo', 'test', 'one', 'best', 'ai', 'remov']"
AI Object Removal - which phone is best?,"['your', 'miss', 'number', 'one', 'smartphon', 'manufactur', 'list', 'bbk', 'electron', 'sinc', 'smartphon', 'use', 'ai', 'editor', 'what', 'excus']"
Motorola Edge 60 Fusion,"['worth', '2026', '300', 'dollar']"
Motorola Edge 60 Fusion,"['use', 'moto', 'edg', '60', 'fusion', 'iqoo', 'z10r', 'vivo', 'v60', 'lite', 'perspect', 'moto', 'edg', 'eye', 'plea', 'irregular', 'secur', 'updat', 'side', 'iqoo', 'guarante', 'regular', 'secur', 'updat', 'patch', 'co']"
Motorola Edge 60 Fusion,"['hello', 'think', 'motorola', 'edg', '60', 'fusion', 'popular', 'choicedepend', 'perform', 'resistancebut', 'poco', 'good', 'chioc', 'someon', 'want', 'decent', 'phone']"
vivo V50,['link']
vivo V50,"['vivo', 'v50', 'lesser', 'weaker', 'hardwar', 'compar', 'a56', 'better', 'research']"
vivo V50,"['bro', 'check', 'vivo', 'v50', 'lesser', 'hardwar', 'compar', 'a56']"
Infinix Note 50 Pro+,"['least', 'infinix', 'o', 'adfre', 'far', 'better', 'xiaomi', 'adinfest', 'hypero']"
Infinix Note 50 Pro+,"['hardwar', 'fine', 'softwar', 'trash']"
Infinix Note 50 Pro+,"['anyon', 'own', 'tecno', 'camon', '40', 'premier', 'infinix', 'note', '50', 'pro', 'better', 'phone']"
Samsung Galaxy A26,"['bad', 'phone', 'alway', 'lost', 'internet', 'connect', 'even', 'though', 'signal', 'strength', 'full', '5', 'bar', 'need', 'manual', 'chang', 'phone', 'connect', 'reset', 'connect', 'seem', 'capabl', 'swithc', 'frequenc', 'move', 'accross', 'lte5g', 'sub', 'band']"
Samsung Galaxy A26,[]
Samsung Galaxy A26,"['bought', 'phone', 'samsung', 'a26', 'one', 'phone', 'bought', 'throughout', 'life', 'even', 'worth', 'write', 'comment', 'rubbish']"
Poco F7 Pro,"['remov', 'charger', 'packag', 'new', 'phone', 'start', 'two', 'year', 'eu', 'usbc', 'direct', 'dont', 'explain', 'action', 'driven', 'profit', 'cite', 'law', 'ye', 'would', 'nice', 'could', 'least', '45w', 'charg', 'across', 'board', 'lack']"
Poco F7 Pro,"['well', 'aptx', 'lossless', 'lower', 'latenc', 'avail', 'android', 'devic', 'due', 'licens', 'cost', 'qualcomm', 'want', 'low', 'latenc', 'latest', 'lc3', 'opu', 'suffic']"
Poco F7 Pro,"['transpar', 'mayb', 'latenc', 'comparison']"
Poco F7 Ultra,"['perhap', 'clean', 'system', 'era', 'need', 'cach', 'secur', 'scan', 'check', 'least', 'week', 'love', 'app']"
Poco F7 Ultra,"['ive', 'use', 'poco', 'f7', 'ultra', '3', 'month', 'plea', 'flagship', 'capabl', 'midrang', 'price', 'solv', 'problem', 'lack', 'esim', 'simpli', 'purchas', 'esimm', 'adapt', 'let', 'phone', 'fun']"
Poco F7 Ultra,"['hypero', 'your', '22', '21']"
Samsung Galaxy A36,"['spend', 'bit', 'time', 'optimis', 'debloat', 'app', 'nonsens', 'phone', 'run', 'like', 'clockwork', 'way', 'whole', 'updat', 'cycl', 'one', 'ui', 'good', 'good']"
Samsung Galaxy A36,"['one', 'year', 'later', 'buy', 'new', 'one', 'unbeliev', 'price', 'year', 'updat', 'softwar', 'oneui', 'good', 'good', 'use', 's23', 'plu', 'happi', 'chang', 'phone']"
Samsung Galaxy A36,"['a36', 'love', 'wiht', 'everi', 'game', 'play', 'like', 'roblox', 'gehsin', 'impact', 'melon', 'sandbox', 'lagg', 'love']"
Nothing Phone (3a),[]
Nothing Phone (3a),"['im', 'get', 'phone', 'soon', 'good']"
Nothing Phone (3a),['ya']
Samsung Galaxy A56,['good']
Samsung Galaxy A56,"['dont', 'phone', 'lol', 'wont', 'type', 'b', 'a52', 'good', 'doesnt', 'come', 'close', 'a56']"
Samsung Galaxy A56,"['get', 'a56', 'best', 'option', 'like', '350', 'dollar', 'everyth', 'includ', 'perform', 'your', 'consid', 's24', 'fe', 's25', 'fe', 'theyv', 'gone', 'price', 'wont', 'come', 'anytim', 'soon']"
Nothing Phone (3a) Pro,"['tell', '3a', 'bit', 'better', 'photo', '14t', 'complet', 'camera', 'app', 'better', 'photo', 'tan', '3a']"
Nothing Phone (3a) Pro,"['ive', 'tri', 'pretti', 'much', 'everi', 'brand', 'except', 'googl', 'lesserknown', 'chine', 'phone', 'ive', 'use', 'honestli', 'exaggerationnoth', 'one', 'best', 'come', 'ui', 'fun', 'uniqu', 'feel', 'never', 'keep']"
Nothing Phone (3a) Pro,['correct']
Huawei Mate XT Ultimate,"['exactli', 'lack', 'googl', 'support', 'nonissu', 'xt', 'shipp', 'easi', 'travel', 'android', 'contain', 'box', 'app', 'like', 'youtub', 'music', 'map', 'work', 'better', 'samsung', 'addit', 'conveni', 'instal', 'microg', 'good', 'go']"
Huawei Mate XT Ultimate,"['download', 'microg', 'servic', 'first', 'download', 'arora', 'store', 'access', 'major', 'applic']"
Huawei Mate XT Ultimate,"['youd', 'forc', 'import', 'chine', 'onlin', 'shop', 'best', 'bet', 'access', 'googl', 'servic', 'huawei', 'gbox']"
Oppo Reno13,"['updat', 'android', '16', 'oppo', 'reno', '13', 'buy', 'abu', 'dhabi']"
Oppo Reno13,['agre']
Oppo Reno13,"['dont', 'see', 'problem', 'like', 'may', 'issu', 'internet', 'devic']"
Apple iPhone 16e,"['bought', 'second', 'one', '16e', 'phone', 'famili', 'member', 'cheapest', 'iphon', 'great', 'valu', 'arounf', '500', 'euro', 'enough', 'phone', 'vast', 'major', 'peopl', 'perform', 'great', 'batteri', 'life', 'al']"
Apple iPhone 16e,"['let', 'clear', 'fanfog', '16e', 'isnt', 'prais', 'everywher', 'ye', 'agre', 'phone', 'flagship', 'price', 'doesnt', 'fastest', 'cpu', 'world', 'hard', 'cope', 'isnt', 'univers', 'faster', '16', 'bec']"
Apple iPhone 16e,"['mean', 'phone', 'aw', 'durabl', 'camera', 'updat', 'support']"
Nothing Phone (3a) and Phone (3a) Pro hands-on,"['support', '4x', 'lossless', 'zoom', 'least', 'sinc', '50mp', 'complet', 'useless']"
Nothing Phone (3a) and Phone (3a) Pro hands-on,"['magic', 'era', 'featur']"
Nothing Phone (3a) and Phone (3a) Pro hands-on,"['lol', 'ask', 'curio', 'dont', 'realli', 'follow', 'noth', 'kind', 'wish', 'two', 'could', 'one', 'phone', 'lower', 'price', 'higher', 'price']"
Samsung Galaxy A36 and A56 hands-on,"['a52', 'love', 'phone', 'would', 'like', 'upgrad', 'breakup', 'a52', 'good', 'belt', 'absolut', 'want', 'remov', 'sd', 'card', 'slot', 'suggest']"
Samsung Galaxy A36 and A56 hands-on,"['wrong', 'a56', 'processor', 'exyno', '1580', 'clock', '29ghz']"
Samsung Galaxy A36 and A56 hands-on,"['avoid', 'exyno']"
Xiaomi 15 Ultra,['one']
Xiaomi 15 Ultra,"['latest', 'hyperos3', 'updat', 'thermal', 'batteri', 'life', 'better', 'x15u', 'think', 'buy', 'new', 'unit']"
Xiaomi 15 Ultra,"['eu', 'version', 'realli', 'strict', 'come', 'board', 'sort', 'transport', 'like', 'go', 'plane', 'sinc', 'liion', 'batteri', 'high', 'capac', '5500mah', 'caus', 'explos', 'catch', 'fire', 'sinc', 'store', 'alot', 'ener']"
Xiaomi 15,"['might', 'better', 'iphon', 'quit', 'phone', 'plan', 'move', 'china', 'go', 'xiaomi', 'store', 'get', '15', 'pro', 'excit', 'havent', 'even', 'gotten', 'phone', 'yet', 'im', 'give', '1010', '100', 'recommend', 'move', 'c']"
Xiaomi 15,"['real', 'ive', 'alway', 'thought', '16', 'pro', 'better', 'lol', 'especi', 'low', 'light', 'video']"
Xiaomi 15,"['need', 'new', 'phone', 'everi', '12', 'year', 'realli', 'need', 'subtl', 'improv', 'new', 'featur', 'buy', 'everi', 'new', 'gen', 'tell', 'peopl', 'use', 'phone', 'much', '23', 'year', '68', 'year', 'beyond']"
Moto G Power (2025),"['person', 'experi', 'bought', 'moto', 'g', 'power', '2025', 'januari', '2026', 'replac', '10yrold', 'lg', 'instal', 'end', 'without', 'assign', 'phone', 'ip', 'address', 'walk', 'wifi', 'zone', 'internet', 'problem', 'necessit', 'sy']"
Moto G Power (2025),"['alreadi', 'worth', 'memori', 'slot', 'headphon', 'jack']"
Moto G Power (2025),"['phone', 'come', 'sim', 'card']"
Oppo Find N5,"['believ', 'said', 'find', 'nx', 'n5', 'whatev', 'find', 'nx', 'mean', 'lord', 'know']"
Oppo Find N5,"['5', 'month', 'oppo', 'find', 'n5', 'liter', 'offici', 'announc', 'februari', 'china', 'end', 'februari', 'singapor', 'intern', 'market', 'assum', 'u', 'bought', 'around', 'time', 'even', '5', 'month', 'yet', 'far', 'rememb', 'long', 'got', 'warrant']"
Oppo Find N5,"['review', 'wrote', '1', 'gb', 'memori', 'esim', 'option', 'global', 'version', 'doesnt', '1gb', 'memori', 'china', 'version', 'doesnt', 'support', 'esim', 'oppo', 'find', 'n5', '1', 'gb', 'memori', 'esim', 'unreal', 'nowday', 'know', 'someth']"
Xiaomi Redmi Note 14 5G,['redmi']
Xiaomi Redmi Note 14 5G,"['figur', 'wonder']"
Xiaomi Redmi Note 14 5G,"['what', 'better', 'redmi', 'note', '14', '5g', 'samsung', 'a17', '5g']"
Honor Magic7 RSR Porsche Design,"['magic7', 'rsr', 'use', 'dual', 'ole', 'layer', 'tandem']"
Honor Magic7 RSR Porsche Design,"['look', 'fine']"
Honor Magic7 RSR Porsche Design,"['understand', 'opinion']"
Xiaomi Redmi Note 14 4G,"['agre', 'compani', 'phone', 'realli', 'bad']"
Xiaomi Redmi Note 14 4G,"['european', 'version', 'absolut', 'abl', 'charg', '33w', 'charger', 'plug', '65w', 'laptop', 'charger', 'instead', '33watt', 'charger', 'accident', 'phone', 'chug', 'readili', 'check', 'charg', 'statu', 'aida64', 'batteri', 'section', 'show', 'c']"
Xiaomi Redmi Note 14 4G,"['lock', 'screen', 'make', 'answer', 'call', 'never', 'issu', 'like']"
Samsung Galaxy S25+,"['realli', 'like', 'flat', 'colour', 'camera', 'look', 'balanc', 'nice', 'job']"
Samsung Galaxy S25+,"['dont', 'understand', 'model', 'underestim', 'ultra', 'clearli', 'new', 'note', 'excess', 'big', 'plu', 'version', 'true', 'flagship']"
Samsung Galaxy S25+,"['interest', 'guess']"
Asus Zenfone 12 Ultra,"['3', 'month', 'use', '8', 'year', 'old', 'phone', 'never', 'updat', 'im', '0', 'issu']"
Asus Zenfone 12 Ultra,"['asu', 'start', 'block', 'altern', 'firmwar', 'end', 'support', 'model', 'id', 'recommend', 'everyon', 'look', 'elsewher', 'zenphon', '8', 'liter', 'brick', '2', 'year', 'purchas', 'asu', 'stop', 'suppli', 'unlockcod', 'requir', 'insta']"
Asus Zenfone 12 Ultra,"['avail', 'pakistan', 'ill', 'buy', 'headphon', 'jack', 'perform']"
Samsung Galaxy S25,"['bought', 's25', 'upgrad', 's20', 'fe', 'disappoint', 'camera', 'seem', 'exactli', 'speaker', 'qualiti', 'way', 'wors', 'also', 'camera', 'locat', 'good', 'hold', 'smaller', 'phone']"
Samsung Galaxy S25,"['five', 'star', 'way', 'taken', 'hit', 'without', 'case', 'forgot', 'hood', 'truck', 'stay', 'till', 'hit', '60', 'mph', 'went', 'around', 'curv', 'slid', 'directli', 'pavement', 'roll', 'bunch', 'got', 'ran', 'car', 'behind']"
Samsung Galaxy S25,"['absolut', 'ive', 'found', 'great', 'experi', 'use', 'samsung', 'galaxi', 'product', 'like', 'deriv', 'bigger', 'joy', 'samsung', 'galaxi', 's25']"
Samsung Galaxy S25 Ultra,"['use', 'iphon', '13', 'pro', '4', 'year', 'redmi', 'note', '13', 'pro', '5g', '2', 'year', 'ago', 'buy', 'news', 'phone', 's25', 'ultra', 'titanium', 'silverblu', '12512gb', 'malaysia', 'rm6299']"
Samsung Galaxy S25 Ultra,"['use', 'samsung', 'a52', '4', 'year', 'want', 'upgrad', 'ultra', 'devic', '2', 'option', 's24', 'ultra1tb', '12gb', 'ram', 'cost', '1200', 's25', 'ultra512gb', '12gb', 'ram', 'cost', '1300', 'price', 'like', 'countri']"
Samsung Galaxy S25 Ultra,"['s25', 'use', 'snapdragon', 'use', 'may', 'main', 'phone', 'notic', 'differ', 'design', 'camera', 'perform']"
Realme 14 Pro+,"['realm', 'gt', '6', 'main', 'camera', 'flagship', 'level', 'click', 'much', 'better', 'pictur', 'good', 'u', 'compar', 'side', 'side', 'u', 'see', 'differ']"
Realme 14 Pro+,"['better', 'camera', 'realm', 'gt', '6', 'realm', '14', 'pro', 'support', 'gcam', 'fulli']"
Realme 14 Pro+,"['fond', 'music', 'never', 'listen', 'music', 'phone', 'speaker']"
Xiaomi Pad 7 hands-on,"['dyou', 'mean', 'pro', 'model', 'normal', 'version', '4', 'also', 'redmi', 'pad', '2', 'may', 'limit', 'futur', 'hypero', 'featur', 'tablet', 'id', 'agre', 'wait', 'till', '2025', 'halloween', 'get', 'better', 'snapdragon', 'mayb', '8', 'gen', '1']"
Xiaomi Pad 7 hands-on,"['right', 'mind', 'bother', 'instal', 'custom', 'rom', 'tablet', 'pad', '7', 'come', 'least', '45', 'year', 'updat', 'fact', 'get', '2', 'meanwhil', 'redmi', 'pad', '2', 'get', '7', 'year', 'suggest', 'user', 'skip', 'generati']"
Xiaomi Pad 7 hands-on,"['welcom', 'beauti', 'age', 'android', 'unlock', 'bootload', 'instal', 'custom', 'rom', 'still', 'abl', 'instal', 'latest', 'android', 'version', 'even', '8', 'year', 'better', 'flagship', 'today', 'offer']"
vivo X200,"['comment', 'even', 'repli', 'complet', 'differ', 'topic', 'even', 'smartphon', 'topic', 'anyway', 'think', 'get', 'lil', 'bro', 'im', 'use', 'x200', 'pro', 'china', 'variant', 'overal', 'great', 'experi']"
vivo X200,"['guy', 'miss', 'microphon', 'qualiti', 'realli', 'bad', 'compar', 'devic', 'audio', 'sampl', 'bcz', 'x200', 'cant', 'keep', 'baisc', 'pub', 'speaker', 'crack', 'hiss', 'like', 'sound', 'captur', 'record']"
vivo X200,"['main', 'ultrawid', 'cheaper', 'v40']"
"Samsung Galaxy S25 Ultra, S25+ and S25 hands-on","['samsung', 'keep', 'treat', 'european', 'user', 'like', 'secondclass', 'custom', 'ive', 'loyal', 'samsung', 'user', 'year', 'treatment', 'european', 'custom', 'get', 'ridicul', 'first', 'put', 'underperform', 'exyno', 'chip', 'whi']"
"Samsung Galaxy S25 Ultra, S25+ and S25 hands-on","['plea', 'note', 'purchas', 'point', 'must', 'note', 'purchas', '1', 'call', 'record', 'exist', 'import', 'busi', '2there', 'avail', 'real', 'time', 'network', 'speed', '3there', 'much', 'featur']"
"Samsung Galaxy S25 Ultra, S25+ and S25 hands-on","['truth', 'wish', 'would', 'use', 'pen', 'like', 'futur', 'proof', 'use', 'ai', 'edit', 'lot', 'even', 'perfect', 'good', 'like', 'paid', 'edit', 'use', 'photo', 'qualiti', 'restor', 'ch']"
Xiaomi Redmi Note 14 Pro 4G,"['someth', 'definit', 'wrong', 'unit', 'mine', 'work', 'perfectli', 'fine', 'daili', 'task', 'camera', 'better', 'expect', 'sinc', 'use', 'samsung', 'isocel', 'hp3', 'sensor', 'satisfi', 'plu', 'game', 'daili', 'task', 'vastli', 'bett']"
Xiaomi Redmi Note 14 Pro 4G,"['worst', 'phone', 'overal', 'compar', 'price', 'processor', 'bad', 'refresh', 'rate', 'respons', 'rate', 'bad', 'even', 'bad', 'daili', 'use', 'good', 'thing', '200mn', 'disappoint', 'never', 'gonna', 'buy', 'redmi', 'phone', '210', 'ratin']"
Xiaomi Redmi Note 14 Pro 4G,"['xiaomi', 'redmi', '14', 'pro', '4g', 'support', 'esim']"
Xiaomi Redmi Note 14 Pro+ (Global),"['xiaomi', 'im', 'alway', 'look', 'biggest', 'discount', 'part', 'world', 'belgium', '14', 'pro', 'sold', 'consid', 'price', 'that', 'given', 'right', 'get', '15', 'pro', '250', 'consid', 'w']"
Xiaomi Redmi Note 14 Pro+ (Global),"['octob', 'redmi', 'note', '11', 'turn', '4', 'best', 'ive', 'ever', 'still', 'perfect', 'condit', 'suggest', 'next', 'redmi', 'note', 'upgrad', 'thank', 'anticip']"
Xiaomi Redmi Note 14 Pro+ (Global),"['xiaomi', 'special', 'deal', 'offici', 'websit', 'europ', 'belgium', 'bought', 'one', '8256', 'eco', 'leather', 'back', 'voor', '171', 'got', 'redmi', 'bud', '6', 'lite', 'ad', 'free', 'price', 'forgiv', 'minor', 'disadvantag', 'gettin']"
Honor Magic7 Pro,"['depend', 'type', 'floor', 'drop', 'fall', 'mine', 'crack', 'top', 'left', 'corner', '2', 'foot', 'drop', 'lino', 'floor']"
Honor Magic7 Pro,"['screen', 'isnt', 'weak', 'ive', 'drop', 'mine', 'hard', 'floor', 'time']"
Honor Magic7 Pro,"['bought', 'june', '2025', '3', 'month', 'screen', 'broke', 'got', '16gb', '1tb', 'onlin', 'retail', '900', 'even', 'though', 'want', 'pay', 'get', 'phone', 'screen', 'fix', 'honor', 'uk', 'told', 'unabl', 'phone', 'hong', 'kong']"
Poco X7 Pro,"['nope', 'mayb', 'poco', 'x9', 'pro']"
Poco X7 Pro,"['phone', 'poco', 'f6', 'poco', 'x7', 'worth', 'replac', 'phone']"
Poco X7 Pro,"['mobil', 'poco', 'x7', 'pro', 'hasnt', 'even', 'complet', 'one', 'year', 'yet', 'past', '15', 'month', 'face', 'issu', 'servic', 'center', 'still', 'hasnt', 'abl', 'resolv', 'whenev', 'fix', 'one', 'problem', 'new', 'one', 'start', 'initi', 'whe']"
OnePlus 13R,"['oneplu', '13r', 'specif', 'valu', 'perform', 'batteri', 'slightli', 'longer', 'softwar', 'support', 's23', 'ultra', 'everyth', 'el', 'better', 'display', 'much', 'better', 'camera', 'better', 'build', 'spen', 'ultra', 'stuff']"
OnePlus 13R,"['oneplu', '13r', 's23', 'ultra', 'one', '2026']"
OnePlus 13R,"['get', '13r', 'g84', 'even', 'compar', '13r', 'especi', 'soc', 'depart']"
Xiaomi Redmi Note 14 Pro 5G (Global),[]
Xiaomi Redmi Note 14 Pro 5G (Global),"['35mm', 'audio', 'jack', 'top', 'least', 'global', 'version', 'pro', '5g']"
Xiaomi Redmi Note 14 Pro 5G (Global),"['address', 'confus', 'bit', 'stori', 'unit', 'review', 'today', 'global', 'version', 'unlik', 'chine', 'indian', 'model', '50mp', 'main', 'camera', 'european', 'model', '200mp', 'main', 'camera', 'wow']"
Poco X7 (Global),"['also', 'expens']"
Poco X7 (Global),"['naaahx7', 'pro', 'better']"
Poco X7 (Global),"['worth', '2026']"
vivo X200 Pro (Global),"['wasnt', 'x200', 'pro', 'score', 'list']"
vivo X200 Pro (Global),"['funtoucho', 'x200', 'pro', 'global', 'recent', 'got', 'major', 'upgrad', 'run', 'origino', 'android', '16']"
vivo X200 Pro (Global),"['hihow', 'correct', 'chine', 'version', 'vivo', 'x200', 'pro', 'soi', 'read', 'comment', 'sever', 'limit', 'bug', 'googl', 'servic', 'delay', 'notif', 'time', 'lack', 'synchron']"
OnePlus 13,"['one', 'plu', '15', 'perform', 'one', 'plu', '13', 'camera', 'good']"
OnePlus 13,"['oneplu', '13', 'better', 'overal', 'except', 'batteri', 'compar', '15', 'your', 'get', 'similar', 'price', 'new', 'model', 'camera', 'arent', 'competit']"
OnePlus 13,"['better', 'oneplu', '13', '15', 'what', 'better', 'choic', 'get', '2']"
The best-sounding smartphones and tablets of 2024,"['hi', 'gsnarena', 'didnt', 'includ', 'honor', 'magic', '7', 'pro', 'magic', '6', 'prowhi', 'two', 'definit', 'better', 'qualiti', 'speaker']"
The best-sounding smartphones and tablets of 2024,"['one', 'thing', 'id', 'love', 'see', 'compar', 'test', 'microphon', 'phone', 'mic', 'good', 'frequenc', 'rang', 'make', 'extern', 'condens', 'mic', 'obsolet', 'plea', 'consid', 'full', 'test']"
The best-sounding smartphones and tablets of 2024,"['two', 'type', 'smartphon', 'speaker', 'rog', 'phone', '7', 'other']"
Poco C75 5G hands-on,['realli']
Poco C75 5G hands-on,['swear']
Poco C75 5G hands-on,[]
Huawei Mate X6,"['understood', 'emiu', '14', 'page', '4', 'howev', 'may', 'need', 'resolv']"
Huawei Mate X6,"['cant', 'run', 'googl', 'map', 'applic', 'phone', 'replac', 'complet']"
Huawei Mate X6,"['gbox', 'best', 'solut', 'emul', 'microg', 'allow', 'gm', 'depend', 'app', 'run', 'nativ']"
Infinix Hot 50 Pro+ 4G,"['proud', 'owner', 'infinix', 'hot', '50', 'plu', 'bought', 'reput', 'line', 'store', 'issu', 'experienc', 'pocket', 'mistouch', 'tri', 'set', 'intellig', 'strong', 'weak', 'doesnt', 'seem', 'work']"
Infinix Hot 50 Pro+ 4G,"['first', 'time', 'use', 'infinix', 'phone', 'keep', 'crash', 'impract', 'set']"
Infinix Hot 50 Pro+ 4G,['experienc']
Infinix Zero Flip,"['heat', 'issu']"
Infinix Zero Flip,"['infinix', 'zero', 'flip', '2day', 'may', '6', 'hit', 'experi', 'phone', 'heat']"
Infinix Zero Flip,"['could', 'care', 'less', 'stupid', 'creas', 'dosnt', 'bother', 'long', 'work', 'price', 'color', 'im', 'look', 'flip', '3', 'galaxi', 'work', 'great', 'got', 'first', 'came', 'wish', 'would', 'come', 'hot', 'pink', 'neon']"
Ulefone Armor Mini 20T Pro,"['enough', 'space', 'top', 'bezel', 'put', 'selfi', 'camera', 'next', 'version', 'screen', 'without', 'punch', 'hole']"
Ulefone Armor Mini 20T Pro,"['ulefon', 'power', 'armour', '24', 'user', 'im', 'satisfi', 'batteri', 'qualiti', 'though', '22000mah', '15yr', 'last', '1day', 'instead', 'one', 'week']"
Ulefone Armor Mini 20T Pro,"['still', 'small', 'batteri']"
Tecno Phantom V Fold2,"['anyon', 'face', 'problem', 'smartwatch', 'syncnotif', 'watchamazefit', 'active2', 'phone', 'show', 'connect', 'nut', 'dont', 'receiv', 'notif']"
Tecno Phantom V Fold2,"['bro', 'crazi', 'even', 'normal', 'flagship', 'phone', 'less', '200g', 'could', 'expect', 'one']"
Tecno Phantom V Fold2,"['v', 'purs', '214g']"
Xiaomi Redmi Note 14 Pro+ hands-on,['say']
Xiaomi Redmi Note 14 Pro+ hands-on,"['hard', 'pas', 'ask', 'price', 'last', 'hope', 'camera', 'good', 'saw', 'onlin', 'comparison', 'notic', 'wors', 'rival', 'ballpark', 'like', 'realm', '13', 'pro', 'vivo', 'v40', 'pro', 'ill', 'check']"
Xiaomi Redmi Note 14 Pro+ hands-on,"['full', 'review', 'plea']"
Tecno Phantom V Flip2,"['explain', 'what', 'wrong', 'techno', 'poco', 'brand']"
Tecno Phantom V Flip2,"['whatsoev', 'premium', 'phone', 'tecno', 'releas', 'india', 'peopl', 'certainli', 'buy', 'want', 'reliabl', 'innov', 'reason', 'peopl', 'even', 'tri', 'avoid', 'poco', 'x', 'seri']"
Tecno Phantom V Flip2,"['lmao', 'alreadi', 'gave']"
RedMagic 10 Pro,"['water', 'damag', 'protect']"
RedMagic 10 Pro,"['much', 'better', 'expect']"
RedMagic 10 Pro,"['tf', 'u', 'mean']"
Samsung Galaxy A16 4G,"['3', 'xiaomi', 'a16', 'better', 'one', 'cheapest', 'oldest', 'xiaomi', 'redmi', '5', 'metal', 'frame', 'work', 'still', 'today', 'even', 'screen', 'broke', 'cost', 'ne', '2019', 'less', '100', 'pay', '200', 'xiaomi', '12', 'decept']"
Samsung Galaxy A16 4G,"['updat', 'one', 'ui', '7', 'one', 'ui', '8', 'plea']"
Samsung Galaxy A16 4G,"['terribl', 'phone', 'heat', 'need', 'charg', 'twice', 'day', 'screen', 'seem', 'misalign', 'touch', 'produc', 'right', 'letter', 'number', 'frustrat', 'less', '1', 'year', 'old', 'look', 'new', 'phone']"
iQOO 13,"['4', 'year', 'o', 'updat', '5', 'year', 'secur', 'patch']"
iQOO 13,"['probabl', 'iqoo', '12', 'much', 'better', 'camera', 'system']"
iQOO 13,"['game', 'phone', 'good', 'wellround', 'nitpick', 'camera', 'lmao']"
nubia Z70 Ultra,"['feel', 'premium', 's25', 'ultra', 'main', 'camera', 'actual', 'quit', 'good', 'everyday', 'use', 'selfi', 'bad', 'hotspot', 'better', 'samsung', 'batteri', 'better', 'softwar', 'feel', 'better', 'xiaomi', '3', 'major', 'updat', 'perform', 'expect']"
nubia Z70 Ultra,"['preorder', 'nubia', 'z70', 'ultra', 'begin', 'decemb', '2024', '50', 'euro', 'discount', 'suport', 'softwareandroid', '3', 'year', 'got', 'softwar', 'updat', 'everi', 'month', 'use', 'z60', 'ultra', 'issu']"
nubia Z70 Ultra,"['clearli', 'dont', 'your', 'agre', 'guy', 'complain', 'lg', 'wing', 'phone', 'use', 'default', 'android', 'audio', 'tech', 'sound', 'bad', 'cours', 'sound', 'bad', 'he', 'listen', 'default', 'android', 'pcm', 'setting1012bit48khz', 'prett']"
Oppo Find X8,"['got', 'underr', 'beast', '36000', 'multipl', 'offer', 'combin', 'exchang', 'realli', 'cheap', 'phone', 'super', 'premium', 'look', 'superb', 'perform', 'color', 'o', '16', 'unbeat', 'miss', 'storag', 'expans', 'though', 'sinc', 'one', 'perhap']"
Oppo Find X8,"['chose', 'oppo', 'wide', 'avail', 'viet', 'nam', 'alreadi', 'honor', '200', 'decid', 'go', 'oppo', 'display', 'tad', 'small', 'tast', 'nice', 'honor', 'disolay', 'better', 'chip', 'memori', 'camera']"
Oppo Find X8,"['would', 'choos', 'oppo', 'there', 'problem', 'x8', 'avail', 'china', 'rememb', 'correctli', 'get', 'chine', 'softwar', 'ok', 'see', 'band', 'network', 'countri']"
Oppo Find X8 Pro,"['phone', '80', 'w', 'charger', 'box']"
Oppo Find X8 Pro,"['love', 'everyth']"
Oppo Find X8 Pro,"['hi', 'bought', 'phone', 'almost', '2', 'week', 'ago', 'overal', 'opinion', 'phone', 'posit', 'love', 'big', 'batteri', 'much', 'better', 'batteri', 'life', 'pixel', 'phone', 'exampl', 'charg', 'speed', 'also', 'ok', 'bought']"
Asus ROG Phone 9/9 Pro,"['like', 'work', 'good', 'luck']"
Asus ROG Phone 9/9 Pro,"['pack', 'gill', 'realli', '2tb', '144hz', '120w', 'charg', '89', 'thousand', 'mah', 'batteri']"
Asus ROG Phone 9/9 Pro,"['plea', 'outfit', 'black']"
Realme GT 7 Pro,"['first', 'support', 'second', 'peopl', 'like', 'pretti', 'much', 'paper', 'tiger', 'small', 'screen', 'like', 'phone', 'even', 'tablet', 'watch', '3050', 'cm', 'watch', 'video', 'need', 'display', 'sd', 'qualiti']"
Realme GT 7 Pro,"['support', 'widevin', 'l1']"
Realme GT 7 Pro,"['expens', 'phone', 'widevin', 'l1', 'phone', 'joke']"
Motorola Edge 50,"['batteri', 'last', 'day', 'month', 'last', 'upto', '8', 'hr', 'normal', 'use', 'high', 'perform', 'game', 'work', 'smoothli', '60', 'fp', 'first', 'month', 'game', 'work', 'smoothli', '15', 'min', 'fp', 'drop', 'phon']"
Motorola Edge 50,"['get', 'edg', '50', 'mani', 'report', 'poor', 'batteri', 'life', 'decid', 'get', 'neo', 'dont', 'regret', 'great', 'devic', 'nevertheless', 'peach', 'fuzz', 'color', 'crazi', 'nice', 'devic', 'look']"
Motorola Edge 50,"['batteri', 'time', 'suffici', 'drain', 'fastli']"
Honor MagicPad 2,"['tablet', 'better', 'ipad', '16', 'draw']"
Honor MagicPad 2,"['pad', 'good', 'attach', 'bluetooth', 'keyboard', 'love', 'use', 'fast', 'screen', 'silki', 'smooth', 'use', 'work', 'much', 'faster', 'old', 'dell', 'xps13', 'slowcoach']"
Honor MagicPad 2,"['feel', 'like', '1', 'year', 'updat', 'honor', 'su', 'especi', 'android', '16', 'improv', 'tablet', 'sell', 'someth', 'expens', 'support', 'softwar', '1', 'major', 'upgrad']"
RedMagic Nova,"['buy', '24gb', 'ram1tb', 'storag', 'version', 'much', 'cost', 'feel', 'that', 'china', 'onlykeep', 'best', 'like', 'usual']"
RedMagic Nova,"['sound', 'like', 'skill', 'issu', 'mobil', 'game', 'take', 'hardwar', 'avail', 'day', 'mobil', 'game', 'engin', 'game', 'get', 'develop', 'give', 'consol', 'degre', 'pc', 'run', 'money', 'come', 'cost', 'val']"
RedMagic Nova,"['better', 'way']"
Infinix Zero 40 5G hands-on,"['term', 'game', 'except', 'well', 'phone', 'that', 'meant', 'everyday', '4k', 'vlog', 'term', 'perform', 'wont', 'lose', 'much', 'perform', 'play', 'game', 'fp', 'doesnt', 'dip', 'low', 'play', 'long', 'time']"
Infinix Zero 40 5G hands-on,"['bought', 'ye', 'could', 'tell', 'perform', 'lag', 'freez', 'game']"
Infinix Zero 40 5G hands-on,"['neither', 'phone', 'get', 'outta', 'clown', 'aint', 'buy', 'anyth']"
Samsung Galaxy A16 5G,"['8gb256gb', 'model', 'super', 'good', 'daili', 'driver']"
Samsung Galaxy A16 5G,"['plea', 'plea', 'revert', 'scope', 'storag', 'updatey', 'made', 'life', 'even', 'wors', 'n9w', 'cant', 'instal', 'mod', 'favorit', 'game']"
Samsung Galaxy A16 5G,"['use', 'third', 'phone', 'issu', 'compani', 'bad', 'best', 'batteri', 'ok', 'screen', 'ok', 'speed', 'bad', 'camera', 'medium', 'avail', 'adjust', 'fingerprint', 'sensor', 'fail', 'everi', 'devic']"
vivo V40 Pro,"['apolog', 'rm', '1500']"
vivo V40 Pro,"['current', '281125', 'avail', 'silver', 'white', '12', '512', 'configur', '55', 'discount', 'offici', 'vivo', 'malaysia', 'store', 'less', 'rm', '15k']"
vivo V40 Pro,['ye']
Motorola Edge 50 Neo,"['great', 'honest', 'opinion', 'mine', 'super', 'reliabl']"
Motorola Edge 50 Neo,"['margin', 'much', 'would', 'notic', 'fair', 'mine', 'let', 'g73', 'better']"
Motorola Edge 50 Neo,"['qualiti', 'photo', 'much', 'better', 'shoot', 'raw', '12mp', 'take', 'photo', 'edit', 'free', 'lightroom', 'similar', 'applic', 'photo', 'color', 'book', 'get', 'much', 'detail', 'littl']"
vivo X200 Pro hands-on,"['issu', '12', 'sensor', 'larger', 'tend', 'caus', 'focu', 'problem', 'ideal', 'size', '1255']"
vivo X200 Pro hands-on,"['nice', 'good', 'camera']"
vivo X200 Pro hands-on,"['someon', 'tell', 'exactli', 'phone', 'meanest', 'smallest', 'sensor', 'given', 'ultrawid', 'len', 'see', 'much', 'detail', 'lens', 'enough', 'len', 'resolut', 'much', 'noisier', 'make', 'vi']"
Samsung Galaxy S24 FE,"['android', 'consum', 'half', 'consid', 'debloat', 'amount', 'ram', 'plea']"
Samsung Galaxy S24 FE,"['dex', 'galaxi', 'gener', 'ai', 'featur', 'a55', 'way', 'weaker', 'phone', 'term', 'perform', 'besid', 'live', 'got', 'phone', 'black', 'friday', 'around', 'launch', 'time', 'got', 'around', '66', 'regular', 'price']"
Samsung Galaxy S24 FE,"['hey', 'agre', 'virtual', 'prox', 'sensor', 'sheet', '8gb', 'ram', 'defo', 'isnt', 'dealbreak']"
vivo V40,"['vivo', '40', 'esim', 'support', 'countri', 'nepal']"
vivo V40,['like']
vivo V40,"['use', 'vivo', '40', '8', 'month', 'good', 'experien']"
Xiaomi Redmi 13 5G hands-on,"['redm', '13', 'worst', 'phone', 'ever', 'dont', 'e', 'er', 'buy', 'batteri', 'crap', 'display', 'video', 'disrupt', 'play', 'sound', 'bad', 'overal', '010']"
Xiaomi Redmi 13 5G hands-on,"['that', 'wh', 'buy', 'phone', 'least', '1', 'year', 'old', 'friend', 'dont', 'understand', 'year', 'ill', 'know', 'sure', 'isa', 'good', 'buy', 'price', 'never', 'ever', 'pay', '300', 'euro', 'phone', 'man', 'dont', 'need', '13', 'ca']"
Xiaomi Redmi 13 5G hands-on,"['major', 'chang', 'xiaomi', 'redmi', '12', '5g', 'accord', 'review', 'perform', 'gsmarena', 'increas', 'processor', 'clock', 'speed', 'display', 'refresh', 'rate', 'reach', '120', 'hz', 'max', 'devic', 'fresher', 'redmi', '12', '5g', 'result']"
Apple iPhone 16 Pro,"['awesom', 'technolog']"
Apple iPhone 16 Pro,"['theyr', 'somewhat', 'budget', 'option', 'consid', 'cost', 'android', 'look', 'pixel', 'soni']"
Apple iPhone 16 Pro,"['appreci', 'gsmarena', 'detail', 'review', 'appl', 'iphon', '16', 'pro', 'comprehens', 'analysi', 'cover', 'variou', 'aspect', 'devic', 'howev', 'notic', 'review', 'doesnt', 'mention', 'camera', 'control', 'button', 'introduc']"
Apple iPhone 16 Plus,"['nope', 'quit', 'cool', 'normal', 'usag', 'scroll', 'social', 'medium']"
Apple iPhone 16 Plus,"['master', 'profit', 'mostli', 'make', 'good', 'crrap', 'ye', 'id', 'say', 'like', 'softwar', 'insan', 'buggi', 'wall', 'garden', 'cockypretenti', 'android', 'copi', 'shyt', 'lock', 'like', 'activ']"
Apple iPhone 16 Plus,"['iphon', '16', 'plu', 'also', 'heat', 'problemissu', 'anyon', 'exp', 'even', 'normal', 'use', 'exclud', 'game', 'heavi', 'app']"
Apple iPhone 16 Pro Max,"['want', 'phone', 'want', 'foot', 'stomp']"
Apple iPhone 16 Pro Max,"['oh', 'god', 'crush', 'phone', 'world', 'promis']"
Apple iPhone 16 Pro Max,"['year', 'year', '25', 'perform', 'increas', 'increment']"
Xiaomi 14T,"['everyth', 'great', 'reviewa', 'miss', 'import', 'stuff', 'like', 'phonw', 'seriou', 'charger', 'compat', 'issu', 'photo', 'look', 'like', 'crap']"
Xiaomi 14T,"['camera', 'good', 'content', 'creation']"
Xiaomi 14T,"['samsung', 'galaxi', 'a54', '5g', 'chang', 'phone', 'think', 'mani', 'benefit', 'arent']"
Apple iPhone 16,"['samsung', 'use', 'camera', 'year', 'everyth', 'besid', 'ultra', 'model', 'shit']"
Apple iPhone 16,['good']
Apple iPhone 16,"['use', 'iphon', 'se', '2020', 'charg', '88', 'morn', '121', 'pm', '7', 'ye', 'batteri', 'suck']"
Xiaomi 14T Pro,"['viljuska', 'dont', 'forget', '120w', 'charg', 'charg', '0100', 'less', '30', 'minut']"
Xiaomi 14T Pro,"['bad', 'batteri', 'bad', '8h', 'shit', 'phone', 'pocket', 'dri', '4050', 'batteri', 'play', 'game', 'fon', 'call', 'text', 'internet', 'small', 'time', 'watch', 'video', 'charg', 'phone', '34x', 'per', 'day']"
Xiaomi 14T Pro,"['still', 'wait', '15t', 'seri']"
Google Pixel 9 Pro,"['ive', 'htc', 'samsung', 'huawei', 'phone', 'past', 'googl', 'pixel', 'pro', '9', 'disappoint', 'one', 'main', 'featur', 'phone', 'especi', 'galleri', 'laggi', 'begin', 'never', 'start', 'work', 'attempt', 'get']"
Google Pixel 9 Pro,"['upgrad', 'pixel', '6', '9', 'pro', 'week', 'ago', 'alreadi', 'love', 'asid', 'phone', 'feel', 'snappier', 'biggest', 'qol', 'improv', 'selfi', 'cam', 'face', 'unlock', 'batteri', 'last', 'heap', 'longer', 'even', 'youtub', 'play']"
Google Pixel 9 Pro,"['old', 'one', 'mate', 'plea']"
Google Pixel 9 Pro Fold,"['pixel', '9', 'pro', 'fold', 'good', 'phone', 'alway', 'error', 'mic', 'loudspeak', 'what', 'mic']"
Google Pixel 9 Pro Fold,"['camera', 'blow', 'fold', 'water', 'peopl', 'drawn', 'satur', 'imag', 'samsung', 'get', 'everi', 'time', 'pixel', 'far', 'better', 'actual', 'edit', 'photo', 'like', 'produc', 'overal', 'much', 'better']"
Google Pixel 9 Pro Fold,"['disappoint', 'pixel', '7a', 'batteri', 'purchas', 'pixel', '7a', 'septemb', '2', '2023', 'one', 'year', 'later', 'batteri', 'stop', 'work', 'kindli', 'request', 'googl', 'establish', 'offici', 'shop', 'ghana', 'purchas', 'phone', 'batteri']"
Samsung Galaxy A06,"['bought', 'temu', 'dirt', 'cheap', '40', 'new', 'basic', 'slow', 'start', 'ok', 'second', 'backup', 'phone', 'screen', 'good', 'qualiti', 'brow', 'youtub', 'tv', 'etc', 'sound', 'basic', 'new', 'secur', 'updat', 'android', '16', 'buy', 'littl', '50', 'good', 'basi']"
Samsung Galaxy A06,"['first', 'time', 'buy', 'sumsung', 'model', 'im', 'regrettingit', 'alway', 'freez']"
Samsung Galaxy A06,"['freez', 'phone', 'plea', 'updat']"
Honor Magic V3,"['mention', 'tha', 'easi', 'way', 'use', 'primari', 'camera', 'front', 'screen', 'gestur', 'shutter', 'button', 'captur', 'phrase', 'like', 'everyon', 'elso', 'big', 'minu', 'care', 'talk']"
Honor Magic V3,"['long', 'time', 'samsung', 'user', 'ever', 'sinc', 's3', 'ive', 'alway', 'sammi', 'phone', 'gear', 'watch', 'tablet', 'yearli', 'updat', 'devic', 'origin', 'fold', 'everi', 'iter', 'updat', 'yearli', 'went', 'malaysia']"
Honor Magic V3,"['magic', 'o', 'issu', 'softwar', 'give', 'detail']"
Motorola Edge 50 and Edge 50 Neo hands-on,['nice']
Motorola Edge 50 and Edge 50 Neo hands-on,"['edg', '50', 'neo', 'order', 'havent', 'open', 'yet', 'wait', 'full', 'review', 'keep', 'return']"
Motorola Edge 50 and Edge 50 Neo hands-on,"['disappoint', 'ive', 'wait', 'review', 'edg', '50', 'neo', 'month', 'promis', 'review']"
Xiaomi 14 Civi,"['heater', 'phone', 'easili', 'make', 'omlat']"
Xiaomi 14 Civi,"['phone', 'worth', 'buy']"
Xiaomi 14 Civi,"['photo', 'upload', 'taken', 'phone', 'fake']"
Google Pixel 9,"['lmao', 'batteri', 'life', 'ri', 'fantast', 'pixel', '9']"
Google Pixel 9,"['pixel', '9']"
Google Pixel 9,"['oneplu', '13r']"
Google Pixel 9 Pro XL,"['delus', 'uf', 'defend', 'pixel', 'btw', 'use', 'uf', '40', 'devic', 'there', 'liter', '2530', 'differ', 'uf', '31', '40', 'random', 'readwrit', 'speed', 'highlight', 'random', 'that', 'spe']"
Google Pixel 9 Pro XL,"['strang', 'review', 'perform', 'put', 'besid', 'cannot', 'discov', 'review', 'whether', 'panorama', 'lens', 'fact', 'mention', 'sampl', 'shot', 'search', 'ultrawid', 'panora']"
Google Pixel 9 Pro XL,"['good', 'best', 'hope', 'pixel', '10', 'might', 'better']"
OnePlus Pad 2,"['oneplu', 'pad', '2', 'nativ', '1b', 'color', 'display', 'use', 'frc', 'frame', 'rate', 'control', 'oneplu', 'pad', '3', 'use', 'frc', 'frame', 'rate', 'control', 'disclaim', '3', '12bit', 'color', 'depth', 'achiev', '8bit', 'hardwar', 'combin', '4bit', 'frc', 'frame', 'rate', 'c']"
OnePlus Pad 2,"['oneplu', 'pad', '2', 'nativ', '1b', 'color', '10bit', 'color', 'depth', 'display', 'like', 'oneplu', 'pad', '3', 'disclaim', 'oneplu', 'pad', '3', '3', '12bit', 'color', 'depth', 'achiev', '8bit', 'hardwar', 'combin', '4bit', 'frc', 'frame', 'rate', 'control']"
OnePlus Pad 2,"['hey', 'mate', 'saw', 'comment', 'im', 'plan', 'buy', 'tablet', 'especi', 'play', 'mcoc', 'experi', 'still', 'difficult', 'perform', 'well']"
Samsung Galaxy Watch Ultra,"['samsung', 'watch', '6', 'ultra', 'use', 'android', 'wear', 'power', 'consumpt', 'ridicul', 'high', 'less', 'day', 'batteri', 'life', 'bluetooth', 'lte', 'gp', 'sensor', 'enabl', 'im', 'use', 'huawei', 'gt', 'pro', 'harmoni', 'o', 'give', 'close', '2', 'week', 'batter']"
Samsung Galaxy Watch Ultra,"['mine', 'last', '3', 'day']"
Samsung Galaxy Watch Ultra,"['adjust', 'set', 'watch', 'support', 'ai', 'well']"
Motorola Razr 50/razr (2024),"['cant', 'agre', 'right', 'narrow', 'screen', 'terribl', 'think', 'pura', 'x', 'good', 'choic', '2', 'problem', 'expens', 'officialleg', 'googl', 'servic']"
Motorola Razr 50/razr (2024),['agre']
Motorola Razr 50/razr (2024),['true']
Nothing Phone (2a) Plus,"['batteri', 'life', 'np2a', 'bad', 'also', 'greatest', 'im', 'heavi', 'user', 'cant', 'het', 'day', 'without', 'charg']"
Nothing Phone (2a) Plus,"['still', 'seem', 'like', 'good', 'choic', 'even', '3', 'seri', 'batteri', 'life', 'realli', 'import', 'thing', 'owner', '2a', 'pro']"
Nothing Phone (2a) Plus,"['plea', 'dont', 'say', 'inappropri', 'thing']"
HMD Skyline,"['dont', 'care', 'greatest', 'hardwar', 'care', 'secur', 'updat', 'phone', 'ewast', 'maximum', 'three', 'year', 'repair', 'phone', 'support', 'least', 'five', 'year', 'otherwis', 'make', 'sen', 'buy', 'phone']"
HMD Skyline,"['case', 'miss', 'earlier', 'comment', 'ive', 'mention', 'specif', 'famili', 'member', 'colleagu', 'use', 'sever', 'nokia', 'devic', 'even', 'today', 'includ', 'parent', 'nokia', 'c32', 'phone', 'nokia', '53', '34', '7', 'plu', 'c20', '62', 'g10', 'c20', 'plu', '1']"
HMD Skyline,"['one', 'phone', 'hmd', 'nokia', 'one', 'everyon', 'know', 'alreadi', 'constantli', 'repeat', 'sinc', '2017', 'nokia', '8', 'crazili', 'good', 'stand', 'time', '4', '5', 'day', 'manag']"
Xiaomi Mix Flip,"['ive', 'watch', 'gsm', 'arena', 'review', 'year', 'review', 'reason', 'bought', 'first', 'xiaomi', 'love', 'test', 'method', 'clear', 'inform', 'time', 'theyv', 'also', 'deliv', 'realli', 'good', 'review', 'mix', 'flip']"
Xiaomi Mix Flip,"['like', 'month', 'use']"
Xiaomi Mix Flip,"['quit', 'happi', 'final', 'one', 'put', 'telephoto', 'cameraultra', 'wide', 'produc', 'good', 'photo']"
Realme 13 Pro+,"['realm', 'fan', 'sinc', '2018', 'still', 'use', 'realm', 'xt', 'last', '5', 'year', 'singl', 'problem', 'upgrad', 'realm', '13', 'pro', 'good', 'phone', 'power', 'speaker', 'good', 'camera']"
Realme 13 Pro+,"['bought', 'mine', 'use', 'gt', 'master', 'first', 'thought', 'id', 'regret', 'decis', 'dont', '13', 'pro', 'plu', 'feel', 'like', 'ive', 'person', 'custom', 'dream', 'phone', 'within', 'budgetfriendli', 'price', 'hope', 'help']"
Realme 13 Pro+,"['got', 'mine', 'wireless', 'charg', 'support']"
Realme GT 6T,"['go', 'spend', 'entir', '2', 'year', 'salari', 'softwar', 'peopl', 'softwar', 'plu', 'softwar', 'day', 'realli', 'good', 'didnt', 'stupid', 'updat', 'ruin', 'make', 'insuffer', 'softwar', 'updat', 'intend', 'make', 'devic', 'lag']"
Realme GT 6T,"['keep', 'glaze', 'chine', 'phone', 'still', 'superior', 'softwar', 'nerd', 'differ', 'breed', 'opinion', 'invalid']"
Realme GT 6T,"['first', 'last', 'chine', 'phone', 'phone', 'hardwar', 'good', 'softwar', 'horribl', 'make', 'even', 'easiest', 'chang', 'take', 'hour', 'search', 'find', 'make', 'there', 'say', 'get', 'pay', 'sti']"
vivo X Fold3 Pro,"['dear', 'plea', 'help', 'find', 'solut', 'team', 'issu', 'face', 'press', 'icon', 'app', 'launch', 'immedi', 'crash']"
vivo X Fold3 Pro,"['probabl', 'wrong', '75', 'year', 'old', 'pension', 'slovakia', 'chang', 'mobil', 'phone', 'everi', '2', 'year', 'clone', 'work', 'problem', 'replac', 'vivo', 'x', 'fold3', 'pro', 'excel']"
vivo X Fold3 Pro,"['wow', 'ot', 'amaz', 'afford', 'brilliant']"
Samsung Galaxy Z Flip6,"['need', 'make', 'flip', 'version', 's25', 'ultra', 'overal', 'dimens', 'open', 'especi', 'width', 'enough', 'good', 'look', 'devic', 'horribl', 'view', 'normal', 'content', 'like', 'read', 'page']"
Samsung Galaxy Z Flip6,"['tv', 'remot', 'type', 'phonesso', 'hold', 'easili', 'cant', 'view', 'muchwhat', 'point']"
Samsung Galaxy Z Flip6,"['nobodi', 'mention', 'convinc', 'use', 'phone', 'one', 'hand', 'thinner', 'think', 'natur', 'size', 'hand']"
Xiaomi Mix Flip and Mix Fold 4 hands-on,"['even', 'bro', 'im', 'say', 'peopl', 'gullibl', 'enough', 'buy', 'poor', 'midrang', 'instead', 'old', 'flagship', 'xiaomi', 'know', 'peopl', 'dont', 'know', 'much', 'phone', 'take', 'advantag', 'make']"
Xiaomi Mix Flip and Mix Fold 4 hands-on,"['entitl', 'forget', 'got', 'born', 'way', 'die', 'way', 'came', 'noth', 'leav', 'noth', 'poor', 'peopl', 'go', 'older', 'flagship', 'product']"
Xiaomi Mix Flip and Mix Fold 4 hands-on,"['agre', '100']"
nubia Red Magic 9S Pro,"['game', 'sometim', 'crashedhangsupnot', 'move', 'restart', 'game']"
nubia Red Magic 9S Pro,"['reset', 'connect', 'bluetooth', 'earbud', 'well', 'softwar', 'buggi', 'dont', 'think', 'issu', 'use', '99', 'brand']"
nubia Red Magic 9S Pro,"['ori', 'case', 'lot', 'case', 'serious', 'better', 'case', 'xd', 'like', 'much', 'brother', 'im', 'use', 'one', 'metal', 'plate', 'behind', 'allow', 'extra', 'fan', 'jack', 'game', 'extra', 'cool']"
Samsung Galaxy Z Fold6,"['15', 'month', 'old', 'z', 'fold6', 'user', 'issu', 'like', 'mention', 'happen', 'time']"
Samsung Galaxy Z Fold6,"['arent', 'go', 'fix', 'someth', 'broke', 'that', 'funni']"
Samsung Galaxy Z Fold6,"['hey', 'everyon', 'regular', 'client', 'smasung', 'equip', 'tv', 'comput', 'watch', 'phone', 'ear', 'phone', 'fan', 'till', 'post', 'galaxi', 'z', 'fold', '4', 'bought', 'fnac', 'franc', '20', 'month', 'ago', 'two', 'major']"
OnePlus Nord 4,"['fantast', 'mid', 'rang', 'phone', 'thing', 'realli', 'let', 'garbag', 'camera', 'otherwis', 'great']"
OnePlus Nord 4,"['7', 'gen', '3', '10']"
OnePlus Nord 4,"['tryna', 'rude', 'that', 'kinda', 'fault', 'dont', 'automat', 'assum', 'anyth']"
Moto G Stylus 5G (2024),[]
Moto G Stylus 5G (2024),"['say', '699', 'say', '400']"
Moto G Stylus 5G (2024),"['400', 'phone', 'dont', 'expect', '800', 'featur']"
Samsung Galaxy Z Fold6 and Z Flip6 hands-on,"['anyon', 'el', 'notic', '2nd', 'page', 'doubl', 'review', 'pit', 'fold', '6', 'v', 'fold', '5', 'intern', 'screen', 'open']"
Samsung Galaxy Z Fold6 and Z Flip6 hands-on,"['devic', 'month', 'duti']"
Samsung Galaxy Z Fold6 and Z Flip6 hands-on,"['yeah', 'fair', 'enough', 'dont', 'backup', 'often']"
CMF Phone 1 by Nothing,"['flui', 'smooth', 'happi', 'good', 'perform', '1', 'year']"
CMF Phone 1 by Nothing,"['ingres', 'protect', 'mean', 'screen', 'crack', 'one', 'hit']"
CMF Phone 1 by Nothing,"['gsmarena', 'review', 'trustworthi', 'mention', 'cmf', 'phone', '1', 'feel', 'snug', 'comfort', 'hand', 'thank', 'nice', 'curv', 'edg', 'cmf', 'hard', 'straight', 'edg', 'curv', 'actual', 'hurt', 'held']"
Poco Pad,[]
Poco Pad,"['poco', 'slightli', 'perform', 'see', 'benchmark']"
Poco Pad,"['firmwar', 'differ']"
Xiaomi 14 Civi hands-on,"['phone', 'nice', 'size', 'shame', 'hard', 'find', 'uk', 'dont', 'xiaomi', 'releas', 'global']"
Xiaomi 14 Civi hands-on,"['where', 'full', 'review', 'civi', 'gsmarena', 'wait', 'time', 'plea', 'asap']"
Xiaomi 14 Civi hands-on,"['sad', 'fact', 'samsung', 'lowmidrang', 'full', 'bloatwar', 'premium', 'phone', 'give', 'good', 'vibe']"
Xiaomi Redmi Pad Pro,['ye']
Xiaomi Redmi Pad Pro,"['pc', 'comput', 'keyboard', 'monitor', 'mous', 'laptop', 'allinon', 'pc', 'requir', 'constant', 'main', 'suppli', 'laptop', 'builtin', 'batteri', 'pc', 'also', 'order', 'magnitud', 'bigger', 'expens', 'l']"
Xiaomi Redmi Pad Pro,"['u', 'find', 'solut', 'also', 'face', 'issu']"
vivo X100 Ultra,"['video', 'httpsyoutubepbp7wkqjo6i', 'thing', 'arent', 'even', 'timestamp', 'video', 'x100', 'ultra', 'v', 'find', 'x7', 'ultra', 'recommend', 'see', 'video', 'compar', 'x100', 'pro']"
vivo X100 Ultra,"['where', 'russian', 'dude', 'comparison', 'video', 'cant', 'find', 'also', 'show', 'video', 'vivo', 'x100', 'ultra', 'compar', 'oppo', 'find', 'x7', 'ultra', 'dslriphon']"
vivo X100 Ultra,"['ive', 'x100', 'pro', 'magic', '6', 'pro', 'vivo', 'far', 'superior', 'night', 'photo', 'macro', 'definit', 'zoom', '8x', 'night', 'photo', 'motion', 'situat', 'similar', 'cant', 'say', 'honor', 'better', 'dxomark', 'score']"
Oppo Reno12 Pro,"['surpris', 'one', 'pick', 'charg', 'spec', 'contradict', 'oppo', 'might', 'undersel', 'reno12', 'pro', 'pd', 'charg', 'capabl', 'mention', 'phone', 'support', 'pd', '20', '9v15a', '135w', 'max', 'test', 'data', 'show']"
Oppo Reno12 Pro,"['samsung', 'phone', 'expens', 'oppo', 'phone', 'long', 'broken', 'key', 'android', 'featur', 'updat', 'arent', 'necessari']"
Oppo Reno12 Pro,"['lmao', 'trade', 'ultim', 'flagship', 'phone', 'galaxi', 's23', 'ultra', 'mid', 'rang', 'good', 'luck', 'haha']"
Motorola Razr 50 Ultra/razr+ (2024),"['releas', 'secur', 'updat', 'googl', 'longer', 'releas', 'version', 'feasibl', 'googl', 'releas', 'secur', 'updat', '3', 'simultan', 'version', 'mean', '36', 'month', 'version', 'exactli', 'android', 'alway', 'rele']"
Motorola Razr 50 Ultra/razr+ (2024),"['alon', 'also', 'love', 'ultrawid', 'camera', 'manufactur', 'doesnt', 'realli', 'care', 'much', 'use', 'lot', 'phone', 'sinc', 'lg', 'g', 'seri', 'today', 'flagship', 'stupid', 'may', 'sound', 'lg', 'g5', 'best', 'ultrawid', 'camera', 'among']"
Motorola Razr 50 Ultra/razr+ (2024),"['didnt', 'stupid', 'phone', 'even', 'week', 'couldnt', 'even', 'enjoy', 'app', 'paid', 'buy', 'phone', 'suggest']"
OnePlus Nord CE4 Lite hands-on,"['ce4', 'lite', 'one', 'best', 'sinc', 'ce2', 'lite', 'almost', 'indestruct', 'lite', '1', 'best', 'middl', 'rang', 'like', 'de', 'nord3', 'wich', 'fragil', 'brittl', 'expens', 'garbag', 'overheat']"
OnePlus Nord CE4 Lite hands-on,"['nfc', '1', 'nord', 'ce4', 'lite']"
OnePlus Nord CE4 Lite hands-on,"['instal', 'oneplu', 'store', 'look', 'ebay', 'amazon']"
Xiaomi Redmi 13,"['miss', 'redmi', 'note', '9', 'one', 'best', 'phone', 'hade', 'honestli', '5030mah', 'batteri', 'bit', 'wack', 'day', 'even', 'honor', 'x6b', 'better', 'featur', 'plu', 'ultra', 'wide', 'angl', 'camera', '5200mah', 'batteri', 'rush', 'em']"
Xiaomi Redmi 13,"['lag', 'sometim', '8gb', 'ram']"
Xiaomi Redmi 13,"['use', '2gb', 'extra', 'read', 'write', 'storag', 'alway', 'lot', 'slower', 'pure', 'ram', 'cant', 'even', 'consid', 'benchmark', 'test', 'valid']"
Realme GT 6,"['better', 'camera', 'realm', 'gt', '6', 'realm', '14', 'pro', 'support', 'gcam', 'fulli']"
Realme GT 6,[]
Realme GT 6,"['mobil', 'waterproof']"
Infinix Note 40 Pro+,"['poor', 'batteri', 'backup', 'hear', 'problem']"
Infinix Note 40 Pro+,"['nice', 'phone']"
Infinix Note 40 Pro+,"['poor', 'touchscreen']"
Honor 200 Pro,"['android', 'auto', 'problem']"
Honor 200 Pro,['believ']
Honor 200 Pro,"['croatia', 'ye', 'came', 'googl', 'play', 'store', 'chose', 'honor', '6', 'happi', 'year', 'huawei', 'p30', 'googl', 'servic', 'main', 'factor', 'choos', 'differ', 'brand', 'want', 'similar', 'phone', 'better', 'perform', 'greater']"
Motorola Edge 50 Fusion,"['use', 'phone', 'goodth', 'camera', 'good', 'screen', 'batteri', 'everyth', 'good', 'price', 'better', 'a36', 'redmi', 'note', '14', 'pro', 'phone', 'one', 'thing', 'moto', 'could', 'add', 'wireless', 'charg', 'give']"
Motorola Edge 50 Fusion,"['purchas', 'phone', '2', 'month', 'agopaid', '139', 'refurbishedth', 'phone', 'came', 'like', 'brand', 'newbrilli', 'phonebest', 'phone', 'ive', 'own', 'realli', 'plea']"
Motorola Edge 50 Fusion,"['bought', 'phone', 'around', '7', 'month', 'back', 'total', 'disappoint', 'perform', 'batteri', 'lost', 'fast', 'hang', 'unlock', 'unabl', 'enter', 'password', 'switch', '5g', 'pathet']"
Motorola Edge 50 Ultra,"['main', 'page', 'alreadi', 'told', 'opinion', 'batteri', 'well', 'bought', 'devic', 'may', 'work', '12hour', 'shift', 'devic', 'charg', '100', 'brow', 'internet', 'lot', 'work', 'occasion', 'play', 'game', '12hr', 'batteri', 'never']"
Motorola Edge 50 Ultra,"['let', 'know', 'thought', 'batteri', 'life', 'plea', 'want', 'one', 'thank']"
Motorola Edge 50 Ultra,"['order', 'amazon', 'peach', 'fuzz', '600', 'expect', 'quit', 'high', 'come', 's23', 'ultra', 'pixel', '8', 'pro', 'sold', 'samsung', 'order', 'return', 'pixel', 'year', 'overh', 'wifi', 'bluetooth', 'problem', 'l']"
Xiaomi Pad 6S Pro 12.4,"['what', 'connect', '5g', 'modem', 'global', 'presenc']"
Xiaomi Pad 6S Pro 12.4,"['shame', 'region', 'charger', 'miss']"
Xiaomi Pad 6S Pro 12.4,"['type', 'c', 'hdmi', 'cabl', 'serv', 'purpos']"
Tecno Camon 30 Pro,"['mean', 'sluggish']"
Tecno Camon 30 Pro,"['bruh', 'new', 'updat', '16', 'android']"
Tecno Camon 30 Pro,"['realli', 'bore', 'sluggish']"
Google Pixel 8a,"['one', 'year', 'small', 'size', 'clean', 'android', 'without', 'bloatwar', 'monthli', 'updat', 'nice', 'photo', 'ai', 'function', 'tell', 'music', 'play', 'batteri', 'life', 'could', 'better', 'cpu', 'sometim', 'throthl', 'game', 'th']"
Google Pixel 8a,"['speaker', 'phone', 'terribl', 'sound', 'muffl', 'much', 'bass']"
Google Pixel 8a,"['pixel', 'expect', 'averag', 'batteri', 'life']"
Poco F6,"['qualcomm', 'also', 'lower', 'cost', 'use', 'older', 'modem', 'still', 'offer', 'highend', 'isp', 'well', 'nextgener', 'connect', 'wifi', '7', 'modem', 'use']"
Poco F6,"['smartphon', 'support', 'googl', 'play', 'servic', 'ar', 'manufactur', 'author', 'xiaomi', 'servic', 'center', 'retail', 'market', 'poco', 'f6', 'flagship', 'smartphon', 'poco', 'brand', 'featur', 'flagship', 'processor', 'support', 'latest']"
Poco F6,"['subpar', 'batteri', 'life', 'worst', 'still', 'subpar', 'almost', 'bad', 'guess', 'price', 'pay', 'want', 'phone', 'doesnt', 'feel', 'like', 'fight', 'life', '2', 'app', 'open']"
Apple iPad Pro 11 (2024),"['need', '10', 'year', 'ipad', 'pro', '2024', 'speaker', 'wors', '2021', 'thin']"
Apple iPad Pro 11 (2024),"['ask', 'ipad', 'pro', '2024', '11', 'inch', 'support', 'pro', 'creat', 'got', 'confus', 'read', 'procreat']"
Apple iPad Pro 11 (2024),"['appl', 'fan', 'benchmark', 'insan', 'one']"
Poco F6 Pro,"['poco', 'f6', 'pro', 'better', 'honor', '200', 'non', 'pro', 'samsung', 'a55', 'better', 'main', 'camera', '4k', '60fp', 'better', 'display', '526ppi', 'uf', '40', 'memori', 'charg', 'speed', 'build', 'qualiti', 'much', 'better', 'perform', 'even', 'close']"
Poco F6 Pro,"['1', 'year', 'small', 'niec', 'spill', 'unintent', 'full', 'glass', 'water', 'tabl', 'next', 'itwich', 'kill', 'phone', 'good', 'phone', 'good', 'chip', 'fast', 'charg', 'reliabl', 'amaz', 'good', 'connect', 'con', 'batteri', 'life', 'cou']"
Poco F6 Pro,"['xioami', '14t', 'pro', 'game', 'camera']"
Huawei Pura 70 Ultra,"['ask', 'much', 'phone', 'ye', 'done', 'eventu', 'price', 'option', 'big', 'alreadi', 'ultra', 'phone', 'big', 'price', 'chip', 'photo', 'capabl', 'compar', 'cheap']"
Huawei Pura 70 Ultra,"['easili', 'best', 'phone', 'camera', 'hardwar', 'ive', 'tri', 'come', 'imag', 'qualiti', 'camera', 'softwar', 'infuri', 'option', '25mp', 'option', 'default', 'mode', 'genuin', 'captur', 'even', 'detail', 'suppos', 'want']"
Huawei Pura 70 Ultra,"['mani', 'area', 'never', 'get', '5g']"
Google Pixel 8a hands-on,"['sure', 'actuali', 'much', 'better', 'option', 'consid', 'price', 'differ', 'find', 'pixel', '7', 'much', 'cheaper', '500', 'pixel', '8', 'much', 'better', 'option', 'especi', 'longterm']"
Google Pixel 8a hands-on,"['per', 'conclus', 'vanilla', 'pixel', '7', 'also', 'good', 'option', 'consid', 'buy', 'instead', 'pixel', '8a']"
Google Pixel 8a hands-on,"['form', 'factor', 'feel', 'hand', 'great', 'agre', 'challeng', 'fix', 'modem', 'issu', 'exyno', 'chip', 'give', 'u', 'less', 'perform']"
Sony Xperia 10 VI,"['phone', 'seem', 'like', 'budget', 'compact', 'phone', 'love', '4nm', 'processor', 'good', 'enough', 'front', 'face', 'speaker', 'also', 'realli', 'good']"
Sony Xperia 10 VI,"['plea', 'soni', '10vii', 'plea', 'make', 'phone', 'wider', 'like', 'old', 'xz', 'rang', 'power', 'processor', 'hope', 'make', '5vii', 'wider', 'well', 'like', '1vii', 'think', 'peopl', 'buy', 'soni', 'phone', 'make', 'improv', 'lower', 'pric']"
Sony Xperia 10 VI,"['realli', 'chang', 'samsung', 'charger', 'soni', 'burn']"
Sony Xperia 1 VI,"['said', 'aluminum', 'side', 'frame', 'glass', 'like', 'back']"
Sony Xperia 1 VI,"['xperia', '1vi', 'work', 'love', 'audio', 'jack', 'camera', 'softwar', 'uninterrupt', 'screen', 'clean', 'android', 'experi']"
Sony Xperia 1 VI,"['philosophi', 'least', 'effort', 'gain', 'think', 'game', 'freak', 'manag', 'xperia', 'divis']"
Huawei Pura 70 Ultra hands-on,"['articl', 'captiv', 'wellresearch', 'piec', 'offer', 'valuabl', 'insight', 'engag', 'content']"
Huawei Pura 70 Ultra hands-on,"['spot', 'fella', 'huawei', 'product', 'greatli', 'good', 'bet', 'ultra', 'bit', 'good', 'photographi', 'experi']"
Huawei Pura 70 Ultra hands-on,"['plea', 'tri', 'pura', '70', 'pro', 'get', 'p60', 'pro', 'best', 'bro']"
Honor Magic6 RSR Porsche Design,"['agre', 'big', 'time']"
Honor Magic6 RSR Porsche Design,"['speaker', 'test']"
Honor Magic6 RSR Porsche Design,"['lot', 'cooler', 'flat', 'scr']"
Tecno Camon 30 Premier,"['ye', 'inde']"
Tecno Camon 30 Premier,[]
Tecno Camon 30 Premier,"['plea', 't', 'midrang', 'phone', 'alright', 'phone', 'cost', 'like', '300', 'dollar', 'midrang', 'enough', 'featur', 'understand', 'much', 'get', 'plenti', 'fast', 'uf', '31', 'storag', 'amaz', 'spec', 'price', 'wh']"
Honor Magic V2 and V2 RSR Porsche Design,"['review', 'segment', 'correct', 'page2', 'believ', 'interest', 'premium', 'look', 'variant', 'magic', 'v2', 'come', 'eco', 'leather', 'back', 'finish', 'perhap', 'clarifi']"
Honor Magic V2 and V2 RSR Porsche Design,"['support', 'stylu', 'pen', 'call', 'honor', 'magic', 'pen']"
Honor Magic V2 and V2 RSR Porsche Design,"['mani', 'android', 'updat', 'phone', 'get', 'mani', 'secur', 'updat', 'mani', 'year', 'updat', 'undarstand', 'honor', 'offer', '7', 'year', 'o', 'updat', 'appli', 'new', 'devic']"
Honor Pad 9,"['bought', 'last', 'year', '2025', 'know', 'new', 'updat', 'hyper', 'o', '10', 'stuck', 'o', '8', 'still', 'love', 'play', 'good', 'game', 'use', 'colleg', 'perform', 'like', 'laptop', 'good', 'paperwork', 'lightw']"
Honor Pad 9,"['brand', 'use', 'cant', 'connect', 'mine']"
Honor Pad 9,"['intern', 'memori', '256gb', 'without', 'micro', 'sd', 'slot', 'spand', 'shame', 'dont', 'understand', 'honor', 'costum', 'blame', 'check', 'purchasinganybodi', 'want', 'buy', 'nearli', 'new', 'cheap', 'tablet']"
Apple iPhone 15 Pro long-term,"['black', 'great', 'look', 'devic', 'although', 'could', 'found', 'blue', 'probabl', 'would', 'gone', 'colour', 'instead']"
Apple iPhone 15 Pro long-term,"['gsmarena', 'plea', 'titanium', 'blue', 'black', '2', 'iphon', '15', 'pro', '2', 'differ', 'color']"
Apple iPhone 15 Pro long-term,"['also', 'found', 'except', 'devic', 'recogn', 'best', 'overal', 'best', 'smartphon', '2024', 'guid', 'httpsthetopzoneblogcomtoppicksbestsmartphones2024', 'perform', 'camera', 'qualiti', 'overal', 'design', 'truli', 'set']"
Motorola Edge 50 Pro,"['one', 'wors', 'phone', 'ive', 'pile', 'rubbish', 'im', 'super', 'disappoint', 'endless', 'problem', 'transfer', 'folder', 'virtual', 'impos', 'vía', 'wifi', 'cabl', 'suit', 'smart', 'connect', 'increasingli', 'complex', 'heavi']"
Motorola Edge 50 Pro,"['hi', 'phone', 'better', 'xiaomi', 'redmi', 'note', '14', 'pro', '5g', '12512gb', 'motorola', 'edg', '50', 'pro', '12512gb', 'price', 'countri', 'around', '500', 'eu']"
Motorola Edge 50 Pro,"['miracul', 'best', 'phone', 'other', 'like', 'iphon', 'whateveri', 'wish', 'someon', 'buy', 'even', 'copi', 'use', 'one']"
Motorola Edge 50 Ultra hands-on,"['get', 'curv', 'glass', 'screen', 'protector', 'match', 'contour', 'screen', 'wrap', 'right', 'curv', 'edg']"
Motorola Edge 50 Ultra hands-on,"['cant', 'phone', 'uniform', 'tech', 'rocket', 'scienc', 'everi', 'damn', 'phone', 'headphon', 'jack', 'im', 'tire', 'everi', 'new', 'phone', 'ridicul', 'absurd']"
Motorola Edge 50 Ultra hands-on,"['uwb', 'work', 'neither', 'mention', 'websit', 'except', 'news', 'websit', 'ig', 'scam']"
Realme 12+,"['pwm', 'phone']"
Realme 12+,"['phone', 'pretti', 'good', 'overal', 'total', 'valu', 'money', 'everi', 'phone', 'pro', 'con', 'everyon', 'know', 'pro', 'like', 'camera', 'qualiti', 'top', 'class', 'smooth', 'ui', 'tell', 'con', '1when', 'play', 'heavi', 'game', 'get']"
Realme 12+,"['realm', '12', 'much', 'featur', 'phone', 'includ', 'creamer', 'featur']"
Tecno Spark 20 Pro+,"['rumor', '2yr', 'o', 'updat', 'date', 'noth', 'disappoint', 'phone', 'capabl', 'android', '15', 'even', '16']"
Tecno Spark 20 Pro+,"['normal', 'tecno', 'camon', '30', 'spec', 'chipset', 'everyth', '3', 'year', 'softwar', 'updat']"
Tecno Spark 20 Pro+,"['phone', 'advertis', 'bill', 'boardit', 'applic', 'access', 'everi', 'thing', 'phone', 'limit', 'access', 'cant', 'uninstalledthi', 'wrong', 'reason', 'limit', 'edit']"
Poco X6 Neo hands-on,"['poco', 'x6neo', 'best', 'pro', 'mood', 'explor', 'spece', 'hv', 'mani', 'time', 'proof', 'itbest', 'mobil', 'camera', 'time', 'low', 'rate']"
Poco X6 Neo hands-on,"['im', 'consid', 'buy', 'phone', 'symmetr', 'bezel', 'custom', 'rom', 'support', 'sole', 'determin', 'factor', 'better', 'moto', 'g45']"
Poco X6 Neo hands-on,"['consid', 'phone', 'pwm', 'dim', 'ole', 'screen', 'like', 'perhap', 'honor', '90']"
nubia Z60 Ultra,"['nubia', 'z60', 'ultra', 'come', 'preinstal', 'malwar', 'secur', 'vulner', 'especi', 'consid', 'concern', 'chine', 'manufactur', 'incid', 'like', 'cosiloon', 'malwar', 'unusu', 'net', 'traffic']"
nubia Z60 Ultra,"['dude', 'stop', 'smoke', 'weed', 'upgrad', 'your', 'ask', 'nubia', 'would', 'ask', 'mayb', 'doubl', 'price', 'would', 'cri', 'crazi', 'ask', 'much', 'complain', 'price', 'could', 'get', 'samsung', 'iphoneetc']"
nubia Z60 Ultra,"['great', 'phone', 'main', 'camera', 'ahead', 'game', 'also', 'game', 'multitask', 'issu', 'thing', 'would', 'chang', 'selfi', 'camera', 'ye', 'nice', 'hidden', 'underneath', 'display', 'great', 'good', 'ligh']"
OnePlus Nord CE4 hands-on,"['good', 'phone', 'inr', '21500', 'get', 'price', '256gb', 'variant']"
OnePlus Nord CE4 hands-on,"['isnt', 'faulti', 'phone', 'set', 'camera', 'check']"
OnePlus Nord CE4 hands-on,"['good', 'set', 'good', 'camera', 'good', 'batteri', 'life', 'cost', '25k', 'amazon', 'india']"
Samsung Galaxy A55,"['imo', 'notif']"
Samsung Galaxy A55,"['galaxi', 'a54', '5g', 'notif', 'delet']"
Samsung Galaxy A55,"['upgrad', 'na', '56']"
Xiaomi 14 Ultra,"['add', 'batteri', 'usag', 'use', 'camera']"
Xiaomi 14 Ultra,"['xiaomi', '14', 'ultra', 'turn', 'camera', 'phone', 'hot', 'take', 'photo', 'sun']"
Xiaomi 14 Ultra,"['import', 'sound', 'your', 'hear', 'backsid', 'phone', 'oi', 'optical', 'imag', 'stabil', 'camera', 'shka', 'like', 'crazi', 'hand', 'natur', 'stabl', 'good', 'your', 'hear']"
Samsung Galaxy A35,"['oppo', 'a3k', 'hello', 'samsung', 'galaxi', 'a35']"
Samsung Galaxy A35,"['one', 'ui', '70', 'android', '15', 'alreadi', 'updat', 'samsung', 'a35', 'chile', 'pretti', 'good', 'phone', '6', 'month', 'use', 'problem', 'thing', 'would', 'chang', 'could', 'screen', 'pwm', 'dc']"
Samsung Galaxy A35,"['dont', 'drop', 'nice']"
Tecno Pova 6 Pro,"['ye', 'sure', 'wow', 'fm', '35mm', 'headset']"
Tecno Pova 6 Pro,"['pova', '6', 'pro', '5g', 'built', 'radio', 'work', 'without', 'internet']"
Tecno Pova 6 Pro,"['mani', 'hour', 'guy', 'get', 'screen', 'idl', 'time', 'use', 'phone', 'batteri', 'drop', 'fast']"
Asus Zenfone 11 Ultra,"['entri', 'level']"
Asus Zenfone 11 Ultra,"['obvious', 'rog', 'phone', '8', 'refresh', 'sober', 'zenfon', 'finish', 'compon', 'probabl', 'narrowli', 'fail', 'bin', 'didnt', 'cut', 'turn', 'rog', 'phone', 'winwin', 'asu', 'custo']"
Asus Zenfone 11 Ultra,"['valu', 'moneyther', 'probabl', 'better', 'option', 'your', 'look', 'valu', 'good', 'compact', 'phone', 'your', 'look', 'one', 'even', 's21', '61', 'screen', 'feel', 'big', 'compar', 'phonecolour', 'nice']"
Nothing Phone (2a),"['great', 'product', 'talk', 'mobil', 'truli', 'amaz', 'mobil']"
Nothing Phone (2a),"['ye', 'price', 'set', 'strang', '3a', '3a', 'plu', 'model', 'come', '2a', '2a', 'plu', 'variant', 'similar', 'lower', 'price', '3a', 'would', 'think', '2a', 'get', 'cheaper', 'expens']"
Nothing Phone (2a),"['hi', 'current', 'realm', 'x50', 'pro', '4', 'year', 'still', 'work', 'great', 'look', 'chang', 'struggl', 'decid', 'realli', 'tempt', 'noth', 'phone', '2a', 'ive', 'previous', 'xiaomi', 'also', 'tempt', 'poco', 'f']"
vivo V30,"['phone', 'broke', 'get', 'vivo', 'v30', 'main', 'prioriti', 'camera', 'take', 'pic', 'frequent', 'need', 'someth', 'good', 'game', 'genshin', 'zzz', 'emul', 'psp', 'ps2', 'gamecub', 'switch']"
vivo V30,"['charg', 'speed', 'awesom', 'go', '30', '60', '15', 'minut', 'dont', 'need', 'wait', 'long', '90', 'back', 'use', 'atleast', '10', 'hour', 'last', 'super', 'long', 'even', 'game', 'love', 'featur', 'far', 'cuz']"
vivo V30,"['realli', 'buggi', 'softwar']"
Oppo Find X7 Ultra,"['got', 'end', 'june', 'first', 'chine', 'rom', 'phone', 'get', 'hang', 'everyth', 'updat', 'a15', 'color', '15', 'android', 'auto', 'present', 'still', 'updat', 'go', 'want', 'get', 'use', 'phone', 'first']"
Oppo Find X7 Ultra,"['oneplu', '12', 'downgrad', 'version', 'find', 'x7', 'ultra', 'ill', 'tell', 'superb', 'phone', 'worth', 'everi', 'penni', 'find', 'x7', 'ultra', '620', 'algeria', 'phone', 'thing', 'id', 'say', 'go']"
Oppo Find X7 Ultra,"['plan', 'switch', 'xiaomi', 'poco', 'x5', 'pro', '5g', 'oppo', 'find', 'x7', 'ultra', 'want', 'buy', 'secondari', 'market', 'lower', 'price', 'without', 'complet', 'set', '97', 'batteri', '70555000', 'ive', 'watch', 'lot', 'review', 'someon', 'say']"
Poco M6 5G hands-on,"['use', 'ur', 'phone', 'charg']"
Poco M6 5G hands-on,"['dont', 'buy', 'phone', 'custom', 'support', 'bought', 'phone', 'even', 'month', 'ago', 'camera', 'open', 'ask', 'servic', 'center', 'give', 'proper', 'repli', 'anoth', 'highlight', 'phone', 'cost', '9500', 'servic', 'bill', 'cost', '8500']"
Poco M6 5G hands-on,"['major', 'problem', 'heat', 'charg', 'use', 'heat', 'like', 'oven', 'hate', 'mobil']"
vivo V30 Pro,"['true', 'review', 'even', 'went', 'servic', 'center', 'downgrad', 'android', '14', 'still', 'batteri', 'drain', 'like', '1', '34', 'min', 'sometim', '2', 'min', 'overh', 'issu', 'sever', 'app', 'usag', 'chrome', 'whatsapp', 'touch', 'n', 'go', 'half', 'day', 'use', 'batteri', 'drop', '100']"
vivo V30 Pro,"['serious', 'compar', 'galaxi', 'a54', 'telephoto', 'len', '5mp', 'macro', 'say', 'compar', 'vivo', 'v30', 'pro', 'settl', 'bit', 'camera', 'depart', 'settl', 'huge', 'amount', 'continu', 'w']"
vivo V30 Pro,['waterproof']
Xiaomi 14,"['batteri', '8h', '40', 'min', '100', '2025', 'decemb', 'new', 'park', 'devic', 'buy', 'novemb', '2025but', 'hyper', 'o', '3', 'get', 'batteri', 'drain']"
Xiaomi 14,['4610']
Xiaomi 14,"['4610', 'mah', '4500']"
Honor Magic6 Pro,"['hi', 'problem', 'magic', '6', 'pro', 'clarifi', 'want', 'switch', 'honor', '200pro', 'one', 'need', 'feedback', 'drawback', 'thx']"
Honor Magic6 Pro,"['year', 'daili', 'driver', 'say', 'amaz', 'devic', 'wasnt', 'expect', 'screen', 'camera', 'sound', 'softwar', 'ye', 'softwar', 'run', 'magicos9', 'a15', 'receiv', 'lot', 'love', 'honor', 'ad', 'mani']"
Honor Magic6 Pro,['httpspostimgccyhqcbzdb']
Xiaomi Redmi Note 13 Pro+,"['use', 'mine', 'februaryit', 'realli', 'good', 'besid', 'lack', 'optim']"
Xiaomi Redmi Note 13 Pro+,"['unlock', 'devic', 'lock']"
Xiaomi Redmi Note 13 Pro+,"['redmi', 'note', '13', 'pro', 'suck', 'worst', 'phone', 'ever', 'realli', 'bad', 'crash', 'fill', 'memori', 'almost', '12', 'gb', 'crash', 'need', 'clear', 'memori', 'time', 'suck']"
Xiaomi Redmi Note 13 4G,"['honestli', 'worst', 'phone', 'ever', 'bought', 'lag', 'constantli']"
Xiaomi Redmi Note 13 4G,"['cours', 'mine', 'android', '15', 'hyperi', '2']"
Xiaomi Redmi Note 13 4G,"['redmi', 'phone', 'get', 'find', 'devic', 'accuraci', 'function', 'well', 'lock', 'protect']"
Xiaomi 13T Pro long-term,"['sot', 'statist', 'digit', 'balanc', 'section']"
Xiaomi 13T Pro long-term,"['also', 'mi10t', 'pro', 'would', 'upgrad', '13t', 'pro', 'wasnt', 'softwar', 'updat', 'stop', 'mi10t', 'pro', 'would', 'say', 'chang', 'upgrad', 'faster', 'better', 'camera', 'cours', 'ole', 'screen', 'hype']"
Xiaomi 13T Pro long-term,"['ye', 'cant', 'updat', 'matter', 'crap', 'poco', 'm6', 'pro', 'accept', 'watch', '14t', 'pro', 'main', 'camera', 'like', 'xiaomi', '14', 'light', 'hunter', '900']"
Samsung Galaxy A15 5G,"['5g', '4gb', 'ram', 'model', 'someth', 'el', 'one', 'ui', '8', 'phone', 'run', 'slower', 'app', 'close', 'random', 'background', 'phone', 'like', 'teenag', 'first', 'phone', 'everyday', 'phone']"
Samsung Galaxy A15 5G,"['galaxi', 'a15', '5g', '64gb', 'one', 'crappiest', 'mobil', 'devic', 'ever', 'use', 'random', 'time', 'lose', 'pictur', 'non', 'replac', 'decad', 'old', 'deceas', 'famili', 'member', 'video', 'audio', 'file', 'well']"
Samsung Galaxy A15 5G,"['probabl', 'worst', 'phone', 'ever', 'motorola', 'much', 'better', 'money', 'crazi', 'stuff', 'time', 'start', 'play', 'music', 'video', 'pocket', 'continu', 'play', 'video', 'close', 'app', 'pocket', 'way']"
Realme 12 Pro+,"['never', 'recommend', 'anyon', 'buy', 'realm', 'product', 'bad', 'experi', 'came', 'repair', 'replac', 'realm', 'handset', '12', 'pro', 'purchas', 'vijay', 'sale', 'year', 'ago', 'purpl', 'spot', 'appear', 'sc']"
Realme 12 Pro+,"['hi', 'seem', 'shot', 'raw', 'primari', 'camera', '1x', 'non', 'raw', 'telephoto', '3x', 'primari', '2x', 'someon', 'know', 'solv', 'updat', 'possibl', 'gcam', 'thanx', 'answer']"
Realme 12 Pro+,"['ye', 'resolut', '3', 'time', 'high', 'sensor', 'crop', '3', 'time', 'also', '031μm²', 'surfac', 'area', 'per', 'pixel', '12pro', '049μm²', 'per', 'pixel', 'also', 'bin', '16mp', 'close', '196μm2', 'surfac', 'per', 'pixel']"
Samsung Galaxy S24 Ultra,"['best', 'go', 's24', 'ultra', 'actual', 'ultra', 'devic', 's25', 'ultra', 'isnt', 'much', 'ultra', 'name', 'saw', 'money', 'go', 's24', 'ultra']"
Samsung Galaxy S24 Ultra,"['use', 'samsung', 'a52', '4', 'year', 'want', 'upgrad', 'ultra', 'devic', '2', 'option', 's24', 'ultra1', 'tb', '12gb', 'ram', 'cost', '1200', 's25', 'ultra512', 'gb', '12gb', 'ram', 'cost', '1300', 'price', 'like', 'countri']"
Samsung Galaxy S24 Ultra,"['amazon', 'exampl', 'even', 'fake', 'one']"
Xiaomi Redmi Note 13 5G,"['phone', 'scam', 'buy', 'either', 'get', 'android', '13', '14', 'either', 'way', 'wont', 'upgrad', 'past', '15', '2', 'major', 'updat', 'got', '1']"
Xiaomi Redmi Note 13 5G,"['also', 'one', 'week', 'amaz', 'upgrad', 'previou', 'low', 'end', 'though', 'im', 'problem', 'heat', 'charg', 'game', 'even', 'game', 'short', 'period', 'time', 'even', 'everyday', 'use', 'phone', 'ju']"
Xiaomi Redmi Note 13 5G,"['ive', 'multipl', 'iphon', 'samsung', 'galaxi', 'huawei', 'htc', 'oneplu', 'nord', '7t', 'pro', 'smartphon', 'last', '5', 'year', 'includ', 'brand', 'new', 'iphon', '13', 'pro', 'latest', 'model', 'compar', 'phone', 'sub']"
OnePlus 12R,"['set', 'hand', 'write', 'chine', 'write', 'english', 'send', 'msg']"
OnePlus 12R,"['camera', 'work', 'crash', 'camera', 'plea', 'help']"
OnePlus 12R,"['bought', '12r', 'phone', 'sinc', 'may', '2024', 'p30', 'pro', 'huawei', 'earlier', 'say', 'phone', 'incred', '700', 'u', 'get', 'much', 'perform', 'batteri', 'awesom', 'usual', 'hate', 'updat', 'sometim', 'make', 'phone', 'slow']"
Samsung Galaxy S24+,"['would', 'recommend', 'year', 'batteri', 'slowli', 'get', 'wors', 'cours', 'like', '2', 'year']"
Samsung Galaxy S24+,"['chang', 'opinion', 'green', 'line', 'problem', 's20', 'plu', 's20', 'plu', 'screen', 'chang', 's21', 'fe']"
Samsung Galaxy S24+,"['phone', 'suddenli', 'withdrawn', 'market', 'technic', 'defect', 'samsung', 's20', 'plu', 'display', 'problem', 'got', 'chang', 'problem', 'one', 'year', 's21', 'fe', 'display', 'problem', 'green', 'line', 'screen', 'g']"
Samsung Galaxy S24,"['dear', 'gsmarena', 'team', 'got', 'chanc', 'review', 'samsung', 's24', 'snapdragon', '8', 'gen', '3', 'chipset', 'plea', 'share', 'detail', 'review', 'possibl', 'alway', 'best', 'review', 'fan', 'sinc', '15', 'year']"
Samsung Galaxy S24,"['s24', 'better', 'option', 'gonna', 'get', 's25', 'also', 's25', 'pretti', 'much', 'phone', 'like', '200', 'buck', 'cheaper']"
Samsung Galaxy S24,['s25']
Xiaomi Redmi Note 13 Pro 5G,"['updat', 'hypero', '3040', 'wnrmixm', 'usb', 'connect', 'avail', 'two', 'redmi', 'note', '13', 'pro', '5g', 'problem', 'charg', 'ok', 'usb']"
Xiaomi Redmi Note 13 Pro 5G,"['hypero', '3', 'avail', 'eu', 'version', '3030', 'wnreuxm', 'size', '60', 'gb']"
Xiaomi Redmi Note 13 Pro 5G,"['there', 'someth', 'fishi', 'go', 'review', 'standalon', 'poco', 'x6', 'review', 'take', 'good', 'photo', 'especi', 'come', '2x', 'zoom', 'comparison', 'shot', 'suddenli', 'bad', 'like', 'taken', 'complet']"
Samsung Galaxy A15 4G,"['phone', 'galaxi', 'a15', 'good']"
Samsung Galaxy A15 4G,"['a15', '256', 'gb']"
Samsung Galaxy A15 4G,"['phone', 'good', 'term', 'game', 'perform', 'instal', 'rdr1', 'mani', 'screen', 'error', 'best', 'suit', 'play', 'game', 'play', 'store', 'highend', 'game', 'like', 'rdr1', 'call', 'duti']"
Samsung Galaxy A25,"['im', 'live', 'countri', 'poor', 'connect', 'dont', 'problem', 'call', 'use', 'internet', 'phone']"
Samsung Galaxy A25,"['phone', 'life']"
Samsung Galaxy A25,"['new', 'seri', 'suck', 'bad', 'except', 'a56', 'even', 'pricey', 'right']"
OnePlus 12,"['use', 'note', '20', 'ultra', 'problem', 'green', 'line', 'vertic', 'chang', 'screen', 'one', 'time', 'one', 'haft', 'year', 'happen', 'want', 'buy', 'good', 'one', 'phone', 'consider', 'tell', 'exper']"
OnePlus 12,['oneplus12']
OnePlus 12,"['ye', 'great', 'still']"
Infinix Hot 40 Pro,"['anyon', 'tell', 'infinix', 'hot', '40', 'pro', 'seriou', 'memori', 'space', 'issu', 'show', 'memori', 'low', 'cant', 'instal', 'app', 'cant', 'receiv', 'videoaudio', 'pictur']"
Infinix Hot 40 Pro,"['dont', 'issu', 'phone', 'say', 'perform', 'good', 'price', 'overheat', 'unless', 'phone', 'cooler', 'perform', 'smooth', 'camera', 'okay', 'qualiti', 'meh', 'photographi']"
Infinix Hot 40 Pro,"['cant', 'custom', 'around', 'lock', 'screen', 'theme', 'help', 'either']"
Xiaomi Redmi Note 13 Pro 4G,"['ztenubia', 'current', 'bestsel', 'brand', 'xioami', 'rip', 'rather', 'appl', 'motorolawa', 'im', 'littl', 'lost', 'secret', 'xiaomi', 'shameless', 'rip', 'stick', 'design', 'featur', 'whome']"
Xiaomi Redmi Note 13 Pro 4G,"['stereo', 'speaker', 'tripl', 'real', 'camera', 'fake', 'lens', 'also', '2x', '4x', 'sensor', 'zoom', 'look', 'realli', 'good', 'open', 'camera', 'record', '2k', 'video', '35mm', 'sdcard', 'ir', 'blaster', 'ip54', 'protect', 'dust', 'water', 'fm', 'radio', 'ama']"
Xiaomi Redmi Note 13 Pro 4G,[]
"Samsung Galaxy S24 Ultra, S24+ and S24 hands-on","['bro', '200mp', 'camera', 'wdym', '12mp']"
"Samsung Galaxy S24 Ultra, S24+ and S24 hands-on","['like', 'flat', 'front', 'much', 'better', 'use', 'view', 'video', 'compos', 'photograph', 'well', 'play', 'game', 'never', 'understood', 'curv', 'screen', 'narrow', 'edg', 'option', 'hey', 'samsung', 'still', 'provid', '12mp', 'ultra']"
"Samsung Galaxy S24 Ultra, S24+ and S24 hands-on","['wrong', 'place', 'complain', 'bud', 'suggest', 'call', 'someon', 'ask', 'help', 'gsm', 'arena', 'go', 'help']"
Asus ROG Phone 8/8 Pro,['friend']
Asus ROG Phone 8/8 Pro,"['great', 'review', 'pixel', '9', 'appreci', 'detail', 'insight', 'featur', 'perform', 'interest', 'keep', 'new', 'pixel', '9', 'safe', 'check', 'select', 'googl', 'pixel', '9', 'case', 'thinborn', 'case', 'offer', 'excel', 'protec']"
Asus ROG Phone 8/8 Pro,"['holi', 'moli', 'that', '1100usd', 'non', 'cooler', 'model', 'horrend', '50', 'sustain', 'perform', 'pay', '400usd', 'glue', 'loud', 'atroci', 'fan', 'get', 'throttl', 'two', 'year', 'o', 'updat', 'asu', 'smoke', 'im']"
Poco M6 Pro,"['bought', 'month', 'ago', 'bless', 'god', 'good', 'everi', 'way', 'possibl', 'price', 'downgrad', 'wireless', 'charg']"
Poco M6 Pro,"['everi', 'way', 'good', 'phone']"
Poco M6 Pro,"['batteri', 'lifedec', '67', 'watt', 'turbo', 'fast', 'charg', 'camera', 'qualityreason', '64mp', 'main', 'cam', 'oi', 'better', 'gcam', '8mp', 'ultrawid', 'averag', '2mp', 'macro', 'cam', 'showcas', 'performanceexcel', 'daili', 'driver', 'multimedia', 'consumpt']"
Poco X6 Pro,"['everyth', 'hot', 'even', 'noth']"
Poco X6 Pro,"['poco', 'x6', 'pro', 'worth', 'mobil', 'money', 'mobil', 'worm', 'small', 'task', 'high', 'game', 'worm', 'easili']"
Poco X6 Pro,"['hi', 'realli', 'like', 'review', 'im', 'creat', 'content', 'around', 'x6', 'pro', 'tech', 'store', 'would', 'love', 'use', '12', 'photo', 'video', 'permiss', 'credit', 'page', 'mention', 'post', 'let', 'know', 'that', 'okay', 'thank']"
Poco X6,"['definit', 'stereo', 'wide', 'separ', 'good', 'bass', 'adjust', 'graphic', 'equalis', 'appropri', 'price', 'sound', 'qualiti', 'impress']"
Poco X6,"['confirm', 'dual', 'speaker', 'inde', 'stereo', 'pair', 'mono', 'speaker']"
Poco X6,"['x6', 'hi', 're', 'audio', 'wire', 'wireless', '35mm', 'jack', 'well', 'speaker', 'sound', 'richer', 'moto', 'g54', 'louder', 'got', 'enough', 'sound', 'headphon', 'jack', 'get', 'bass', 'boost', 'sound', 'would', 'definit', 'like', 'realm', 'w']"
Xiaomi Redmi Note 13 Pro+ hands-on,"['that', 'amaz', 'phone', 'price', 'camera', 'batteri', 'realli', 'guy', 'that', 'total', 'fine']"
Xiaomi Redmi Note 13 Pro+ hands-on,"['battari', 'backup', 'worth', 'camera', 'also', 'accuraci', 'clariti', 'dont', 'recom', 'phone', 'phone', 'concept', 'hour', 'full', 'batteri']"
Xiaomi Redmi Note 13 Pro+ hands-on,"['also', 'break', 'two', 'phone', 'think', 'that', 'xiaomi', 'better', 'case', 'better', 'equip', 'stronger', 'hardwar', 'camera', 'good', 'job', 'ip68', 'instead', 'samsung', 'ip67', 'cours', '12gb', 'ram512gb', 'storag', 'memori']"
Samsung Galaxy S23 long-term,"['batteri', 'still', '98', '3', 'year', 'heaven', 'use', 'dont', 'pay', 'attent', 'safe', 'charg', 'like', 'charg', '5', '100', 'use', 'snappi', 'bit', 'small', 'screen', 'still', 'use', 'mani', 'hour', 'day', 'sturdi', 'victu', 'overal', 'design', 'drop']"
Samsung Galaxy S23 long-term,"['recent', 'start', 'use', 'samsung', 'phone', 'gap', '11', 'year', 'im', 'extrem', 'disappoint', 'see', 'qualiti', 'servic', 'custom', 'servic', 'center', 'deterior', 'time', 'submit', 'galaxi', 's23', 'two', 'week', 'back']"
Samsung Galaxy S23 long-term,[]
Realme GT5 Pro,"['realli', 'bro']"
Realme GT5 Pro,[]
Realme GT5 Pro,"['instal', 'googl', 'phone', 'app']"
The best-sounding smartphones of 2023,"['instalacji', 'dac', 'like', 'lg', 'git', 'hi', 're', 'music', 'compani', 'dont', 'anyth', 'direct', 'an']"
The best-sounding smartphones of 2023,"['wireless', 'would', 'depend', 'codec', 'headphon']"
The best-sounding smartphones of 2023,"['compar', 'phone', 'earbud', 'check', 'earbud', 'review']"
Samsung Galaxy A05s,"['batteri', 'peak', 'like', 'half', 'time', 'straight', 'dooki', 'also', 'realli', 'bad', 'record', 'ehh', 'photo', 'overal', 'id', 'recommend', 'phone', 'kid', 'who', 'never', 'one']"
Samsung Galaxy A05s,['lol']
Samsung Galaxy A05s,"['common', 'mine', 'time', 'stop', 'tri', 'clear', 'cach', 'turn', 'full', 'softwar', 'updat']"
RedMagic 9 Pro,"['game', 'phone', 'would', 'expect', 'best', 'camera', 'world']"
RedMagic 9 Pro,"['game', 'phone', 'would', 'expect', 'best', 'camera', 'world']"
RedMagic 9 Pro,"['game', 'phone', 'would', 'expect', 'best', 'camera', 'world']"
vivo X100 Pro,"['matey', 'idea', 'your', 'talk']"
vivo X100 Pro,"['oxygeno', 'one', 'o', 'vivo', 'china', 'run', 'origino', 'vivo', 'global', 'run', 'funtocho']"
vivo X100 Pro,"['x', '200', 'x', '300']"
Huawei MatePad Pro 13.2,"['hi', 'recent', 'purchas', 'honor', '123', 'version', 'bought', 'chain', 'magic', 'o', 'china', 'googl', 'work', 'connect', 'wifi', 'outsid', 'china', 'instal', 'googl', 'stuff', 'work', 'fine', 'googl', 'stuff', 'work', 'china']"
Huawei MatePad Pro 13.2,"['chang', 'english', 'easi', 'mayb', 'tri', 'possibl']"
Huawei MatePad Pro 13.2,"['said', 'use', 'app', 'via', 'gbox', 'virtual', 'machin', 'get', '1080p', 'hdr10', 'stream', 'anyon', 'know', 'instal', 'gbox', 'virtual', 'machin', 'gbox', 'appgalleri', 'ive', 'tri', 'stream']"
nubia Z50S Pro,"['display', 'bright', 'sharp', 'excel', 'color', 'color', 'band', 'incred', 'bad', 'even', 'amol']"
nubia Z50S Pro,"['need', 'stop', 'sell', 'phone', 'eu', 'dont', 'get', 'softwar', 'updat', 'patch', 'secur', 'price', '550', '780', 'dont', 'buy', 'brand', 'phone']"
nubia Z50S Pro,"['today', 'novemb', '1st', 'got', 'latest', 'updat', 'myo', '13510', 'nx713j', 'gb', 'stabil', 'fix', 'batteri', 'improv', 'noth', 'el', 'seem', 'like', 'usual', 'stabil', 'updat']"
iQOO 12,['ye']
iQOO 12,"['get', 'iqoo', '12', 'want', 'good', 'zoom', 'camera', 'great', 'batteri', 'life', 'perform', 'top', 'notch', 'even', '2025', 'daili', 'usag', 'lag', 'stutter', 'even', 'high', 'end', 'game']"
iQOO 12,"['iq', '12']"
Samsung Galaxy A54 long-term,"['worst', 'piec', 'ive', 'read', 'time', 'seem', 'view', 'obvious', 'skew', 'lens', 'unprofession', 'way', 'deal', 'midrang', 'phone', 'treat']"
Samsung Galaxy A54 long-term,"['im', 'current', 'use', 'samsung', 'a54', 'game', 'slight', 'touch', 'sampl', 'rate', 'issu', 'basic', 'screen', 'may', 'respond', 'certain', 'touch', 'swipe', 'done', 'secondli', 'phone', 'heat', 'easili', 'especi', 'game', 'heat', 'intensifi']"
Samsung Galaxy A54 long-term,"['plea', 'way', 'know', 'could', 'fix', 'redmi', 'note', '12', 'caus', 'unit', 'possess', 'behav', 'mani', 'time', 'got', 'know', 'buggi']"
Redmi Pad SE,"['devic', 'good', 'video', 'edit']"
Redmi Pad SE,"['samsung', 'tft', 'redmi', 'ip', 'case', 'redmi', 'better']"
Redmi Pad SE,"['regular', 'xiaomi', 'stylu', 'pen', 'seem', 'work', 'tablet', 'accord', 'youtub', 'vid']"
Oppo Find N3,"['still', 'relev', 'buy', '2026', 'iam', 'honor', '200', 'pro', 'user']"
Oppo Find N3,"['rectifi', 'fold', 'doubl', 'screen', 'open', 'show', 'one', 'half', 'screen']"
Oppo Find N3,"['quick', 'perhap', 'slightli', 'dumb', 'question', 'sinc', 'ultrawid', 'macro', 'softwar', 'allow', 'macro', 'selfi', 'use', 'cover', 'screen', 'mode', 'would', 'guy', 'gsmarena', 'will', 'tri', 'macro', 'selfi', 'foldabl', 'sup']"
Honor Pad X9,"['got', 'one', 'contract', 'im', 'absolut', 'love', 'mine', '2', 'kid', 'got', 'honor', 'x7b', 'cellphon']"
Honor Pad X9,"['make', 'knock', 'use', 'certain', 'featur', 'like', 'knock', 'hold', 'drawn', 'screen', 'thing', 'knock', 'knock', 'take', 'screenshot', 'knuckl', 'knock', 'twice', 'start', 'record', 'like', 'stupid', 'ou']"
Honor Pad X9,"['got', 'one', 'aunt', 'great', 'camera', 'good', 'charg', 'quickli', 'sever', 'didnt', 'good', 'honor', 'pad', 'x9', 'highli', 'recommend']"
Poco C65/Redmi 13C 4G,"['user', 'issu', 'ive', 'use', 'mine', '2', 'half', 'year', 'still', 'perfectli', 'smooth', 'know', 'budget', 'phone', 'ye', 'meet', 'expect', 'realli', 'smooth', 'social', 'medium', 'app', 'use', 'also', 'watch', 'video']"
Poco C65/Redmi 13C 4G,"['phone', 'realli', 'bad', 'keep', 'show', 'messag', 'phone', 'corrupt', 'everi', 'time', 'restart', 'im', 'disappoint', 'even', 'month', 'end', 'sinc', 'bought', 'plea', 'stop', 'manufactur', 'high', 'copi', 'phone', 'realli', 'bore']"
Poco C65/Redmi 13C 4G,"['meh', 'keep', 'bug', 'tiktok', 'good', 'basic', 'use']"
Moto G54 (Power edition),"['batteri', 'much', 'bad']"
Moto G54 (Power edition),"['batteri', 'last', 'upto', '9', 'hour']"
Moto G54 (Power edition),"['ive', 'face', 'batteri', 'drain', 'issu', 'pakistani', 'warreint', 'box', '20wt', 'turbo', 'charger', 'support', '2', 'physic', 'sim', 'esim']"
Samsung Galaxy S23 FE,"['dissapoint', 'bought', 'exyno', 'varient', '2024', 'ano', '2026', 'play', 'lot', 'game', 'firstli', 'good', 'camera', 'get', 'cheap', 'day', 'day', 'batteri', 'hell', 'problem', 'charg', '2', 'time', 'iphon', 'se', '2020', 'work']"
Samsung Galaxy S23 FE,"['absolutelt', 'disaapoint', 'product', 'much', 'slower', '6', 'year', 'old', 'iphon', 'cant', 'beleiv', 'samsung', 'sell', 'poor', 'qualiti']"
Samsung Galaxy S23 FE,"['one', 'year', 'use', 'phone', 'say', 'hate', 'batteri', 'life', 'imagin', 'your', 'vacat', 'take', 'photo', 'video', 'batteri', 'wont', 'make', 'half', 'day', 'without', 'need', 'charg', 'batteri', 'life', 'far', 'fru']"
Poco F5 / Redmi Note 12 Turbo long-term,"['comparison', 'galaxi', '23u', 'real', 'flagship', 'f5', 'antenna', 'weak', 'indoor', 'internet', 'brow', 'experi', 'quit', 'bad', 'phone', 'turn', 'heat', 'batteri', 'drop', 'gsmarena', 'review', 'test', 'sever', 'basic', 'set', 'phone', 'display']"
Poco F5 / Redmi Note 12 Turbo long-term,"['happi', 'see', 'disabl', 'white', 'pill', 'bar', 'show', 'bottom', 'screen', 'turn', 'gestur', 'sinc', 'dont', 'think', 'anyth', 'pointless', 'eyesor', 'turn']"
Poco F5 / Redmi Note 12 Turbo long-term,"['f5', 'refus', 'restart', 'late', 'must', 'make', 'sever', 'attempt', 'reboot', 'connect', 'charger', 'come', 'back', 'hour', 'batteri', 'still', '0', 'sometim', 'reboot', 'goe', 'endless', 'loop', 'anyon', 'thought']"
OnePlus Pad Go hands-on,"['could', 'also', 'get', 'm1', 'ipad', 'air']"
OnePlus Pad Go hands-on,"['use', 'sim', 'esim', 'tablet']"
OnePlus Pad Go hands-on,['ye']
Realme GT5 240W,"['funni', 'qualiti', 'brand', 'usa', 'korea', 'dont', 'allow', 'practis', 'offer', '7', 'year', 'support']"
Realme GT5 240W,"['haha', 'plea', 'educ', '1', 'use', 'dual', 'cell', 'batteri', 'thu', 'singl', 'cell', 'accept', '120', 'watt', '2', 'cell', 'accept', '120', 'watt', 'low', 'speed', 'taper', 'almost', 'full']"
Realme GT5 240W,"['softwar', 'support', 'sinc', 'china']"
Samsung Galaxy S23 Ultra long-term,"['ye', 'telephoto', '10x', 'imag', 'becom', 'brighter', 'white']"
Samsung Galaxy S23 Ultra long-term,"['inca', 'want', 'upgrad', 'bigger', 'one', 'im', 'take', 's23', 'ultra', 'want', 'nigeria']"
Samsung Galaxy S23 Ultra long-term,"['issu', '10x', 'zoom', 'one', 'ui', 'updat']"
Oppo Find N3 Flip,"['hello', 'use', 'oppo', 'find', 'n3', 'flip', 'phone', 'primari', 'phone', 'sinc', 'januari', '2024', 'work', 'fun', 'also', 'use', 'phone', 'camera', 'phone', 'realli', 'like', 'photo', 'take', 'phone', 'display', 'broke', 'year', 'three', 'month', 'first']"
Oppo Find N3 Flip,"['oppo', 'find', 'n3', 'premium', 'servic', 'complet', 'disast', 'support', '2', 'week', 'beyond', 'frustrat', 'disappoint', 'oppo', 'socal', 'premium', 'servic', 'support', 'oppo', 'find', 'n3', 'servic', 'noth', 'short', 'nightmarezero']"
Oppo Find N3 Flip,"['definit', 'hope', 'next', 'find', 'n5', 'flip', 'ditch', 'circular', 'camera', 'island', 'goe', 'back', 'vertic', 'camera', 'layout', 'like', 'find', 'n2', 'flip', 'think', 'oppo', 'someth', 'outer', 'screen', 'design', 'especi', 'near', '169', 'aspect', 'ra']"
Google Pixel 8 Pro,"['issu', 'ceram', 'screen', 'protector', 'get', 'one', 'interf', 'sensor', 'youll', 'good', 'go']"
Google Pixel 8 Pro,"['s23u', 'overal', 'p8p', 'camera', 'softwar']"
Google Pixel 8 Pro,"['make', 'front', 'camera', 'similar', 'iphon', 'total', 'dark', 'iphon', 'use', 'face', 'id', 'googl', 'pixel', 'phone', 'cant']"
Google Pixel 8,"['mean', 'tap', 'duct', 'tape']"
Google Pixel 8,"['phone', 'tape']"
Google Pixel 8,"['pixel', '8', 'good', 'phone', 'perform', 'even', 'camera', 'good', 'best', 'today', 'world', 'basic', 'perform', 'mandatori', 'like', 'shouldnt', 'lag', 'glitch', 'basic', 'perform', 'experi', 'pixel', '8', 'bad']"
OnePlus Open,"['hell', 'oneplu', 'manag', 'fumbl', 'op12', 'regard', 'camera', 'qualiti', 'open', 'take', 'best', 'night', 'mode', 'pic', 'ive', 'seen', 'site', 'im', 'compar', 'directli', 'pro', '15', 'max', 'scene']"
OnePlus Open,"['came', 'back', 'say', 'emul', 'android', 'huge', 'improv', 'sinc', 'made', 'comment', 'current', 'version', 'yuzu', 'emul', 'run', 'switch', 'game', 'oneplu', '10t', 'extrem', 'good', 'reason', 'comput', 'struggl', 'due', 'comput', 'ar']"
OnePlus Open,"['look', 'photo', 'telephoto', 'camera', 'compar', 'competitor', 'includ', 'last', 'year', 'seem', 'far', 'best', 'telephoto', 'camera', 'look', 'especi', 'night', 'photo', 'telephoto', 'camera', 'buildin']"
vivo V29 Pro,"['e', 'sim', 'nfc', 'support', 'felt', 'person', 'dislik', 'buy', 'recommend', 'one', 'worth', 'buy']"
vivo V29 Pro,"['doubt', 'manymost', 'comment', 'genuin', 'screen', 'break', 'one', 'day', 'unfortun', 'section', 'becom', 'mostli', 'useless']"
vivo V29 Pro,['serious']
Google Pixel 8 & 8 Pro hands-on,"['like', 'pixel', 'phone', 'dont', 'like', 'dont', 'ui']"
Google Pixel 8 & 8 Pro hands-on,"['im', 'definit', 'skip', 'pixel', 'gener', 'googl', 'realli', 'need', 'work', 'ith', 'batteri', 'life', 'tensyno', 'nightmar', 'stop', 'tri', 'convinc', 'consum', 'ai', 'nonsens', 'need', 'better', 'thermal', 'cpu', 'batteri', 'perform', 'worthi']"
Google Pixel 8 & 8 Pro hands-on,"['liter', 'everi', 'onlin', 'review', 'state', 'notabl', 'improv', 'batteri']"
Xiaomi 13T,"['isnt', 'mine', 'use', '89', 'perfom', 'like', 'champ', 'heat', 'bit', 'game', 'use', 'correctli']"
Xiaomi 13T,"['hyper', 'o', 'updat', 'great', 'phoneaft', 'hyper', 'o', 'updat', 'phone', 'disast']"
Xiaomi 13T,"['redmi', 'note', '10pro', 'still', 'good', 'condit', 'use', 'xiaomi', '13t', '1y3m', 'problem', 'phone', 'keep', 'start', 'march2025', 'phone', 'keep', 'restart', '3time', 'month', 'cant', 'switch']"
Xiaomi 13T Pro,"['chang', 'region', 'set', 'updat', 'pop']"
Xiaomi 13T Pro,"['check', 'updat', 'sure', 'updat', 'also', 'latest', 'googl', 'play', 'servic', 'via', 'googl', 'play', 'store', 'app', '13t', 'pro', 'run', 'hypero', '202040vmleuxm', 'eu']"
Xiaomi 13T Pro,"['phone', 'xiaomi', '13t', 'pro', 'oper', 'system', 'umljpsb1070', 'seen', 'phone', 'umljpxm', 'havent', 'receiv', 'secur', 'updat', '12', 'month', 'system', 'updat', '17', 'month', 'anyon', 'inform', 'plea']"
Apple iPhone 15 Pro,"['15', 'pro', 'max']"
Apple iPhone 15 Pro,"['iphon', 'better', 'buy', 'iphon', '14', 'pro', 'iphon', '15', 'pro', 'iphon', '15', 'pro', 'max']"
Apple iPhone 15 Pro,"['perfect', 'spec', 'featur', 'issu', 'batteri', 'drain', 'quick']"
Apple iPhone 15 Plus,"['nice', 'phone']"
Apple iPhone 15 Plus,"['guy', 'stole', 'iphon', '15', 'plu', 'told', 'polic', 'dont', 'even', '15plu', 'want', 'mgr', 'team', 'mobil', 'isnt', 'shit']"
Apple iPhone 15 Plus,"['call', 'appl', 'famili', 'becam', 'friend', 'snow', 'leopard', 'appl', 'oper', 'system', 'want', 'one', 'bad', 'everyon', 'el', 'window', 'get', 'never', 'get', 'snow', 'leopard', 'could', 'afford', 'beauti', 'dream']"
Apple iPhone 15,['legit']
Apple iPhone 15,['true']
Apple iPhone 15,"['love', 'much', 'tm']"
Apple iPhone 15 Pro Max,['price']
Apple iPhone 15 Pro Max,"['featur', 'fix', 'never', 'export', 'iphon', 'like', 'android']"
Apple iPhone 15 Pro Max,"['first', 'iphon', 'bought', 'use', 'devic', 'decemb', '9', '2025', 'batteri', '91', '553', 'cycl', 'phone', 'solid', 'build', 'great', 'design', 'high', 'qualiti', 'screen', 'super', 'perform', 'io', 'experi', 'feel', 'uniqu', 'secur', 'smoother', 'use']"
Moto G84,"['great', 'phone', 'use']"
Moto G84,"['motorola', 'moto', 'g84', '5g', 'didnt', 'activ', 'admin', 'app', 'show', '1', 'admin', 'app', 'activ', 'check', 'activ', 'admin', 'app', 'app', 'activ']"
Moto G84,"['bad', 'experi', 'use', 'phone', 'immedi', 'warranti', 'touchscreen', 'stop', 'work', 'theservic', 'center', 'charg', 'r', '6700', 'repair', 'repair', 'without', 'warranti', 'within', 'month', 'spen']"
Tecno Phantom V Flip,['good']
Tecno Phantom V Flip,"['ok', '45']"
Tecno Phantom V Flip,"['samsung', 'worst', 'foldabl', 'vfold', 'tecno', 'year', 'fantast', 'devic', 'despit', 'drop', 'coupl', 'time', 'better', 'screen']"
Motorola Edge 40 Neo,"['use', 'motorola', 'edg', '40', 'neo', 'one', 'year', 'would', 'say', 'econom', 'edg', 'phone', 'compar', 'edg', 'version', 'featur', 'ok', 'sometim', 'hang', 'issu', 'ok', 'softwar', 'updat', 'camera', 'decent', 'built']"
Motorola Edge 40 Neo,"['didnt', 'mention', 'singl', 'specif', 'flaw', 'wrote', 'much', 'text', 'talk', 'disappoint', 'specif', 'disappoint', 'think', 'get', 'paid', 'spit', 'product', 'cant', 'believ', 'bad', 'look']"
Motorola Edge 40 Neo,"['eeg', '40', 'neo', 'good', 'phone', 'curv', 'screen', '144', 'hz', 'make', 'decent', 'feel']"
Fairphone 5,"['never', 'phone', 'bad', 'sorri', 'fair', 'that', 'bought', 'first', 'last', 'realli', 'disappoint']"
Fairphone 5,"['next', 'phone', 'need', '3', 'thing', '1', 'better', 'screen', 'bezel', '2', 'larger', 'batteri', 'better', 'batteri', 'life', 'look', 'put', '6k7k', 'mah', 'batteri', '3', 'ram', 'chip', 'could', 'also', 'use', 'work', 'crucial', 'chang', 'ev']"
Fairphone 5,"['havent', 'fp', 'seem', 'otherwis', 'youd', 'know', 'wouldnt', 'issu']"
OnePlus 11 long-term,"['week', 'isnt', 'enough', 'time', 'batteri', 'optim', 'work', 'still', 'drain', 'month', 'two', 'might', 'want', 'reset', 'transfer', 'file', 'app', 'might', 'want', 'instal', 'manual']"
OnePlus 11 long-term,"['thing', 'didnt', 'get', 'wifi', 'never', 'want', 'stay', 'turn', 'manual', 'time', 'alway', 'turn', 'back', 'within', 'minut', 'everi', 'singl', 'time', 'isnt', 'android', '14']"
OnePlus 11 long-term,"['op', '11', 'get', 'less', '5', 'hour', 'two', 'day', 'think', 'one', 'day', 'get', 'around', '78', 'depend', 'ive', 'never', 'use', 'much', 'max', 'screen', '5g', 'mix', 'wifi']"
OnePlus Nord CE3 hands-on,"['best', 'camera', 'improv', 'remain', 'compani', 'mobil']"
OnePlus Nord CE3 hands-on,"['bright', 'test', 'like', 'phone', 'miss']"
OnePlus Nord CE3 hands-on,"['like', 'comment']"
Honor 90,"['new', 'magic', 'o', '9', 'make', 'honor', '90', 'develop', 'seriou', 'heat', 'especi', 'brow', 'drain', 'batteri', 'fast']"
Honor 90,[]
Honor 90,"['camera', 'selfi', 'whatsapp', 'bad', 'softwar', 'built', 'help', 'custom', 'happi', 'snap', 'beauti', 'face', 'softwar', 'long', 'plea', 'make', 'custom', 'happi', 'even', 'face', 'ugli', 'beauti', 'face', 'plea', 'make', 'custom', 'heart', 'happi', 'use', 'hono']"
Samsung Galaxy Tab S9 Ultra,"['bought', 'one', '589', 'cant', 'complain']"
Samsung Galaxy Tab S9 Ultra,"['gott', 'að', 'greitt', 'price']"
Samsung Galaxy Tab S9 Ultra,"['that', 'liter', 'laptop', 'comput', 'potato', 'peopl', 'buy', 'tab', 's9', 'ultra', 'miss', 'best', 'tablet', 'decad', 'justifi', 'say', 'tablet', 'notch', 'let', 'tell', 'im', 'someon', 'bother', 'notch', 'ea']"
Tecno Pova 5 Pro,"['need', 'android', '15', 'hio', '15', 'think', 'tecno', 'pova', '5', 'pro', '5g', 'deserv', 'android', '15', 'hio', '15', 'thank']"
Tecno Pova 5 Pro,"['wrost', 'phone', 'ever', 'seen', 'batteri', 'problem', 'common', 'softwar', 'problem', 'also', 'exist']"
Tecno Pova 5 Pro,"['name', 'xedrickcal', 'bobif', 'want', 'good', 'game', 'experi', 'batteri', 'drain', 'fair', 'put', '90hz', 'good', 'game', 'batteri']"
Xiaomi Redmi 12 5G hands-on,"['dont', 'drop', 'em', 'corner', 'mayb', 'idk']"
Xiaomi Redmi 12 5G hands-on,"['phone', 'have', '5g', 'primari']"
Xiaomi Redmi 12 5G hands-on,['mobil']
Infinix Zero 30,"['bought', 'zero', '30', '5g', '256', 'gb', 'storag', '12', 'gb', 'ram', 'expand', '21', 'gb', 'storag', 'ufs31', 'great', 'game', 'great', 'stereo', 'speaker', 'great', 'batteri', 'life', 'fast', 'charg', 'ad', 'unless', 'download', 'app', 'come', 'ad', 'stabil', 'issu']"
Infinix Zero 30,"['never', 'ever', 'buy', 'batteri', 'problem', 'automat', 'without', 'reason', 'even', 'compani', 'repair', 'problem', 'money', 'wast', 'big', 'lose']"
Infinix Zero 30,"['useless', 'phone', 'updat', 'old', 'default', 'app', 'new', 'phone', 'still', 'android', '13', 'never', 'buy', 'plea']"
Sony Xperia 5 V,"['use', 'littl', 'guy', 'issu', 'batteri', 'life', 'last', 'longer', 'photo', 'videographi', 'insan', 'sound', 'system', 'stun', 'bezel', 'bit', 'thick', 'dont', 'care']"
Sony Xperia 5 V,"['thank', 'honest', 'comment', 'encourag', 'get', 'phone']"
Sony Xperia 5 V,"['zenfon', '10', 'user', 'god', 'damn', 'batteri', 'life', 'insan', 'also', 'benchmark', 'score', 'like', 'far', 'behind', 'sd8', 'gen', '2', 'phone', 'almost', 'like', 'theyr', 'use', 'differ', 'chipset']"
Xiaomi 13 Pro long-term,"['funni', 'dont', 'concern', 'googl', 'appl']"
Xiaomi 13 Pro long-term,"['that', 'untru']"
Xiaomi 13 Pro long-term,"['like', 'fingerprint', 'somewher', 'store', 'possibl', 'privat', 'datab', 'guestdo', 'state', 'live', 'data']"
vivo V29,"['use', 'use', 'fone', 'n', 'esim', 'need', 'regist', 'telco', 'custom', 'servic', 'enabl', 'esim', 'mode']"
vivo V29,"['screenshot', 'use', 'volum', 'button', 'n', 'aso', 'doubl', 'tab', 'back', 'fone', 'need', 'set', 'set', 'access']"
vivo V29,"['phone', 'press', 'power', 'button', 'volum', 'button', 'take', 'screenshot']"
Xiaomi Mix Fold 3,"['googl', 'pay', 'work', 'unlock', 'bootload', 'back', 'stock', 'rom', 'relock', 'bootload', 'googl', 'pay', 'work']"
Xiaomi Mix Fold 3,"['absolut', 'awesom', 'mobil', 'perfect', 'valu', 'money', 'excel', 'custom', 'option', 'lock', 'home', 'screen', 'video', 'qualiti', 'amaz', 'open', 'fold', 'screen', 'camera', 'absolut', 'tough', 'competit', 'samsung', 'fold', 'one', 'plu', 'love', 'w']"
Xiaomi Mix Fold 3,"['use', 'fold', '3', 'sinc', 'septemb', '2023', 'overal', 'great', 'phonei', 'use', 'googl', 'wallet', 'normal', 'add', 'card', 'main', 'issu', 'doesnt', 'show', 'new', 'notif', 'like', 'whatsapp', 'messeng', 'dont', 'know', 'wha']"
HTC U23 Pro,"['2025', 'easi', 'phone', 'recommend', 'peopl', 'want', 'use', 'phone', '220', 'euro', 'lot', 'power', 'price', 'clean', 'softwar', 'skin', 'live', 'countri', 'isnt', 'germani', 'still', 'depend', 'amazon']"
HTC U23 Pro,"['seem', 'aim', 'old', 'ex', 'htc', 'owner', 'look', 'overal', 'wrap', 'hardwarecod', 'sen', 'htc', 'alway', 'pricey', 'got', 'build', 'qualiti', 'decent', 'perform', 'one', 'thing', 'htc', 'didnt', 'suffer', 'slow']"
HTC U23 Pro,"['less', 'full', 'year', 'sinc', 'comment', 'price', 'alreadi', '330340', 'euro']"
Samsung Galaxy Watch6 Classic,"['gshock', 'way', 'durablelook', 'cool', 'last', 'longer', 'call', 'smartwatch', 'gadget', 'actual', 'watch']"
Samsung Galaxy Watch6 Classic,"['understand', 'higher', 'end', 'watch', 'batteri', 'would', 'rare', 'go', 'beyond', '3', 'day', 'u', 'see', 'appl', 'watch', 'ultra', '2', 'day', 'batteri', 'life', 'goe', 'gw6', 'also', 'abl', 'provid', 'shi', '2', 'day', 'batteri', 'life']"
Samsung Galaxy Watch6 Classic,"['im', 'owner', 'galaxi', 's23', 'ultra', 'look', 'samsung', 'watch', 'especi', 'new', 'one', 'gw', '6', 'classic', 'unfortun', 'batteri', 'wise', 'review', 'good', 'im', 'consid', 'huawei', 'watch', 'amazfit', 'garmin']"
Oppo Reno10,"['game', 'phone', 'good', 'play', 'brawl', 'star', 'got', '120fp', 'roblox', 'get', '60', '90', 'fp', 'pretti', 'good', '20x', 'zoom', 'yea', 'use', 'like', '3', 'year', 'singl', 'time', 'lag']"
Oppo Reno10,"['model', 'doesnt', 'record', 'call', 'system']"
Oppo Reno10,"['camera', 'good', 'captur']"
Samsung Galaxy Z Fold5,"['total', 'doubt', 'use', 'foldabl', 'phone', 'unreli', 'phone', 'ive', 'ever', 'own', 'switch', 'dual', 'screen', 'phone', 'never', 'look', 'back']"
Samsung Galaxy Z Fold5,"['sorri', 'ive', 'got', 'stage', 'dont', 'believ', 'word', 'write', 'ive', 'fold', 'day', 'one', 'never', 'issu']"
Samsung Galaxy Z Fold5,"['samsung', 'fold', '4', 'serial', 'r3ct8044pxaha', 'complet', 'screw', 'within', '14', 'month', 'screen', 'fold', 'line', 'fulli', 'damag', 'thick', 'black', 'line', 'samsung', 'care', 'ref', '1190172595', 'fulli', 'suck', 'warranti', 'samsungshit', 'also', 'samsung', 'care', 'exten']"
Infinix GT 10 Pro,"['version', '14', 'nonsens']"
Infinix GT 10 Pro,"['peopl', 'complain', 'perform', 'issu', 'custom', 'rom', 'root', 'devic', 'im', 'get', 'stabl', '120fp', 'pubg', 'arena', 'breakout']"
Infinix GT 10 Pro,"['use', 'infinix', 'gt10', 'pro', 'nearli', '3', 'year', 'hasnt', 'unstabl', 'fp', 'free', 'fire', 'max', 'graphic', 'ultra', 'resolut', 'high']"
Samsung Galaxy Z Flip5,"['use', 'phone', 'almost', 'two', 'year', 'like', 'hate', 'lightweight', 'heavi', '2nd', 'small', 'screen', 'cool', 'phone', 'lot', 'problem', 'first', 'screen', 'protector', 'start', 'form', 'air', 'bubbl', 'wh']"
Samsung Galaxy Z Flip5,"['need', 'take', 'care', 'thing', 'mine', 'still', 'like', 'new', 'year']"
Samsung Galaxy Z Flip5,"['dont', 'buy', 'phone', 'mine', '1', 'year', 'screen', 'protector', 'alreadi', 'air', 'need', 'changedalso', 'camera', 'total', 'disast', 'good', 'picturesgo', 's25', 'appl']"
Xiaomi Pad 6,"['agre', 'mine', 'rubbish', 'start', 'wont', 'upgrad', 'android', '13', 'buggi', 'laggi', 'rubbish', 'regret', 'buy', 'day', 'one', 'could', 'sent', 'back', 'would', 'end', 'buy', 'oneplu', 'pad']"
Xiaomi Pad 6,"['thank', 'bro', 'keep', 'search', 'remov']"
Xiaomi Pad 6,"['ive', 'idea', 'unit', 'problem', 'sure', 'got', 'origin', 'one', 'liter', 'thousand', 'upon', 'thousand', 'xiaomi', 'user', 'problem']"
RedMagic 8S Pro,"['depend', 'whether', 'your', 'use', 'play', 'pc', 'game', 'sinc', 'rog', 'alli', 'basic', 'handheld', 'pc', 'youll', 'play', 'game', 'made', 'pc', 'pretti', 'good', 'internet', 'speed', 'that', 'good', 'mayb', 'consid', 'pc', 'handh']"
RedMagic 8S Pro,"['case', 'redamg', '8', 'pro']"
RedMagic 8S Pro,"['well', 'want', 'buy', 'phone', 'buy', 'rog', '7', 'ultim', 'rog', 'alli', 'red', 'magic', '8spro', 'well', 'look', 'want', 'phone', 'use', 'long', 'time', 'play', 'onlin', 'game', 'camera', 'import', 'mush']"
Motorola Razr 40,"['537', 'euro', 'amazon', 'de', '399', 'lot', 'price', 'unreal', 'mayb', 'good', 'ideea', 'use', 'ai', 'build', 'trust', 'price', 'catalogu', 'insid', 'websit']"
Motorola Razr 40,"['razr', '40', 'snapdragon', '7', 'gen', '1', 'bad', 'play', 'call', 'duti', 'graphic', 'high', 'phone', 'never', 'lag', 'never', 'drop', 'perform', 'good', 'game']"
Motorola Razr 40,"['3year', 'o', '4year', 'secur', 'custom', 'rom']"
"Galaxy Z Fold5, Z Flip5, Watch6, Tab S9 hands-on","['tablet', 'includ', 'box']"
"Galaxy Z Fold5, Z Flip5, Watch6, Tab S9 hands-on","['tab', 's9', 'ultra', 'beauti', 'capabl']"
"Galaxy Z Fold5, Z Flip5, Watch6, Tab S9 hands-on","['everi', 'phone', 'improv', 'even', 'minor', 'one', 'count']"
Oppo Reno10 Pro,"['phone', 'good', 'bu', 'countri', 'tanzania', 'citi', 'mbeya', 'town', 'ndont', 'see', 'phone', 'oppo', 'reno', '10', 'pro', '5g']"
Oppo Reno10 Pro,"['a52', 'doesnt', 'telephoto', 'flagship']"
Oppo Reno10 Pro,"['dolbi', 'atmo', 'support']"
Huawei nova 11 Pro,"['gbox', 'support', 'nativ', 'play', 'store', 'instal', 'like', 'aurora', 'previou', 'user', 'fail', 'mentionmi', 'bank', 'app', 'galleri', 'version', 'huawei', 'user', 'ask', 'make', 'one', 'arent', 'app', 'galleri', 'usabl', 'even']"
Huawei nova 11 Pro,"['strang', 'sideload', 'bank', 'app', 'work', 'even', 'app', 'galleri', 'version', 'mayb', 'issu', 'dev']"
Huawei nova 11 Pro,"['imagin', 'want', 'glioma']"
Nothing Phone (2),"['ye', 'difficulti', 'pair', 'car', 'audiobluetooth', 'sometim', 'get', 'disconnect', 'drive', 'wait', 'long', 'time', 'updatebut', 'vain', 'sold', 'phone', '3', 'month', 'use', 'go', 'buy', 'noth', 'phone', 'againnot', 'worth', 'money']"
Nothing Phone (2),"['use', 'noth', 'phone', '2', 'two', 'week', 'amaz', 'issu', 'lag', 'daytoday', 'usag', 'havent', 'experienc', 'glitch', 'o', 'noth', 'custom', 'servic', 'great', 'well', 'least', 'warranti', 'inquiri', 'defini']"
Nothing Phone (2),"['sourc', 'trust']"
Honor Magic V2 hands-on,['take']
Honor Magic V2 hands-on,"['warranti', 'cover', 'water', 'damag', 'broken', 'screen']"
Honor Magic V2 hands-on,"['bought', 'first', 'cell', 'phone', '1995', 'lot', 'cell', 'phone', 'sinc', '29', 'year', 'never', 'phone', 'damag', 'water', 'would', 'miss', 'type', 'water', 'proof', 'featur', 'miss', 'capabl', 'remov', 'batteri']"
Nothing Phone (2) hands-on,"['noth', 'phone', '2', 'got', 'magnet', 'ring', 'back']"
Nothing Phone (2) hands-on,"['u', 'use', 'iqoo', 'neo', '7', 'pro', 'honor', '90', 'best', 'pwm', 'flicker', 'rateif', 'would', 'would', 'buy', 'iqoo', 'neo', '7', 'pro', 'offer', 'best', 'featur', 'processor', 'also', 'cheap']"
Nothing Phone (2) hands-on,"['favourit', 'mobil', 'cell', 'love']"
Samsung Galaxy Z Fold4 long-term,"['purchas', 'z', 'fold', '4', 'four', 'year', '2', 'year', 'stop', 'work', 'softwar', 'updat', 'send', 'repair', 'happen', 'softwar', 'updat', 'malfunct', 'work', 'took', 'servic', 'center']"
Samsung Galaxy Z Fold4 long-term,"['inner', 'screen', 'foldabl', 'technolog', 'isnt', 'matur', 'mani', 'inner', 'screen', 'fail', 'warranti', 'includ', 'describ', 'httpsyoutubeji0nkxl5ovo']"
Samsung Galaxy Z Fold4 long-term,"['fold4', 'year', 'great', 'terribl', 'absolut', 'love', 'hate', 'form', 'factor', 'dualscreen', 'design', 'absurdli', 'fantast', 'cant', 'say', 'much', 'love', 'fold', 'inner', 'screen', 'devic', 'also', 'heavi']"
Honor 90 hands-on,"['2', 'year', 'android', 'updat', '3', 'year', 'secur', 'updat', 'even', 'samsung', 'support', '4', 'year', '5', 'year', 'respect']"
Honor 90 hands-on,"['pwm', 'dim', 'float', 'display', 'suffici', 'buy', 'beauti']"
Honor 90 hands-on,"['remind', 'vivo', 'v27', 'slightli', 'better']"
OnePlus Nord 3,"['use', 'phone', 'afraid', 'take', 'oneplu', 'green', 'line', 'dont', 'know', 'day', 'day', 'trust', 'oneplu', 'lose']"
OnePlus Nord 3,"['oneplu', 'dont', 'shi', 'use', 'dimens', '8200', 'instead', 'improv', 'camera', 'setup', 'xiaomi', '13t', 'still', 'better', 'specswis', 'still', 'cheaper', 'formerli', '13t', '13t', 'pro', 'still', 'flagship', 'killerquot']"
OnePlus Nord 3,"['add', 'ei', '4k', 'video', 'record', 'yet', 'still', 'lack', 'import', 'featur']"
Xiaomi Redmi 12,"['redmi', '12', 'octacor', 'helio', 'g88', 'good', 'game', 'also', 'laggiong', 'cant', 'handl', 'multipl', 'app', 'time', 'edit', 'capcut', 'devic', 'crash', 'play', 'call', 'duti', 'mlbb', 'pubg', 'cant', 'handl', 'devi']"
Xiaomi Redmi 12,"['redmi', '12', 'want', 'check', 'anoth', 'review', 'fun', 'phone', 'nfc', 'somewhat', 'work', 'camera', 'slow', 'soapi', 'though', 'super', 'laggi', 'need', 'phone', 'dont', 'activ', 'use', 'studi', 'videographi', 'good', 'option']"
Xiaomi Redmi 12,"['xiaomi', 'redmi', '12', 'shape', 'vise', 'beauti', 'betteri', 'time', 'full', 'bkw']"
Asus Zenfone 10,"['ad', 'normal', 'android', 'set', 'ye', 'bypass', 'charg', 'game', 'geni']"
Asus Zenfone 10,"['countri', 'spain', 'version', 'record', 'call', 'featur', 'miss', 'redmi', 'prime', '4', 'year', 'ago']"
Asus Zenfone 10,"['mayb', 'xperia', '1', 'vi']"
vivo X Fold2,"['ye', 'scratch', 'easi']"
vivo X Fold2,"['honor', 'magic', 'v2', 'better', 'option', 'aspect']"
vivo X Fold2,"['love', 'phone', 'truth']"
Realme 11 Pro,"['get', 'hot', 'easili', 'play', 'game', 'video', 'call', 'use', 'mobil', 'data', 'cpu', 'burn', '1', 'year', 'plu']"
Realme 11 Pro,['exactli']
Realme 11 Pro,"['plea', 'phone', 'everyth', 'good', 'price']"
Tecno Camon 20 Premier,"['despit', 'amol', 'display', 'color', 'camon', '20', 'annoyingli', 'dull', 'remedi']"
Tecno Camon 20 Premier,"['camon', '20', 'premier', 'water', 'proof']"
Tecno Camon 20 Premier,"['use', 'tecno', 'camon', '20', 'premier', 'camera', 'bad', 'version', 'latest', 'one', 'dont', 'know', 'el']"
OnePlus Nord N30 5G,"['bottom', 'line', 'like', 'phone', 'everi', 'day', 'use', 'that', 'matter']"
OnePlus Nord N30 5G,"['camera', 'qualiti', 'state', 'review', 'better', 'nord', 'n30', 'macro', 'photo', 'heavili', 'ting', 'green', 'lowlight', 'photo', 'nogo', 'mayb', 'qc', 'model', 'isnt', 'great']"
OnePlus Nord N30 5G,"['star', 'david', 'repres', 'tooth', 'gear', 'wheel', 'smh']"
Galaxy Z Flip4 vs. Find N2 Flip: Our long-term Flip,"['super', 'disappoint', 'samsung', 'flip', 'screen', 'broke', 'fold', 'junction', 'need', 'repair', 'turn', 'overwhelm', 'number', 'user', 'issu', 'cool', 'look', 'hardwar', 'durabl']"
Galaxy Z Flip4 vs. Find N2 Flip: Our long-term Flip,"['id', 'prefer', 'samsung', 'that', 'like', 'discreet', 'design']"
Galaxy Z Flip4 vs. Find N2 Flip: Our long-term Flip,"['exactli', 'take', 'phone', 'review', 'grain', 'salt', 'xperia', 'except', '10', 'use', 'main', 'camera', 'selfi', 'that', 'xperia', 'dedic', 'camera', 'button', 'trump', 'versatil', 'take', 'pictur']"
Realme 11 Pro+,"['problem', 'use', 'camera', 'hot', 'day', 'time', 'outdoor', 'screen', 'expo', 'sun', 'bodi', 'heat', 'fast', 'mainli', 'upler', 'area', 'camera', 'locat', 'less', '5', 'minut', 'screen', 'becom', 'dark', 'bare', 'seen', 'pict']"
Realme 11 Pro+,"['possibl', 'get', '200mpx', 'shot', 'resolut', '12240x16320', 'use', 'street', 'mode', 'without', 'zoom', 'explor', 'camera', 'year', 'still', 'cannot', 'figur', 'sometim', 'decid', 'take', 'pictur', 'like', 'color', 'reprodu', 'tikn']"
Realme 11 Pro+,"['best', 'phone', 'photographi', 'beginn']"
vivo X Flip,"['phone', 'infrar', 'call', 'record']"
vivo X Flip,"['typic', 'vivo', 'good', 'singl', 'speaker']"
vivo X Flip,"['plea', 'let', 'u', 'know', 'spot', 'pattern', 'differ', 'night', 'mode', 'cours', '5th', 'low', 'light', 'pic', 'across', 'street', 'board', 'titl', '140', 'year', 'capit', 'jesu', 'dude', 'plu', 'one', 'next']"
Samsung Galaxy A24 4G,['check']
Samsung Galaxy A24 4G,"['thought', 'devic', 'among', 'unit', 'get', 'one', 'ui7', 'updat']"
Samsung Galaxy A24 4G,['ye']
Motorola Razr 40 Ultra,"['bought', 'phone', 'last', 'year', 'month', 'later', 'experienc', 'problem', 'name', 'screen', 'got', 'repair', 'screen', 'fail', '2', 'month', 'later', 'contact', 'motorola', 'request', 'could', 'phone', 'replac', 'wasnt', 'old']"
Motorola Razr 40 Ultra,"['look', 'everyon', 'cup', 'tea', 'bit', 'averag', 'best', 'phone', 'durabl', 'compact', 'need', 'flip', 'open', 'excel', 'screen', 'content', 'entertain', 'need', 'could', 'bit', 'c']"
Motorola Razr 40 Ultra,"['realli', 'great', 'phone', 'reason', 'mine', 'came', 'thinner', 'box', 'meant', 'charg', 'box', 'case']"
Infinix Note 30,"['one', 'month', 'mobil', 'go', 'stay', 'batteri', 'warn', 'red', 'wellcharg', 'flat', 'long', 'batteri', 'low', 'bought', '2023', 'till', '2026', 'fix']"
Infinix Note 30,"['although', 'overheat', 'actual', 'pretti', 'good', 'game']"
Infinix Note 30,"['good', 'phone']"
Google Pixel 7a,"['good', 'phone', 'play', 'game']"
Google Pixel 7a,"['world', 'worst', 'mobil', 'game', 'full', 'shit', 'want', 'littl', 'bit', 'perform', 'forgest']"
Google Pixel 7a,"['alway', 'thought', 'retest', 'batteri', 'phone', 'releas', 'poor', 'batteri', 'fix', 'nearli', 'earli', 'review', 'number', 'wrong', 'peopl', 'still', 'get', 'confus', 'later', 'batteri', 'comparison', 'show', 'similar', '6a', 'normal']"
Poco F5 Pro,"['scale', '1', '10', 'camera', '7510', 'display', '8510', 'speaker', '7510', 'perform', '710', 'hpos710', 'network', 'mobil', 'data410', 'wifi3510', 'bluetooth910']"
Poco F5 Pro,"['mi', 'wireless', '20w', 'stand', 'work', 'great', 'poco', 'stealth', 'game', 'phone']"
Poco F5 Pro,"['color', 'camera', 'differ', 'red', 'turn', 'orang', 'green', 'becom', 'yellow', 'could', 'problem']"
Motorola Edge 40,"['im', 'hard', 'time', 'decid', 'phone', 'edg', '20', 'pro', 'price', 'second', 'hand', 'market']"
Motorola Edge 40,"['got', 'android', '14', 'europ']"
Motorola Edge 40,"['one', 'edg', '50', 'pro', 'greet', 'sofia']"
Sony Xperia 10 V,"['phone', 'soni', 'xperia', '10', 'v', 'model', 'zif0tg3', 'one', 'stolen', 'sign', 'gmail', 'stolen', 'phone', 'find', 'imei', 'number', 'phone']"
Sony Xperia 10 V,"['batteri', 'phone', 'insan', 'drive', 'almost', 'day', 'gp', 'without', 'charger']"
Sony Xperia 10 V,[]
Poco F5/Redmi Note 12 Turbo,"['hos2', 'offici', 'releas', 'smooth', 'launcher', 'function', 'downgrad', 'term', 'design', 'decis', 'phone', 'good', 'new', 'still', 'fast', 'good', 'newer', 'midrang', '2', 'year', 'old']"
Poco F5/Redmi Note 12 Turbo,"['excel', 'phone', 'good', 'perform']"
Poco F5/Redmi Note 12 Turbo,"['phone', 'die', '2', 'week', 'got', 'due', 'motherboard', 'issu', 'thing', 'happen', 'exactli', '1', 'year', '1', 'month', 'later']"
Sony Xperia 1 V,"['would', 'mean', 'true', 'hate', 'fact', 'nugget', 'less', 'delect']"
Sony Xperia 1 V,"['got', 'soni', 'xperia', '1v', 'month', 'ago', 'lucki', '100', 'market', 'place', 'ladi', 'sold', 'due', 'slight', 'bend', 'issu', 'phone', 'beast', 'infact', 'everi', 'singl', 'thing', 'love', 'special', 'audio', 'real', 'time', 'spatial', 'sound', 'give']"
Sony Xperia 1 V,"['high', 'densiti', 'display', '35mm', 'jack', 'dual', 'stereo', 'hard', 'find', 'new', 'phone', 'powerful', 'chipset', 'common', 'stuff', 'flagship', '1k', 'cours', 'camera', 'true', 'optic', 'zoom', 'whole', 'unicorn']"
Huawei P60 Pro,"['time', 'elimin', 'spec', 'possibl', 'huawei', 'app', 'like', 'chang', 'display', 'bit', 'rate', 'photo', 'get', 'bluish', 'sinc', 'last', 'updat']"
Huawei P60 Pro,"['use', 'microg', 'aurora', 'store', 'issu']"
Huawei P60 Pro,"['huawei', 'p60', 'pro', 'price', 'india', 'expect', 'r', '84190', '8', 'gb', 'ram', '256', 'gb', 'intern', 'storag', 'base', 'variant', 'huawei', 'p60', 'pro', 'expect', 'avail', 'black', 'green', 'rococo', 'pearl', 'violet', 'colourth', '667inch', 'quadcurv', 'ltpo', 'screen', 'g']"
Google Pixel 7a hands-on,"['one', 'plu', '11r', 'camera', 'perform', 'like', 'flagship', 'even', 'midrang']"
Google Pixel 7a hands-on,"['terribl', 'camera', 'perfom', 'cameratun', 'guy', 'shouldv', 'fire', 'pixel', '3', 'releas']"
Google Pixel 7a hands-on,"['hi', 'gsmarena', 'team', 'batteri', 'life', 'test', 'googl', 'pixel', '7a', 'thank', 'advanc']"
Huawei Mate X3,"['true', 'bro', 'writer', 'need', 'balanc']"
Huawei Mate X3,"['con', 'free', 'fast', 'charger', 'box', 'support', 'pd', 'say', 'noth', 'z', 'fold', '5', 'one', 'dont', 'like', 'nm', 'card', 'yet', 'say', 'noth', 'z', 'fold', '5', 'expend']"
Huawei Mate X3,['ye']
OnePlus Pad,"['eu', 'charger', 'box', 'tablet', 'ok', 'thing', 'accept', 'proprietari', 'charger', 'box', 'pd', 'charger', 'charg', 'tablet', '13w', 'rate', 'ridicul', 'speed', 'tablet', 'red', 'cabl']"
OnePlus Pad,"['microsd', 'slot', 'killer', 'without', 'destroy', 'medium', 'tablet']"
OnePlus Pad,"['headphon', '35mm', 'jack']"
Xiaomi 13 Ultra,"['mi', '13', 'ultra', 'good', 's23', 'ultra', 'way', 'better', 'like', 'ny', 'look', 'spc', 's23', 'ultra', 'better']"
Xiaomi 13 Ultra,"['go', 'custom', 'dude', 'easi']"
Xiaomi 13 Ultra,"['50mp', 'option', 'still', 'pictur', 'seen', 'good', 'hope', 'post', 'correct', 'sampl', 'raw', 'file', 'option', 'inform', 'raw', 'file', 'qualiti', 'phone', 'softwar', 'edit', 'appear', 'devoid']"
Blackview BV9200,"['ye', 'ulefon', '21', 'great', 'speaker', 'review', 'say', 'bad', 'sound', 'better', 'buy', 'bluetooth', 'speaker', 'like', 'also', 'tv', 'tv', '4', 'speaker', 'sound', 'good', 'without', 'extern', 'speaker', 'mayb', 'listen', 'much', 'n', 'loud', 'justin', 'bieber']"
Blackview BV9200,"['month', 'price', 'simpli', 'noth', 'compar', 'ive', '1', 'new', 'sub', '400', 'dollar', 'phone', 'work', 'well', 'rug', 'waterproof', 'featur', 'work', 'advertis', 'camera', 'probabl', 'par']"
Blackview BV9200,"['u', 'use', 'sound', 'boost']"
Tecno Spark 10 Pro,"['use', 'last', '3', 'month', 'screen', 'freez', 'differ', 'time', 'use', 'finger', 'print', 'option', 'work']"
Tecno Spark 10 Pro,"['make', 'wrong', 'decis', 'buy']"
Tecno Spark 10 Pro,"['screen', 'freez', '7', 'month', 'usag', 'one', 'one', 'slower', 'phone', 'market', 'one', 'useless', 'stuff', 'stress', 'never', 'get', 'tecno', 'phone', 'crappi', 'use', 'long', 'time']"
Realme C55,"['latest', 'version', 'allow', 'phone', 'use', 'tash', 'cell', 'sim']"
Realme C55,"['comment', 'doesnt', 'make', 'sen']"
Realme C55,"['realm', 'look', 'good', 'batteri', 'softwar', 'look', 'horribl']"
vivo V27,"['vivo', 'famili', 'bad', 'bt', 'transmiss', 'call', 'chang', '5', 'earbud', 'upto', 'heavi', 'disturb', 'call', 'need', 'refresh', 'bt', 'get', 'voic', '3rd', 'vivo', 'seen', 'issu', 'multipl', 'good', 'brand', 'earbud', 'otherwis', 'everyt']"
vivo V27,"['best', 'camera', 'phone', 'gyro', 'ei', 'also', 'game', 'phone', 'run', 'pubg', 'ultra', 'graphic', 'set', 'soft', 'gameplay']"
vivo V27,"['normal', 'fussi', 'person', 'phone', 'wors', 'purchas', 'use', 'phone', 'almost', 'year', 'issu', 'face', '1', 'autocorrect', 'despit', 'turn', 'autocorrect', 'mode', 'still', 'correct', 'word', 'make', 'th']"
Asus ROG Phone 7,"['rog', '7', 'use', '1', 'year', '1', 'month', 'batteri', 'drain', 'fast', 'latest', 'softwar', 'updat', 'play', 'mobil', 'legend', 'bang', 'bang', 'honour', 'king', 'phone', 'last', '3', 'hour', '15', 'minut', '3', 'hour', '30', 'minut', 'batteri', 'batteri', 'drop', '1']"
Asus ROG Phone 7,"['asu', 'rog', '7', 'batteri', 'play', '15', 'minut', 'mlbb', 'drop', '1015', 'asu', 'user', 'realli', 'disappoint', 'never', 'buy', 'rog', 'phone', 'latest', 'updat', '350604082068', '210625', 'tri', 'buy', 'phone', 'never', 'ever', 'updat']"
Asus ROG Phone 7,"['hidden', 'featur', 'asu', 'rog', 'phone', '7', 'check', 'rog', 'phone', '7', 'ultim', 'game', 'smartphone1']"
Oppo Find X6 Pro,"['ye', 'avail', '16512', 'oppo', 'find', 'x6', 'pro', '5g']"
Oppo Find X6 Pro,"['find', 'x6', 'pro', 'support', '4k30fp', 'front', 'camera']"
Oppo Find X6 Pro,"['could', 'anyon', 'check', 'app', 'still', 'dosnt', 'work', 'android', 'auto', 'nearbi', 'share', 'googl', 'backup', 'even', 'googl', 'locat', 'histori']"
Asus ROG Phone 7 Ultimate,['ye']
Asus ROG Phone 7 Ultimate,"['dream', 'phone', 'tbh', 'bad', 'expens', 'perform', '910', 'qualcomm', 'snapdragon', '8', 'gen', '2', 'chipset', 'octacor', 'cpu', 'high', 'benchmark', 'score', 'indic', 'excel', 'perform', 'demand', 'task', 'game', 'camera', '810', 'triplec']"
Asus ROG Phone 7 Ultimate,"['ever', 'use', 'phone', '165hz', 'screen', 'day', 'night', 'differ', 'compar', '60hz', 'iphon', 'screen', 'doubt', 'perform', 'high', 'end', 'snapdragon', 'chipset', 'nowaday', 'tri', 'make', 'judgement']"
Xiaomi Redmi Note 12 5G,"['worst', 'phone', 'ever', 'made', 'anyon', 'xiaomi', 'money', 'leech', 'noth', 'xiaomi', 'mf', 'wast', 'valuabl', 'resourc', 'piec', 'st', 'phone']"
Xiaomi Redmi Note 12 5G,"['absolut', 'worst', 'phone', 'ever', 'never', 'buy', 'anoth', 'xiaomi', 'purchas', 'directli', 'custom', 'servic', 'terribl', 'repli', 'phone', 'slow', 'constant', 'problem', 'avoid']"
Xiaomi Redmi Note 12 5G,"['unbeliev', 'slow', 'mani', 'problem', 'probabl', 'worst', 'phone', 'xiaomi', 'releas', 'dont', 'recommend']"
Samsung Galaxy A34,"['nice', 'good', 'devic', 'deff', 'recommend']"
Samsung Galaxy A34,"['hi', 'help', 'phone', 'need', 'mather', 'board', 'samsung', '34', '5g']"
Samsung Galaxy A34,"['replac', 'screen', 'refresh', 'rate', 'also', 'disappear', 'mean', 'seem', 'affect', 'screen', 'aslo']"
Nothing phone (1) long-term,"['ive', 'use', 'noth', 'phone', '1', 'past', 'three', 'month', 'truli', 'complet', 'packag', 'design', 'uniqu', 'eyecatch', 'glyph', 'interfac', 'cool', 'function', 'perform', 'smooth', 'clean', 'ui', 'batteri', 'life', 'c']"
Nothing phone (1) long-term,"['well', 'use', 'phone', 'daili', 'phone', 'almost', 'sinc', 'launch', 'posit', 'simpl', 'alway', 'receiv', 'updat', 'still', 'go', 'android', '15', 'noth', 'compani', 'alway', 'hear', 'respond', 'feedback', 'dedic', 'form']"
Nothing phone (1) long-term,"['one', 'worst', 'smartphon', 'ive', 'ever', 'lot', 'bug']"
Motorola Edge 40 Pro,"['order', 'mine', 'cost', '190', 'american', 'version', '5100mah', 'batteri', '8gb', 'ram', 'realli', 'last', 'long', 'enough']"
Motorola Edge 40 Pro,"['phone', 'perfect', 'talk', 'siht', 'batteri', 'last', '12', 'hour', 'im', 'use', 'heavi']"
Motorola Edge 40 Pro,"['thank', 'head', 'batteri', 'life', 'result', 'big', 'mayb', 'someth', 'el', 'got', 'phone', 'eat', 'batteri', 'mayb', 'updat', 'nuke', 'im', 'get', 'realli', 'wari', 'android', 'version', 'updat', 'phone', 'see']"
OnePlus Nord CE 3 Lite hands-on,"['find', 'smartphon', 'price']"
OnePlus Nord CE 3 Lite hands-on,"['got', '79', 'black', 'friday', 'week', 'sale']"
OnePlus Nord CE 3 Lite hands-on,"['use', 'almost', 'hand', 'set', 'come', 'market', 'best', 'handset', 'ever', 'use']"
Xiaomi Redmi Note 12 4G,['lcd']
Xiaomi Redmi Note 12 4G,"['im', 'still', 'use', 'phone', 'issu', 'like']"
Xiaomi Redmi Note 12 4G,"['lol', 'phone', 'good', 'treat', 'right', 'left']"
Xiaomi Redmi Note 12 Pro,"['agre', 'ultra', 'wide', 'camera', 'think', 'like', 'main']"
Xiaomi Redmi Note 12 Pro,"['good', 'power', 'phone']"
Xiaomi Redmi Note 12 Pro,"['absolut', 'love', 'redmi', 'note', '12', 'pro', 'display', 'super', 'vibrant', 'camera', 'perform', 'best', 'fast', 'charg', 'easili', 'one', 'best', 'phone', 'price', 'ranger']"
Samsung Galaxy A54,"['worst', 'phone', 'ever', 'never', 'samsung', 'terribl', 'batteri', 'crash', 'stupid', 'thing', 'system', 'crash', 'reason', 'couldnt', 'afford', 'anyth', 'wors']"
Samsung Galaxy A54,"['samsung', 'a54', 'realli', 'best', 'water', 'proof', 'mobil', 'check', 'mobil', '10', 'meter', 'water', 'mobil', 'work', 'normal']"
Samsung Galaxy A54,"['use', 'phone', 'near', '2', 'year', 'phone', 'heat', 'lot', 'summer', 'day', 'batteri', 'aw', 'bad', '56h', 'sot', 'tearm', 'stabil', 'fluiditi', 'got', 'much', 'better', 'one', 'ui', '8', 'updat', 'lag', 'app', 'everyth', 'run', 'smooth', 'advic', 'skip', 'th']"
Xiaomi Redmi Note 12 Pro+,"['actual', 'say', 'fast', 'charg', 'doesnt', 'damag', 'batteri', 'support', 'phone', 'fulli', 'charg', '50', '1hr', 'dont', 'think', 'redmi', 'note', '12', 'pro', 'batteri', 'issu', 'although', 'charg', 'crazi', 'yet', 'ba']"
Xiaomi Redmi Note 12 Pro+,"['phone', 'worth', 'im', 'get', 'soon']"
Xiaomi Redmi Note 12 Pro+,"['realli', 'regret', 'buy', 'phone', 'big', 'deffer', 'last', 'galaxi', 'phine', 'phone', 'promis', 'xiaomi', 'phone']"
Tecno Phantom V Fold,"['ye', 'bro', 'worst', 'phone']"
Tecno Phantom V Fold,"['bought', 'phone', 'around', 'may', '2nd', 'week', 'immedi', 'appear', 'dot', 'primari', 'display', 'wait', '15day', 'display', 'chang', 'given', 'back', 'carl', 'care', 'vijayawada', 'found', 'back', 'flap', 'open', 'expo', 'critic', 'compon', 'volum']"
Tecno Phantom V Fold,"['worst', 'servic', 'centreworst', 'custom', 'servicedont', 'go', 'premium', 'segment0100']"
200MP vs 1-inch - testing the best Android phones for photography,"['realli', 'market', 'trick', 'that', 'measur', '70', 'year', 'peopl', 'use', 'use', 'vacuum', 'tube', 'specif', 'video', 'camera', 'tube', 'size', 'size', 'tube', 'max', 'usabl', 'imag', 'within', 'even', 'though', 'vac']"
200MP vs 1-inch - testing the best Android phones for photography,"['im', 'use', 'vivo', 'past', '5', 'year', 'alway', 'buy', 'vivo', 'mobil', 'onlin', 'alway', 'give', 'rate', '455']"
200MP vs 1-inch - testing the best Android phones for photography,"['plea', 'note', '1', 'inch', 'sensor', 'diagon', '065', 'due', 'market', 'trick', '1', 'refer', 'tube', 'width', 'sensor', 'insid', 'smaller', 'thu', '113', 'sensor', 'diagon', 'around', '05']"
Motorola Moto G53,"['love', 'instanc', 'non', 'bias', 'toward', 'motorola', 'number', 'flagship', 'devic', 'use', '120hz', 'screen', 'motorola', 'like', '165hz', '144hz', 'get', 'processor', 'spec', 'instanc', 'edg', '30', 'ultrafus', 'like', 'youv']"
Motorola Moto G53,"['better', 'believ']"
Motorola Moto G53,"['wrong', 'somewhat', 'confusingli', 'sd480', 'perform', 'better', 'sd680']"
Honor Magic5 Pro,"['batteri', 'drainag', 'fast', 'matter', 'much', 'ive', 'optimis', 'batteri', '100', '4', 'hr', 'drop', '6067', 'without', 'game', 'idea', 'background', 'activ', 'drain', 'batteri', 'without', 'monitor']"
Honor Magic5 Pro,"['2d', 'tof', 'simpl', 'recognit', '2d', 'need', 'flash', 'face', 'light', 'recogn', '3d', 'tof', 'dont', 'need']"
Honor Magic5 Pro,"['35', 'zoom', 'incred', '10x', 'weak']"
Realme GT3,"['unfortun', '3', 'band', 'gt3', 'work', 'usa', 'tmobil', 'accord', 'websit', 'support', '5g', 'ultra', 'capac', '5g', 'n41', 'n71', 'n258', 'n260', 'n261', '4g', '2', '4', '5', '12', '66', '71', '2g', '2', '1900', 'baseband', 'realm', 'gt', 'neo5', 'seem', 'like', 'gt3']"
Realme GT3,"['got', 'realm', 'gt3', '2', 'week', 'trawel', 'alot', 'around', 'airport', 'stay', 'airport', 'sure', 'longer', 'actual', 'fli', 'time', 'consum', 'time', 'phone', 'wast', 'batteri', 'alot', 'realm', 'gt3', 'stay', 'wme', 'load', '34', 'min', 'enough', 'recharg', 'full', 'keep']"
Realme GT3,"['best', 'get', 'envelop', 'stamp']"
Motorola ThinkPhone,"['thinkphon', 'best', 'android', 'phone', 'ever', 'awesom', 'rear', 'side', 'sturdi', 'rug', 'quick', 'safe', 'everyth', 'need', 'realli', 'unbeliev']"
Motorola ThinkPhone,"['complet', 'agre', '100', 'percent', 'chine', 'version', 'f5', 'proredmi', 'k60', 'giztop', '300', 'dollar', 'better', 'buy', 'thinkphon', 'qhd', 'display', '300', 'usd', 'redmi', 'k60', 'insan', 'suck', 'intern', 'ver']"
Motorola ThinkPhone,"['phone', 'sale', '400', '5', 'month', 'soon', '6', 'phone', 'hand', 'best', 'phone', 'market', 'price', 'usa', 'xiaomi', 'poco', 'f5', 'pro', 'close', 'second', 'poco', 'f5', 'third', 'realli', 'think', 'rev']"
Honor Magic Vs,"['1120hz', '2ip', 'rate', 'must', 'ip68', '3', 'batteri', 'charg', 'least', '60', 'n', '4camera', '50mp', 'n', '5wile', 'charg', 'must', 'high', 'end', 'phone', 'level']"
Honor Magic Vs,"['batteri', 'life', 'decent', 'got', '2', 'day', 'yesterday', 'full', 'use', 'kick', 's23', 'ar', 'go', 'write', 'review', 'complet', 'put', 'down', 'dont', 'anonym', 'ball']"
Honor Magic Vs,"['xiaomi', 'mix', 'fold', '2', 'best', 'foldableth', 'batteri', 'life', 'great', 'realli', 'thinlight', 'foldabl', 'front', 'screen', 'wide', 'flat', 'camera', 'holl', 'nice', 'larg', 'inner', 'screen', 'unlock', 'bootload', 'easi', 'root']"
OnePlus 11R hands-on,[]
OnePlus 11R hands-on,"['green', 'line', 'issu', 'phone']"
OnePlus 11R hands-on,"['gsmarena', 'say', 'worthless', 'macro']"
vivo V27 Pro,"['display', 'protect', 'gorilla', 'glass', 'review', 'display', 'durabl']"
vivo V27 Pro,['idk']
vivo V27 Pro,"['loud', 'stage', 'spatial', 'capabl']"
Realme GT3 hands-on,"['that', 'im', 'skip', 'one', 'wait', '8', 'gen', '2', 'realm', 'gt', 'instead']"
Realme GT3 hands-on,"['80w', 'gt', 'neo', '3', 'alreadi', 'fast', 'charg', 'cant', 'imagin', '240w', 'wait', 'snapgen2', 'ill', 'skip', 'one']"
Realme GT3 hands-on,"['mention', 'gt2', 'pro', 'better', 'processor', 'gt', 'quad', 'hd', 'display', 'comparison', 'model']"
Xiaomi 13 Lite,"['ew', 'curv', 'edg', 'look', 'aw', 'cheap', 'outdat']"
Xiaomi 13 Lite,"['coupl', 'poco', 'best', 'moneynot', 'sure', 'x5', 'pro', 'f6', 'f5', 'search', 'compact', 'high', 'spec', 'xiaomi']"
Xiaomi 13 Lite,"['poco', 'f5', 'better', 'pick']"
Xiaomi 13,"['share', 'screen', 'time', 'screen', 'shot']"
Xiaomi 13,"['im', 'use', 'xiaomi', '13', 'great', 'camera', 'strong', 'batteri', 'smooth', 'ui', 'hypero', '2104', 'awesom', 'display', 'game', 'aspect', 'excel', '120hz', 'refresh', 'rate', 'emul', 'like', 'winlat', 'yuzu', '6045fp', 'high', 'demand', 'game', '352']"
Xiaomi 13,"['nope', 'flagship', '13t', '13t', 'pro', 'flagship', 'although', 'near']"
Xiaomi 13 Pro,"['look', 'like', 'bought', 'redmi', '13', 'pro', 'xiaomi', 'flagship', 'seri', 'wireless', 'charg', 'sinc', 'xiaomi', '1011']"
Xiaomi 13 Pro,"['hello', 'support', 'wireless', 'charg', 'bought', 'one', 'charg', 'wirelessli']"
Xiaomi 13 Pro,"['review', 'say', 'phone', 'support', 'wireless', 'charg', 'accord', 'micom', 'doesnt', 'ive', 'bought', 'phone', 'wireless', 'charg', 'stand', 'definit', 'doesnt', 'need', 'return', 'stand', 'refund', 'mean']"
Samsung Galaxy A14 5G,['ye']
Samsung Galaxy A14 5G,"['a14', 'good', 'phone']"
Samsung Galaxy A14 5G,"['dont', 'good', 'internet', 'phone', '2', 'year', 'awesom', 'still', 'work', 'good']"
Xiaomi 12T Pro long-term,"['also', '12', 'pro', 'face', 'problem', 'camera', 'kinda', 'got', 'blurri', 'imag', 'process', 'get', 'rid', 'still', 'wasnt', 'blurri', 'bought']"
Xiaomi 12T Pro long-term,"['mi', '12t', 'pro', '120w', 'origin', 'charger', 'work', 'superfast', 'charg', 'plea', 'help']"
Xiaomi 12T Pro long-term,"['absolut', 'joke', 'second', 'year', 'use', 'xiaomi', '12at', 'pro', 'first', 'camera', 'well', 'doesnt', 'like', 'also', 'batteri', 'need', '2', 'time', 'charg', 'day', 'last', 'one', 'hate', 'come', 'issu', 'volum', 'work']"
Honor Magic5 Lite/Honor x9a,"['never', 'magic', 'o', '8', 'android', '14']"
Honor Magic5 Lite/Honor x9a,['right']
Honor Magic5 Lite/Honor x9a,['honor']
vivo X90 Pro,"['vivo', 'v100', 'come', '100', 'watt', 'charger', '10000', 'mah', 'batteri']"
vivo X90 Pro,"['mean', 'charg', 'batshit', 'insan', 'price', 'alway', 'perform', 'wors', 'competit', 'despit', 'better', 'hardwar', 'soni', 'overpr', 'good', 'deal']"
vivo X90 Pro,"['know', 'buy', 'vivo', 'x90', 'pro', 'aliexpress', 'twice', 'trice', 'cheaper', 'xperia', '1', 'v', 'soni', 'great', 'realli', 'want', 'one', 'ratio', 'price', 'perform', 'vivo', 'side']"
Oppo Find N2 Flip,"['plea', 'translat', 'correct', 'englishus', 'punctuat', 'helpsim', 'nasti', 'mate', 'serious', 'head', 'tri', 'read', 'thisand', 'im', 'nativ', 'english', 'speaker']"
Oppo Find N2 Flip,"['scam', 'spend', 'rs89990', 'par', 'advertis', 'flagship', 'phone', 'doesnt', 'feel', 'flagship', 'phone', 'youtub', 'bullshit', 'promot', 'product', 'demo', 'use', 'physic', 'consum', 'lost', 'money', 'buy', 'think', 'hard', 'mon']"
Oppo Find N2 Flip,"['got', 'one', 'week', 'flipolog', 'plaisant', 'phone', 'great', 'screen', 'fine', 'batteri', 'except', 'charg', 'use', '44w', 'charger', 'upper', 'oppo', '33w', 'charger', 'dont', 'charg', 'well']"
Samsung Galaxy S23 Ultra,"['current', 'samsung', 'galaxi', 'note', '10', 'think', 'final', 'time', 'chang', 'batteri', 'life', 'becam', 'pretti', 'bad', 'charg', 'feel', 'slow', 'even', 'fast', 'charg', 'take', '4', 'hour', 'completli', 'charg', 'right', 'im', 'hesit', 'bet']"
Samsung Galaxy S23 Ultra,"['got', 'perman', 'pick', 'line', 'top', 'bottom', '2', 'year', 'upset', 'samsung', 's23', 'ultra', 'total', 'rubbish']"
Samsung Galaxy S23 Ultra,"['dual', 'sim', 'card', 'singl']"
Samsung Galaxy S23+,['s23']
Samsung Galaxy S23+,"['charger', 'includ', 'box', 'isnt', 'gone', 'everywher', 'brazil', 'samsung', 'phone', 'come', 'charger', 'box', 'seri', 'come', '25w', 'brick', 'includ']"
Samsung Galaxy S23+,"['dolbi', 'vision', '10', 'bit', 'color', 'realli', 'make', 'copl', 'one', 'compact', 'phone', 'size', 'screen']"
Samsung Galaxy S23,"['5g', 'network', 'work', 'india']"
Samsung Galaxy S23,"['ok', 'get', '34', 'hour', 'current', 'phone', 'truli', 'baffl', 'ungrat']"
Samsung Galaxy S23,"['cant', 'switch', 'lens', 'record', '8k', '4k', '60fp', 'possibl']"
OnePlus 11,"['worst', 'experi', 'oneplu', '11', 'shift', 'iphon', 'samsung', 'backup', 'support', 'outsid', 'india', 'even', 'though', 'phone', 'bought', 'dubai', 'made', 'india', 'support', 'offer', 'india', 'overal', 'oneplu', 'lost', 'one', 'loyal', 'cust']"
OnePlus 11,"['one', 'plu', '11', '5g', 'mobil', 'bad', 'experi', 'mani', 'problem', 'led', 'green', 'white', 'yellow', 'line', 'come', 'softwar', 'updat', 'solut', 'buy', 'mobil', 'lo', 'money']"
OnePlus 11,"['part', 'consid', 'con', 'bright', 'stutter', 'curv', 'display', 'someth', 'el', 'plea', 'share', 'lowlight', 'perform']"
Poco X5 Pro,"['audio', 'low']"
Poco X5 Pro,"['shoot', 'regular', 'photo', 'mode']"
Poco X5 Pro,"['speak', 'detail', 'realli', 'need', 'flagshipgrad', 'one', 'achiev', 'resiz', '108mp', 'photo', '12mp', 'imag', 'bit', 'noisi', 'much', 'detail']"
Poco X5,"['ye', 'gambl', 'x3', 'pro', 'sandwich', 'ram', 'soc', 'ram', 'soc', 'motherboard', 'lucki', 'enough', 'wont', 'dead', 'arent', 'lucki', 'enough', 'need', 'rebal', 'ram', 'soc', 'caus', 'overh']"
Poco X5,"['today', 'realis', 'wifi', '5', 'max', 'speed', '433mbp', 'wast', 'internet', 'packag', '1gbp']"
Poco X5,"['ye', 'play', 'casual', 'game']"
"Samsung Galaxy S23 Ultra, S23+, and S23 hands-on","['bought', 'samsung', 's23', '2', 'week', 'ago', 'third', 'time', 'found', 'phone', 'turn', 'anyon', 'el', 'problem', 'ive', 'heard', 'experienc', 'also', 'happen']"
"Samsung Galaxy S23 Ultra, S23+, and S23 hands-on","['bro', 'got', 'fake', 'phone', 'hey', 'serious', 'tri', 'check', 'ratio', 'thingi', 'top', 'ur', 'screen', 'camera', 'doesnt', 'show', '200mp', '34', 'congrat', 'got', 'fake', 'phone']"
"Samsung Galaxy S23 Ultra, S23+, and S23 hands-on","['mark', 'differ', '12mp', '50mp', '12mp', 'give', 'much', 'better', 'light', 'differ', 'color', 'tone', 'hope', 'better', 'one', '50', '200mp', 'sinc', 'combin', '16', 'pixel', 'one', 'start', 'p']"
RedMagic 8 Pro,"['yeah', 'extrem', 'slow', 'updat', 'seem', 'shift', '1', 'o', 'version', 'per', 'releas', 'model', 'initi', 'didnt', 'plan', 'releas', 'anyth', 'past', 'android', '11', 'rm7', 'end', 'releas', 'android', '12', 'updat']"
RedMagic 8 Pro,"['hell', 'use', 'zoom', 'featur', 'fp', 'game', 'tri', 'use', 'codm', 'cant', 'seem', 'figur', 'say', 'compat', 'codm']"
RedMagic 8 Pro,"['messag', 'avail']"
Asus Zenfone 9 long-term,"['got', 'phone', 'sinc', 'came', 'solid', 'phone', 'overh', 'alot', 'aussi', 'summer', 'weather', 'frame', 'lot', 'scrathc', 'ding', 'batteri', 'still', 'mint', 'screen', 'got', 'damag', 'extrem', 'heat', 'part', 'screen', 'got', 'whiterfad', 'like', 'imag', 'bur']"
Asus Zenfone 9 long-term,"['ive', 'zenfon', '9', '8', 'month', 'first', 'ohno', 'surpris', 'sdcard', 'slot', 'gone', 'use', 'one', 'review', 'read', 'bought', 'would', 'never', 'bought', 'knew', 'anoth', 'issu', 'camera', 'well']"
Asus Zenfone 9 long-term,"['hey', 'im', 'boat', 'want', 'get', 'zenfon', '9', 'never', 'came', 'india', 'im', 'realli', 'hope', '10', 'either', 'manag', 'get', 'xperia', 'im', 'look', 'get', 'one', 'new', 'amazon', 'uk', 'found', 'sell']"
Lenovo Tab P11 Pro Gen 2 hands-on,"['laptop', 'tab']"
Lenovo Tab P11 Pro Gen 2 hands-on,"['year', 'suddenli', 'die', 'isnt', 'reparablesuch', 'wast', 'money', 'good', 'spec', 'tabletalso', 'forgot', 'say', 'didnt', 'play', 'game', 'demand', 'tasksbut', 'believ', 'die', 'overh']"
Lenovo Tab P11 Pro Gen 2 hands-on,"['hi', 'ive', 'bought', 'tablet', 'recent', 'see', 'problem', 'easier', 'fix', 'issu', 'hdr', 'display', 'good', 'perform', 'view', 'dolbi', 'vision', 'rel', 'scarc', 'hdr10', 'content', 'hdr10', 'broken']"
Motorola Moto G72,"['despit', 'fact', 'allow', 'turn', 'auto', 'updat', 'still', 'forcibl', 'updat', 'boot', 'whatev', 'turn', 'updat', 'upon', 'restart', 'develop', 'option', 'solv', 'issu', 'furthermor', 'one', 'poin']"
Motorola Moto G72,"['phone', 'seriou', 'problem', 'microphon', 'almost', 'imposs', 'record', 'decent', 'sound', 'constantli', 'fade', 'shout', 'forget', 'record', 'video', 'decent', 'sound']"
Motorola Moto G72,"['im', 'face', 'green', 'line', 'issu', 'moto', 'g72', 'within', '1', 'year']"
Oppo Find N2,"['2025', 'think', 'foldabl', 'phone', 'one', 'reason', 'compact', 'size', 'impass', 'find', 'foldablecompact', 'size', 'nowaday']"
Oppo Find N2,"['5g', 'though']"
Oppo Find N2,['ye']
Samsung Galaxy A23 5G,"['bro', 'a23', '5g', 'page', 'a23', '4g', 'differ', 'phone', 'differ', 'cpuim', 'say', 'perfect', 'phone', 'better', 'a23', '4g']"
Samsung Galaxy A23 5G,"['nowaday', 'seem', 'budget', 'samsung', 'phone', 'doom', 'lag', 'like', 'hell', 'bad', 'one', 'ui', 'optim', 'a23', 'camera', 'okayish', 'make', 'pretti', 'decent', 'photo', 'occas', 'even', 'night', 'phone', 'sometim', 'get', 'bit', 'w']"
Samsung Galaxy A23 5G,"['4gb', 'ram', 'version', 'dont', 'seem', 'cut', 'performancewis', 'toler', 'review', 'week', 'nervewreck', 'odditi', 'youd', 'deal', 'least', 'year', 'two', 'gsmarena', 'sugest', 'use']"
Poco F4 long-term,['x6']
Poco F4 long-term,"['buy', 'go', 'x5', 'pro']"
Poco F4 long-term,"['poco', 'f4', '1', 'year', 'good', 'choic', 'gamer', 'power', 'user', 'peopl', 'want', 'buy', 'phone', 'mor', '4', 'year']"
Tecno Phantom X2,"['type', 'remov', 'keyboard', 'vibrat']"
Tecno Phantom X2,"['nice', 'must', 'buy', 'month', 'mean', 'phone', 'fantast']"
Tecno Phantom X2,"['nice', 'phone']"
Realme 10 Pro,"['sell', '163', '8128', 'idr', '2570rb', 'indonesia', 'sinc', 'ip', 'gave', 'avarag', 'equal', 'iqoo', 'z7x', 'snapdragon', '695']"
Realme 10 Pro,"['ye', 'right', 'buy', 'phone', 'wast', 'money', 'batteri', 'also', 'discharg', 'soon']"
Realme 10 Pro,"['downgraderollback', 'updat', 'go', 'back', 'factori', 'version', 'realm', '10', 'pro', 'updat', 'build', 'rmx3660_11_a42', 'want', 'updat', 'make', 'phone', 'wors', 'compani', 'make', 'phone', 'obsolet', 'updat', 'peo']"
iQOO 11,"['teraflop', 'comparison', 'wrong', 'render', 'raster', 'perform', 'import', 'one', 'exampl', 'comparison', 'ps5', 'gpu', 'pc', 'gpu', 'pc', 'gpu', 'match', 'ps5', 'teraflop', 'gpu', 'even', 'lose', 'ps5', 'due', 'better', 'raster', 'bandwith', 'etc']"
iQOO 11,"['think', 'valu', 'money', 'price', 'ip68', 'avail']"
iQOO 11,"['oh', 'qhd', 'screen', '144hz', 'v', '120hz', 'mainstream', 'phone', 'beast', 'chip']"
Realme 10 Pro+,"['realm', '10', 'pro', 'support', 'pd', '30', 'charg', 'plea', 'confirm', 'saw', 'gsm', 'spec', 'mention', 'realm', 'websit']"
Realme 10 Pro+,"['tri', 'use', 'iphon', 'mani', 'android', 'brand', 'htc', 'lg', 'asu', 'oppo', 'realm', 'xiaomi', 'samsung', 'learn', 'pro', 'conssinc', '2012and', 'brand', 'im', 'consid', 'wont', 'ever', 'purchas', 'samsung']"
Realme 10 Pro+,"['mayb', 'got', 'defect', 'one', 'ive', 'play', 'genshin', 'impact', 'phone', 'perform', 'good']"
Tecno Phantom X2 Pro,"['finger', 'print', 'phantom', 'x2oro']"
Tecno Phantom X2 Pro,"['tecno', 'phantom', 'x2', 'pro', 'promis', 'get', '3', 'year', 'softwar', 'support', 'two', 'major', 'android', 'updat', 'launch', 'android', '12', '2023', 'phone', 'current', 'run', 'hio', '145', 'android', '14', 'onward', 'next', '6', 'month', 'receiv']"
Tecno Phantom X2 Pro,"['better', 'stick', 's10', '5g']"
Moto G82,"['moto', 'g82', 'good', 'phone', 'great', 'display', 'great', 'batteri', 'life', 'great', 'speaker', 'charg', 'time', '1hr', '20', 'minut', 'lag', 'free', 'ad', 'free', 'user', 'interfac', 'game', 'camera', 'use', 'gcam', '87', 'edit', 'thank']"
Moto G82,"['ye', 'camera', 'atroci', 'expect', 'atleast', 'averag', 'camera', 'phone', 'know', 'moto', 'phone', 'cant', 'trust', 'camera', 'even', 'gcam', 'imag', 'qualiti', 'good', 'phone', 'good']"
Moto G82,"['great', 'screen', 'great', 'batteri', 'life', 'great', 'charg', 'speed', 'aw', 'aw', 'camera', 'basic', 'camera', 'softwar', 'ive', 'gone', 'back', '5', 'year', 'old', 'honor', 'play', 'better', 'camera', 'im', 'sell', 'g82', 'anyon', 'want', 'one']"
Honor Magic Vs hands-on,"['v', 'englishfrench', 'monik', 'typic', 'use', 'brandi', 'cognac', 'meant', 'signifi', 'qualiti', 'product', 'oppos', 'lowclass', 'drink', 'like', 'whiskey', 'rum', 'etc', 'btw', 'htc', 'back', '2012']"
Honor Magic Vs hands-on,"['rebadg', 'old', 'mate', 'x', 'honor', 'use', 'huawei']"
Honor Magic Vs hands-on,"['dont', 'think', 'v', 'use', 'stand', '5', 'believ', 'repres', 'silhouett', 'phone', 'slightli', 'open', 'like', 'see', 'main', 'pic', 'theyr', 'copi', 'samsung', 'find', 'letter']"
Nokia X30,"['ye', 'nokia', 'x30', '50mp', 'mode', 'main', 'camera', 'instead', '125mp', 'default', 'mode', '16mp', 'mode', 'front', 'face', 'camera', 'instead', '4mp', 'default', 'mode']"
Nokia X30,"['50mp', 'mode', 'enabl', 'camera', 'set']"
Nokia X30,"['phone', 'upgrad', 'android', '14', 'snapdragon', '695', 'phone', 'actual', 'fulli', 'support', 'wifi', '6']"
Samsung Galaxy S22 Ultra long-term,"['samsung', 'galaxi', 'note', '22', 'ultra', 'issu', 'bring', 'line', 'screen']"
Samsung Galaxy S22 Ultra long-term,"['thought', 'swap', 's22', 'ultra', '5g', 'competitor', 'chang', 'heart', 'camera', 'work', 'perfectli', 'fine', 'still', 'photo', 'video', 'friend', 'want', 'use', 'mine', 'instead', 'high', 'end', 'iphon', 'flagship', 'droid', 'despit']"
Samsung Galaxy S22 Ultra long-term,"['person', 'got', 's22', 'ultra', 'recent', 'confid', 'say', 'one', 'worst', 'phone', 'ive', 'ever', 'use', 'pathet', 'fold4', 'total', 'unus', 'a53', 'slowdown', 'hiccup', 'lag', 'name', 'happen', 'everywher', 'ever']"
OnePlus Nord N300,"['phone', 'brand', 'new', 'hang', 'peopl', 'drop', 'call', 'call', 'peopl', 'im', 'frustrat', 'alreadi', 'make', 'good', 'phone', 'batteri', 'last', 'day', 'that', 'best', 'thing', 'phone', 'got']"
OnePlus Nord N300,"['phone', 'suck', 'got', 'novemb', '2022', 'last', 'phone', 'slow', 'start', 'problem', 'phone', 'around', 'januari', 'phone', 'would', 'randomli', 'power', 'restart', 'night', 'time', 'drop', 'call', 'process']"
OnePlus Nord N300,"['phone', 'nice', 'phone']"
Poco M5,"['im', 'still', 'use', 'hypero', 'amaz', 'batteri', 'life']"
Poco M5,"['also', 'satisfi', 'upgrad', 'oper', 'system', 'hypero', 'couldnt', 'stand', 'half', 'day', 'keep', 'origin', 'o']"
Poco M5,"['amaz', 'batteri', 'life', 'simpli', 'amaz']"
Huawei MatePad Pro 11 (2022),"['product', 'shit', '0', 'star', '5', 'app', 'tri', 'download', 'game', 'still', 'cant', 'everi', 'time', 'tri', 'doesnt', 'work', 'tri', 'everyth', 'ipad', 'made', 'game', 'abl', 'instal', 'mention', 'youtub', 'keep', 'malf']"
Huawei MatePad Pro 11 (2022),"['tri', 'say']"
Huawei MatePad Pro 11 (2022),"['cant', 'instal', 'autodesk', 'sketchup', 'without', 'gm', 'still', 'app', 'enginn', 'huawei']"
Poco F4 GT long-term,"['tri', 'instal', 'gcam']"
Poco F4 GT long-term,"['still', 'buy', 'phone', '6', 'ago', 'local', 'shoprit', 'south', 'africa']"
Poco F4 GT long-term,"['facebook', 'imparti', 'show']"
Realme 10,"['idk', 'yall', 'know', 'someon', 'repli', 'wanna', 'say', 'im', 'recommend', 'phone', 'bad', 'better', 'one', 'price', 'thing', 'phone', 'got', 'nicer', 'back', 'cover', 'other', 'system', 'stupid', 'anythi']"
Realme 10,"['bought', 'realm', '10', '8gb', '256gb', 'rom', 'charger', 'got', 'devic', 'model', 'vcb3hdyh', '3', 'pin', 'howev', 'found', 'peopl', 'use', 'realm', '10', '8gb', '128gb', 'rom', 'devic', 'got', 'charger', 'model', 'vcb3gaih', '2', 'pin', 'anyon', 'verifi']"
Realme 10,"['honestli', 'someon', 'give', 'compliment', 'phone', 'mean', 'yo', 'bla', 'bla', 'bla', 'phone', 'satisfi', 'camera', 'batteri', 'drain', 'fast', 'processor', 'softwar', 'idk']"
Samsung Galaxy A04s,"['got', 'malaysia', '15', 'watt', 'charger', 'usb', 'type', 'type', 'c']"
Samsung Galaxy A04s,"['definetli', 'use', 'phone', '2', 'year', 'terribl']"
Samsung Galaxy A04s,"['want', 'see', 'phone', 'locat']"
Motorola Razr 2022,"['still', 'find', 'hard', 'believ', 'current', 'foldabl', 'screen', 'flip', 'phone', 'usbc', '31', 'wire', 'video', 'output', 'desktop', 'mode', 'support', 'samsung', 'abl', 'thing', 'dex', 'upcom', 'galaxi', 'z', 'flip5', 'especi']"
Motorola Razr 2022,"['iform', 'charg', 'speed', 'wrong', 'motorola', 'razr', '2022', 'full', 'charg', '40', 'minut']"
Motorola Razr 2022,"['yeh', 'agre']"
Huawei Mate 50 Pro,"['dude', '8', 'gb', 'huawei', 'like', '16', 'gb', 'shaomi', 'qualcom', 'cpu']"
Huawei Mate 50 Pro,"['damn', 'right', 'appl', 'fanboy', '40', 'appl', 'phone', 'switch', 'huawei', 'never', 'go', 'back', 'said', 'adult', 'content', 'barbi', 'doll', 'ladi', 'aaa', 'product', 'say', 'go', 'black', 'never', 'go', 'back']"
Huawei Mate 50 Pro,"['hellooo', 'wonder', 'mate', '50', 'pro', 'get', 'harmonyo', 'next']"
vivo V25/X80 Lite,"['im', 'use', 'y21t', 'week', 'temporari', 'phone', 'poco', 'x3', 'nfc', 'bit', 'dust', 'im', 'get', 'realm', 'gt', 'master', 'monday', 'ive', 'thing', 'vivo', 'id', 'like', 'mention', 'even', 'though', 'fun', 'touch', 'o', 'bit', 'bare', 'bone', 'thi']"
vivo V25/X80 Lite,"['dont', 'use', 'googl', 'softwar', 'spywar']"
vivo V25/X80 Lite,"['googl', 'tell', 'u', 'app', 'playstor', 'spywar', 'bad', 'codeslook', 'like', 'googl', 'final', 'go', 'spywar', 'huntingabout', 'time']"
Google Pixel 7,"['phone', 'bad']"
Google Pixel 7,['review']
Google Pixel 7,"['wait', 'pixel', '7', 'receiv', '7', 'year', 'o', 'updat']"
Google Pixel 7 Pro,"['heat', 'realli', 'issu']"
Google Pixel 7 Pro,"['good', 'expres', 'good', 'look', 'smart']"
Google Pixel 7 Pro,['mine']
Oppo Pad Air,"['oppo', 'strong', 'brand']"
Oppo Pad Air,"['fan', 'oppo', 'sinc', 'first', 'oppo', 'came', 'im', 'carri', 'away', 'anyth', 'oppoi', 'wait', 'oppo', 'tab', 'longwhen', 'saw', 'oppo', 'air', 'pad', 'arrang', 'buy', 'anytim', 'nowbut', 'discourag', 'one', 'thing']"
Oppo Pad Air,"['plan', 'buy', 'tablet', 'chang', 'mind', 'read', 'gsm', 'review']"
Realme Pad X,"['connect', 'oneplu', 'z2', 'wireless', 'headphon']"
Realme Pad X,"['snapdragon', '5g', 'worth', 'price', 'differ']"
Realme Pad X,"['singl', 'core', 'score', 'ad', '695', 'better', 'sd', '845', 'huge', 'perfom', 'gape', 'cortex', 'a78', 'a75', '845', 'better', 'gpu']"
Xiaomi Redmi Pad,['everyon']
Xiaomi Redmi Pad,"['good', 'tablet', 'bought', '64gb', 'storag', '3gb', 'ram', 'slightli', 'laggi', 'sometim', 'colour', 'nice', 'suggest', 'get', 'redmi', 'pad', 'pro', 'sale', 'realli', 'nice']"
Xiaomi Redmi Pad,[]
Honor Pad 8,"['gyroscop', 'ipad', '8']"
Honor Pad 8,"['audio', 'socket', 'gadget']"
Honor Pad 8,"['phone', 'get', 'android', '14', 'updat']"
Huawei nova 10 Pro,"['dont', 'think', 'fast', 'charg', 'equal', 'fast', 'drainmi', 'oneplu', '11', '100w', 'batteri', 'great']"
Huawei nova 10 Pro,"['thid', 'new', 'nova', '10', 'pro', 'batteri', 'issu', 'fast', 'charg', 'fast', 'drain']"
Huawei nova 10 Pro,"['camera', 'step', 'back', 'nova', '9', 'notic', 'better', 'low', 'light', 'nova', '10', 'pro', 'almost', 'p50', 'pro', 'also', 'wors', 'nova', '9', 'nova', '10', 'prop50', 'pro', 'lightli', 'better', 's22', 'quit', 'much', 'better', 'iphon', '14', 'pro', 'mate', '50', 'pro', 'doin']"
Apple iPhone 14 Plus,['liar']
Apple iPhone 14 Plus,"['iphon', '14', 'plu', 'stop', 'work', '15', 'month', 'use', 'good', 'till', 'night', 'batteri', 'percentag', 'around', '70', 'go', 'bed', 'next', 'took', 'press', 'power', 'button', 'display', 'tri', 'troubleshoo']"
Apple iPhone 14 Plus,"['said', 'made', 'iphon', '13', 'mini', 'never', 'made', '13', 'plu', 'plea', 'read', 'properli']"
Google Pixel 7 and 7 Pro hands-on,"['your', 'go', 'rant', 'boil', 'polit', 'least', 'make', 'first', 'sentenc', 'write', 'accur', 'one', 'pixel', '5a', 'last', 'pixel', 'secur', 'o', 'avail', 'headphon', 'jack', 'dac', 'isnt', 'expens', 'unless', 'buy', 'expen']"
Google Pixel 7 and 7 Pro hands-on,"['except', 'pixel', '7', 'modem', 'taken', 'top', 'spot', 'appl', 'highest', 'averag', '5g', 'speed', 'worldwid', 'except', 'modem', 'isnt', 'outdat', 'releas', 'year', 'except', 'appl', 'bullcrap', 'chip', 'perform', 'greatov', 'one']"
Google Pixel 7 and 7 Pro hands-on,"['yet', 'doxomark', 'use', 'profession', 'audio', 'tool', 'sever', 'test', 'pixel', '7', 'rate', '13', 'everi', 'deviceev', 'mayb', 'get', 'ear', 'check', 'think', 'crank', 'reverb', 'bass', 'roof', 'xtrememusicquot']"
Poco M5s,"['audio', 'qualiti', 'realli', 'great', 'though', 'sound', 'true', 'life', 'good', 'surround', 'sound', 'mention', 'review', 'footag', 'record', 'phone', 'someon', 'speak', 'liter', 'sound', 'like', 'person', 'ro']"
Poco M5s,"['ive', 'phone', 'two', 'year', 'work', 'like', 'first', 'day', 'think', 'excel', 'samsung', 'sold', 'would', 'undoubtedli', 'least', '150', 'expens', 'offer', 'withstood', 'mani', 'fall', 'protect', 'glass']"
Poco M5s,"['devic', 'contrast', 'high', 'especi', 'youtub', 'video', 'blown', 'there', 'fix']"
Motorola Edge 30 Neo,"['camera', 'realli', 'bad', 'pixel', '3a', 'run', 'circl', 'around', 'plu', 'camera', 'app', 'toggl', 'maximum', 'bright', 'there', 'way', 'around', 'wouldnt', 'bother', 'gcam', 'port', '90', 'time', 'dont', 'work', 'unreli']"
Motorola Edge 30 Neo,"['ok', 'depend', 'picki', 'your', 'gonna', 'use', 'guess', 'photo', 'taken', 'stock', 'camera', 'app', 'look', 'fine', 'gcam', 'cant', 'realli', 'tell', 'much', 'differ', '3aneo', 'look', 'photo', 'directli']"
Motorola Edge 30 Neo,"['camera', 'iam', 'also', 'pixel', '3a', 'user']"
Xiaomi 12T Pro,"['never', 'regret', 'start', 'use', '11', 'pro', '12', 'pro', 'perform', 'marvel', 'one', 'best', 'econom', 'price', 'phone', 'congratul', 'xiaomi']"
Xiaomi 12T Pro,"['one', 'face', 'green', 'line', 'issu', 'phone']"
Xiaomi 12T Pro,"['one', 'best', 'phone', 'ever', 'thank', 'xiaomi', 'hope', 'get', 'new', '13', 'pro', 'soon', 'possibl', 'would', 'chang', 'ever']"
Xiaomi 12T,"['user', 'mi', '12t', 'posit', 'talk', 'phone', 'disiplay', 'camera', 'video', 'support', '60fp', 'best', 'charg', 'fast', '0', '100', '2030', 'minut', 'rate', 'phone', '485']"
Xiaomi 12T,"['phone', '11', 'month', 'here', 'feedback', 'advic', '1', 'crash', 'ive', 'crash', 'randomli', 'think', 'caus', 'orient', 'top', 'bar', 'interact', 'happen', 'infrequ', 'hu']"
Xiaomi 12T,"['almost', '9', 'month', 'bit', 'last', 'month', 'charg', 'slowli', 'need', 'around', '50minut', 'fulli', 'charg', 'problem', 'charg', 'hope', 'dust', 'gonna', 'tri', 'clean', 'satisfi', 'phone']"
Samsung Galaxy Watch5 and Watch5 Pro,"['samsung', 'galaxi', 'watch', 'classic', 'batteri', 'life', 'attrooci', 'ecg', 'avail', 'region', 'still', 'isnt', 'wrote', 'samsung', 'noth', 'despit', 'buy', 'region', 'thoroughli', 'regret', 'replac', 'huawei', 'watch', 'gt', '2', 'th']"
Samsung Galaxy Watch5 and Watch5 Pro,"['watch', 'year', 'complet', 'useless', 'terribl', 'batteri', 'life', 'even', 'import', 'function', 'turn', 'like', 'locat', 'cannot', 'last', '7', 'morn', '7', 'even', 'disast', 'never', 'samsung', 'w']"
Samsung Galaxy Watch5 and Watch5 Pro,['lte']
Xiaomi 12 Pro long-term,"['nope', '14', 'ultra', 'qhd', 'screen']"
Xiaomi 12 Pro long-term,"['bro', 'dont', 'offer', 'low', 'qualiti', 'screen', 'high', 'resolut', 'screen', 'till', 'even', '14', 'ultra', 'doesnt', 'get', '2k', 'resolut', 'screen']"
Xiaomi 12 Pro long-term,"['got', 'green', 'line', 'hypero', 'updat', '11', 'year', 'usag', 'servic', 'center', 'accept', 'phone', 'without', 'issu', 'ask', 'happen', 'updat', 'sent', 'msg', 'payment', 'say', 'warranti', 'xiao']"
Apple iPhone 14 Pro Max,"['still', 'secur', 'face', 'id']"
Apple iPhone 14 Pro Max,"['ye', 'still', 'fast', 'phone', 'good', 'display', 'camera', 'plenti', 'updat', 'come', 'softwar']"
Apple iPhone 14 Pro Max,"['14', 'pro', 'max', 'good', '2025']"
Apple iPhone 14,"['iphon', 'nice', 'phone', 'world']"
Apple iPhone 14,"['phone', 'play', 'good', 'qualiti', 'video', 'youtub', 'stream', 'platform', 'current', 'phone', 'start', 'glitch', 'qualiti', 'higher', '1080p']"
Apple iPhone 14,"['phone', 'play', 'good', 'qualiti', 'video', 'youtub', 'stream', 'platform', 'current', 'phone', 'start', 'glitch', 'qualiti', 'higher', '1080p']"
Apple iPhone 14 Pro,"['current', 'phone', 'io', '26', 'still', 'run', 'butteri', 'smooth', 'howev', 'sign', 'age', 'due', 'age', 'batteri', 'start', 'show', 'heat', 'quit', 'bit', 'updat', 'app', 'use', 'mobil', 'data', 'instead', 'wifi', 'besid']"
Apple iPhone 14 Pro,[]
Apple iPhone 14 Pro,"['2022', 'time', 'huh']"
iQOO 9T,"['anybodi', 'face', 'green', 'line', 'issu', 'updat', 'phone', 'suddenli', 'got', 'green', 'light', 'night', 'post', 'updat']"
iQOO 9T,"['buy', 'iqoo', '9t', 'india']"
iQOO 9T,"['countri', 'also', 'want', 'get', 'devic']"
ASUS ROG Phone 6D Ultimate,"['yeah', 'phone', 'compani', 'arent', 'allow', 'option', 'sd', 'slot', 'standard', 'id', 'least', 'want', '1tb', 'intern', 'storag', 'spec', 'definit', 'get', 'next', 'releas', 'keep', '35', 'mm', 'jack', 'ridicul', 'good', 'batteri']"
ASUS ROG Phone 6D Ultimate,"['found', 'phone', 'similar', 'rog', 'phone', '6', 'fail', 'bend', 'test', 'would', 'rather', 'wait', '2023', 'rog', 'phone', 'may', 'follow', 'spec', '1', 'snapdragon', '8', 'gen', '2', '2', 'better', 'resolut', '3', '1tb', '2tb', 'intern', 'storag', 'otherwis']"
ASUS ROG Phone 6D Ultimate,"['wont', 'trust', 'cloud', 'storag', 'especi', 'go', 'place', 'littl', 'internet']"
Motorola Edge 30 Ultra,"['great', 'phone', 'fast', 'charg', 'revers', 'charg', 'alway', 'make', 'friend', 'rais', 'eyebrow', '999', 'euro', 'wouldnt', 'thought', 'manag', 'get', '320', 'euro', '25612', 'version', 'perfect', 'ju']"
Motorola Edge 30 Ultra,"['worst', 'mobil', 'worst', 'inbuilt', 'qualiti']"
Motorola Edge 30 Ultra,"['potenti', 'buyer', 'lot', 'o', 'travel', 'plea', 'awar', 'supposedli', 'flagship', 'motorola', 'phone', 'support', 'esim', 'bought', 'one', 'son', 'discov', 'disappoint', 'fact', 'book', 'trip', 'japan', 'w']"
Xiaomi Mix Fold 2,['nice']
Xiaomi Mix Fold 2,"['first', 'comment', 'bigger', 'import', 'outer', 'display', 'instead', 'inner', 'one', 'cours', 'sinc', 'xiaomi', 'inner', 'display', 'significantli', 'lower', 'batteri', 'life', 'sinc', 'entir', 'argument', 'base', 'basel']"
Xiaomi Mix Fold 2,"['well', 'said', 'softwar', 'experi', 'function', 'xiaomi', 'fold', '2', 'close', 'samsung', 'fold', '4', 'xiaomi', 'good', 'chine', 'market', 'chine', 'app', 'fold', '4', 'softwar', 'function', 'unmatch']"
Motorola Edge 30 Fusion,"['great', 'phone', 'even', 'today', 'fast', 'new', 'android', '14', 'releas', 'fix', 'bug', 'bother', 'phone', 'add', 'new', 'featur', 'optymalis', 'nice', 'color', 'screen', 'fast', 'processor', 'great', 'softwar', 'camera', 'also', 'b']"
Motorola Edge 30 Fusion,"['iphon', 'са', 'най', 'омразната', 'ми', 'марка', 'телефониаре', 'пич', 'бий', 'камшика']"
Motorola Edge 30 Fusion,"['bought', 's21', 'fe', 'snapdragon', 'slimmer', 'poco', 'redmi', 'custom', 'rom', 'develop', 'mediatek', 'latest', 'updat', 'nav', 'bar', 'hidden', 'bluetooth', 'rang', 'less', 'overal', 'good', 'phone', 'manag', 'heat', 'well']"
Motorola Edge 30 Ultra hands-on,"['16x', 'zoom', 'saw', 'youtub', 'zoom', 'test', '100x', 'zoom', 'setitng', 'plea', 'help']"
Motorola Edge 30 Ultra hands-on,"['anyon', 'confirm', 'one', 'way', 'ultra', 'support', 'stylu', 'similar', 'motorola', 'edg', '30', 'pro']"
Motorola Edge 30 Ultra hands-on,"['true', 'bulldoz']"
Honor 70,"['phone', 'work', 'slowli', 'time', 'social', 'medium', 'includ', 'tiktok', 'work', 'well']"
Honor 70,"['use', 'honor', '70', 'year', 'spec', 'great', 'batteri', 'heat', 'real', 'quick', 'batteri', 'replac', 'froze', 'could', 'longer', 'turn', 'tri', 'charg', 'also', 'doesnt', 'work', 'technician', 'told', 'shou']"
Honor 70,"['ive', 'use', 'phone', '7', 'month', 'good', 'phone', 'im', 'impress', 'happi', 'well', 'hold', 'camera', 'qualiti', 'insan', 'spec', 'mid', 'rang', 'phone', 'also', 'amaz', 'best', 'part', 'di']"
Sony Xperia 5 IV,"['gsm', 'arena', 'given', 'warn', 'use', 'samsung', 'manufactur', 'processor', 'caus', 'heat', 'qualcomm', 'snapdragon', 'processor', 'usual', 'good', 'manufactur', 'samsung', 'disappoint', 'recommend', 'buy']"
Sony Xperia 5 IV,"['bought', 'anoth', 'phone', 'wife', 'get', 'back', 'soni', 'wife', 's24', 'snapdragon', 'processor', 'cant', 'realli', 'see', 'differ', 'normal', 'use', 's24', 'boot', 'littl', 'faster', 'that', 'camera', 'far', 'better', 'soni']"
Sony Xperia 5 IV,"['overh', 'mine', 'repair', 'centr', 'constant', 'overh', 'laggi', 'xiaomi', 'mi', '8', 'faster', 'surpris', 'pixel', '4', 'boot', 'faster', 'soni', '5', 'iv', '855', 'v', '888', 'gen1', 'joke']"
vivo V25 Pro,"['vivo', 'v25pro', 'ir', 'blaster', 'control', 'ac', 'im', 'face', 'issu', 'plea', 'dont', 'buy', 'phone', 'hope', 'understand', 'problem']"
vivo V25 Pro,"['wire', 'headphon', 'superior', 'wireless', 'headphon', 'mani', 'way', 'that', 'high', 'end', 'audio', 'devic', 'still', 'use', 'wire', '2023', 'mayb', 'mani', 'year', 'come', 'know', 'think', 'kinda', 'sad', 'kid', 'today', 'easili', 'fool']"
vivo V25 Pro,['countri']
Samsung Galaxy Z Fold4,"['fine', 'print', 'start', 'fact', 'main', 'camera', 'fold4', 'base', 'samsung', 'gn3', 'sensor', 'wherea', 's22', 'gn5', 'core', 'sensor', '1156', 'optic', 'format', '50million', '10µm', 'pixel', 'tetrapixel', 'filter']"
Samsung Galaxy Z Fold4,"['cover', 'screen', 'fold4', 'also', 'got', 'chang', 'aspect', 'move', 'away', '259', 'that', 'nearli', '31', 'hadnt', 'thought', 'way', 'manag', '2319', 'maintain', 'diagon', 'wrong', 'f']"
Samsung Galaxy Z Fold4,"['flexibl', 'layer', 'ole', 'pixel', 'still', 'sort', 'glass', 'far', 'understand', 'goe', 'even', 'though', 'samsung', 'product', 'like', 'supplier', 'schott', 'call', 'utg', 'ultrathin', 'glass', 'schott', 'soon', 'cornin']"
Samsung Galaxy Z Flip4,"['worst', 'samsung', 'ever', 'use', '6', 'month', 'road', 'screen', 'shut', 'fibr', 'spoilt', 'dont', 'even', 'know', 'repair', 'cannot', 'access', 'anyth', 'main', 'screen', 'receiv', 'call', 'front', 'screen']"
Samsung Galaxy Z Flip4,"['purchas', 'samsung', 'z', 'flip', '4', '13th', 'januari', '2023', 'one', 'year', 'warranti', 'soon', 'warranti', 'period', 'overtroubl', 'set', 'start', 'phone', 'get', 'switch', 'soon', 'phone', 'fold', 'switch', 'restart']"
Samsung Galaxy Z Flip4,"['ye', 'agre', 'last', '2', 'year', 'almost', 'paid', 'cost', 'price', 'repair', 'worst', 'buy', 'ever', 'batteri', 'back', '2', 'year', '6', 'hour']"
OnePlus 10 Pro long-term,"['miss', 'esim', 'featur', 'cam', 'good']"
OnePlus 10 Pro long-term,['agre']
OnePlus 10 Pro long-term,"['buy', 'actual', 'version', 'mention', '6', 'month', 'alreadi', 'far', 'happi', 'previou', 'phone', 'poco', 'f3']"
OnePlus 10T,"['allright', 'appl', 'fanboy', 'lololol']"
OnePlus 10T,"['u', 'recommend']"
OnePlus 10T,"['mayb', 'fastest', 'fastest', 'use', 'oneplu', 'never', 'oneplu', 'brand', 'oneplu', 'dead']"
Poco M4 5G,"['trash', 'phone', 'alway', 'lag', 'u', 'open', 'vc', 'open', 'anoth', 'app', 'goe', 'crazi', 'wast', 'money']"
Poco M4 5G,"['bad', 'experi', 'cheep', 'softwar', 'would', 'reset', 'phone', 'good', 'thing', '5g', 'otherwis', 'noth', 'special', 'would', 'regret', 'buy']"
Poco M4 5G,"['bad', 'softwar']"
Motorola Moto G62,"['worrest', 'mobil', 'last', '2', 'week', 'back', 'pucheng', 'get', 'batteri', 'issu', 'visit', 'servic', 'center', 'told', 'per', 'rule', 'exchang', 'dont', 'buy', 'one']"
Motorola Moto G62,"['receiv', 'g62', '16th', 'februari', '2023', 'use', 'day', 'pro', 'con', 'neutral', 'part', 'phone', 'one', 'didnt', 'surpris', 'disappoint', 'pro', 'stellar', 'design', 'super', 'light', 'weight', 'g']"
Motorola Moto G62,"['got', 'g62', 'todayand', 'extrem', 'disappoint', 'charger', 'charg', 'phone', 'back', 'dealer', 'tomorrow']"
Samsung Galaxy Z Fold4 and Z Flip4 hands-on,"['ye', 'dude', 'right']"
Samsung Galaxy Z Fold4 and Z Flip4 hands-on,['good']
Samsung Galaxy Z Fold4 and Z Flip4 hands-on,"['well', 'laptop', 'webcam', 'usual', 'vga', '480p', '2mp', '1080p', 'imagin', 'take', 'selfi', 'z', 'fold', '4', 'unfold', 'front', 'camit', 'would', 'look', 'like', 'cheap', 'mediatek', 'phone']"
OnePlus Nord 2T,"['batteri', 'drain', 'fast', 'camera', 'qualiti', 'good']"
OnePlus Nord 2T,"['mayb', 'everyon', 'ive', 'phone', 'almost', '2', 'year', 'batteri', 'drain', 'like', 'max', '4', 'less', 'overnight']"
OnePlus Nord 2T,"['good', 'true', 'man']"
Google Pixel 6a,"['bypass', 'charg', '6a']"
Google Pixel 6a,"['bypass', 'plea']"
Google Pixel 6a,"['whatsapp', 'cant', 'run', 'devic', 'probabl', 'phone', 'rewritten', 'origin', 'imei', 'replac', 'clone', 'one', 'result', 'whatsapp', 'system', 'detect', 'spam', 'account', 'keep', 'get', 'block']"
Huawei Mate Xs 2,"['worst', 'phone', 'ever', 'use']"
Huawei Mate Xs 2,"['x', '2', 'batteri', 'life', 'excel', 'charg', 'day', 'normal', 'use', 'home', 'game', 'easili', 'charg', 'phone', 'worri', 'got', 'huawei', '10k', 'power', 'bank', 'case', 'emerg', 'outsid', 'nice', 'huawei', 'headphon', 'go', 'amaz']"
Huawei Mate Xs 2,"['hello', 'gm', 'app', 'easili', 'access', 'gspace', 'easi', 'use', 'get', 'necessari', 'app', 'need', 'use', 'nova', '9', 'gspace', 'got', 'need', 'app']"
OnePlus 10T hands-on,"['thing', 'consid', '10t', 'posit', 'successor', '8t', 'albeit', 'interest', 'trade', 'off', 'one', 'cheaper', 'overal', 'build', 'qualiti', 'well', 'materi', 'line', 'youd', 'expect']"
OnePlus 10T hands-on,"['upscalibg', 'perform', '10t', 'realli', 'evid', 'compar', 'photo', 'taken', 'samsung', 'galaxi', 's22', 'ultra', 'wife', 'recent', 'upgrad', 'phone', 'got', '10t', 'encourag', 'get', 's22', 'ultra', 'recent', 'vacati']"
OnePlus 10T hands-on,"['realli', 'surpris', 'qualiti', 'constant', 'post', 'realli', 'geniu', 'one', 'qu', 'oneplu', 'nord', 'n20', '5g', 'new', 'mobil', 'avail', '2022', 'countri', 'plz', 'an']"
Realme GT2 Explorer Master,"['excel', 'phone', 'worth', 'buy', 'price', 'rang']"
Realme GT2 Explorer Master,"['bad', 'otherwis', 'ur', 'attentionseek']"
Realme GT2 Explorer Master,"['wireless', 'charg', 'ip', 'rate', 'telephoto', 'samsung', 'brand', 'twice', 'thrice', 'price', 'realm', 'phone']"
Tecno Camon 19 Pro,"['charg', 'protocol', 'support', 'quick', 'charg', 'definit', 'power', 'deliveri', 'tecno', 'infinix', 'accord', 'inform', 'fast', 'charg', 'protocol', 'anyon', 'test', 'charg', 'unit', 'usb', 'tester']"
Tecno Camon 19 Pro,"['good', 'phone', 'honestli', 'okay', 'woth', 'camera', 'qualiti', 'photo', 'batteri', 'much', 'last', 'longer', 'even', 'actual', 'still', 'better', 'last', 'phone', 'well', '5050', 'realm', '3', 'telephoto', 'camera', 'realli', 'help', 'much']"
Tecno Camon 19 Pro,"['that', 'work', 'maximum', 'charg', 'level', 'matter', 'discharg', '0', 'harm', 'batteri', 'dont', 'leav', 'complet', 'drain', 'month']"
Asus Zenfone 9,"['nice', 'thank', 'lot', '4k120', 'lot', 'frame', 'lot', 'resolut', 'time', 'tri', 'make', 'good', 'use', 'best', 'lg', 'g8x', '4k60', '1080p240', 'best']"
Asus Zenfone 9,"['ye', 'check', 'mine', '4k120fp', 'option', 'slomo']"
Asus Zenfone 9,"['guy', 'phone', '4k120', 'list', 'gsma', 'spec']"
RedMagic 7S Pro,"['dang', 'man', 'osm']"
RedMagic 7S Pro,"['ace', 'benchmark', 'give', '4', 'star']"
RedMagic 7S Pro,"['softwar', 'issu', '5g', 'wouldnt', 'even', 'recomemd']"
Nothing Phone (1),[]
Nothing Phone (1),"['mistaken', 'design', 'ever', 'seen', 'ever', 'terribl', 'nonsens', 'make', 'puke']"
Nothing Phone (1),"['video', 'camera', '4k', '60', 'fp', 'avail']"
Oppo Reno8,"['issu', 'chang', 'futur', 'english', 'caus', 'tire', 'india', 'thing']"
Oppo Reno8,"['right', 'reno', '8', 'easi', 'overheat', 'constant', 'overh', 'also', 'caus', 'damag', 'motherboard', 'uncl', 'reno', '8', 'even', '1', 'year', 'old', 'start', 'develop', 'wifi', 'connect', 'issu', 'eventu', 'deterior', 'phone', 'turn']"
Oppo Reno8,"['yeah', '5hr', 'fast', 'drain', 'oppo', 'reno', '8', '5g', 'phone', 'fulli', 'optim', 'situat']"
Oppo Reno8 Pro,"['unbox', 'make', 'googl', 'account', 'play', 'store', 'work']"
Oppo Reno8 Pro,['ye']
Oppo Reno8 Pro,"['realm', 'phone', 'notori', 'non', 'splash', 'dust', 'resist', 'even', 'basic', 'ipx4', 'ip5x', 'rate']"
Xiaomi 12S Ultra,"['that', 'reason', 'goe', 'stand', 'behind', 'lie', 'lie', 'matter', 'spin', 'fact', 'panason', 'cm1', 'first']"
Xiaomi 12S Ultra,"['still', 'phenomenon', 'phone', '2024', 'far', 'better', 's23', '24', 'ultra', 'id', 'rate', 'similar', 'x90', 'pro', 'plu', '2o24', '81', 'gen', '1', 'hold', 'well', 'still', 'although', 'camera', 'hit', 'miss', 'time', 'sometim', 'take', 'snap']"
Xiaomi 12S Ultra,"['still', 'good', 'mobil', '2024', 'xiaomi', 'flagship', 'known', 'obsolesc']"
Oppo Reno7/F21 Pro,"['repli', 'almost', '2', 'year', 'old', 'comment', 'sinc', 'exist', 'poco', 'x5', 'pro', 'f5', 'think', 'time', 'leav', 'x3', 'pro', 'alon']"
Oppo Reno7/F21 Pro,"['poco', 'x3', 'pro', 'got', 'deadboot']"
Oppo Reno7/F21 Pro,"['also', 'batteri', 'drain', 'much', 'fast']"
Realme 9,"['softwar', 'lod']"
Realme 9,"['expect', 'budget', 'phone', 'level', 'flagship', 'come', 'royal', 'palac', 'tell', 'peasant', 'good', 'base', 'sole', 'person', 'experi', 'tast', 'ive', 'never', 'seen', 'give', 'good', 'comment', 'abo']"
Realme 9,"['guy', 'joke', 'comin', 'royal', 'palac', 'tell', 'peasant', 'good', 'ive', 'never', 'seen', 'give', 'good', 'comment', 'phone', 'ive', 'check', 'expect', 'budget', 'phone', 'level', 'flagship', 'lma']"
Xiaomi 12 Lite,"['overal', 'good', 'phone', 'camera', 'good', 'enough', 'signal', 'recept', 'accept', 'lose', 'wifi', 'sometim', 'think', 'bad', 'thing', 'volum', 'limit', 'speaker', 'loud', 'enough', 'call', 'music', 'p']"
Xiaomi 12 Lite,"['thing', 'miss', 'memori', 'card', 'slot', 'ive', 'use', 'lite', '12', '2', 'year', 'best', 'phone', 'ive', 'xiaomi']"
Xiaomi 12 Lite,"['778g', '5g', 'that', 'chipset', 'want', 'tri']"
Poco X4 GT,"['dc', 'screen', 'dim', 'strobe', 'better', 'eye', 'check', 'phone', 'dark', 'space']"
Poco X4 GT,"['exactli', 'ridicul', 'ole', 'end', 'nowaday', 'want', 'pwmless', 'display', 'cant', 'handl', 'pwm']"
Poco X4 GT,"['ole', 'fetish', 'review', 'kill', 'narr', 'ip', 'fine', 'think', 'peopl', 'pwm', 'sensit', 'cant', 'use', 'ole', 'phone', 'caus', 'flickeringto', 'penal', 'phone', 'much', 'ole', 'ridic']"
Asus ROG Phone 6 Pro,"['must', 'comment', 'differ', 'phone', 'rog', '6', 'pro', 'headphon', 'jack', 'also', 'splash', 'proof', 'built', 'fan', 'cool', 'dust', 'water', 'liquid', 'sand', 'anyth', 'el', 'get', 'insid', 'builtin', 'fan', 'die', 'dust', 'wat']"
Asus ROG Phone 6 Pro,"['better', 'buy', 'nubia', 'latest', 'redmag', '8', 'pro', 'snapdragon', '8', 'gen', '2', 'cpu', 'yep', 'bit', 'better', 'gen', '1', 'snapdragon', 'cpu', 'price', 'much', 'abord']"
Asus ROG Phone 6 Pro,['idk']
Realme 9 5G Speed edition hands-on,"['realm', '9', '5g', 'speed', 'edit', 'handson', 'review']"
Realme 9 5G Speed edition hands-on,"['phone', 'good', 'phone', 'app', 'crush', 'problem', 'battay', 'issu', 'phone', 'hot', 'issu', 'im', 'use', '2week']"
Realme 9 5G Speed edition hands-on,"['buy', 'oppo', 'reno', '7', '5g', 'fastest', 'charg', 'best', 'batteri', 'life', 'among', '3', 'accord', 'gsmarena', 'also', 'best', 'camera', 'skill', 'although', 'vivo', 'selfi', 'still', 'oppo', 'better', 'option']"
OnePlus Nord 2T 5G hands-on,"['phone', 'year', 'flawless', 'design', 'think', 'look', 'nice', 'import', 'batteri', 'life', 'good', 'camera', 'good', 'fast', 'charg', 'work', 'perfectli', 'lag', 'whatev', 'app', 'use', 'regular', 'updat', 'w']"
OnePlus Nord 2T 5G hands-on,"['tell', 'shutter', 'speed', 'avail', 'main', 'camera', 'imx766', 'sensor', 'hedgecam', '2', 'camera', 'app']"
OnePlus Nord 2T 5G hands-on,"['guess', 'everi', 'camera', 'island', 'ugli', 'anyway', 'good', 'buy', 'wherev', 'your', 'still', 'one', 'circl', 'two', 'like', 'ugli', 'sin', 'even', 'newborn', 'kitten', 'would', 'claw', 'eye', 'like', 'dear', 'god', 'ph']"
Samsung Galaxy M53,"['think', '5000', 'mah', 'batteri', 'solid', 'phone']"
Samsung Galaxy M53,"['phone', 'one', 'best', 'rang', 'im', 'satisfi', 'perform']"
Samsung Galaxy M53,"['ive', 'phone', 'sinc', 'novemb', '2022', 'thought', 'plenti', 'fast', 'chipset', 'great', 'camera', 'price', 'batteri', 'life', 'accept', 'though', 'shouldv', 'better', 'price', 'opinion', 'screen', 'great', 'cool']"
Poco F4,"['rotat', 'screen', 'type', 'massag', 'singl', 'mode']"
Poco F4,"['gotten', 'phone', 'seem', 'could', 'find', 'prenat', 'program', 'make', 'use', 'ir']"
Poco F4,"['wonder', 'fix', 'jumpi', 'focu', 'hunt', 'ei', 'fight', 'oi', 'f5', 'even', 'redmi', 'note', '12', 'pro', 'blurri', 'video', 'pan', 'perhap', 'due', 'stabil', 'use']"
Samsung Galaxy A52s long-term,"['im', 'boat', 'u', 's21', 'got', 'greenlin', 'receiv', 'last', 'o', 'updat', 'dec2025', 'android', '15', 'day', 'later', 'green', 'line', 'happen', 'glad', 'bought', 'back', 'june2022', 'origin', 'meant', 'fallback', 'case']"
Samsung Galaxy A52s long-term,"['ive', 'revert', 'back', 'phone', 'issu', 'new', 'samsung', 'ultra', 's21', 'must', 'say', 'im', 'glad', 'open', 'box', 'start', 'use', 'a52', 'ive', 'sinc', '2021', 'reliabl', 'like', 'ext']"
Samsung Galaxy A52s long-term,"['even', 'base', 'a52', 'epic', 'likesinc', 'a54', 'hate', 'midrang', 'market', 'samsung', 'remov', 'bigger', 'a7x', 'seri', 'ditch', 'depth', 'sensor', 'stick', 'exyno', 'major', 'improv', 'a52', 'launch', 'perfect', 'pure', 'could']"
Which cameraphone is king of natural bokeh?,"['didnt', 'includ', 'nokia', '9', 'pureview', 'best', 'bokeh', 'phone', 'unfair', 'select']"
Which cameraphone is king of natural bokeh?,"['see', 'anon', 'poster', 'comment', 'cours', 'optic', 'spec', 'differ', 'wasnt', 'even', 'talk', 'alreadi', 'deep', 'comput', 'territori', 'even', 'second', 'class', 'setup', 'power', 'isp', 'perform', 'decent', 'day']"
Which cameraphone is king of natural bokeh?,"['sure', 'left', 'pixel', '6', 'pro', 'great', 'phone', 'cours', 'natur', 'bokeh', 'main', '4x', 'optic', 'zoom']"
Realme 9 5G (India) hands-on,"['latest', 'updat', 'mobil', 'phone', 'realm', '9', '5g']"
Realme 9 5G (India) hands-on,"['think', 'fact', 'true']"
Realme 9 5G (India) hands-on,"['first', 'sensibl', 'phone', 'year', 'singl', 'use', 'camera', 'two', 'sim', 'slot', 'separ', 'sd', 'card', 'huge', 'transfer', 'storag', 'headphon', 'jack', 'fast', 'modern', 'effici', 'processor', '5g', 'use', 'though', 'turn', 'make', 'differ']"
Samsung Galaxy Z Fold3 long-term,"['dont', 'buy', 'phone', 'repair', 'centr', 'repair', 'free', 'charg', 'phone', 'face', 'troubl', 'back', 'screen', 'appear', 'one', 'green', 'line', 'accord', 'knowledg', 'common', 'fault', 'samsung', 'phone', 'discus']"
Samsung Galaxy Z Fold3 long-term,"['one', 'z', 'fold', '3', 'phone', 'bought', '2', 'year', 'suddenli', 'yesterday', 'appear', 'green', 'line', 'back', 'screen', 'heard', 'samsung', 'compani', 'free', 'repair', 'discus', 'repair', 'centr', 'told', 'cant', 'appli', 'phone']"
Samsung Galaxy Z Fold3 long-term,"['longer', 'make', 'video', 'record', 'phoneit', 'indic', 'cant', 'make', 'video', 'call', 'even', 'though', 'im', 'callspl', 'help']"
iQOO Neo 6,"['plea', 'bring', 'funtouch', 'o', '15', 'updat', 'iqoo', 'neo', '6']"
iQOO Neo 6,"['phone', 'perform', 'like', 'wow']"
iQOO Neo 6,[]
Oppo Reno7 Lite 5G/ F21 Pro 5G,"['im', 'sell', 'oppo', 'reno', '7', 'z', '5g', 'phone', 'use', '2', 'year', 'interest', 'say']"
Oppo Reno7 Lite 5G/ F21 Pro 5G,"['stupid', 'oppo', 'stingi', 'batteri', 'capac', '5g', 'technolog', 'must', 'provid', 'bigger', 'batteri', 'least', '6000mah']"
Oppo Reno7 Lite 5G/ F21 Pro 5G,"['use', 'samsung', 'galaxi', 'a53', '5g', 'disast', 'cell', 'phone', 'jerk', 'stack', 'heat', 'never']"
ZTE Axon 40 Ultra,"['good', 'hardwar', 'terribl', 'updat', 'wors', 'support']"
ZTE Axon 40 Ultra,"['whilst', 'like', '16mp', 'result', 'lot', 'still', 'year', 'shown', 'full', 'sensor', 'resolut', 'result', 'edit', 'raw', 'file', 'look', 'full', 'resolut', 'jpeg', 'quadbay', 'sensor', 'note', 'realli', 'dr']"
ZTE Axon 40 Ultra,"['use', 'axon', '40', 'ultra', 'smartphon', 'nice', 'pure', 'full', 'display', 'screen', 'phone', 'realli', 'like', 'phone', 'thank', 'zte']"
Black Shark 5 Pro,"['1meter', 'alway', '120watt', 'charg', 'alway', '1meter']"
Black Shark 5 Pro,"['good', 'game', 'cool', 'phone', 'heat', 'process']"
Black Shark 5 Pro,"['true', 'wonder', 'displayglass', 'materi', 'never', 'mention', 'huh']"
Realme GT Neo 3T,"['thank', 'honest', 'review', 'speaker', 'screen', 'aint', 'enough', 'justifi', 'price', 'appear', 'disatvantag']"
Realme GT Neo 3T,"['big', 'notic', 'disabl', 'show', 'pointer', 'set', 'itll', 'terribl', 'lag', 'ive', 'notic', 'month', 'use']"
Realme GT Neo 3T,"['2', 'month', 'usag', 'plu', 'speaker', 'camera', 'quick', 'charg', 'minu', 'batteri', 'backup', '12', 'hour', 'perform', 'good', 'phone', 'froze', '30', 'minut', 'watch', 'insta', 'reel', 'even', 'simpl', 'game', 'like', 'shadow', 'ninja', '3']"
Oppo Reno7 5G/Find X5 Lite,"['batteri', 'backup', 'bad', 'batteri', 'life', 'bad', 'zero', 'star']"
Oppo Reno7 5G/Find X5 Lite,"['miss', 'essenti', 'camera', 'review', 'noth', 'el', 'phone', '5g', 'modem', 'use', 'exampl']"
Oppo Reno7 5G/Find X5 Lite,"['bought', 'oppo', 'reno', '7', 'pro', '5g', 'r', '39500', 'cash', 'cheap', 'iphon', 'phone', 'chang', 'thier', 'system', 'everi', 'year', 'like', 'best', 'brand', 'geniun', 'price', 'reno', '7', 'pro', '5g', 'better', 'iphon', 'like', 'night', 'mode', 'camera', 'h']"
Xiaomi Redmi Note 11S 5G,"['tell', 'aw', 'im', 'gonna', 'exchang', 'pixel7a', 'câmera', 'good', 'eveyth', 'el', 'bad', 'slow', 'unreli', 'die', 'hand', '3', 'month', 'due', 'overheat', 'play', 'bullet', 'echo', 'candi', 'crush', 'lol', 'recomend']"
Xiaomi Redmi Note 11S 5G,"['power', 'machin', 'xiaomi', 'redmi', 'note', '11', 'amaz', 'featur', 'camera', 'sharp', 'cant', 'differ', 'iphon', 'camera']"
Xiaomi Redmi Note 11S 5G,"['hybrid', 'either', 'second', 'sim', 'mem', 'card']"
Realme GT Neo3 150W,"['hello', 'technolog', 'grow', 'fast', 'releas', 'half', 'year', 'ago', 'could', 'inferior', 'product', 'newer', 'one', 'cannot', 'compar', 'directli', 'new', 'one', 'old', 'one', 'new', 'one', 'could', 'total', 'differ', 'leagu', 'think']"
Realme GT Neo3 150W,"['haw', 'phone', '2', 'year', 'play', 'pubg', 'mobil', 'ultra', '60', 'fp', 'look', 'good']"
Realme GT Neo3 150W,"['dimens', '8100', 'good', 'process', 'phone', 'similar', 'type', 'process']"
Blackview BV8800,"['disappoint', 'phone', 'come', '9500pro', 'nearli', 'indestruct', '8800', 'fell', 'meter', 'half', 'die', 'batteri', 'ribbon', 'rip', 'half', 'havent', 'repair', 'yet', 'dont', 'know', 'iss']"
Blackview BV8800,"['bought', 'bv9900', 'pro', 'first', 'came', 'devic', 'gone', 'hell', 'fell', '3rd', 'floor', 'height', 'construct', 'site', '4', 'time', 'fell', 'highway', 'drive', 'motorcycl', '140', 'kmh', 'run', 'b']"
Blackview BV8800,"['blackviiew', '8800', 'great', 'cellphon', '6', 'month', 'issu', 'rug', 'depend', 'good', 'weight', 'topend', 'cell', 'phone', 'donight', 'vision', 'mode', 'awsom', 'batteri', 'life', 'awesom', 'awesom', 'screen', 'bright', 'price', 'ph']"
vivo X80 Pro,"['use', 'googl', 'file', 'app', 'safe', 'folder', 'option', 'lock', 'file']"
vivo X80 Pro,"['sad', 'awar', '35', 'advantag', 'batteri', 'charg', 'plug', 'play', 'work', 'devic']"
vivo X80 Pro,"['concern', 'thing', 'funtouch', 'lack', 'password', 'protect', 'app', 'lock', 'privat', 'safe']"
Honor Magic4 Pro,"['get', 'honor', 'magic', '5', 'pro', '600700', 'ebay']"
Honor Magic4 Pro,"['secur', 'updat', 'frequent', 'im', 'current', 'patch', '1st', 'octob', 'magico', '80', 'android', '14', 'come', 'phone', 'upcom', 'week']"
Honor Magic4 Pro,[]
Testing the brand new Snapdragon 8+ Gen 1,"['snapdragon', '8', 'gen', '3', '3', 'nm', 'power', 'higher', 'clock', 'prime', 'core', '37', 'ghz', '3rd', 'gener', 'chip', 'adreno', '750', 'gpu', 'said', 'offer', '50', 'percent', 'better', 'graphic', 'perform', '10', 'core', 'modem', '5g', 'x75', 'upgrad']"
Testing the brand new Snapdragon 8+ Gen 1,"['that', 'true', 'upgrad', 'snapdragon', '865', 'seri', 'chip']"
Testing the brand new Snapdragon 8+ Gen 1,"['ofc', 'confirm', 'headphon', 'jack', 'could', 'dream', 'phone', 'expand', 'storag', 'samsung', 'a52', 'headphon', 'jack', 'expand', 'storag']"
OnePlus Nord N20 5G,"['bad', 'batteri', 'servic', 'one', 'year', 'better', 'broken']"
OnePlus Nord N20 5G,['ye']
OnePlus Nord N20 5G,"['hectic', 'mobil']"
Samsung Galaxy A33 5G,"['what', 'asu', 'photo', 'first', 'page']"
Samsung Galaxy A33 5G,"['anyon', 'experienc', 'ic', 'fail', 'a33', '5g', '2', 'year', 'usag', 'phone', 'keep', 'switch', 'restart', 'show', 'green', 'line', 'display', 'perman', 'go', 'told', 'ic', 'pack', 'need', 'replac', 'phone']"
Samsung Galaxy A33 5G,"['read', 'tte', 'review', 'somehow', 'year', 'mani', 'differ', 'part', 'differ', 'phone', 'start', 'brrake', 'chrage', 'port', 'broke', '2', 'year', 'cant', 'use', 'power', 'deliveri', 'charger', 'realli', 'chargung']"
OnePlus Nord CE 2 Lite 5G hands-on,"['oneplu', 'nord', 'ce', '2', 'lite', '5g', 'charger', 'phone', 'found']"
OnePlus Nord CE 2 Lite 5G hands-on,"['im', 'satisfi', 'phone', 'there', 'bug', 'batteri', 'drain', 'fast']"
OnePlus Nord CE 2 Lite 5G hands-on,"['camera', 'qualiti', 'bad']"
Samsung Galaxy A23,"['thank', 'much']"
Samsung Galaxy A23,"['im', 'go', 'home', 'im', 'tri', 'long', 'im', 'get', 'mom', 'im', 'worri', 'im', 'worri', 'time', 'im', 'sure', 'big', 'thing', 'littl', 'big', 'deal', 'im', 'realli', 'sure', 'im', 'right', 'away']"
Samsung Galaxy A23,"['guess', 'phone', 'malwar', 'mayb', 'tri', 'resest', 'im', 'sure', 'gonna', 'fix', 'wpuld', 'tri', 'atleast']"
Sony Xperia 10 IV,"['okay', 'unwis', 'soeak']"
Sony Xperia 10 IV,"['what', 'spec', '30w', 'charg', 'phone', '15v2a', 'thank']"
Sony Xperia 10 IV,"['think', 'ludicr', 'mani', 'featur', 'option', 'frustrat', 'regardless', 'your', 'tri', 'focu', 'screensid', 'camera', 'lock', 'onto', 'perceiv', 'face', 'there', 'way', 'turn', 'face', 'detec']"
Sony Xperia 1 IV,"['user', 'know', 'use', '2', 'whatsapp', 'xperia', '1', 'iv', 'sinc', 'dual', 'sim']"
Sony Xperia 1 IV,"['worst', 'phone', 'ive', 'ever', 'overheat', 'watch', 'youtub', 'video', 'cant', 'handl', 'bluetooth']"
Sony Xperia 1 IV,"['tall', 'aspect', 'ratio', 'wont', 'bother', 'longer', 'would', 'eventu', 'find', 'cool', 'special', 'app', 'usag', 'good', 'slight', 'issu', 'type', 'might', 'take', 'time', 'adjust', 'overal', 'top', 'phone', 'best', 'display', 'bu']"
Samsung Galaxy Z Flip3 long-term,"['fold', 'cannot', 'protect', 'thu', 'screen', 'get', 'damag', 'ink', 'spill', 'cost', '370', 'replac', 'screen', 'like', 'happen']"
Samsung Galaxy Z Flip3 long-term,"['couldnt', 'take', 'screen', 'shot', 'approx', '8', 'month', 'own', 'phone', 'massiv', 'dark', 'line', 'across', 'fold', 'line', 'wouldnt', 'switch', 'complet', 'black', 'screen', 'lost', 'photo', 'everyth', 'el', 'sent', 'servic', 'provid']"
Samsung Galaxy Z Flip3 long-term,"['amaz', 'phone', 'wouldnt', 'recommend', 'peopl', 'clumsi', 'phone', 'pretti', 'easi', 'break', 'huge', 'upgrad', 'flip', '1', '2', 'batteri', 'life', 'last', 'hole', 'day', 'id', 'give', '810', 'back', 'screen', 'pret']"
OnePlus 10R 150W hands-on,"['work', 'alreadi', 'tri', 'one', 'type', 'c', 'jack', 'output']"
OnePlus 10R 150W hands-on,"['usb', 'c', 'minijack', 'analogu', 'headphon']"
OnePlus 10R 150W hands-on,"['kid', 'wrote', 'review', 'specif', 'page', 'amaz', 'phone', 'compar', 'samsung', 'a54', 'huawei', 'mate', '20', 'xiaomi', '11t', 'iphon', '11pro', 'check']"
Oppo Find N long-term,"['truli', 'appreci', 'take']"
Oppo Find N long-term,"['buy', 'aliexpress', 'pay', 'extra', '24', 'fast', 'dhl', 'ship', 'great', 'phone', 'help', 'friend', 'order', 'one', 'fool', 'round', 'gorgeou', 'softwar', 'great', 'phone', 'perform', 'well', 'near', 'invis']"
Oppo Find N long-term,"['wouldnt', 'buy', 'phone', 'support', 'send', 'reciev', 'group', 'pictur', 'text', 'u', 'call', 'oppo', 'couldnt', 'help']"
Honor Magic4 Lite,"['explain', 'screen', '11t', 'pro', 'mani', 'peopl', 'said', 'similar', 'issu', 'notic']"
Honor Magic4 Lite,"['honor', 'come', 'back', 'market', 'avraham', 'chaim', 'kerendian']"
Honor Magic4 Lite,"['gener', 'front', 'nokia', 'back']"
iQOO 9,"['screen', 'retent', 'issu', 'iqoo', '9']"
iQOO 9,"['keep', 'phone', '30fp', '1080p', 'see', 'wide', 'angl', 'option']"
iQOO 9,"['mani', 'android', 'secur', 'updat', 'iqoo', '9', 'get']"
Poco F4 GT,"['low', 'batteri', 'start', 'weird', 'glitch', 'sound']"
Poco F4 GT,"['ive', '4', 'month', 'phone', 'issu', 'sound', 'distort', 'im', 'play', 'genshin', 'call', 'duti', 'sound', 'goe', 'like', 'abroken', 'game', 'broken', 'disc', 'dont', 'know', 'alreadi', 'tri', 'reinstal', 'game']"
Poco F4 GT,"['said', 'camera', 'good', 'buy', 'phone', 'game', 'game', 'perform', 'perfect', 'camera', 'complet', 'cam', 'setup', 'love', 'photographi', 'one', 'need', 'exampl', 'text', 'snap', 'sabberx', 'ill', 'send', 'pic', 'prove', 'wro']"
iQOO 9 SE,"['worst', 'mobil', 'plea', 'dont', 'buy', 'iqoo', 'mobil']"
iQOO 9 SE,"['wast', 'phone', 'iqoo', '9', 'se', 'dont', 'bye', 'phone', 'plea', 'ambl', 'request', 'bye']"
iQOO 9 SE,"['good', 'phone', 'batteri', 'back', 'fast', 'batteri', 'bodi', 'purchas', 'phone', 'good', 'anoth', 'problem', 'whatssap', 'back']"
RedMagic 7 Pro,"['cod', '90', 'fp', 'think', 'game', 'phone', 'access']"
RedMagic 7 Pro,"['omg', 'that', 'good', 'alcatel']"
RedMagic 7 Pro,['good']
Xiaomi Redmi Note 11S,['ye']
Xiaomi Redmi Note 11S,"['call', 'record', 'avail', '11']"
Xiaomi Redmi Note 11S,"['turn', 'ram', 'extens', 'pal']"
Oppo Find X5 Pro,"['design', 'phone', 'phenomen', 'look', 'forward', 'phone']"
Oppo Find X5 Pro,"['dxomark', 'score', 'flagship', 'find', 'x5', 'pro', 'check', 'score', 'lot', 'higher', 'regular', 'find', 'x5']"
Oppo Find X5 Pro,"['snapdragon', 'never', 'disappoint', 'mtk', 'averag', 'samsung', 'chipset', 'crap']"
Samsung Galaxy A53 5G,['cool']
Samsung Galaxy A53 5G,"['well', 'comment', '2', 'month', 'ago', 'went', 'phone', 'repair', 'store', 'got', 'fix', 'day', 'later', 'phone', 'went', 'back', 'normal', 'overal', 'would', 'say', 'a53', 'pretti', 'decent', 'phone', 'camera', 'good', 'well']"
Samsung Galaxy A53 5G,"['seem', 'one', 'rock', 'a53', '5g', 'without', 'singl', 'issu', 'thank', 'god', 'lucki']"
Oppo Find X5,"['still', 'x5', 'brilliant', 'low', 'light', 'ive', 'gone', 'honor', '400', 'pro', 'great', 'phone', 'love', 'ai', 'stuff', 'cheaper', 'last', 'time']"
Oppo Find X5,"['best', 'phone', 'ive']"
Oppo Find X5,"['would', 'actual', 'say', 'go', 'find', 'x5', 'poco', 'x6', 'pro', 'still', 'expens', 'u', 'get', 'better', 'camera', 'build', 'qualiti', 'prestig', 'among', 'other', 'exchang', 'littl', 'boost', 'perform', 'may', 'felt', 'averag', 'user']"
Samsung Galaxy A13,"['viber', 'phone']"
Samsung Galaxy A13,"['one', 'ui', '7']"
Samsung Galaxy A13,"['a13', 'one', 'ui8']"
Apple iPhone SE (2022),"['yeah', 'took', 'note', 'also', 'old', 'frame', 'design', 'talk', 'review', 'joke']"
Apple iPhone SE (2022),"['well', 'said', 'brother', 'reason', 'im', 'keen', 'se', '2022', 'screen', 'resolut', 'current', 'still', 'use', '8', 'plu', 'a1864', 'red', '256gb', 'bought', 'back', '2021', 'start', 'get', 'bit', 'date', 'app', 'req']"
Apple iPhone SE (2022),"['think', 'phone', 'splendid', 'option', '2025', 'want', 'practic', 'yet', 'good', 'devic', 'great', 'detox', 'phone', 'thing', 'youd', 'need', 'small', 'form', 'factor', 'dont', 'use', 'day', 'use']"
Motorola Edge 30 Pro,"['motorola', 'failur', 'provid', 'softwar', 'updat', 'current', 'year', 'noth', 'short', 'disgrac', 'given', 'except', 'processor', 'ram', 'addit', 'android', 'updat', 'releas', 'year', 'schedul', 'releas']"
Motorola Edge 30 Pro,"['want', 'camera', 'phone', 'get', 'pixel', 'own', '30', 'pro', 'year', 'absolut', 'capabl', 'run', 'otg', 'usb', 'hdmi', 'ethernet', 'hub', 'act', 'like', 'chrome', 'book', 'roid', 'processor', 'actual', 'design', 'snap', 'dragon', 'amd', 'jb', 'hif']"
Motorola Edge 30 Pro,"['edg', '30', 'pro', 'promis', '2', 'o', '3', 'year', 'secur', 'updat', 'bad', 'flagship', 'get', 'wors', 'lower', 'motorola', 'model', 'moto', 'g', 'model', 'get', '1', 'o', '2', 'year', 'secur', 'e', 'model', 'usual', 'dont', 'get', 'o', 'updat']"
Poco M4 Pro,"['speaker', 'one', 'function', 'properli', 'affect', 'earpiec', 'wireless', 'bluetooth', 'plea', 'solut', 'format', 'phone', 'see', 'fix', 'problem']"
Poco M4 Pro,"['im', 'new', 'user', 'pocco', 'm4', 'beggin', 'se', 'much', 'friendli', 'use', 'im', 'huawei', 'user', 'tri', 'pocco', 'm4', 'chang', 'buy', 'freebi', 'charger', 'head', 'phone', 'cabl', 'charg', 'includ', 'im', 'mistaken', 'buyer']"
Poco M4 Pro,"['uk', 'text', 'vodafon', 'uk', 'tell', 'poco', 'm4', 'pro', 'isnt', '4g', 'compat', 'call', '3g', 'end', 'check', 'phone', 'model', 'make', 'drop', 'doesnt', 'list', 'xiomi', 'phone', 'follow', 'thei']"
OnePlus 10 Pro,"['restart', 'loop', 'usual', 'sign', 'softwar', 'issu', 'also', 'motherboard', 'issu']"
OnePlus 10 Pro,"['updat', 'problem', 'phone', 'usual', 'hang', 'get', 'automat', 'restart', 'littl', 'heat', 'well', 'almost', '3', '4', 'time', 'day']"
OnePlus 10 Pro,"['lmao', 'true', '10', 'pro', 'absolut', 'suck', 'compar', 'phone', 'mention']"
Xiaomi 11i HyperCharge / Redmi Note 11 Pro+ 5G,"['comment', 'xiaomi', 'redmi', 'note', '11', 'pro', '5g', 'chine', 'version', 'use', 'phone', 'sinc', 'januari', '15', '2021', 'memori', 'card', 'slot', 'beast', 'power', 'phone', 'ever', 'seen']"
Xiaomi 11i HyperCharge / Redmi Note 11 Pro+ 5G,"['trash', 'doesnt', 'memori', 'card', 'thing']"
Xiaomi 11i HyperCharge / Redmi Note 11 Pro+ 5G,"['your', 'right', 'amaz', 'complet', 'would', 'deserv', 'softwar', 'updat', 'xiaomi']"
Realme GT2,"['buy', 'profession', 'dslr', 'camera']"
Realme GT2,"['realm', 'gt', '2', 'face', 'shape', 'chang', 'thinner', 'opposit', 'form', 'front', 'camera', 'lack', 'telephoto']"
Realme GT2,"['countri', 'gt2', '8128', 'poco', 'x5', 'pro', '8256', 'price', 'tag', 'dont', 'mind', 'less', 'storag', 'right', 'samsung', 'a50', '664', 'im', 'fine', 'storag', 'also', 'like', 'gui', 'underscreen', 'fingerprint', 'sensor', 'know']"
Poco X4 Pro 5G,"['got', 'poco', 'x4', 'pro', '5g', 'unfortun', 'charger', 'anyth', 'ad', 'except', 'phone', 'seller', 'told', 'that', 'theyr', 'packag', 'cant', 'even', 'get', 'cover', 'buy', 'love', 'phone']"
Poco X4 Pro 5G,"['turn', 'ei', 'video', 'camera']"
Poco X4 Pro 5G,"['chang', 'screen', 'front', 'camera', 'took', 'nasti', 'fall', 'howev', 'rear', 'camera', 'blurri', 'camera', 'app', 'crash', 'take', 'pictur', 'plea', 'help']"
Samsung Galaxy S22,"['use', 's22', '3', 'year', 'hold', 'last', 'dec', '2025', 'got', 'black', 'dot', 'oneui', 'system', 'problem', 'updat', 'android', '16', 'got', 'think', 'twice', 'brother', 's26']"
Samsung Galaxy S22,"['3700', 'mah', 'cant', 'help']"
Samsung Galaxy S22,"['batteri', 'last', 'long', 'overh']"
Xiaomi 12X,"['honestli', 'sound', 'like', 'softwar', 'batteri', 'issu', 'phone', 'xiaomi', '12x', 'solid', 'devic', 'app', 'arent', 'work', 'batteri', 'drop', 'like', 'usual', 'due', 'outdat', 'softwar', 'batteri', 'wear', 'phone', 'actual']"
Xiaomi 12X,"['avoid', 'cost', 'pictur', 'disappear', 'album', 'revolut', 'work', 'support', 'android', 'version', 'get', 'stuck', 'get', 'overh', 'easili', 'batteri', '20', 'goe', '0', 'within', 'mayb', '5', 'minut', 'worst', 'mobil', 'ever']"
Xiaomi 12X,"['best', 'necess', 'phone', 'flagship', 'feel', 'afford', 'price', 'overkil', 'spec', 'complaint', 'curv', 'screen']"
Xiaomi Redmi Note 11,['thank']
Xiaomi Redmi Note 11,"['redmi', 'note', '11', 'pro', '5g']"
Xiaomi Redmi Note 11,"['chang', 'android', 'level', 'requir', 'clean', 'instal']"
Xiaomi 12,"['time', 'launch', 'global', 'ad', 'cart', 'due', 'financi', 'constraint', 'couldnt', 'time', 'bought', 'case', 'phone', 'never', 'actual', 'unit', 'imagin', 'feel']"
Xiaomi 12,"['xiaomi', '12', 'seri', 'get', '3', 'year', 'o', '4', 'year', 'secur', 'updat', '13', '14', 'seri', 'get', '4', 'year', 'o', '5', 'year', 'secur', 'updat']"
Xiaomi 12,"['phone', 'get', '4', 'year', 'major', 'android', 'updat', '5', 'year', 'secur', 'patch']"
Xiaomi 12 Pro,"['softwar', 'updat', 'line', 'show', 'screen']"
Xiaomi 12 Pro,"['ye', 'love', 'one', 'bro']"
Xiaomi 12 Pro,"['year', 'back', 'would', 'complain', 'punch', 'holelolthat', 'problem']"
Xiaomi Redmi Note 11 Pro,"['use', 'phone', '3', 'year', 'problem', 'face', 'begin', 'overh', 'ignor', '1', '89', 'month', 'later', 'sound', 'qualiti', 'began', 'drop', 'sound', 'decreas', 'eventu', 'level', 'use', 'head']"
Xiaomi Redmi Note 11 Pro,"['3', 'year', 'regret', 'seem', 'littl', 'slow', 'start', 'didnt', 'bother', 'much', 'first', 'recent', 'start', 'freez', 'crash', 'also', 'head', 'quit', 'often', 'past', 'guess', 'might', 'caus', 'damag']"
Xiaomi Redmi Note 11 Pro,"['phone', '2', 'year', 'happi', 'problem', 'what', 'ever', 'phone', 'work', 'perfect', 'even', 'year', 'happi', 'custom']"
Nokia G21,"['updat', 'system', 'bluetooth', 'wont', 'work', 'facebook', 'work', 'normal', 'scroll', 'video', 'turn', 'black', 'sometim', 'unabl', 'receiv', 'charg', 'receiv', 'charg', 'restart', 'sometim', 'lag', 'other', 'worth', 'buy', 'pr']"
Nokia G21,"['anyon', 'assist', 'nokia', 'g21', 'froze', 'facebook', 'local', 'technician', 'suspect', 'open', 'corrupt', 'facebook', 'page', 'phone', 'softwar', 'crash', 'henc', 'switch', 'good', 'anyon', 'assist', 'fiexd']"
Nokia G21,"['ive', 'nokia', 'g21', 'half', 'year', 'problem', 'ive', 'far', '1', 'randomli', 'lose', '4g', 'show', '4g', 'mobil', 'data', 'connect', 'connect', 'doesnt', 'work', 'turn', 'airplan', 'mode', 'onoff', 'solv']"
Xiaomi Redmi Note 11 Pro/Pro+ 5G,"['good', '2025', 'support', 'until']"
Xiaomi Redmi Note 11 Pro/Pro+ 5G,"['nsa', 'network', 'connectivityairtel', '5g', 'worst', '5g', 'usag', 'phone']"
Xiaomi Redmi Note 11 Pro/Pro+ 5G,"['phone', 'nearli', 'two', 'year', 'shit', 'product', 'dont', 'buy', 'xiaomi', 'good', 'point', 'phone', 'pro', 'plu', '5g', 'version', '110w', 'massiv', 'charger', 'charg', 'full', '1015minut', 'realli', 'love', 'even', 'two', 'year', 'use']"
Realme 9i hands-on,"['ye', 'gud', 'mobil', 'game', 'normal', 'usag', 'camera', 'wise', 'batteri', 'wise', 'also']"
Realme 9i hands-on,"['like', 'phone', 'im', 'unsur', 'cpu', 'offer', 'smooth', 'perform', 'light', 'usag', 'mean', 'social', 'medium', 'call', 'text', 'game', 'good', 'batteri', 'life']"
Realme 9i hands-on,"['long', 'last', 'batteri', 'yara']"
Realme GT2 Pro,"['camera', 'good', 'phone', 'good', 'issu', 'quick', 'overh']"
Realme GT2 Pro,"['display', 'amaz', 'perform', 'also', 'smooth', 'speed', 'main', 'issu', 'heatingand', 'telephoto', 'sensor', 'better', 'portrait', 'realm', 'chang', 'magnif', 'cam', '12', 'mp', '10', 'mp', 'telephoto', 'camthat', 'better']"
Realme GT2 Pro,"['could', 'never', 'buy', 'phone', 'stupid', '10', 'day', 'replac']"
Honor Magic4 Pro and Magic V hands-on,"['past', '34', 'year', 'use', 'samsung', 'fold', 'phone', 'plan', 'go', 'back', 'biggest', 'deal', 'innov', 'mobil', 'industri', 'past', 'two', 'decad', 'come', 'simnif', 'price', 'hard', 'accept', 'compr']"
Honor Magic4 Pro and Magic V hands-on,"['2', 'half', 'month']"
Honor Magic4 Pro and Magic V hands-on,"['honor', 'magic', '4', 'pro', 'go', 'releas', 'uk']"
RedMagic 7,"['pl', 'unlock', 'max', 'refresh', 'rate', 'mlbb']"
RedMagic 7,['nice']
RedMagic 7,"['funni', 'peopl', 'keep', 'ask', 'pubg', '90fp', 'pubg', 'dev', 'fault', 'didnt', 'updat', 'game', 'lol']"
Samsung Galaxy S22 Ultra,"['ye', 'samsung', 's22', 'ultra', 'good', 'taken', 'sandhand', 'mobil', 'phone', 'smoth', 'perform']"
Samsung Galaxy S22 Ultra,"['samsung', 'galaxi', 's22', 'ultra', 'realli', 'good', 'l', 'love']"
Samsung Galaxy S22 Ultra,['good']
Oppo Find X5 Pro hands-on,"['oppo', 'realli', 'includ', 'least', '5x', '10x', 'optic', 'zoom', 'worth', 'price', '2x', 'isnt', 'satisfactori']"
Oppo Find X5 Pro hands-on,"['samsung', 'pixel', 'provid', 'better', 'secur', 'softwar', 'support', 'compar', 'oppo', 'oppo', 'phone', 'price']"
Oppo Find X5 Pro hands-on,"['current', 'market', 'iphon', '13', 'pro', 'one', 'best', 'imag', 'process', 'best', 'video', 'camera', 'smartphon', 'market', 'noth', 'beat', 'iphon', 'video', 'right', 'furthermor', '3rd', 'parti', 'camera', 'app', 'work', 'well', 'iphon', 'compar']"
iQOO 9 Pro,"['im', 'like', '3', 'month', 'late', 'op', '11']"
iQOO 9 Pro,"['iqoo', '9', 'pro', 'op', '11']"
iQOO 9 Pro,"['ye', 'chine', 'version', 'sure', 'global', 'version']"
Samsung Galaxy S22+,"['phonesometim', 'display', 'goe', 'direct', 'sunlight', 'turn', 'outdoor', 'bright', 'less', 'plug', 'charger', 'touch', 'work', 'touch', 'automat', 'work', 'game', 'touch', 'prope']"
Samsung Galaxy S22+,"['12mp', 'camera', 'randomli', 'stop', 'work', 'one', 'even', 'camera', 'say', 'warn', 'camera', 'fail', 'anytim', 'open', '50mp', 'camera', 'work', 'fine', 'though', 'anyon', 'what', 'wrong', 'camera', 'fix', 'alreadi']"
Samsung Galaxy S22+,"['phone', 'seem', 'pretti', 'solid', 'one', 'thing', 'bug', 'phone', 'trend', 'away', 'sd', 'card', 'take', 'lot', 'photo', 'use', 'micro', 'sd', 'card', 'old', 'samsung', 'anoth', 'way', 'get', 'u', 'make', 'u']"
Realme 9 Pro+,"['1011', 'good', 'updat', 'system', 'run', 'smoothli', 'seem', 'use', 'less', 'energi']"
Realme 9 Pro+,"['dear', 'realm', 'commun', 'plea', 'give', 'android', '15', 'realm', 'ui', '60', 'updat', 'realm', '9', 'pro', 'plu', 'futurethank']"
Realme 9 Pro+,"['concern', 'batteri', 'tim', 'camera', 'perform', 'regret', 'updat', 'android', '12', '13', 'batteri', 'perform', 'screen', 'time', 'instantli', 'drop', 'around', '20', 'camera', 'qualiti', 'around', '1015', 'plea', 'updat', 'pro', 'con']"
OnePlus Nord CE 2 5G hands-on,"['oneplu', 'commun', 'photo', 'devic']"
OnePlus Nord CE 2 5G hands-on,['ye']
OnePlus Nord CE 2 5G hands-on,['ye']
Realme 9 Pro,"['network', 'connect', '2', 'bad', 'phon', 'hot', 'fast', 'wil', 'charg', 'play', 'game', 'hang', '5', 'sec', 'network', 'ping', '280', 'm', 'call', 'someon', '4060', 'm', 'network', 'connect', 'bad', 'threw', 'wall', '23k', 'wast', 'money', 'worst', 'mob']"
Realme 9 Pro,"['true', 'batteri', 'life', 'good', 'enough', 'batteri', 'get', 'discharg', 'faster', 'otherwis', 'paramet', 'far', 'good']"
Realme 9 Pro,"['mayb', 'user', 'problem']"
Infinix Zero 5G,"['good', '2', '3', 'yr', 'downhil', 'phone', 'start', 'bug', 'caus', 'softwar', 'support']"
Infinix Zero 5G,"['infinix', 'zero', '5g', 'phone', 'good', 'phone', 'o', 'uptod', 'secur', 'uptod', 'o', '11', 'good', 'opret', 'go', 'o', 'uptod', '12', 'meani', 'bug', 'call', 'futur', 'work', 'internet', 'work', 'etc', 'guy', 'purch', 'infinix', 'smart', 'phone']"
Infinix Zero 5G,['absolut']
Motorola Moto G200 5G,"['good', 'phone', 'money', 'two', 'major', 'issu', '1', '5g', 'huge', 'batteri', 'drainer', '3', 'everi', 'hour', 'phone', 'standbi', 'eg', 'charg', 'phone', '100', 'midnight', 'wake', '8am', '24', 'batteri', 'gone', 'basic', 'switch', '4g', 'w']"
Motorola Moto G200 5G,"['resiz', 'photo', 'photoshop', 'snapse']"
Motorola Moto G200 5G,"['think', 'g200', 'better', 'opinion']"
"Samsung Galaxy S22, S22+, and S22 Ultra hands-on","['samsung', 'great', 'mobil', 'devic', 'softwar', 'doesnt', 'match', 'o', 'brand', 'samsung', 'still', 'use', 'old', 'way', 'make', 'money', 'client', 'mobil', 'devic', 'still', 'build', 'crape', 'written', 'softwar']"
"Samsung Galaxy S22, S22+, and S22 Ultra hands-on","['agre', 'peopl', 'passiv', 'pay', 'get', 'less', 'outcri', 'mass', 'boycott', 'stupid', 'smart', 'phone', 'cant', 'old', 'phone', 'dont', 'see', 'suppos', 'p']"
"Samsung Galaxy S22, S22+, and S22 Ultra hands-on","['sure', 'say']"
Motorola Moto G51 5G,"['fix', 'wish', 'turn', 'power', 'work', 'tri', 'press', 'bottom', 'respns']"
Motorola Moto G51 5G,"['get', 'phone', 'wanna', 'play', 'game', 'even', 'low', 'set', 'game', 'stutter', 'freez', 'crash', 'minim', 'game', 'stop', 'togeth', 'ok', 'daili', 'task', 'like', 'messag', 'payment', 'googl', 'map', 'internet', 'se']"
Motorola Moto G51 5G,"['motorola', 'moto', 'g', '51', '5', 'g', 'mobil', 'phone', 'problem', 'get', 'drop', 'water', 'hand', 'mobil', 'phone', 'shut', 'take', 'back', 'cover', 'mobil', 'phone', 'get', 'tool', 'pull', 'tray', 'mobil', 'phone', 'check', 'sin', 'card']"
Huawei P50 Pocket,"['cannot', 'undo', 'comment', 'sever', 'test', 'studi', 'teardown', 'lack', 'antennna', 'wireless', 'charg', 'idea', 'phone', 'could', 'show', 'charg', 'wireless', 'pad', 'apolog', 'chilli']"
Huawei P50 Pocket,"['p50', 'pocket', 'wireless', 'locat', 'bottom', 'part', 'phone', 'probabl', 'miss', 'spec', 'doesnt', 'work', 'reliabl', 'actual', 'need', 'quit', 'luck', 'get', 'energi', 'phone']"
Huawei P50 Pocket,"['download', 'need', 'gm', 'app', 'gspace', 'pretti', 'simpl', 'get', 'app', 'need']"
Oppo Reno7 Pro 5G hands-on,"['background', 'remov', 'phone']"
Oppo Reno7 Pro 5G hands-on,"['oppo', 'reno', '7', 'pro', 'still', 'need', 'micro', 'sd', 'card']"
Oppo Reno7 Pro 5G hands-on,"['mani', '5g', 'band', 'present', 'oppo', 'reno', '7pro', '5g', 'phone']"
Huawei P50 Pro,"['look', 'forward']"
Huawei P50 Pro,"['show', 'king', 'batteri', 'result', 'ruin', 'good', 'phone', 'unfortun']"
Huawei P50 Pro,"['look', 'back', 'phone', 'camera', 'perform', 'notic', 'utterli', 'brilliant', 'zoom', 'photo', 'expect', 'see', 'usual', 'oversharpen', 'effect', 'im', 'see', 'one', 'heck', 'even', 'dare', 'say']"
OnePlus Nord 2 long-term,"['excel', 'thing', 'mention', 'review', 'obvious', 'compar', 'competitor', 'price', 'bracket', '1', 'great', 'haptic', 'feedback', 'phone', 'rang', 'a52', '11', 'lite', '5g', 'ne', 'thing', 'impo']"
OnePlus Nord 2 long-term,"['nord', '2', 'sinc', '2021', 'upgrad', 'drown', 'huawei', 'far', 'best', 'phone', 'ive', 'also', 'first', 'realli', 'good', 'smartphon', 'run', 'softwar', 'bug', 'batteri', 'life', 'great', 'charg', 'end', 'day', 'everyth', 'work', 'smooth']"
OnePlus Nord 2 long-term,"['nord', '2', 'littl', 'year', 'good', 'main', 'camera', 'good', 'display', '90hz', 'instead', '120hz', 'bother', 'great', 'batteri', 'life', 'way', 'way', 'better', 'current', 'noth', 'phone', '1', 'bug', 'mani', 'softwar', 'oneplu']"
Huawei P50 Pro hands-on,"['use', 'huawei', 'gm', 'mate', '40', 'pro', 'great', 'phone', 'camera', 'batteri', 'life', 'etc', 'sold', 'poco', 'f3', 'bc', 'app', 'galleri', 'littl', 'amount', 'app', 'bank', 'app', 'outdat', 'nfc', 'work', 'app', 'even', 'found']"
Huawei P50 Pro hands-on,"['dont', 'say', 'thatu', 'get', 'u', 'start', 'use', 'phone', 'afteral', 'harmoni', 'o', 'great', 'slightli', 'better', 'android', 'huawei', 'app', 'galleri', 'place', 'play', 'store', 'phone', 'great']"
Huawei P50 Pro hands-on,"['nice', 'phone', 'expens', 'also', 'without', 'gm', 'give', 'reason', 'buy', 'phone', 'price', 'buy', 'high', 'end', 'phone']"
vivo V23,"['vivo', 'v23', 'sever', 'year', 'sinc', 'releas', 'date', 'reliabl', 'phone', 'super', 'fast', 'use', 'googl', 'tube', 'lag', 'delay', 'take', 'good', 'photo', 'video', 'struggl', 'night', 'time', 'photo', 'outdoor', 'howev', 'usin']"
vivo V23,"['phone', 'nfc', 'futur']"
vivo V23,"['s20', 'fe', '5g', 'bit', 'outdat', 'regard', 'o', 'gonna', 'get', 'updat', 'till', 'android', '13', 'releas', '2020', 'android', '10', 'box', 'eventu', 'samsung', 'relaunch', 's20', 'fe', '5g', '2022', 'version', 'realli', 'pricier', 'old', 's20', 'fe', '5g']"
vivo V23 Pro,"['ye', 'vivo', 'v23', '5g']"
vivo V23 Pro,"['vivo', 'v23', '5g', '4g', 'mobil']"
vivo V23 Pro,[]
Samsung Galaxy S21 FE 5G,"['ive', 'use', 'phone', 'sinc', 'announc', 'mine', 'snapdragon', '888', '5g', 'processor', '6gb', 'ram', '128gb', 'storag', 'nearli', 'four', 'year', 'daili', 'driver', 'say', 'great', 'phonefast', 'snappi', 'excel', 'featur']"
Samsung Galaxy S21 FE 5G,"['ive', 'use', 's21', 'fe', '2', 'year', 'undoubtedli', 'batteri', 'lessen', 'day', 'one', 'ui', '7', 'updat', 'surprisingli', 'im', 'get', 'good', 'batteri', 'backup', 'never', 'happen']"
Samsung Galaxy S21 FE 5G,"['how', 'phone', 'one', 'ui', '7', 'updateim', 'look', 'forward', 'buy', 'itim', 'hear', 'mix', 'reviewssom', 'say', 'got', 'green', 'line', 'issu', 'poor', 'batteri', 'life', 'heat', 'issuesim', 'heavi', 'useri', 'dont', 'play', 'game', 'take', 'photo']"
OnePlus 9RT 5G hands-on,['camera']
OnePlus 9RT 5G hands-on,"['android', '13', 'avail', 'ota', 'android', '14', 'beta']"
OnePlus 9RT 5G hands-on,"['amaz', 'rapid', 'charg', 'purchas', 'dual', 'sim', 'capabl', 'notic', 'differ', 'samsung', 'galaxi', 's20', 'function', 'perform', 'like', 'screen', 'color', 'stereo', 'sound', 'featur', 'mine', 'use', 'probabl', 'one', 'best', 'phone', 'ive']"
Samsung Galaxy M52 5G,"['phone', 'almost', '3', 'year', 'except', 'camera', 'crash', 'sometim', 'ive', 'issu', 'phone', 'month', 'ago', 'notic', 'fast', 'overheat', 'sudden', 'even', 'start', 'glitch', 'yesterday', 'noth']"
Samsung Galaxy M52 5G,"['batteri', 'keep', 'bulg', 'open', 'back', 'cover', 'left', 'charg', 'long', 'replac', 'second', 'time']"
Samsung Galaxy M52 5G,"['use', 'samsung', 'galaxi', 'm52', '5g', 'last', '3', 'year', 'still', 'face', 'green', 'red', 'pink', 'white', 'line', 'display', 'without', 'damag', 'mobil', 'samsung', 'care', 'say', 'chang', 'display']"
Samsung Galaxy S21 FE 5G hands-on,"['review', 'unit', 'seem', 'network', 'issu', 'indic', 'network', 'bar', 's21', '5g', 'problem', 'month', 'work', 'way', 'around']"
Samsung Galaxy S21 FE 5G hands-on,"['yike', 'thud']"
Samsung Galaxy S21 FE 5G hands-on,"['yeah', 'test', 'like', '5', 'differ', 'charger', 'cabl', 'seem', 'like', 'problem', 'gotten', 'even', 'wors', 'one', 'ui4', 'say', 'remov', 'charger', 'immedi', 'moistur', 'total', 'joke']"
"TCL at CES 2022: 30 V 5G, 30 XE 5G, Project Chicago...","['im', 'technic', 'problem', 'phone', 'browser', 'cant', 'connect', 'look', 'search', 'websit']"
"TCL at CES 2022: 30 V 5G, 30 XE 5G, Project Chicago...","['good', 'thing', 'case']"
"TCL at CES 2022: 30 V 5G, 30 XE 5G, Project Chicago...","['still', 'wait', 'nxt', 'paper']"
Back to iOS after years of Android use,"['phone', 'favorit', 'use', 'hey', 'what', 'guysam', 'gsm', 'arena']"
Back to iOS after years of Android use,"['search', 'genuin', 'pro', 'found', 'noth', 'lol', 'guess', 'say', 'away', 'appl']"
Back to iOS after years of Android use,"['ive', 'alway', 'abl', 'put', 'cursor', 'point', 'word', 'io', 'difficult', 'also', 'hold', 'space', 'bar', 'ab', 'slide', 'cursor', 'anywher', 'want', 'guess', 'need', 'learn', 'softwar', 'work', 'like', 'tap']"
Samsung Galaxy A22,"['see', 'phone']"
Samsung Galaxy A22,"['phone', 'toogoood', 'need', 'new', 'one', 'cant', 'find', 'zimbabw', 'anyon', 'lead', 'one', 'recommend', 'upgrad']"
Samsung Galaxy A22,"['phone', 'perfectli', 'fine', 'good', 'problem', 'phone', 'network', 'call', 'network', 'internet', 'connect', 'reset', 'mani', 'time', 'still']"
Oppo Find N,"['agre', 'alway', 'ithi', 'ithat']"
Oppo Find N,"['begin', 'text', 'alway', 'start', 'talk', 'brand', 'tendenti']"
Oppo Find N,"['cant', 'get', 'phone', 'detect', '5ghz', 'wifi', 'network', 'never', 'clue', 'anyon']"
Samsung Galaxy A03s,"['sharp', 'phone']"
Samsung Galaxy A03s,['ye']
Samsung Galaxy A03s,['good']
Oppo Find N hands-on,"['custom', 'servic', 'repres', 'write', 'consum', 'protect', 'law', 'know', 'right', 'learn', 'know', 'yourstoo', 'stand', 'right']"
Oppo Find N hands-on,"['mate', 'x', 'favorit', 'phone', 'ever', 'horrid', 'thing', 'see', 'tall', 'skinni', 'tongu', 'depressor', 'call', 'phone', 'id', 'still', 'use', 'mate', 'x', 'month', 'wont', 'usabl', 'servic', 'u', '3g', 'shu']"
Oppo Find N hands-on,"['isnt', 'free', 'countri', 'everi', 'thing', 'black', 'white', 'grey']"
Best US market phones of 2023 - buyer’s guide,"['wow', 'realli', 'havent', 'touch', 'list', 'year', 'come', 'guy', 'entir', 'market', 'evolv', 'flagshiporbust', 'ban', 'discourag', 'certain', 'brand', 'sell', 'kind', 'kill', 'motivatio']"
Best US market phones of 2023 - buyer’s guide,"['plea', 'updat', 'list', 'holiday', 'season', '2024']"
Best US market phones of 2023 - buyer’s guide,"['s24u', 'best', 'phone', 'accord', 'list', 'avail', 'u', 'best', 'phone', 'u']"
Poco X3 Pro long-term,"['bought', 'april', '2024', '8256', 'variant', '100', 'usd', 'second', 'hand', 'chang', 'batteri', 'deterior', 'ad', 'anoth', 'storag', 'micro', 'sd', '256', 'gb', 'still', 'go', 'strong', 'android', '12', 'collect', '38717', 'photo', 'galleri', 'even', 'tho', 'iqoo']"
Poco X3 Pro long-term,"['miss', 'get', 'back']"
Poco X3 Pro long-term,"['ive', 'use', 'devic', 'long', 'long', 'time', 'heat', 'drop', 'crush', 'mercilessli', 'also', 'recent', 'smash', 'fit', 'rage', 'bought', '16', 'pro', '3', 'month', 'pas', 'im', 'start', 'miss', 'preciou', 'phone']"
vivo iQOO Z5 hands-on,"['hey', 'leav', 'cousin', 'law', 'alon', 'right', 'thing', 'gotten', 'complic', 'must', 'kind', 'newbi', 'would', 'rather', 'watch', 'john', 'wick', 'classic', 'like', 'spiderman', '2007', 'let', 'make', 'straight', 'think', 'co']"
vivo iQOO Z5 hands-on,"['u', 'guy', 'jump', 'moon', 'earth', 'say', 'brand', 'cheat', 'give', 'charger', 'phone']"
vivo iQOO Z5 hands-on,"['full', 'review', 'plea', 'wait', 'sinc']"
Ulefone Power Armor 13,"['told', 'att', 'power', 'armor', '13', 'work', 'unit', 'state']"
Ulefone Power Armor 13,"['ulefon', 'armor', 'seri', 'rug', 'phone', 'custom', 'belt', 'phone', 'holder', 'portabl']"
Ulefone Power Armor 13,"['laser', 'rangefind', 'pretti', 'good']"
Sony Xperia Pro-I,"['im', 'sorri', 'your', 'pro', 'photograph', 'buy', 'camera', 'dont', 'understand', 'would', 'ever', 'buy', 'mediocr', 'thing', 'process', 'caus', 'soni', 'thought']"
Sony Xperia Pro-I,"['ultim', 'korea', 'manufactur', 'galaxi', 'japan', 'own', 'soni', 'extrem', 'bad', 'term']"
Sony Xperia Pro-I,"['xperia', 'sola', '5', 'year', 'coupl', 'year', 'sister', 'use', 'music', 'player', 'think', 'realli', 'depend', 'well', 'keep', 'need', 'dooge', 'someth', 'dont', 'think', 'phone']"
Xiaomi Mi 11 Ultra long-term,"['buy', 'mi', '11', 'ultra', 'mi', '10', 'ultra', 'oneplu', '10t', 'noth', 'phone', '2', 'least', 'phone', 'android', '12', 'higher']"
Xiaomi Mi 11 Ultra long-term,"['overheat', 'like', 'hell', '2021', 'cant', 'imagin', 'nowaday']"
Xiaomi Mi 11 Ultra long-term,"['mi', '11', 'ultra', 'still', 'worth', 'buy', '2024', 'one', 'still', 'use', 'till', 'date']"
Tecno Camon 18 Premier,"['camera', 'freak']"
Tecno Camon 18 Premier,"['come', '18p']"
Tecno Camon 18 Premier,"['android', '12', 'hio', '86', 'releas']"
Honor 50,"['agre', 'camera', 'bad']"
Honor 50,"['honor', 'phone', 'tri', 'reset', 'phone', 'forget', 'devic', 'code', 'plea', 'guy', 'need', 'help', 'plea']"
Honor 50,"['honor', '50', 'better', 'mi', '12', 'x']"
Google Pixel 6,"['buy', 'phone', 'plea', 'need', 'advic']"
Google Pixel 6,"['ive', 'chang', 'pixel', '6a', 'display', 'twice', 'within', '6', 'month', 'display', 'damag', 'use', 'phone', 'care', 'realli', 'disappoint', 'seem', 'display', 'qualiti', 'fit', 'poor', 'spend', 'much', 'money', 'frequent', 'r']"
Google Pixel 6,"['worst', 'phone', 'overheatingand', 'even', 'charg', 'good', 'dont', 'buy', 'dont', 'loss', 'money']"
Poco F3 long-term,"['ye', 'fingerprint', 'bar', 'imress', 'right', 'fast', 'phone', 'overal', 'fingerprint', 'faster', 'moorlo', 'button', 'liquid', 'cool', 'solut', 'game', 'edit', 'present']"
Poco F3 long-term,"['use', 'sinc', '2021', 'minu', 'still', 'great', 'phone', 'valu', 'one', 'problem', 'sometim', 'realli', 'take', 'volum', 'button', 'work', 'anymor', 'first', 'stuck', 'month', 'stop', 'workin']"
Poco F3 long-term,"['dont', 'think', 'releas', '2021', 'almost', '3', 'year', 'old', 'new', 'phone', '2023', 'poco', 'f5']"
Poco M4 Pro/Redmi Note 11T 5G,"['ive', 'smartphon', '3', 'year', 'im', 'happi']"
Poco M4 Pro/Redmi Note 11T 5G,"['need', 'screen']"
Poco M4 Pro/Redmi Note 11T 5G,"['android', 'version', '13', 'do']"
Oppo Reno6 Pro 5G (Snapdragon),['jiji']
Oppo Reno6 Pro 5G (Snapdragon),"['hi', 'guy', 'im', 'consid', 'buy', 'devic', 'like', '430', 'good', 'deal', 'ship', 'europ', 'import', 'tax']"
Oppo Reno6 Pro 5G (Snapdragon),"['doesnt', 'matter', 'android', 'smartphon', 'gener', 'lower', 'resal', 'valu', 'though', 'except', 'someth', 'one', 'know', 'accept', 'hesh', 'decid', 'purchas', 'android', 'especi', 'model', 'chine']"
Infinix Zero X Pro,"['come', 'forgot', 'mention', '60x', 'zoom', 'review']"
Infinix Zero X Pro,"['phone', 'price', '180', 'usd', 'right', 'guess', 'budget', 'king', 'camera', 'phone', 'segment']"
Infinix Zero X Pro,"['sorri', 'phone', 'get', 'stolen']"
Huawei nova 9,"['nova', '9', 'realli', 'like', 'curv', 'screen', 'nice', 'feel', 'like', 'premium', 'phone', 'night', 'photo', 'good', 'good', 'qualiti', 'imag', 'batteri', 'small', 'watch', 'youtub', 'daili', 'app', 'use', 'singl', 'fulli', 'charg', 'audio', 'loud', 'good']"
Huawei nova 9,"['use', 'phone', 'year', 'quit', 'good', 'start', 'batter', 'perform', 'everyth', 'upto', 'mark', '6', '7', 'month', 'batter', 'got', 'heck', 'downgrad', 'perform', 'still', 'quit', 'samemain', 'camera', 'good', 'other']"
Huawei nova 9,"['excel', 'phone', 'regard', 'perform', 'screen', 'camera', 'fast', 'charg', 'also', 'con', 'except', 'find', 'tricki', 'handl', 'googl', 'support', 'app', 'recommend', 'googl', 'app', 'cant', 'live', 'without', 'samsung', 'oppo', 'b']"
Google Pixel 6 Pro,"['go', 'pixel', '6', 'pro']"
Google Pixel 6 Pro,"['go', '6pro', 'pl']"
Google Pixel 6 Pro,"['googl', 'pixel', 'iphon', '12pro', 'plea', 'littl', 'advis']"
OnePlus 9 Pro long-term,"['1st', 'smartphon', 'class', '4k', '120fp', '8k', '30fp', 'video', 'record', 'big', 'deal', 'even', '2025']"
OnePlus 9 Pro long-term,"['batteri', 'life', 'phone', 'horribl', 'even', 'oneplu', '8', 'pro', 'significantli', 'better', 'aspect', 'dont', 'recommend', 'phone', 'last', '4', 'hour', 'screen', 'time']"
OnePlus 9 Pro long-term,"['ye', 'flagship', 'phone', 'buy']"
Sony Xperia Pro-I as a video camera,"['that', 'z3', 'z5', '2015', 'infam', 'snapdragon', '810', 'known', 'hottest', 'chipset', 'ever', 'made', 'phone', 'everi', 'singl', 'phone', 'processor', 'overh', 'soni', 'manag', 'dissip', 'heat', 'quickli', 'use', 'tw']"
Sony Xperia Pro-I as a video camera,['xz3']
Sony Xperia Pro-I as a video camera,"['xperia', 'looov', 'get', 'hot', 'could', 'fri', 'egg', 'dont', 'rememb', 'model', 'would', 'like', 'anoth', 'shot', 'soni', 'advic', 'plea']"
Infinix Note 11 Pro,"['phone', 'fantast', 'enjoy', 'use', 'fast', 'surf', 'charg', 'long', 'batteri', 'durat', 'fact', 'everyth', 'infinix', 'note', '11', 'pro', 'great']"
Infinix Note 11 Pro,"['use', '2', 'year', 'enjoy', 'fantast', 'phone']"
Infinix Note 11 Pro,"['phone', 'fingerprint', 'dasibl', 'sound', 'low']"
Sony Xperia Pro-I hands-on,"['limit', 'lie', 'qualcomm', 'spectrum', '580', 'isp']"
Sony Xperia Pro-I hands-on,"['product', 'catchphras', 'real', 'camera', 'smartphon', 'seem', 'halfbak', 'sale', 'point', '10inch', 'imag', 'sensor', 'unparallel', 'descript', 'power', 'shutter', 'button', 'look', 'like', 'camera', 'howev', '10inch', 'im']"
Sony Xperia Pro-I hands-on,"['asu', 'zenfon', '8', 'flip']"
vivo X70 Pro+,"['nice', 'smart', 'fone', 'would', 'love', 'oneon', 'day']"
vivo X70 Pro+,['phone']
vivo X70 Pro+,"['like', 'phone']"
Huawei nova 9 hands-on,"['oppo', 'reno6', '5g', 'truli', 'incred', 'use', 'cant', 'imagin', 'qualiti', 'come', 'phone', 'without', 'use', 'filter', 'app', 'edit', 'pictur', 'game', 'review', 'experi', 'realli', 'unmatch']"
Huawei nova 9 hands-on,"['huawei', 'nova', '9', 'good', 'still', 'viabl', 'due', 'limit', 'applic', 'instal', 'devic', 'usual', 'play', 'onlin', 'casino', 'like', 'casinodayscom']"
Huawei nova 9 hands-on,"['gogel', 'servic', 'avail', 'that', 'good']"
Realme GT Neo2,"['yeah', 'sell']"
Realme GT Neo2,"['global', 'model', 'googl', 'dialer', 'instal', 'dialer', 'avail', 'comoro', 'oxygeno', 'realm', 'ui']"
Realme GT Neo2,"['gt', '2', 'seri', 'releas', 'later', 'android', '12', 'unsur', 'stop', '15', '16']"
Realme 8s 5G,"['use', 'product', 'realme8s5g', 'camera', 'qualiti', '100excel']"
Realme 8s 5G,"['phone', 'realli', 'vri', 'bad', 'guy', 'pl', 'dont', 'waist', 'money', 'buy', 'set', 'hang', 'mani', 'mani', 'time', 'play', 'game', 'batteri', 'backup', 'also', 'vri', 'poor', 'suggest', 'realm', 'team', 'plea', 'fix', 'problem']"
Realme 8s 5G,"['mainli', 'poor', 'batteri', 'life', 'weak', 'signal', 'strength', 'curious', 'realm', 'phone', 'perform', 'well', 'batteri', 'lab', 'test', 'well', 'real', 'life', 'best', 'exampl', 'would', 'x3', 'superzoom', 'got', '103', 'hour', 'endur', 'rate', 'real', 'life', 'bare', 'abl', 'l']"
Android 12,"['feel', 'happi', 'android', '12', 'updat', 'interfac', 'look', 'ugli', 'handset', 'perform', 'go', 'good', 'rington', 'go', 'cut', 'ring', 'unwant', 'system', 'pop', 'arriv', 'unlock', 'also', 'pop', 'window', 'flickri']"
Android 12,"['hi', 'updat', 'android', '12', '11', 'problem', 'synchron', 'contact', 'car', 'multimedia', 'android', '13', 'problem', 'remain', 'multimedia', 'updat', 'softwar', 'problem', 'synchron', 'android']"
Android 12,"['googl', 'still', 'option', 'sign', 'googl', 'servicesand', 'googl', 'includ', 'sign', 'third', 'parti', 'allow', 'latest', 'chrome', 'browserwhi', 'googl', 'calcul', 'also', 'need', 'use', 'data', 'backgroundal', 'googl']"
Apple iPhone 13 mini,"['unfortun', 'dont', 'think', 'well', 'get', 'actual', 'mini', 'phone', 'let', 'alon', 'appl', 'samsung', 'small', 'phone', 'dead', 'smallest', 'thing', 'get', 'nowaday', 'like', '63', 'mayb', '61', 'good', 'day', 'that', 'nowher', 'near']"
Apple iPhone 13 mini,"['2026', 'year', 'new', 'mini', 'releas', 'guy', 'think', 'new', 'mini']"
Apple iPhone 13 mini,"['2026', 'year', 'new', 'mini', 'releas', 'guy', 'think', 'new', 'mini']"
Apple iPhone 13 Pro,"['ye', '13', 'pro', 'ja', 'physic', 'sim', 'esim']"
Apple iPhone 13 Pro,"['updat', 'io', '26i', 'swear', 'god', 'good', 'updat']"
Apple iPhone 13 Pro,"['specif', 'ive', 'readi', 'didnt', 'see', 'anyth', 'concern', 'network', 'sim', 'slot', 'caus', 'heard', 'iphon', '13pro', 'support', 'hardwar', 'sim', 'esim', 'confirm', 'buy', '13pro', 'model']"
vivo X70 Pro,"['x70', 'pro', 'phone', '6', 'month', 'drop', 'crack', 'screen', 'told', 'screen', 'chang', 'cost', 'rm700', 'plusso', 'live']"
vivo X70 Pro,"['4k', 'ultra', 'wide', 'periscop']"
vivo X70 Pro,"['x70', 'pro', 'record', '4k', '60fp', 'ultrawid', 'camera']"
Oppo Reno6 5G,"['consid', 'batteri', 'drain', 'kindli', '1', 'check', 'app', 'batteri', 'consumpt', 'batteri', 'section', 'set', 'find', 'use', 'app', 'app', 'hungri', 'drain', 'batteri', '2', 'turn', 'allow', 'foreground']"
Oppo Reno6 5G,"['im', 'face', 'batteri', 'drain', 'issu', 'day', 'charg', 'time', 'take', '6570', 'minut', 'even', 'though', 'plug', 'show', 'supervooc', '65w', 'plea', 'answer', 'somebodi']"
Oppo Reno6 5G,"['like', 'devic', 'find', 'nigerian', 'store', 'buy', 'ill', 'glad', 'somebodi', 'idea', 'buy']"
Apple iPad mini 6th gen (2021),"['arent', 'round', 'corner', 'call', 'squarcl']"
Apple iPad mini 6th gen (2021),"['wowar', 'giant']"
Apple iPad mini 6th gen (2021),"['want', 'ue', 'like', 'phonei', 'want', 'use', 'phone', 'current', 'key', 'phone', 'small', 'screen', 'use', 'instead', 'phone', 'tire', 'dial', 'phone']"
Xiaomi 11T,"['xiaomi', '11t', 'fingerprint', 'wipe', 'phone', 'cant', 'access', 'solut']"
Xiaomi 11T,"['phone', 'last', '20', 'hour', '2', 'day', 'normal', 'get', 'goe', '6', '10', 'hour', 'sot', 'screenontim', 'rest', 'standbi', 'tri', 'inflat', 'number', 'whatev', 'batteri', 'seem', 'fine', 'watch', 'video']"
Xiaomi 11T,['bad']
Apple iPad 9th gen (2021),"['pl', 'dont', 'lie', 'lmao', 'iphon', '12', 'camera', 'wipe', 'floor', 'ipad']"
Apple iPad 9th gen (2021),"['honnestli', 'use', 'buy', 'android', 'tablet', 'even', 'samsunt', 'tab', 'seri', 'poor', 'softwar', 'support', 'stop', 'buy', 'add', 'also', 'medium', 'level', 'config', 'cpugpu', 'even', 'a13', 'ipad', 'play', 'game', 'fluid', 'g']"
Apple iPad 9th gen (2021),"['dont', 'know', 'your', 'hear', 'record', 'ipad', 'sound', 'pain', 'anem', 'phone', 'sound', 'better', 'along', 'tablet', 'dont', 'think', 'record', 'right', 'mayb']"
Apple iPhone 13 Pro Max,"['worst', 'seri', 'ever', 'iphon', '13', 'seri', 'chang', '13pm', '16', 'pro', 'got', 'white', 'screen', 'issu', 'spend', 'ton', 'chang', 'screen', 'lot', 'peopl', 'especi', '13', 'pro', 'max', 'user', 'issu', 'dont', 'buy']"
Apple iPhone 13 Pro Max,"['good', 'afternoon', 'famili', 'much', 'iphon', '13', 'pro', 'max', '512gg', '6gb', 'ram', 'cost']"
Apple iPhone 13 Pro Max,"['iphon', '13', 'pro', 'max', 'worst', 'camera']"
Apple iPhone 13,['wow']
Apple iPhone 13,"['wish', '120hz', 'promot']"
Apple iPhone 13,"['4gb', 'ram']"
Samsung Galaxy A52s 5G,"['compar', 'samsung', 'newer', 'releas', '48']"
Samsung Galaxy A52s 5G,"['use', 'samsung', 'a52', 'nice', 'cemara', 'good', 'profomes', 'loveit', 'mobil']"
Samsung Galaxy A52s 5G,['issu']
Realme 8i,"['heat', 'problem']"
Realme 8i,"['pictur', 'sunlight', 'makup', 'show', 'display', 'brighten', 'sunlight']"
Realme 8i,"['5', 'g']"
Xiaomi Redmi Note 8 2021,"['slow', 'motion', 'downgrad', '240', 'fp', '120', 'fp', 'awar', 'even', 'gsmarena', 'didnt', 'notic']"
Xiaomi Redmi Note 8 2021,"['thought', 'samsung', 'made', 'littl', 'downgrad', 'new', 'phone', 'special', 'chang', 'uf', 'back', 'age', 'emmc', 'typr', 'storag', 'goodluck', 'xiaomi']"
Xiaomi Redmi Note 8 2021,"['dont', 'understand', 'releas', 'phone', 'old', 'name']"
Realme Pad,"['issu', 'get', 'upgrad', 'sell', 'buy', 'latest', 'option']"
Realme Pad,"['tablet', 'good', '2', 'year', 'start', 'heat', 'heat', 'suddenli', 'heat', 'first', 'issu', 'second', 'one', 'worst', 'alway', 'ghost', 'touch', 'touch', 'randomli', 'screen', 'reason', 'solv', 'dont']"
Realme Pad,"['heat', 'issu', 'got', 'cover', 'protect', '3year', 'old', 'real', 'tablet', 'follow', 'morn', 'notic', 'batteri', 'drain', 'back', 'devic', 'rel', 'hot', 'figur', 'transfer', 'realm', 'tablet', 'back', 'old', 'case', 'af']"
Motorola Edge 20 Pro,"['7', '3', '2023', 'still', 'dont', 'jio', '5g', 'canect', 'android', '13', 'updat', 'plea', 'someth', 'motorola', 'team', 'primium', 'rang', 'smartphon']"
Motorola Edge 20 Pro,"['bangladesh', 'desper', 'want', 'buy', 'phone', 'avail', 'countri', 'get', 'confus', 'actual', 'price', 'anyon', 'help', 'possibl', 'thank']"
Motorola Edge 20 Pro,"['im', 'huge', 'fan', 'hasprotect', 'addit', 'ip67', 'dust', 'water', 'resist', '1', 'meter', 'depth', '30', 'minut', 'make', 'great', 'buy', 'dont', 'know', 'would', 'get', 'updat', 'android', '11', 'though', 'rea']"
Xiaomi 11 Lite 5G NE,"['thank', 'purchas', 'second', 'hand', 'xiaomi', 'civi', 'offer', 'similar', 'batteri', 'life', 'arriv', '10', 'day']"
Xiaomi 11 Lite 5G NE,"['get', 'regularli', '10', 'hour', 'sot', 'easili', 'heavi', 'use', 'leav', 'energi', 'save', 'mode', 'constantli']"
Xiaomi 11 Lite 5G NE,"['hello', 'give', '6', 'hour', 'sot']"
ZTE Axon 30 5G,"['got', '240e', 'price', 'great', 'phone', 'almost', 'never', 'use', 'selfi', 'camera', 'batteri', 'life', 'also', 'big', 'issu', 'good']"
ZTE Axon 30 5G,"['500', '277', 'bad']"
ZTE Axon 30 5G,"['main', 'camera', '64mp', '08um', 'digit', 'zoom', 'fine']"
Xiaomi Pad 5,"['stylu', 'pen', 'compat', 'clip', 'studio']"
Xiaomi Pad 5,"['usual', 'fill', 'hardwar', 'xiaomi', '1', 'android', 'updat', 'mean', 'devic', 'becom', 'junk', 'quickli']"
Xiaomi Pad 5,"['plan', 'buy', 'pen', 'well', 'much', 'bug', 'sinc', 'almost', '70', 'thought', 'would', 'atleast', 'durabl', 'less', '30', 'time', 'drop', 'accid', 'even', 'ad', 'bug', 'like', 'exampl']"
Xiaomi 11T Pro,"['hi', 'xiaomi', '11t', 'pro', 'avail', 'servic', 'centr', 'u', 'get', 'pl', 'repli']"
Xiaomi 11T Pro,"['dont', 'write', 'review', 'came', 'tell', 'read', 'best', 'phone', 'ever', 'use', 'um', 'use', 'heavili', 'thing', 'need', 'record', 'edit', 'use', 'app', 'run', 'busi', 'runnig', 'ad', 'multitask']"
Xiaomi 11T Pro,"['replac', 'mine', '3', 'year', 'run', 'good', 'like', 'new']"
vivo iQOO Z3 5G hands-on,"['ihv', 'use', 'devic', 'past', '4', 'year', 'say', 'best', 'price', 'except', 'batteri']"
vivo iQOO Z3 5G hands-on,"['phone', 'good', 'phone', 'charg', 'anim', 'work']"
vivo iQOO Z3 5G hands-on,"['work', 'ashphalt', '9game']"
Realme GT Explorer Master,"['yeah', 'unfortun', 'opporealm', 'xiaomi', 'dont', 'featur', 'huawei', 'honor', 'built', 'softwar', 'dont', 'need', 'googl', 'len', 'work', 'perfectli', 'vivo', 'also', 'origin', 'o', 'never', 'use', 'phon']"
Realme GT Explorer Master,"['good', 'batteri', 'good', 'screen', 'good', 'camera', 'im', 'total', 'happi', 'buy', 'zoom', 'digit', 'night', 'shot', 'simpli', 'amaz', 'difficult', 'situat', 'absolut', 'cope', 'fill', 'light', 'night', 'mode', 'friend', 'got', 'amaz', 'outcom', 'photo', 'impo']"
Realme GT Explorer Master,"['screen', 'translat', 'tool', 'option', 'smart', 'sidebar', 'chine', 'version', '3', 'finger', 'translat', 'either', 'youll', 'need', 'global', 'rom', 'googl', 'len', 'mayb', 'releas', 'global', 'highli', 'doubt']"
Motorola Edge 20,"['get', 'brand', 'new', '206', 'euro', 'worth']"
Motorola Edge 20,"['great', 'phone', 'use', 'android', '13', 'great', 'cameraus', 'pro', 'mode', 'get', 'live', 'exposur', 'histogram', 'tilt', 'indic', 'landscap', 'grid', 'exposur', 'control', 'plu', 'minu', 'two', 'stop', 'white', 'balanc', 'control', 'asa', 'choic', 'focu', 'point', 'select', 'apertur', 'se']"
Motorola Edge 20,"['receiv', 'android', '13', 'updat', 'uk']"
Samsung Galaxy Watch4,['bright']
Samsung Galaxy Watch4,"['updat', 'releas', 'india', 'health', 'monitor', 'work', 'ie', 'ecg', 'bp', 'option', 'avail']"
Samsung Galaxy Watch4,"['buy', 'buy', 'tech', 'without', 'research', 'dont', 'seem', 'brite']"
Google Pixel 5a 5G,"['buddi', 'main', 'thing', 'healthi', 'prompt', 'write', 'lie', 'devic', 'honorxiaomi', 'competitor', 'realli', 'give', '1', 'million', 'tell', 'truth', 'least', 'life', 'lol']"
Google Pixel 5a 5G,"['case', 'happen', 'bought', 'two', 'year', 'look', 'like', 'dead', 'visit', 'one', 'exclus', 'servic', 'center', '1mg', 'mall', 'bangalor', 'said', 'launch', 'india', 'dont', 'get', 'part', 'cannot', 'servic', 'dont']"
Google Pixel 5a 5G,"['situat', 'one', 'long', 'tap', 'power', 'button', '30sec', 'restart', 'phone', 'batteri', 'charg', 'think', 'time', 'batteri', 'replac']"
RedMagic 6S Pro,"['selfclaim', 'expert', 'own', 'everi', 'top', 'phone', 'make', 'argument', 'back', 'shill', 'much']"
RedMagic 6S Pro,"['clue', 'your', 'leav', 'expert', 'like']"
RedMagic 6S Pro,"['everi', 'top', 'phone', '2022', 'rm6', 'pro', 'clearli', 'better', 'one', 'real', 'world', 'experi', 'find', 'perfect', 'phone', 'bug', 'make', 'win', 'everi', 'pubg', 'battl', 'oh', 'plea', 'let', 'know', 'cuz', 'doesnt', 'exist']"
Asus ROG Phone 5s Pro,"['purchas', 'rog', '5', 'recent', 'worst', 'mistak', 'suddenli', 'wifi', 'ip', 'stop', 'work', 'hotspot', 'wifi', 'dead', 'went', 'servic', 'centr', 'compens', 'reject', '2', 'day', 'entir', 'hardwar', 'went', 'dead', 'custom', 'care', 'ser']"
Asus ROG Phone 5s Pro,['avail']
Asus ROG Phone 5s Pro,"['orgin', 'camera', 'app', 'video', 'record', 'shake', 'video', 'gp', 'spine', 'around']"
Samsung Galaxy Tab S7 FE,"['tablet', 'wont', 'stay', 'keep', 'press', 'power', 'key', 'jump', 'one', 'point', 'anoth']"
Samsung Galaxy Tab S7 FE,"['good', 'tablet', 'shame', 'pen', 'number', 'tablet', 'phone', 'made', 'samsung', 'alway', 'chosen', 'pen', 'pen', 'alway', 'neatli', 'tuck', 'tablet', 'phone', 'alway', 'respons', 'howev', 'stylu']"
Samsung Galaxy Tab S7 FE,"['tablet', 'almost', '1', 'year', 'say', '4', 'gig', 'ram', 'fast', 'need', 'multitask', 'whenev', 'switch', 'googl', 'chrome', 'browser', 'skype', 'must', 'reload', 'chrome', 'web', 'page']"
Realme GT Master,"['measur', 'batteri', 'health']"
Realme GT Master,"['6', 'hour', 'screen', 'time', '3', 'year', 'old', 'phone', 'amaz', 'heck', 'talk', 'major', 'smartphon', 'nowaday', 'give', '57', 'hour', 'screen', 'time', 'get', '6', 'sot', '34', 'year', 'old', 'phone', 'complain', 'lol']"
Realme GT Master,"['check', 'batteri', 'health']"
Xiaomi Redmi 10,"['yet', 'home', 'call', 'see']"
Xiaomi Redmi 10,"['greet', 'buy', 'connect', 'redmi', '10', 'phone', 'ny', 'tv', 'monitor', 'watch', 'thank']"
Xiaomi Redmi 10,"['everytim', 'updat', 'system', 'extern', 'memori', 'reformat', 'wast', 'music', 'data', 'lost']"
Xiaomi Redmi Note 10 Pro long-term,"['im', 'still', 'use', 'even', 'though', 'alreadi', 'redmi', 'note', '15', 'seri', 'era', 'xiaomi', '17', 'game', 'app', 'instal', 'lot', 'product', 'app', 'instal', 'phone', 'drop', 'mani', 'time', 'ye', 'back', 'crack', 'everywher', 'never', 'chang']"
Xiaomi Redmi Note 10 Pro long-term,"['devic', 'sinc', 'june', '2023', 'compar', 'redmi', 'note', '11', '11', 'pro', '12', '12', 'pro', '13', '13', 'pro', 'noth', 'complain', 'note', '10', 'pro', 'thing', 'cant', 'stabil', '4k', 'super', 'macro', 'mode', '5mpixel', 'sensor']"
Xiaomi Redmi Note 10 Pro long-term,['right']
Samsung Galaxy Z Fold3 5G,['lol']
Samsung Galaxy Z Fold3 5G,"['screen', 'crack', 'middel2', 'replac', 'againi', 'could', 'buy', 'new', 'one2', '15', 'friend', 'problem', 'dont', 'kid', 'im', 'nurs', 'fall', 'come', 'one', 'samsungg', 'brake', 'start', 'covid', 'pho']"
Samsung Galaxy Z Fold3 5G,"['mean', 'phone', 'carrier', 'lock']"
Oppo Reno6 Pro 5G hands-on,"['good', 'phone', 'overh']"
Oppo Reno6 Pro 5G hands-on,"['purchas', 'within', 'day', 'found', 'mani', 'function', 'even', 'work', 'instanc', 'creat', 'group', 'contact', 'backup', 'oppo', 'cloud', 'heytap', 'cloud', 'devic', 'email', 'app', 'miss', 'mandatori', 'use', 'gma']"
Oppo Reno6 Pro 5G hands-on,"['oppo', 'reno', '6', 'pro', '2021', 'year', 'camera', 'oi', 'ok']"
Samsung Galaxy Z Flip3 5G,"['flip', '3', 'goe', 'close', 'doesnt', 'becom', 'even', 'switch']"
Samsung Galaxy Z Flip3 5G,"['suggest', 'buy', 'samsung', 'flip', 'fold', 'phonethes', 'mobil', 'phone', 'display', 'problem', 'alway', 'bought', '2', 'mobil', 'samsung', 'galaxi', 'z', 'flip', '3', 'display', 'problem', '12', 'month', 'purchas', 'custom', 'servic', 'center']"
Samsung Galaxy Z Flip3 5G,"['name', 'game', 'conveni', 'galaxi', 'z', 'flip', '3', 'way', '199', 'miracul', 'ongo', 'evolut', 'technolog', 'carri', 'meanywher', 'cannot', 'devic', 'cant', 'waitg']"
Realme GT Explorer Master & GT Master hands-on,"['unfortun', 'dream', 'sinc', 'gcam', 'port', 'work', 'nokia', 'phone', 'even', 'motorola', 'doesnt', 'allow']"
Realme GT Explorer Master & GT Master hands-on,"['gt', 'master', 'gcam', 'port', 'great', 'valu']"
Realme GT Explorer Master & GT Master hands-on,"['gt', 'master', 'gcam', 'port', 'great', 'valu']"
Asus ROG Phone 5s Pro hands-on,"['oh', 'u', 'littl', 'bit', 'game', 'boom', 'explos', 'bigger', 'yellowston', 'supervolcano', 'u', 'ask', 'refund', 'u', 'get', 'cpu']"
Asus ROG Phone 5s Pro hands-on,"['ad', 'benefit', 'go', 'camp', 'portabl', 'cooker']"
Asus ROG Phone 5s Pro hands-on,"['heck', 'would', 'want', 'phone', 'cook', 'food', 'even', 'flagship', 'hope', 'mtk', 'come', 'flagship', 'remov', 'overh', 'sd', '888', 'sd', '898895']"
Samsung Galaxy A52 5G,"['true', 'samsung', 'a52', 'back', 'realli', 'detach', '2', 'yr', 'phone', 'still', 'function']"
Samsung Galaxy A52 5G,"['qualiti', 'product', 'thing', 'happen', 'phone', 'also', 'within', '1', '12', 'year', 'back', 'cover', 'automat', 'open']"
Samsung Galaxy A52 5G,"['qualiti', 'product', 'within', '2', 'year', 'back', 'cover', 'automat', 'open', 'loo', 'water', 'resist', 'power', 'gg', 'servic', 'also', 'bogu', 'g', 'g', 'baili', 'road']"
Samsung Galaxy Z Fold3 and Z Flip3 hands-on,"['money', 'sen']"
Samsung Galaxy Z Fold3 and Z Flip3 hands-on,"['note', 'seri', 'redund', 'seri', 'ultra', 'line', 'featur', 'except', 'pen', 'appl', 'take', 'great', 'photo', '12mp', 'camera', 'samsung', 'work', 'direct', 'rather', 'limit', 'bulk', 'came']"
Samsung Galaxy Z Fold3 and Z Flip3 hands-on,"['im', 'gonna', 'lie', 'im', 'samsung', 'fanboy', 'disappoint', 'note', 'pretti', 'much', 'replac', 'fold', '3', 'note', 'premium', 'featur', 'year', 'galaxi', 'rang', 'camera', 'spec', 'fold']"
Motorola Defy (2021),"['rug', 'case', 'make', 'phone', 'waterproof']"
Motorola Defy (2021),"['motorola', 'defi', '5000amper', 'bateey', '230', 'gram', 'light', 'phone', 'ruge', 'blackview', '6600', 'phone', 'weight', '380', 'gram', '8000', 'amper', 'bateri', 'want', 'take', 'blackview', '4', 'day', 'tek', 'rout', 'without', 'charg', 'possibl']"
Motorola Defy (2021),"['drope', 'pbone', 'water', 'last', 'huawei', 'sank', 'tea', 'sister', 'peel', 'potato', 'drope', 'phone', 'bowl', 'water', 'potato', 'secur', 'case', 'protect', 'regular', 'phone', 'water', 'decid', 'tri']"
Poco X3 GT,"['3', 'year', 'hard', 'use', 'play', 'pubg', 'mobil', 'legend', 'coupl', 'hour', 'everi', 'day', 'said', 'realli', 'good', 'phone', 'much', 'heat', 'explos', 'batteri', 'still', 'good', 'condit', '140gb', 'game', 'app', 'think', 'updat', 'x4', 'g']"
Poco X3 GT,"['fone', 'support', '5g', 'umobil', 'telco']"
Poco X3 GT,"['use', 'umobil', 'network', '5g', 'call', 'telco', 'network', 'sim', 'card', 'alreadi', '5g', 'fone', 'support', '5g', 'umobil']"
Sony Xperia 5 III,"['honestli', 'phone', 'great', 'tbh', 'got', 'line', 'problem', 'sooooo', 'anyway', 'great', 'phone']"
Sony Xperia 5 III,"['got', 'line', 'issu']"
Sony Xperia 5 III,"['5', 'seri', 'realli', 'would', 'like', 'problem', 'green', 'line', 'issu']"
Huawei MatePad 11 (2021),"['final', 'someon', 'speak', 'im', 'appl', 'anyway', 'close', 'ecosystem', 'skyrocket', 'price', 'togeth', 'grazi', 'idea', 'expans', 'memori', 'card', 'devic', 'mention', 'way', 'th']"
Huawei MatePad 11 (2021),"['hey', 'say', 'perform', 'excel', 'area', 'realli', 'construct', 'good', 'display', 'fine', 'speed', 'super', 'fast', 'sound', 'mayb', 'best', 'tablet', 'phone', 'check', 'measur', 'store', 'th']"
Huawei MatePad 11 (2021),"['basic', 'downlpad', 'gspace', 'download', 'everi', 'googl', 'play', 'app', 'want', 'use', 'easi', '123']"
Moto G50,"['buy', 'nokia', 'g50', 'similar', 'spec', '150', 'usd', 'offici', 'usa', 'nokia', 'webpag']"
Moto G50,"['im', '200eur', 'budget', 'need', 'new', 'ringer', 'funk', 'find', 'g', '5g', 'plu', 'money', 'welcom', 'march', '2022']"
Moto G50,"['bought', 'one', 'wife', 'replac', 'one', 'vision', 'devic', 'great', 'there', 'noth', 'wrong', 'clean', 'ui', 'great', 'batteri', 'life', 'camera', 'take', 'good', 'pic', 'less', '200', 'need', 'dont', 'fanci', 'phone']"
Samsung Galaxy A22 5G,"['one', 'would', 'make', 'u', 'think', 'good']"
Samsung Galaxy A22 5G,"['48mp', 'watermark']"
Samsung Galaxy A22 5G,['a225g']
Realme Narzo 30 5G hands-on,"['problem', 'net']"
Realme Narzo 30 5G hands-on,"['heat', 'hit']"
Realme Narzo 30 5G hands-on,"['hit', 'problem']"
OnePlus Nord 2 5G,"['wast', 'money', 'dont', 'buy', 'phone', 'phone', 'heat', 'flagship', 'killer', 'camera', 'worst', 'rate', 'mani', 'best', 'phone', 'opinion', 'buy', 'phone']"
OnePlus Nord 2 5G,"['disabl', 'display', 'set']"
OnePlus Nord 2 5G,"['like', 'much', 'need', 'help', 'remov', 'alway', 'display', 'help']"
Samsung Galaxy S21 Ultra long-term,"['support', '45w', 'charger', 'phone', 'optim', 'charg', '24w', 'even', 'use', 'charger', 'higher', 'watt', 'charg', 'speed', 'would', 'still', 'safeti', 'purpos']"
Samsung Galaxy S21 Ultra long-term,"['perform', 'amaz', '2024', 'feel', 'like', 'rocket']"
Samsung Galaxy S21 Ultra long-term,['ye']
Sony Xperia 1 III,"['hello', 'everyon', 'ill', 'buy', 'soni', 'xperia', '1', 'mark', '3', 'good', 'devic', 'buy', 'cast', 'camera', 'activ', 'time', 'littl', 'hot', 'otherwis', 'good', 'devicesong', 'listen', 'loudspeak', 'use', 'headphon', 'good', 'outputi', 'buy', 'devicesong', 'listen']"
Sony Xperia 1 III,"['use', 'phone', 'meant', 'photo', 'game']"
Sony Xperia 1 III,"['front', 'camera', 'xsmax', 'sharper', 'hold', 'better', 'qualiti', 'tha', 'xpera', '1', 'mark', '3', 'back', 'camera']"
Tecno Phantom X,"['water', 'deep', 'long', 'water']"
Tecno Phantom X,"['techno', 'phantom', 'x', 'front', 'screen', 'stop', 'work', 'inner', 'bigger', 'screen', 'show', 'plea', 'happen', 'life', 'span']"
Tecno Phantom X,"['bought', 'non', 'origin', 'devic', 'bought', 'u', 'think', 'check', 'imei', 'number', 'phone', 'equip', '85gb', 'ram', '256gb', 'rom', 'come', 'talk', 'tecno', 'useless', 'compani', 'bewar', 'scammer']"
Realme X7 Max 5G / GT Neo,"['still', 'use', 'phone', 'bought', 'around', 'launch', 'issu', 'work', 'well', 'problemphoto', 'len', 'need', 'clean', 'frequent', 'batteri', 'got', 'bit', 'worn', 'im', 'bore', 'long', 'otherwis', 'issu']"
Realme X7 Max 5G / GT Neo,"['still', 'use', 'phone', '2024', 'nice', 'phone', 'lag', 'until', 'great', 'camera']"
Realme X7 Max 5G / GT Neo,"['anyon', 'face', 'call', 'drop', 'issu', '5g', 'areai', 'continu', 'call', 'disrupt']"
Realme GT 5G,"['glass', 'leather', 'back', 'sd888', 'still', 'overh', 'mess', 'use', 'extern', 'cooler']"
Realme GT 5G,"['ive', 'phone', 'year', 'overheat', 'play', 'certain', 'game', 'brawl', 'star', 'rocket', 'leagu', 'sideswip', 'genshin', 'impact', 'roblox', 'call', 'duti', 'mobil', 'watch', 'live', 'twitch', 'extern', 'cooler', 'almost', 'necessari']"
Realme GT 5G,"['u', 'make', 'researchor', 'read', 'articl', 'u', 'comment', 'realm', 'gt', 'throotl', 'heavili', '55', 'perform', 'full', 'load', 'would', 'like', 'see', 'perform', 'extern', 'cool', 'like', 'fan', 'peltier', 'cooler', 'mine']"
RedMagic 6R,"['come', 'box', 'adaptor', 'though', 'plug', 'headphon']"
RedMagic 6R,"['reall', 'gotten', 'like', '80', 'cpm2', 'max', 'graphic']"
RedMagic 6R,"['010', 'rate', 'low', 'support', 'servic', 'happi', 'support', 'team']"
Xiaomi Mi 11 long-term,"['use', 'hydrogel', 'film', 'great']"
Xiaomi Mi 11 long-term,"['temper', 'glass', 'protector', 'imposs', 'fit', 'gorgeou', 'screendo', 'anyon', 'solut']"
Xiaomi Mi 11 long-term,"['batteri', 'life', 'bad']"
Tecno Camon 17 Pro,"['mayb', 'factori', 'reset', 'usual', 'make', 'less', 'effect', 'time', 'batteri']"
Tecno Camon 17 Pro,"['ive', 'seen', 'lot', 'camon', '17', 'pro', 'chipset', 'show', 'set', 'helio', 'g90t']"
Tecno Camon 17 Pro,"['depend', 'want', 'camon', '17', 'pro', 'captur', 'video', '4k', 'nice', 'selfi', 'camera', 'ultrawid', 'also', 'autofocu', 'mean', 'take', 'macro', 'shot', 'camon', '18', 'premier', 'premium', 'build', 'versatil', 'set', 'camera']"
OnePlus Nord CE 5G,"['phone', 'overheat', 'lot', 'use', 'hotspot', 'video', 'record', 'move', 'also', 'shockingli', 'bad', 'result', 'extrem', 'shaki', 'even', 'delic', 'footstep', 'end', 'look', 'like', 'earthquak', 'would', 'recommend']"
OnePlus Nord CE 5G,"['overh', 'lot', 'use', 'hotspot', 'quit', 'often', 'someth', 'el', 'phone', 'meanwhil', 'turn', 'hotspot', 'first', 'last', 'time', 'oneplu']"
OnePlus Nord CE 5G,"['problem', 'proxim', 'sensor', 'doesnt', 'seem', 'work', 'sometim', 'otherwis', 'great', 'phone', 'bug', 'anyth']"
Samsung Galaxy A32 5G,"['bought', 'samsung', 'a32', '5g', 'phone', 'sister', 'want', 'look', 'start', 'push', 'button', 'camera', 'sudden', 'camera', 'took', '25', 'burst', 'shot', 'pictureit', 'awesom', 'cant', 'rememb', 'anyon', 'know']"
Samsung Galaxy A32 5G,"['im', 'current', 'android', '12', 'show', 'download', 'fail', 'tri', 'upgrad', '13', 'pl', 'anyon', 'solut']"
Samsung Galaxy A32 5G,"['show', 'corrupt', 'format', 'tool', 'bar', 'solv', 'issu']"
Huawei MatePad Pro 12.6,"['want', 'correct', 'comment', 'mine', 'found', 'isnt', 'harmonyospow', 'huawei', 'tablet', 'exist', 'date', 'harmonyospow', 'huawei', 'tablet', 'flagship', 'kirin', 'soc', 'newer', 'matepad', 'model', 'use']"
Huawei MatePad Pro 12.6,"['think', 'im', 'safe', 'say', 'tablet', 'remain', 'harmonyospow', 'huawei', 'devic', 'offici', 'avail', 'global', 'market', 'decemb', '2022', 'even', 'latest', 'mate', '50', 'seri', 'run', 'emui', 'global', 'market']"
Huawei MatePad Pro 12.6,"['instal', 'window', 'tablet', 'oper', 'like', 'matebook', 'e']"
vivo iQOO 7 Legend hands-on,"['true', 'fake']"
vivo iQOO 7 Legend hands-on,"['visit', 'iqoo', 'servic', 'centr', 'u', 'get', 'cover', '100']"
vivo iQOO 7 Legend hands-on,"['qoo', '7', 'best', 'phone', 'life']"
Sony Xperia 10 III,"['5g', 'network', 'set', 'india']"
Sony Xperia 10 III,"['enabl', '5g', 'network', 'malaysia', 'workaround']"
Sony Xperia 10 III,"['mine', 'good', 'wish', 'continu', 'anoth', 'one', 'good', 'bigger', 'experia', '10', 'v1', 'want', 'test', 'one', 'hop', 'good', 'like', 'experia', '10', '111']"
Poco M3 Pro 5G,"['ive', 'poco', 'four', 'year', 'happi', 'although', 'seem', 'im', 'use', '5g', 'want', 'know', 'devic', 'esim', 'compat', 'japan', 'advanc', 'set', 'esim', 'option', 'come', 'ask', 'disabl', 'second', 'sim', 'whilst', 'use', 'esim', 'bu']"
Poco M3 Pro 5G,"['worst', 'mobil', 'ever', 'experienc', 'turn', '2', 'day', 'tun', 'onbunch', 'pop', 'ad', 'wast', 'alot', 'timehang', 'problemsit', 'mistak', 'buy', 'never', 'recommendthink', '1000', 'time', 'buy', 'pr']"
Poco M3 Pro 5G,"['recommend', 'phone', 'poco', 'm3', 'pro', '5g', '6128', 'fast', 'charg', 'fulli', 'charg', '15', 'hour', 'dont', 'updat', 'miui', '13', 'stay', '12', 'stabl', 'screen', 'comfort', 'enough', 'use', 'long', 'dont', 'instal', 'super']"
vivo V21 (5G),"['best', 'phone', 'highli', 'recommend']"
vivo V21 (5G),"['plea', 'solv', 'batteri', 'perform', 'low', 'perform', 'back', 'camera', 'good', 'fast', 'drain', 'plea', 'vivo', 'need', 'bigger', 'updat', 'phone', 'wast', 'money', 'buy', 'kind', 'phone', 'vivo', 'v21', '5g']"
vivo V21 (5G),"['wors', 'phone', 'ever', 'low', 'batteri', 'perform', 'high', 'price', 'regret', 'buy', 'phone', 'wast', 'money']"
Xiaomi Redmi Note 10 5G,['15']
Xiaomi Redmi Note 10 5G,"['unfortun', 'flash', 'custom', 'rom', 'redmi', 'note', '10', '5g', 'due', 'heavi', 'throttl', 'ui', 'lag', 'skip', 'frame', 'game', 'devic', 'heat']"
Xiaomi Redmi Note 10 5G,"['yeah', 'search', 'set', 'search', 'bar', 'game', 'turbo', 'show']"
ZTE Axon 30 Ultra 5G,"['grate', 'comfort', 'phone']"
ZTE Axon 30 Ultra 5G,"['hallo', 'got', 'silikon', 'case', 'pikter', 'want', 'case', 'much']"
ZTE Axon 30 Ultra 5G,"['would', 'love', 'see', 'mobil', '90hz', 'display', 'tp', 'provid', 'option', 'set', 'lock', 'refresh', 'rate', '90hz', 'im', 'talk', 'adapt', 'refresh', 'plain', 'simpl', 'extra', 'option', '90hz', 'along', 'option']"
Xiaomi Black Shark 4,"['anyon', 'hlep', 'use', 'bypass', 'charg', 'b', '4']"
Xiaomi Black Shark 4,"['possibl', 'need', 'turn', 'run', 'app', 'background', 'get', 'much', 'free', 'memori', 'possibl', 'also', 'turn', 'notif', 'use', 'shark', 'space', 'app']"
Xiaomi Black Shark 4,"['would', 'like', 'know', '6gb', 'ram', 'enough', 'run', 'game', 'high', 'graphic', 'configur', 'without', 'problem', 'thank']"
Xiaomi Mi 11i/Mi 11X Pro,"['use', 'last', 'three', 'year', 'late', 'phone', 'start', 'descend', 'perform', 'quickbal', 'automat', 'hide', 'restart', 'phone', 'interconnect', 'featur', 'xiaomi', 'phone', 'tablet', 'never']"
Xiaomi Mi 11i/Mi 11X Pro,"['batteri', 'drainag', 'quickli']"
Xiaomi Mi 11i/Mi 11X Pro,"['get', 'import', 'india', 'workout', 'cheaper', 'well']"
Realme 8,"['hello', 'sir', 'devic', 'realm', '8', 'automat', 'batteri', 'drain', 'problem', 'solv', 'plea', 'support']"
Realme 8,"['use', 'pic', 'day', 'ago', 'updat', 'new', 'vesion', 'work', 'properli', 'applic', 'speed', 'slow', 'internet', 'speed', 'slow', 'work', 'applic', 'work', 'like', 'googl', 'crom', 'work', 'also', 'sever', 'time', 'app']"
Realme 8,"['use', 'phone', 'last', '10month', 'happi', 'phone', 'featur', 'app', 'work', 'good', 'except', 'voic', 'record', 'app']"
Xiaomi Redmi Note 10S hands-on,"['bttri', 'die', 'quickli', 'badli', 'poor']"
Xiaomi Redmi Note 10S hands-on,"['find', 'perfect', 'one', 'charger', 'like', '100', 'countri', 'definit', 'best', 'mediatek', 'phone', 'price']"
Xiaomi Redmi Note 10S hands-on,"['phone', 'beast4k', '30fp', '141', 'crazyand', 'play', 'codm', 'phonebut', 'problem', 'phone', 'overh', 'quicklyso', 'need', 'cooler']"
Realme 8 5G,"['person', 'phone', 'updat']"
Realme 8 5G,"['waterproof', 'phone']"
Realme 8 5G,"['5g', 'sa', 'applic', 'dito', 'telecom', '5g', 'nsa', 'work', 'base', 'experi']"
Asus Zenfone 8 Flip,"['apn', 'set']"
Asus Zenfone 8 Flip,"['bought', 'zenfon', '8', 'flip', 'june', '2024', 'major', 'reason', 'bought', 'two', '1', 'microsd', 'card', 'slot', 'featur', 'turn', 'rapidli', 'go', 'away', 'mani', 'main', 'smartphon', 'line', '2020', 'beyond', '2', 'second', 'reason', 'w']"
Asus Zenfone 8 Flip,"['that', 'ridicul', 'probabl', 'wrong', 'apn', 'set']"
Asus Zenfone 8,"['would', 'highli', 'recommend', 'anyon', 'look', 'get', 'asu', 'zenfon', 'mobil', 'phone', 'think', 'twice', '18', 'month', 'one', 'better', 'phone', 'ive', 'use', 'suddenli', 'brick', 'take', 'photo', 'complet', 'non', 'respons', 'wont', 'tur']"
Asus Zenfone 8,"['forget', 'add', 'con', 'slow', 'charg']"
Asus Zenfone 8,"['great', 'phone', 'one', 'best', 'phone', 'bought', 'remain', 'top', '10', 'phone', 'life', 'check', 'almost', 'box', 'requir', 'list', 'decid', 'buy', 'even', 'though', 'expens', 'wish', 'asu', 'provid', 'o', 'sec']"
Poco X3 NFC long-term,"['use', 'poco', 'x3', 'nfc', 'four', 'year', 'experi', 'devic', 'outstand', 'perform', 'remain', 'bought', 'four', 'year', 'ago', 'person', 'love', 'phone', 'fast', 'charg', 'believ', 'th']"
Poco X3 NFC long-term,"['phone', 'good', 'come', 'price', 'howev', 'major', 'drawback', 'wont', 'find', 'unless', 'time', 'use', 'terribl', 'network', 'put', 'phone', 'anoth', 'differ', 'make', 'place', 'someon']"
Poco X3 NFC long-term,"['use', 'phone', 'sinc', '4', 'year', 'even', 'dont', 'want', 'chang', 'phone', 'son', 'thrown', 'phone', 'hundr', 'time', 'piec', 'yet', 'use', 'work', 'goodbest', 'phone', 'ever', 'think', 'chang']"
Oppo Reno5 5G / Find X3 Lite,"['phone', 'water', 'resist', 'wonder']"
Oppo Reno5 5G / Find X3 Lite,"['u', 'hate', 'oppo', 'fact', 'use', 'appl', 'iphon', '13', 'think', 'oppo', 'good', 'game', 'perform', 'sinc', 'play', 'highgraph', '64', 'mp', 'camera', 'huge', 'differ', '12', 'mp', 'camera', 'ill', 'rather', 'use']"
Oppo Reno5 5G / Find X3 Lite,"['oppo', 'unreli', 'brand', 'phone', 'worth', 'price', 'camera', 'get', 'laggi', 'open', 'even', 'film', 'see', 'stutter', 'game', 'good', 'also', 'phone', 'get', 'hot', '10min', 'play', 'decent', 'game', 'like']"
Xiaomi Mi 10T Pro long-term,"['uganda', 'use', 'xiaomi', 'mi', '10t', 'pro', '5g', 'four', 'year', 'still', 'superb']"
Xiaomi Mi 10T Pro long-term,"['obvious', 'troll', 'youv', 'never', 'even', 'seen', 'phone', 'real', 'life', 'let', 'alon', 'use', 'long', 'term', 'ive', '2', 'year', 'batteri', 'life', 'still', 'superb', 'photo', 'qualiti', 'excel', 'processor', 'ram', 'combo', 'handl', 'ever']"
Xiaomi Mi 10T Pro long-term,"['xiaomi', '10t', 'pro', 'aw', 'camera', 'qualiti', '0', 'refresh', 'rate', 'screen', 'auto', 'drop', 'low', 'game', 'useless', 'goal', 'u', 'dont', 'need', '144hz', 'batteri', 'also', 'quick', 'get', 'year', 'use', 'also']"
Xiaomi Mi 11X Pro / Mi 11i hands-on,"['f3', 'pro']"
Xiaomi Mi 11X Pro / Mi 11i hands-on,"['gsmarena', 'becom', 'puzzl', 'go', 'review', 'mi10t', 'pro', 'camera', 'put', 'disgrac', 'gsmarena', 'review', 'whilst', 'mi11x', 'pro', 'admir', 'go', 'quick', 'comparison', 'mi10t', 'pro', 'shine', 'one', 'get', 'puzzl', 'de']"
Xiaomi Mi 11X Pro / Mi 11i hands-on,"['justifi', 'mayb', '600', 'buck']"
Samsung Galaxy A72,"['tri', 'a71', 'absolut', 'marvel', 'phone', 'use', 'last', 'four', 'year', 'problem', 'occur']"
Samsung Galaxy A72,"['want', 'top', 'samsung', 'galaxi', 'a12', 'samsung', 'galaxi', 'a75', 'plea', 'may', 'till', 'offic', 'samsung', 'galaxi', 'a75']"
Samsung Galaxy A72,['love']
Xiaomi Mi 11 Ultra,"['xiaomi', '11', 'ultra', 'user', 'want', 'take', 'video', 'switch', '3', 'len', 'automat', 'ultrawid', 'main', 'zoom', 'camera', 'record', 'set', 'stock', 'camera', 'app', '4k', '30fp', 'current', 'run', 'hypero', '2']"
Xiaomi Mi 11 Ultra,"['well', 'mayb', 'xiaomi', '14', 'ultra', '15', 'ultra', 'better']"
Xiaomi Mi 11 Ultra,"['use', 'mi', '11', 'ultra', 'three', 'year', 'option', 'would', 'buy', 'without', 'give', 'second', 'thought', 'day', 'use', 'googl', 'pixel', '8', 'pro', 'cannot', 'match', 'imag', 'qualiti', 'overal', 'user', 'experi', 'surprisingli']"
Xiaomi Mi 11X hands-on,"['add', 'custom', 'rom', 'phone', 'provid', 'great', 'varieti', 'custom', 'rom', 'give', 'cleaner', 'ui']"
Xiaomi Mi 11X hands-on,[]
Xiaomi Mi 11X hands-on,"['mi11x', '4k30', 'log', 'unbeat', 'even', 'compar', 'iphon', '13', 'may']"
Oppo F19 Pro+ 5G hands-on,"['oppo', 'f19', 'pro5g', 'open', 'devic', 'pattern', 'lock']"
Oppo F19 Pro+ 5G hands-on,"['use', 'model', 'screen', 'size', 'small', 'batteri', 'charg', 'great', 'batteri', 'capac', 'small', 'consid', 'price', 'rang', 'nfc', 'support', 'avail', 'price', 'rang', 'storag', 'featur', 'good', 'price', 'rang', '8', 'g']"
Oppo F19 Pro+ 5G hands-on,"['model', 'satisfi', 'show', '8128', 'gb', '1', 'gb', 'shown', 'full']"
vivo X60 Pro+,['congratul']
vivo X60 Pro+,"['besid', 'fli', 'drive']"
vivo X60 Pro+,"['liter', 'x60', 'pro', 'plu', 'best', 'smartphon', 'wide', 'avail', 'mi', 'opportun', 'vivo', 'releas', 'countri']"
Xiaomi Mi 11 Lite,"['front', 'camera', 'stop', 'work', 'time', 'finger', 'print', 'also', 'work', '1', 'year']"
Xiaomi Mi 11 Lite,"['front', 'camera', 'work', 'also', 'back', 'camera', 'get', 'stop', 'one', 'second', 'pictur', 'bug', 'muiu', '14', 'also', 'get', 'suck', 'sometim', 'touch', 'screen', 'hard', 'sometim', 'dont', 'move', 'dont', 'know', 'downgrad', 'miui', '12']"
Xiaomi Mi 11 Lite,"['use', 'front', 'camera', 'stop', 'work', 'power', 'botton', 'becam', 'hard']"
vivo X60 Pro,"['bought', 'phone', '2021', 'use', 'realli', 'heavi', 'bike', 'rider', 'use', 'bike', 'handl', 'bar', 'ton', 'vibrat', 'slip', 'hand', 'mani', 'timesdur', 'ride', 'consider', 'height', 'speed', 'perform']"
vivo X60 Pro,"['vivo', 'bug', 'xiaomi', 'sooooooooo', 'mani', 'mroe', 'didnt', 'use', 'like', '5', 'year', 'ago', 'xiaomi', 'miui', 'total', 'trash', 'poco', 'ui', 'better', 'much', 'funtouch', 'nice', 'featur', 'rich', 'there', 'one', 'navigat']"
vivo X60 Pro,"['screw', 'camera', '11t', 'pro', 'win', 'valu', 'spec']"
Motorola Moto G10 Power hands-on,"['still', 'g9', 'power', 'use', 'work', 'much', 'abus', 'multipl', 'drop', 'end', 'bottom', 'canal', 'phone', 'still', 'work', 'perfectli', 'seem', 'experi', 'differ', 'across', 'board']"
Motorola Moto G10 Power hands-on,"['phone', 'got', 'gorilla', 'glass']"
Motorola Moto G10 Power hands-on,"['would', 'happili', 'take', 'lesser', 'spec', 'least', 'dont', 'get', 'ad', 'ram', 'system', 'app', 'osfirmwar', 'like', 'competitor', 'cheaper', '6k', 'mah', 'phone']"
Xiaomi Mi 11 Lite 5G,"['best', 'phone', 'lightweight', 'sleek', '30k', 'happi', 'user', '3', 'year']"
Xiaomi Mi 11 Lite 5G,"['great', 'phone', 'strong', 'light', 'compact', 'big', 'display', 'great', 'camera', 'basic', 'everyth', 'need', 'could', 'use', 'larger', 'bateri', 'though', 'late', 'batteri', 'isnt', 'hold', 'well', 'wonder', 'long']"
Xiaomi Mi 11 Lite 5G,"['phone', 'galaxi', 's10e']"
RedMagic 6,"['hell', 'though', 'also', 'bought', 'mine', 'launch', 'overh', 'noth', 'el', 'phone', 'heat', '62c', 'genshin', 'impact', 'lowest', 'set', '57c', 'codm', 'medium', 'graphic', 'set']"
RedMagic 6,"['like', 'well', 'well', 'year', 'im', 'use', 'way', 'prompt', 'lead', 'login', 'page', 'public', 'network', 'alway', 'ask', 'friend', 'famili', 'login', 'ip', 'addr']"
RedMagic 6,"['redmag', '6', 'pro', 'automat', 'use', 'mobil', 'data', 'wifi', 'weak', 'cut', 'mobil', 'data', 'connect', 'public', 'wifi', 'see', 'wifi', 'icon', 'appear', 'unlimit', 'data', 'plan', 'function', 'great']"
OnePlus 9R hands-on,"['also', 'green', 'pink', 'line']"
OnePlus 9R hands-on,"['stori', 'also', 'line']"
OnePlus 9R hands-on,"['cordread', 'connect', 'oneplu', '9', 'r']"
Huawei Mate X2,"['base', 'experi', 'mate', 'x', 'screen', 'realli', 'solid', '2', 'layer', 'expens', 'polym', 'film', 'protect', 'hold', 'tight', 'opinion', 'better', 'glass', 'ye', 'scratch', 'alway', 'issu', 'plastic', 'scre']"
Huawei Mate X2,"['mate', 'xx', 'way', 'better', 'anyth', 'samsung', 'made', 'till', 'technolog', 'yet', 'screen', 'fold', 'outward', 'made', 'plastic', 'meant', 'scratch', 'easili', 'durabl', 'soon', 'foldabl', 'glass']"
Huawei Mate X2,"['apart', 'extra', 'ram', 'cant', 'see', 'pro', 'z', 'fold', 'hawardwar', 'point', 'view', 'possibl', 'hope', 'z', 'fold', '3', 'solv', 'mate', 'x2', 'brainer', 'long', 'find', 'practical']"
Poco F3,"['phone', 'suddenli', 'unabl', 'connect', 'android', 'auto', 'anymorer', 'wierd']"
Poco F3,"['use', 'phone', '3', 'year', 'still', 'play', 'genshin', 'impact', 'pubgmobil', 'video', 'consumpt', 'still', 'good', 'rog', 'phone', '6', 'perform', 'still', 'quit', 'far', 'consid', 'alreadi', '3yr', 'old', 'im', 'keep', 'pho']"
Poco F3,"['wont', 'xiaomi', 'isnt', 'use', 'better', 'buy', 'samsung', 'seri', 'seri']"
Motorola Moto G100,"['bought', 'moto', 'g100', '1', '12', 'year', 'ago', 'suddenli', 'overh', 'check', 'technician', 'told', 'noth', 'total', 'loss', '10', 'year', 'use', 'motorola', 'consid', 'chang', 'brand', 'next', 'month']"
Motorola Moto G100,"['id', 'like', 'point', 'someth', 'batteri', 'life', 'thing', 'chew', 'batteri', 'default', 'turn', 'batteri', 'saver', 'time', 'batteri', 'life', 'fine', 'plenti', 'fast', 'batteri', 'saver', 'game', 'without', 'turn']"
Motorola Moto G100,"['low', 'light', 'preview', 'selfi', 'cam', 'look', 'okay', 'end', 'result', 'blurri', 'mess', 'anyon', 'know', 'what', 'caus', 'screenshot', 'preview']"
Realme Narzo 30 Pro 5G hands-on,"['like', 'much']"
Realme Narzo 30 Pro 5G hands-on,['ok']
Realme Narzo 30 Pro 5G hands-on,"['gotta', 'agre', 'launch', 'random', 'as', 'phone', 'smart', 'devic', 'still', 'wait', 'stabl', 'android', '11', 'updat', 'phone']"
Realme 8 Pro,"['sometim', 'wonder', 'review', 'site', 'look', 'photo', 'eye', 'close', '3x', 'lossless', 'zoom', 'shot', 'look', 'absolut', 'horrend', 'liter', 'ai', 'hallucin', 'detail']"
Realme 8 Pro,"['bought', 'phone', 'secondhand', 'less', '100', '90', 'say', 'use', 'case', '100', 'wellround', 'get', 'small', 'size', 'hit', 'instantli', 'togeth', 'round', 'backsid', 'give', 'realli', 'thin', 'small', 'feel', 'also']"
Realme 8 Pro,"['front', 'camera', 'work', 'properli']"
Xiaomi Redmi Note 10,"['use', 'magnet', 'charg', 'phoneand', 'know', 'place', 'find']"
Xiaomi Redmi Note 10,"['bad', 'cellphon', 'got', 'model', 'im', 'suffer', 'app', 'cant', 'instal', 'alway', 'give', 'messag', 'cant', 'run', 'root', 'devic', 'bought', 'new', 'app', 'need', 'work', 'import', 'app', 'like', 'govt', 'app']"
Xiaomi Redmi Note 10,"['yesit', 'dual', 'app', 'function']"
Samsung Galaxy A32,"['problem', 'phone', 'speaker', 'soft', 'even', 'full', 'volum', 'fix', 'plea', 'assist']"
Samsung Galaxy A32,"['regist', 'fingerprint', 'slowli', 'properli', 'make', 'sure', 'even', 'regist', 'finger', 'twice']"
Samsung Galaxy A32,"['usb', 'support', 'way']"
Samsung Galaxy A52,"['back', 'case', 'came', 'last', 'year', 'samsung', 'probabl', 'use', 'weak', 'glue']"
Samsung Galaxy A52,"['mine', 'go', 'cellphon', 'repair', 'glue', 'camera', 'lag', 'even', 'perform']"
Samsung Galaxy A52,"['mean', 'like', 'custom', 'rom']"
OnePlus 9 Pro,"['pl', 'help', 'question', '4k', '120hz', 'tv', 'must', 'connect', 'phone', 'tv', 'play', '4k', '120fp', 'nativ', 'videosi', 'need', 'usc', 'c', 'hdmi', '21', 'adapt', 'hdmi', '21', 'cabl', 'run', 'movi', 'phone', 'memori', 'tv', 'display', '4k', '120fp', 'video']"
OnePlus 9 Pro,"['stop', 'lie', 'lol']"
OnePlus 9 Pro,"['function', 'well', 'qualiti', 'phone', 'drop', 'everi', 'new', 'model', 'one', 'year', 'use', 'gave', 'coupl', 'greenwhit', 'line', 'display', 'similar', 'thing', 'happen', '15t', 'display', 'turn', 'purplish', 'shame']"
OnePlus 9,"['phone', '4', 'greenlin', 'display', 'recommend', 'buy', 'phone']"
OnePlus 9,"['oneplu', 'display', 'green', 'line', 'issu', 'fix']"
OnePlus 9,"['upgrad', 'android', '14', 'problem', 'look', 'good', 'feel', 'good', 'work', 'good', 'batteri', 'capac', 'would', 'fine', 'sure', 'would', 'consequ', 'thick']"
Poco X3 Pro,"['still', 'rock', 'phone', '7', 'year', 'usag', 'grant', 'batteri', 'isnt', 'use', 'updat', 'longer', 'support', 'endur', 'beast', 'upgrad', '2026', 'stutter', 'struggl', 'sometim']"
Poco X3 Pro,['updat']
Poco X3 Pro,"['poco', 'x3', 'nfc', 'poco', 'x3', 'pro', 'bought', 'nfc', 'last', 'octob', '2020', 'pro', 'last', 'dec', '2021', 'nfc', 'still', 'run', 'broken', 'lcd', 'pro', 'die', 'yesterday', '2', 'major', 'issu', 'warn', 'die', '60', 'batteri', 'plain', 'b']"
Motorola Moto G10,"['use', 'phone', '2', 'year', 'say', 'ye', 'hasnt', 'got', 'best', 'camera', 'one', 'moto', 'own', 'bit', 'sluggish', 'time', '2', 'year', 'cant', 'count', 'mani', 'time', 'fell', 'groun']"
Motorola Moto G10,"['motorola', 'g10', 'get', 'realli', 'sluggish', 'mani', 'app', 'instal', 'mani', 'mean', 'readili', 'avail', 'number', 'doesnt', 'give', 'samsung', 's10', 'lite', 'paus', 'may', 'amount', 'ram']"
Motorola Moto G10,"['spec', 'price', 'worth', 'xiaomi', 'miui', 'experi', 'redmi9', 'mandatori', 'permiss', 'inc', 'locat', 'monitor', 'track', 'harvest', 'person', 'inform', 'record', 'callsturn', 'data', 'make', 'phone', 'call', '100chines', 'compani']"
Oppo Find X3 Pro,"['hello', 'gsm', 'arena', 'ive', 'own', 'mobil', 'sinc', '2021', 'absolut', 'love', 'one', 'best', 'electron', 'purchas', 'im', 'complet', 'enamor', 'phone', 'design', 'amaz', 'one', 'beauti', 'ive', 'seen']"
Oppo Find X3 Pro,"['better', 'ask', 'internet', 'provid', 'happen', 'phone', 'mode', 'switch', '4g', '5g', 'depend', 'extern', 'factor', 'like', 'phone', 'temp', 'much', 'batteri']"
Oppo Find X3 Pro,"['own', '6', 'month', 'far', 'like', 'lot', 'everyth', 'great', 'except', 'batteri', 'life', 'get', '4', 'hour', '5', 'hour', 'screen', 'time', 'bizarr', 'thing', 'phone', 'locat', 'annihil', 'batteri', 'life', 'phone', 'reach']"
Motorola Moto G30,"['still', 'phone', 'almost', '4', 'year', 'purchas', 'fine', 'android', '11', 'android', '12', 'drop', 'requir', '6gb', 'ram', 'devic', '4gb', 'ram', 'dexent', 'freez', 'bit', 'whenev', 'open', 'app', 'like', 'tiktok']"
Motorola Moto G30,"['disastr', 'purchas', 'ever', 'made', '2month', 'kept', 'throw', 'basement', 'stuck', 'alway', 'dysfunct', 'app', 'batteri', 'last', '10', 'hour', 'fulli', 'charg']"
Motorola Moto G30,"['awesom', 'gadget']"
Asus ROG Phone 5,"['hey', 'bro', 'wifi', 'problem', 'come', 'updat', 'bet', 'itll', 'fix', 'next', 'updat']"
Asus ROG Phone 5,"['bet', 'listen', 'radio', 'phone', 'year', 'dont', 'speak', 'know', 'well', 'bought', 'lg', 'v50', 'huawei', 'mate', '20', 'flagshipgrad', 'phone', 'still', 'offlin', 'fm', 'radio']"
Asus ROG Phone 5,"['real', 'shame', 'peopl', 'seem', 'alway', 'find', 'someth', 'complain', 'radio', 'bet', 'listen', 'radio', 'phone', 'year', 'hey', 'someth', 'complain', 'well', 'radio', 'givin']"
Xiaomi Redmi 9T,"['right', 'also', 'app', 'disabl', 'run', 'phone', 'turn', 'grant', 'use', 'pixelo', '9t', 'anyway']"
Xiaomi Redmi 9T,"['agre', '100', 'quit', 'amaz', 'sinc', 'came', 'look', 'get', 'new', 'phone', 'problem', '9t', 'serious', 'underr', 'phone', 'use', 'almost', '5', 'year', 'still', 'prob', 'batteri', 'amaz', 'redmi', '9t', 'version', '5g']"
Xiaomi Redmi 9T,['48mp']
Samsung Galaxy A02s/M02s,"['liter', 'phone', 'a02', 'differ', 'name', 'samsung']"
Samsung Galaxy A02s/M02s,"['phone', 'good', '100']"
Samsung Galaxy A02s/M02s,"['nice', 'super', 'phone']"
Xiaomi Redmi Note 10 Pro (Max),"['ye', 'start', 'chang', 'screen', 'mtn', 'airtel', 'sim', 'whenev', 'use', 'airtel', '4g', 'reach', 'place', 'low', 'signal', 'happen', 'whenev', 'use', 'mtn', 'everyth', 'fine', 'mayb', 'someon', 'antenna', 'p']"
Xiaomi Redmi Note 10 Pro (Max),"['bought', 'phone', '2021', 'replac', 'screen', 'exactli', 'month', 'screen', 'replac', 'phone', 'went', 'dead', 'cannot', 'start', 'cannot', 'charg', 'last', 'month', 'octob', '2025', 'held', 'pretti', 'well', 'never', 'softwar', 'issu', 'bug', 'batteri']"
Xiaomi Redmi Note 10 Pro (Max),"['think', 'problem', 'came', 'touch', 'glass', 'temper', 'glass', 'someth', 'el']"
Realme X7 Pro hands-on,"['anyon', 'know', 'differ', 'two', 'model', 'number']"
Realme X7 Pro hands-on,"['realli', 'excel', 'phone', 'display', 'superb', 'batteri', 'charg', 'speed', 'fabul', 'batteri', 'backup', 'also', 'good', 'updat', 'perform', 'also', 'excel', 'play', 'cod', 'high', 'graphic', 'qualiti', 'frame', 'rate', 'max', 'mode', 'run', 'smoothli', 'con']"
Realme X7 Pro hands-on,"['bought', 'realm', 'x7', 'pro', 'within', '3', 'month', 'start', 'bulg', 'middl', 'realm', 'servic', 'center', 'bother', 'help', 'rather', 'charg', '9300', 'r', 'repair', 'even', 'broken', 'damag', 'anywher']"
Doogee S88 Pro,"['bought', 's88', 'pro', '2021', 'use', 'week', 'tri', 'revers', 'wireless', 'charg', 'friend', 'crappl', 'instantli', 'die', 'reach', 'dooge', 'never', 'respond', 'mani', 'email', 'truli', 'total', 'crap', 'custom', 'servic']"
Doogee S88 Pro,"['phone', 'make', 'call', 'run', 'app', 'kind', 'take', 'pictur', 'run', 'day', 'lot', 'peopl', 'believ', 'manufactur', 'bit', 'shadi', 'qa', 'wors', 'would', 'care', 'see', 'good', 'dooge', 'phone', 'actual']"
Doogee S88 Pro,"['dogge', 's88', 'pro', 'cannot', 'receiv', 'incom', 'call', 'ring', 'end', 'call', 'press', 'receiv', 'call']"
Samsung Galaxy A12,"['hey', 'mom', 'phone', 'last', 'updat', 'get', 'android', '12', 'one', 'ui', '4', 'recommend', 'galaxi', 'a16', 'wanna', 'upgrad', 'phone', 'get', 'good', 'perform', 'cheap', 'price', 'a16', 'also', 'get', 'android', '15', 'even', '16', 'upd']"
Samsung Galaxy A12,['definit']
Samsung Galaxy A12,"['cours', 'suck', '5', 'gen', 'old', 'budget', 'phone', 'dont', 'even', 'think', 'good', 'gameplay', 'budget', 'phone']"
Xiaomi Mi 11,"['absolut', 'true']"
Xiaomi Mi 11,"['well', 'known', 'issu', 'mi11', 'seri', 'problem', 'deisgn', 'larg', 'number', 'unit', 'suffer', 'burnt', 'motherboard', 'wifi', 'xiaomi', 'acknowledg', 'problem', 'offer', 'replac', 'rather', 'repair']"
Xiaomi Mi 11,"['poor', 'qualiti', 'control', 'fourth', 'trip', 'servic', 'centr', 'issu', 'motherboard', 'relat', 'wifi', 'sound', 'issu', 'keep', 'resurfac', 'even', 'though', 'third', 'trip', 'replac', 'phone']"
Camera test: Galaxy S21 Ultra vs. Note20 Ultra,"['think', 'cool']"
Camera test: Galaxy S21 Ultra vs. Note20 Ultra,"['dude', 'comparison', 'suppos', 'taken', 'serious', 'shutter', 'apertur', 'total', 'differ', 'b', 'everi', 'one', 'case', 'significantli', 'frame', 'zoom', 'distanc', 'set', 'exactli', 'shot', 'clearli']"
Camera test: Galaxy S21 Ultra vs. Note20 Ultra,"['remov', 'onscreen', 'fingerprint', 'sensor', 's22', 'tho', 'honestli', 'dont', 'understand', 'use', 'bixbi', 'side', 'button', 'fingerprint', 'sensor', 'like', 'm51']"
Apple iPhone 12 long-term,"['lg', 'fan', 'till', 'stop', 'make', 'phone', 'alway', 'ahead', 'least', '23', 'year', 'current', 'thec', 'super', 'qualiti', 'phone', 'lg', '3', '8', 'year', 'alreadi', '2', 'year', 'bought', 'plu']"
Apple iPhone 12 long-term,"['iphon', '12', 'good', 'choic', '2024', 'lot', 'io', 'updat', 'ahead']"
Apple iPhone 12 long-term,"['iphon', '6', 'plu', 'realli', 'long', 'period', 'februari', '1', '2024', 'upgrad', 'iphon', '12', '128gb', 'read', 'lot', 'review', 'model', 'consid', 'age', 'im', 'amaz', 'fast', 'phone', 'still', 'ton', 'storag', 'includin']"
Google Pixel 5 long-term,"['ye', '4a', 'best', 'phone', 'ive', 'ever', 'own', '5', '2026', 'slow', 'batteri', 'need', 'charg', '2x', 'day', 'app', 'keep', 'shut', 'tri', 'find', 'anyth', 'compar', 'that', 'made', 'past', 'year', 'afford', 'price']"
Google Pixel 5 long-term,"['googl', 'pixel', '5', 'good', 'phone', 'problem', 'price', 'still', 'compat', 'economi', 'help', 'u', 'reduc', 'cost', 'nice', 'good', 'phone', 'low', 'price']"
Google Pixel 5 long-term,"['almost', 'phone', 'big', 'deal']"
Samsung Galaxy S21+ 5G,"['s21', 'plu', 'play', 'video', 'page', '6', 'work', 'fine']"
Samsung Galaxy S21+ 5G,"['use', 'black', 'wallpap']"
Samsung Galaxy S21+ 5G,"['bought', 'samsung', 's21plu', 'notic', 'screen', 'backlight', 'realli', 'turn', 'dark', 'mode']"
Xiaomi Redmi Note 9T,"['side', 'ok', 'fine', 'hell', 'batteri', 'stronger', 'shit', '5g', 'user', 'citi', 'work', 'pretti', 'good', '95', 'go', 'mate']"
Xiaomi Redmi Note 9T,"['35', 'year', 'still', 'phone', 'still', 'work', 'well']"
Xiaomi Redmi Note 9T,"['come', 'conclus', 'mediatek', 'best', 'processor', 'qualcomm', 'redmi', 'note', '9t', 'still', 'fucntion', 'well', 'recent', 'bought', 'redmi', 'note', '11', 'use', 'qualcom', '6', 'nm', 'process', 'useless', 'phone', 'ui', 'issu', 'hung', 'much']"
Samsung Galaxy Note20 Ultra long-term,"['stabil', 'camera', 'nois']"
Samsung Galaxy Note20 Ultra long-term,"['pic', 'qualiti', 'surpass', 'note', '9', 'sound', 'pathet', 'samsung', 'aught', 'give', 'discount', 'everi', 'note', '20', 'ultra']"
Samsung Galaxy Note20 Ultra long-term,"['p30', 'lite', 'sinc', '2016', 'havent', 'problem', 'howev', 'consid', 'upgrad', 'note', '20', 'ultra', 'recent', 'becom', 'avail', 'one', 'servic', 'provid', 'sa', 'consid', 'reciev', 'final']"
Moto G9 Power,"['fix', 'hang']"
Moto G9 Power,"['still', 'use', 'thing', 'sinc', '2020', 'everyth', 'work', 'fine', 'batteri', 'hold', 'name']"
Moto G9 Power,"['bought', 'phone', '2021', 'flash', 'sale', 'around', '100', 'far', 'still', 'work', 'fine', 'ordinari', 'phone', 'user', 'heavi', 'game', 'social', 'medium', 'pretti', 'much', 'good', 'reliabl', 'phone', 'come', 'good', 'storag', 'size', 'that']"
Moto G 5G,"['2', 'nd', 'moto', 'year', 'first', 'stylu', 'lock', 'remot', 'rx', 'buddi', 'right', 'flight', 'poland', 'babi', 'didnt', 'happen', 'either', 'stole', 'gmail', 'sinc', '2003', 'googl', 'pictur', 'collect', 'th']"
Moto G 5G,"['second', 'motorola', 'year', 'first', 'one', 'stylu', 'march', 'ex', 'friend', 'almost', 'drove', 'nut', 'steal', 'googl', 'account', 'togeth', 'gmail', 'sinc', '2003', 'imagin', 'guy']"
Moto G 5G,"['bd', 'price', 'offici', 'phone']"
Samsung Galaxy S21 Ultra 5G,"['mine', 'doesnt', 'allow', 'multiscreen']"
Samsung Galaxy S21 Ultra 5G,"['imag', 'distort', 'white', 'angl']"
Samsung Galaxy S21 Ultra 5G,['ye']
Samsung Galaxy S21 5G,"['bought', 'usachina', 'variant', 'ask', 'good', 'phone', 'technician', 'unlock', 'carrier', 'malaysian', 'carrier', 'buy', 's21', 'intern', 'variant', 'network', 'intern']"
Samsung Galaxy S21 5G,"['green', 'line', 'issu', 'phone', 'smg991', 'n']"
Samsung Galaxy S21 5G,"['phone', 'useless', 'buy', 'import', 'set', 'usa', 'problem', 'connect', 'internet', 'malaysia', 'samsung', 'phone', 'realli', 'suck', 'useless', 'like', 'samsung']"
Samsung Galaxy S21 & S21 Ultra hands-on,"['control', 'av', 'receiv', 'air', 'con', 'mani', 'model', 'tv', 'much', 'ir', 'blaster', 'mi', 'phone', 'use', 'unlik', 'normal', 'remot', 'dont', 'stop', 'work']"
Samsung Galaxy S21 & S21 Ultra hands-on,"['pretti', 'obnoxi', 'post', 'think', 'plenti', 'scenario', 'itd', 'use', 'particular', 'girlfriend', 'asleep', 'bed', 'dont', 'want', 'rummag', 'around', 'look', 'tv', 'remot', 'wake', 'pho']"
Samsung Galaxy S21 & S21 Ultra hands-on,"['id', 'love', 'raw', 'file', 'download', 'edit']"
Oppo Reno5 Pro 5G hands-on,"['oppo', 'reno', 'user', 'dont', 'buy', 'oppo', 'product', 'team', 'capabl', 'provid', 'solut', 'custom', 'due', 'oppo', 'softwar', 'bug', 'oppo', 'display', 'damag', 'saw', 'dadar', 'servic', 'centr', 'multipl', 'custom', 'face', 'issu']"
Oppo Reno5 Pro 5G hands-on,['ye']
Oppo Reno5 Pro 5G hands-on,"['great', 'phone', 'insid', 'till', 'outsid', 'great', 'textur', 'good', 'perform', 'camera', 'len', 'modul', 'glow', 'dark', 'textur', 'back', 'glass', 'cover', 'smooth', 'show', 'differ', 'colour', 'chang', 'differ', 'posit']"
Which cloud gaming service is the best?,"['nope', 'xbox', 'seri', 'also', 'work']"
Which cloud gaming service is the best?,"['head', 'dont', 'buy', 'vortex', 'stream', 'support', 'game', 'load', 'work', 'spent', '30', 'min', 'tri', 'get', 'game', 'go', 'never', 'work', 'custom', 'support', 'told', 'dont', 'game', 'imposs', 'sinc']"
Which cloud gaming service is the best?,"['playstat', 'come', 'stream']"
vivo V20 Pro 5G hands-on,"['eye', 'focu']"
vivo V20 Pro 5G hands-on,"['need', 'vivo', 'v21', 'cover', 'case', 'buy']"
vivo V20 Pro 5G hands-on,['5g']
Samsung Galaxy S20+ long-term,"['current', 'batteri', 'health', 'approx', '80', 'simpli', 'doesnt', 'last', 'long', 'record', '15', 'min', 'video', 'suck', '6', 'batteri', 'batteri', 'condit', 'pretti', 'good', 'unus', 'def', 'worth', 'price', '2024']"
Samsung Galaxy S20+ long-term,"['use', 's20', '5g', 'sinc', 'releas', '4', 'year', 'ago', 'phone', 'still', 'work', 'flawlessli', 'batteri', 'wore', '4', 'year', 'paid', '5070', 'replac', 'phone', 'still', 'work', 'great', 'think', 'need', 'power', 'phone']"
Samsung Galaxy S20+ long-term,"['ye', 'big', 'problem']"
Samsung One UI 3 mini,"['s20', 'ultra', 'updat', '14']"
Samsung One UI 3 mini,"['hello', 'im', 'use', 's20plu', 'couldnt', 'get', 'download', 'instal', 'new', 'one', '3', 'android', 'version', '11']"
Samsung One UI 3 mini,"['worst', 'updat']"
Samsung Galaxy A42 5G,"['hasnt', 'announc', 'also', 'look', 'updat', 'news', 'im', 'still', 'use', 'phone', 'sinc', 'introduc', 'give', 'news', 'samsung', 'announc', 'search', 'histori']"
Samsung Galaxy A42 5G,"['plea', 'comment', 'full', 'color', 'samsung', 'galaxi', 'a42', '5g', 'plea', 'want', 'samsung', 'galaxi', 'factori', 'compani', 'help', 'restor', 'full', 'background', 'color', 'back']"
Samsung Galaxy A42 5G,"['couldnt', 'get', 'android', '13', 'updat', 'phone', 'samsung', 'alreadi', 'announc', 'get', 'updationbut', 'didnt', 'get', 'yet']"
ZTE Axon 20 5G,"['support', 'dc', 'dim']"
ZTE Axon 20 5G,"['5g', 'dude']"
ZTE Axon 20 5G,"['agre', 'far', 'much', 'time', 'review', 'effort', 'put', 'camera', 'even', 'call', 'bad', 'camera', 'take', 'decent', 'everyday', 'pictur', 'wide', 'angl', 'nice', 'etcbut', 'phone', 'work', 'well', 'callingsort', 'major', 'import', 'poin']"
Oppo Reno4 Z 5G,"['regret', 'buy', 'phone', 'mani', 'problem', 'thing', 'work', 'properlywel', 'cant', 'return', 'phone', 'cant', 'say', 'categor', 'wrong', 'everyth', 'fail', 'everi', 'twothre', 'day', 'everi', 'day', 'utterli']"
Oppo Reno4 Z 5G,"['definit', 'happen', 'well', 'think', 'made', 'phone', 'good', 'cheap', 'mani', 'drawback', 'probabl', 'gonna', 'get', 'new', 'phone', 'sell', 'give', 'sister', 'still', 'use', 'iphon', '5']"
Oppo Reno4 Z 5G,"['im', 'get', 'upward', '8h', '60hz', 'someth', 'wrong', 'batteri', 'must', 'tri', '120hz', 'though', 'tri', '90', 'nice', 'littl', 'compromis']"
A month with the Huawei Mate 40 Pro,"['love', 'phone', 'camera', 'awesom', 'wish', 'someon', 'replac', 'mate', '10', 'pro', 'mate', '40', 'pro']"
A month with the Huawei Mate 40 Pro,"['unpopular', 'opinion', 'best', 'soc', 'android', 'kirin', '9000']"
A month with the Huawei Mate 40 Pro,"['one', 'best', 'categori', 'camera', 'batteri', 'life', 'touch', 'amaz', 'problem', 'dont', 'mani', 'applic', 'huawei', 'app']"
Poco M3,"['also', 'chang', '5', 'day', 'everi', 'android', 'phone', 'need', 'batteri', 'replac', '4', 'year']"
Poco M3,"['ive', 'use', 'one', '4', 'half', 'year', 'honestli', 'still', 'go', 'great', 'havent', 'need', 'servic', 'even', 'im', 'stoke', 'probabl', 'need', 'get', 'new', 'batteri', '6000mah', 'absolut', 'monstrou', 'e']"
Poco M3,"['horribl', 'phone', '34', 'dead', 'booth', 'issu', 'complet', 'die', 'motherboard', 'give', 'critic', 'error', 'ram', 'memori', 'choic', 'replac', 'whole', 'board', 'make', 'sen']"
Samsung Galaxy M51,"['best', 'work', 'm51', 'function', 'well', 'last', '5year', 'hat', 'mobil', 'm51']"
Samsung Galaxy M51,"['best', 'phone']"
Samsung Galaxy M51,"['best', 'phone', 'ever', '4', 'half', 'year', 'run', 'smoothli', 'without', 'issu', 'valu', 'money']"
The best chargers for your new iPhone,"['wrong', 'dont', 'read', 'whole', 'articl', 'sinc', 'realli', 'relev', 'use', 'mi', 'qualcomm', '30', 'quick', 'charg', 'iphon', 'x', 'work', 'well', 'usual', 'charg', 'iphon', '8090', 'take', '1', 'hour', 'even', 'less']"
The best chargers for your new iPhone,"['realli', 'want', 'buy', 'samsung', 'get', 'back', 'faith', 'might', 'surpris', 'well', 's21', 'lineup', 'let', 'see', 'def', 'zero', 'land', 'land', 'must', 'make', 'bigger', 'innov', 'resum', 'go', 'stay', 'zero', 'level']"
The best chargers for your new iPhone,"['make', 'phone', 'dude']"
Xiaomi Redmi Note 9 Pro (Max) long-term,"['redmi', 'note', '9', 'pro', 'amaz', 'phone', 'work', 'smoothli', 'flawlessli', 'sinc', 'bought', '2020', 'end', '2024', 'lag', 'bad', 'batteri', 'drain', 'camera', 'still', 'excel', 'good', 'brand', 'new', 'chang', 'anew', 'pho']"
Xiaomi Redmi Note 9 Pro (Max) long-term,"['updat', 'manag', 'updat', 'rn8', 'pro', 'latest', 'support', 'miui', 'version', '125150', 'eu', 'perform', 'smoother', 'least', 'fast', 'almost', 'hiccup', 'freez', 'feel', 'faster', 'rn9', 'pro', 'also', 'run', 'latest', 'miui', '14', 'ver']"
Xiaomi Redmi Note 9 Pro (Max) long-term,"['note', '9', '4', 'year', 'problem', 'android', 'miui', 'worst', 'bloatwar', 'ever', 'experienc', 'unstabl', 'phone', 'randomli', 'restart', 'disabl', 'bloatwar', 'make', 'stabl', 'mon']"
Xiaomi Mi 10T Lite 5G,"['hey', 'guy', 'problem', 'miss', 'call', 'provid', 'notifi', 'sm', 'cant', 'click', 'number', 'give', 'call', 'back', 'right', 'away', 'phone', 'number', 'sm', 'simpli', 'clickabl']"
Xiaomi Mi 10T Lite 5G,"['ye', 'use', 'amazon', 'music', 'merc']"
Xiaomi Mi 10T Lite 5G,"['ive', 'drop', 'phone', 'toilet', 'pull', 'straight', 'turn', 'dri', 'still', 'work', 'perfect']"
Camera test: The top flagships of the year,"['phone', 'world', 'take', 'pictur', 'well', 'camera', 'phone', 'someth', 'alway', 'avail', 'camera', 'alway', 'avail', 'phone', 'everywher', 'random', 'scene', 'happen', 'camera', 'avail']"
Camera test: The top flagships of the year,"['imma', 'tell', 'know', 'thing', 'two', 'take', 'photo', 'would', 'take', 'proper', 'camera']"
Camera test: The top flagships of the year,"['that', 'soni', 'rx100', 'vi', 'trip', 'outing', 'want', 'better', 'pictur', 'phone', 'zoom', 'optic', 'lot', 'nice', 'pictur', 'qualiti', 'need', 'dslr', 'unless', 'paid', 'photograph', 'need', 'work']"
Realme 7 5G,"['realm', '7', '5g', 'hasnt', 'remot', 'control', 'option', 'mobil', 'use', 'redmi', 'note9', 'good', 'function', 'doesnt']"
Realme 7 5G,"['moto', 'model', 'moto', 'unus', 'usa', '3g', 'sunset', 'feb', '22', 'certifi', 'volt', 'evil', 'carrier', 'kick', 'network']"
Realme 7 5G,"['almost', 'certainli', 'doesnt', 'tmo', 'band', '41', '5g', 'att', 'doesnt', 'even', 'offer', '5g', 'subscrib', '5g', 'elig', 'plan', 'also', 'none', 'dual', 'sim', 'phone', 'work', 'cricket', 'metro', 'pc', 'anymor', 'blacklist']"
Oppo Reno4 Pro 5G,"['dont', 'buy', 'oppo', 'model', 'soft', 'issu', 'come', 'past', 'one', 'year', 'servic', 'center', 'also', 'charg', 'near', 'mobil', 'buy', 'cost', 'worst', 'servic', 'center']"
Oppo Reno4 Pro 5G,"['main', 'thing', 'didntment', 'significantli', 'lower', 'weight']"
Oppo Reno4 Pro 5G,"['check', 'price', 'idealod']"
Apple iPhone 12 Pro Max,"['ye', 'need', 'much']"
Apple iPhone 12 Pro Max,"['iphone12', 'best']"
Apple iPhone 12 Pro Max,['seriou']
OnePlus Nord N10 5G,"['uniqu', 'problem', 'reason', 'enough', 'condemn', 'entir', 'modeldo', 'revisit', 'set', 'go', 'air', 'find']"
OnePlus Nord N10 5G,"['phone', 'gorgeou', 'comfort', 'handl', 'meet', 'basic', 'requir', 'good', 'phonefast', 'spaciou', 'storag', 'resili', 'batteryon', 'thing', 'thoughat', 'time', 'screen', 'goe', 'blank', 'make', 'calldunno', 'whether', 'isol']"
OnePlus Nord N10 5G,"['one', 'plu', 'nord', '10', '5g', 'accept', 'ethiopian', 'sim', 'card']"
Apple iPhone 12 mini,"['love', 'white', 'iphon', '12', 'mini']"
Apple iPhone 12 mini,"['s23', 'i12', 'mini', 'big', 'downgrad', 'like', 'even', 'seriou']"
Apple iPhone 12 mini,"['still', 'relev', 'batteri', 'life', 's23', 'stun', 'batteri', 'life', 'saw', 'nice', 'iphon', '12', 'mini', 'renew', 'like', 'hang', 'hour', '30', 'minut', 'map', 'text', '10', 'minut', 'web', 'commut', 'wonder', 'littl', 'batter']"
TCL 10 5G UW hands-on: Verizon 5G speed test,"['dont', 'think', 'secret', 'vzw', 'tmobil', 'offer', '5g', 'instal', 'home', 'sometim', 'get', 'tast', 'mmwave', 'theyr', 'appt', 'want', 'kind', 'speed', 'anywher', 'get', 'tmo', 'doesnt', 'even']"
TCL 10 5G UW hands-on: Verizon 5G speed test,"['actual', 'wors', 'wifi', 'signal', 'penetr', 'glass', 'wood', 'metal', 'stone', 'peopl', 'mmwave', 'cannot']"
TCL 10 5G UW hands-on: Verizon 5G speed test,"['notic', 'speed', 'consist', 'tcl', '10', '5g', 'uw', 'lg', 'wing', '5g', 'despit', 'snapdragon', '765g', 'soc', 'qualcomm', 'x52', '5g', 'modem', 'could', 'hypothes', '5g', 'antenna', 'prone', 'interfer', 'due']"
Which iPhone 12 to get - upgrader's guide,"['what', 'good', 'perfect']"
Which iPhone 12 to get - upgrader's guide,"['good', 'perfect']"
Which iPhone 12 to get - upgrader's guide,"['prepaid', 'plan', '4g', '5g', 'cap', '150mbp', 'download', 'speed', 'disagre']"
Camera test: iPhone 12 vs. 12 Pro vs. 11 Pro,"['iphon', '12']"
Camera test: iPhone 12 vs. 12 Pro vs. 11 Pro,"['12', 'mini']"
Camera test: iPhone 12 vs. 12 Pro vs. 11 Pro,"['think', 'buy', 'iphon', '11', 'pro', '12', '12', 'mini']"
Honor 10X Lite,[]
Honor 10X Lite,"['phone', 'great', 'dad']"
Honor 10X Lite,['yep']
Amazfit GTR 2,"['ppl', 'use', 'alway', 'rais', 'wake', 'exist']"
Amazfit GTR 2,"['watch', 'crown', 'function']"
Amazfit GTR 2,"['mine', 'work', 'well', 'almost', 'one', 'year', 'sinc', 'bought', 'one']"
ASUS ROG Kunai 3 Gamepad & TwinView Dock 3,"['emul', 'work', 'great', 'phone', 'accessori', 'citra', '3d', 'emul', 'doesnt', 'work', 'twinviewdock', 'dual', 'screen', 'nativ', 'support', 'kunai', 'gamepad', 'drasticd', 'emul', 'dualscreen', 'support']"
ASUS ROG Kunai 3 Gamepad & TwinView Dock 3,"['would', 'asu', 'make', 'clip', 'support', 'control', 'kunai', 'control', 'make', 'kunai', 'easier', 'use', 'phone', 'absent', 'mind', 'opinion']"
ASUS ROG Kunai 3 Gamepad & TwinView Dock 3,['happen']
Huawei Y7a / P smart 2021,"['realli', 'good', 'phone', 'opinion', 'except', 'camera', 'wont', 'talk', 'peopl', 'whine', 'doesnt', 'support', 'googl', 'cant', 'live', 'without', 'googl', 'buy', 'phone', 'emul', 'go', 'day']"
Huawei Y7a / P smart 2021,"['get', 'emui', '11']"
Huawei Y7a / P smart 2021,"['use', 'daili', 'phone', '1', 'year', 'updat', 'emui', '11', 'googl', 'play', 'servic', 'gbox', 'honestli', 'realli', 'good', 'phone']"
Apple iPhone 12 Pro,"['iphon', '12', 'pro', 'io', 'updat']"
Apple iPhone 12 Pro,"['12', 'pro']"
Apple iPhone 12 Pro,"['complet', 'disagre', 'rel', 'upgrad', '12', 'pro', 'se', '2020', 'ive', 'seen', 'sitcom', 'episod', 'last', 'longer', 'batteri', 'se', 'anem', 'would', 'gratuit', 'compliment', '12', 'pro', 'full', 'season']"
vivo V20,"['599', 'currenc', 'dollar', 'euro', 'rupiah']"
vivo V20,"['true', 'price', 'vivo', 'v20', '599']"
vivo V20,"['thank', 'use', 'inform']"
Apple iPhone 12,['like']
Apple iPhone 12,"['get', 'mine']"
Apple iPhone 12,"['2', 'week', 'use', 'iphon', '12', 'ive', 'use', 'android', 'life', 'say', 'iphon', 'worth', 'fast', 'good', 'camera', 'batteri', 'bad', 'everyon', 'say', 'almost', 'close', 'android', 'best', 'decis', 'ever']"
Poco F2 Pro long-term,"['still', 'dailydriv', '2026']"
Poco F2 Pro long-term,"['still', 'use', 'poco', 'f2', 'pro', 'main', 'devicelov', 'full', 'screen']"
Poco F2 Pro long-term,"['bought', 'phone', 'releas', 'around', '320', 'steal', 'issu', 'realli', 'bluetooth', 'work', 'fine', 'two', 'headset', 'got', 'one', 'work', 'one', 'normal', 'use', 'connect', 'issu', 'aptx', 'ldac', 'work', 'g']"
Google Pixel 5,"['entri', 'level', 'phone', 'put', 'bare', 'minimum', 'useabl', 'experi', 'way', 'cost', 'sensit', 'midrang', 'even', 'flagship', 'phone']"
Google Pixel 5,"['meanwhil', '2025', 'entri', 'level', 'phone', 'still', 'use', '3', '4gb', 'ram']"
Google Pixel 5,"['awesom', 'phone']"
Huawei Mate 40 Pro,"['love', 'huawei']"
Huawei Mate 40 Pro,"['3', 'year', 'late', 'servic', 'offer', 'chang', 'chine', 'rom', 'harmonyo', 'mistaken', 'nonandroid', 'harmonyo', 'next']"
Huawei Mate 40 Pro,"['inde', 'still', 'get', 'emui', 'updat', 'till', 'secur', 'updat', 'last', 'week', 'massiv', 'jump', 'emui', '13', 'month', 'back', 'ad', 'whole', 'bunch', 'connect', 'featur']"
OnePlus 8T,"['better', 'phonex']"
OnePlus 8T,['good']
OnePlus 8T,"['shock', 'chang', 'display', 'due', '3', 'green', 'line', 'green', 'line', 'appear', 'againit', 'made', 'depress']"
Moto G9 Plus,"['u', 'forget', 'check', 'updat', 'android', '11']"
Moto G9 Plus,"['true', 'android', '11', 'usig', '2', 'year', 'nowand', 'problem', 'great', 'bateri', 'life', 'camera']"
Moto G9 Plus,"['motorola', 'also', 'histor', 'notori', 'bad', 'provid', 'softwar', 'updat', 'g9', 'plu', 'start', 'android', '10', '2020', '2', 'year', 'still', 'android', '10', 'actual', 'motorola', 'call', 'legendarili', 'bad', 'xiaomi', 'realm', 'phone']"
OnePlus 8T hands-on,"['regular', 'one', 'plu', 'user', 'regular', 'updat', '3', '8', 'oneplu', '8', 'disappoint', 'purchas', 'till', 'dateno', 'issu', '1', 'screen', 'fingerprint', 'sensor', 'work', 'finger', 'behind', 'screen', 'physic', 'sensor', 'issu']"
OnePlus 8T hands-on,"['lol', 'mediatek', 'suck']"
OnePlus 8T hands-on,"['wanna', 'replac', 'sd865', 'highend', 'chip', 'upper', 'midrang', 'chip']"
Realme 7,"['buy', 'realm', '7', 'realm', '8', 'suggest', 'plea']"
Realme 7,"['realm', '7', 'camera', 'openwhat']"
Realme 7,"['ye', 'issu', 'autofocu', 'work', 'cant', 'focu', 'move', 'one', 'anoth', 'subject', 'also', 'bright', 'reduc', 'shoot', 'video', '15', 'sec']"
LG Wing 5G,"['possibl', 'upgrad', 'o', 'android', '15', 'latest', '16', 'version', 'primari', 'samsung', 's22', 'screen', 'crop', 'green', 'linesaft', 'dec2025', 'o', 'updat', 'screen', 'replac', 'practic', 'cost', 'big', 'joke', 'want', 'reliv', 'wing5g']"
LG Wing 5G,[]
LG Wing 5G,"['easili', 'use', 'wing', 'sole', 'mobil', 'vlog', 'gear', 'never', 'disappoint', 'also', 'swivel', 'screen', 'still', 'turn', 'head', 'foldabl', 'phone']"
Xiaomi Mi 10T Pro 5G,"['bought', 'phone', 'summer', '2021', 'ive', 'use', 'five', 'year', 'without', 'problem', 'also', 'seriou', 'drawback', 'fragil', 'glass', 'back', 'ive', 'replac', 'twice', 'there', 'call', 'record', 'mani', 'other', 'mention', 'ot']"
Xiaomi Mi 10T Pro 5G,"['got', 'phone', 'jan', '2021', 'still', 'work', 'fine', 'main', 'camera', 'thing', 'realli', 'good', 'even', '2024', 'thing', 'wish', 'also', '35mm', 'headphon', 'jack']"
Xiaomi Mi 10T Pro 5G,"['hey', 'guy', 'im', 'realli', 'enjoy', 'phone', 'tri', 'oneso', 'far', 'good', 'say', 'one', 'best', 'phone', 'produc', 'market']"
Samsung Galaxy S20 FE 5G,['yes']
Samsung Galaxy S20 FE 5G,"['nice', 'phone', 'long', 'last', 'batteri', 'lifeth', 'pictur', 'qualiti', 'sweet']"
Samsung Galaxy S20 FE 5G,"['bought', 'phone', 'refurbish', '2022', 'around', '200usd', 'still', 'use', 'ive', 'look', 'get', 'newer', 'modern', 'devic', 'coupl', 'time', 'end', 'alway', 'chang', 'mind', 'photo', 'look', 'great', 'game', 'run', 'smoothli', 'batteri', 'life', 'kind']"
Realme 7 Pro,"['think', 'still', 'recommend', 'normal', 'use', 'especi', 'play', 'game', 'chip', 'use', 'still', 'suitabl', 'use', '2024', 'charg', 'support', '65w', 'think', 'fast']"
Realme 7 Pro,"['android', 'phone', 'alway', 'buy', 'even', 'sold', 'previou', 'realm', '7', 'pro', 'use', 'model', 'satisfi', 'camera', 'result', 'fast', 'charg', 'batteri', 'life', 'dual', 'speaker', 'ei', 'built', '4k', 'video', 'resolut', 'amol', 'display', 'display', 'finger', 'print', 'com']"
Realme 7 Pro,"['real', '7pro', 'android', '12', 'updat', 'batteri', 'drain', 'fast', 'standbi', 'dont', 'updat']"
OnePlus Nord long-term,"['bro', 'best', 'phone', '5', 'year', 'work', 'game', 'phone']"
OnePlus Nord long-term,"['oneplu', 'nord', '20', 'sever', 'display', 'issu', 'gener', 'softwar', 'issu', 'purchas', 'phone', 'tmobil', 'tech', 'depart', 'could', 'fix', 'issu', 'oneplu', 'technician', 'could', 'repair', 'simpl', 'softwar', 'issu', 'recomm']"
OnePlus Nord long-term,['ye']
vivo X50 Pro+,"['think', 'could', 'mayb', 'inde', 'possibl', 'achiev', 'slightli', 'higher', 'resolut', 'quad', 'bayer', 'dual', 'pixel', 'sensor', 'quad', 'bayer', 'sensor', 'use', 'super', 'resolut', 'algorithm', 'seem', 'vivo', 'doesnt']"
vivo X50 Pro+,"['samsung', 'promis', 'gn1', 'sensor', 'take', '100', 'megapixel', 'photo', 'market', 'liesamsung', 'said', 'samsung', 'also', 'provid', 'softwar', 'algorithm', 'take', 'light', 'inform', 'photodiod', 'produc', 'imag', 'resolut', 'compar']"
vivo X50 Pro+,"['hi', 'great', 'camera', 'im', 'still', 'curiou', 'improv', 'photo', 'qualiti', 'use', 'gcam', 'port', 'special', 'ultrawid', 'telephoto', 'anyon', 'abl', 'found', 'multicamera', 'consciou', 'gcam']"
Ulefone Armor 9,"['own', 'armor', '9', 'flir', '3', 'year', 'option', 'case', 'bought', 'express', 'aliexpress', 'half', 'price', 'flir', 'cat63', 'good', 'problem', 'ever', 'industri', 'environ', 'phone', 'charg', 'type']"
Ulefone Armor 9,"['phone', 'u', '18', 'month', 'worstqual', 'softwar', 'overal', 'qualiti', 'cell', 'phone', 'use', 'sinc', '1997', 'worst', 'tech', 'product', 'ever', 'purchas', 'come', 'close', 'give', 'heart']"
Ulefone Armor 9,"['initi', 'felt', 'way', 'buy', 'brand', 'oversea', 'never', 'heard', 'read', 'sever', 'review', 'mani', 'differ', 'make', 'model', 'decid', 'buy', 'thermal', 'version', 'caus', 'thought', 'cool', '30', 'mo']"
Sony Xperia 5 II,"['that', 'happen', 'friend', 'issu', 'reason', 'happen']"
Sony Xperia 5 II,"['use', 'xperia', 'firmwar', 'tool']"
Sony Xperia 5 II,"['use', 'phone', '1', 'yearar', '6', 'month', 'usag', 'green', 'line', 'start', 'appear', 'sad', 'fact', 'phone', 'love', 'phone', 'perform', 'lot', 'intrest', 'featur']"
Moto G9 (Play),"['actual', 'complain', 'overh', 'charg', 'whan', '50', 'phone', 'market', 'skyrocket', 'temperatur', 'load', '30', 'minsif', 'didnt', 'get', 'mean', 'normal', 'thing', 'liter', 'pay', '170', 'buck']"
Moto G9 (Play),"['great', 'phone', 'money', 'ask', 'recommend', 'heavi', 'game', 'stuff', 'like', 'want', 'least', 'everyth', 'thing', 'got', 'also', 'android', 'experi', 'good', 'moto', 'know', 'theyr']"
Moto G9 (Play),"['actual', 'phone', 'say', 'deem', 'worthi', 'year', 'problem', 'recal', 'camera', 'kinda', 'lower', 'satur', 'processor', 'may', 'best', 'money', 'realli']"
Tecno Camon 16 Premier,"['good', 'loud', 'speaker', 'ear', 'speaker', 'demig']"
Tecno Camon 16 Premier,"['fingerprint', 'work']"
Tecno Camon 16 Premier,"['best', 'tecno', 'uniqu', 'everyth', 'unless', 'got', 'fake', 'onez', 'camon', '16', 'premier', 'origin', 'camera', 'front', 'back', 'okay', 'clear', 'fantast', 'speed', 'oper', 'fast', 'internet', 'phone', 'good']"
Apple iOS 14,"['ye', 'best', 'appl', 'great', 'mayb']"
Apple iOS 14,"['appl', 'need', 'dethron', 'android', 'make', 'atroci', 'overpr', 'product', 'avail', 'less', '60', 'make', 'usabl', 'without', 'itun', 'allow', 'facetim', 'bluetooth', 'platform', 'never', 'ever', 'even', 'symbi']"
Apple iOS 14,"['true', 'cant', 'get', 'homeback', 'close', 'button', 'screen', 'mean', 'iphon', '13', 'new', '14', 'model']"
Motorola Razr 5G hands-on,[]
Motorola Razr 5G hands-on,"['climat', 'chang', 'trojan', 'hors', 'insid', 'legion', 'globalist', 'system', 'poi', 'jump', 'share', 'dream', 'commun', 'absolut', 'state', 'power']"
Motorola Razr 5G hands-on,"['ive', 'phone', '3', 'month', 'first', 'foldableand', 'main', 'gripe', 'screen', 'tall', 'aspect', 'ratio', 'big', 'hand', 'type', 'keyboard', 'without', 'error', 'difficult', 'batteri', 'life', 'horrend', 'th']"
Xiaomi Mi 10 Pro long-term,"['2', 'year', 'usag', 'batteri', 'suck', 'phone', 'diacharg', 'fast', 'even', 'screen', 'night', 'time', 'batteri', 'drop', '45', 'percent', 'conectivitti']"
Xiaomi Mi 10 Pro long-term,"['devic', 'still', 'deserv', 'top', '10', 'camera', 'even', 'year', 'mean', 'thing', 'versatil', 'cameraphon', 'yet', 'alongsid', 'mi', '10', 'ultra', 'uniron', 'still', 'best', 'camera', 'setup', 'market', 'wish']"
Xiaomi Mi 10 Pro long-term,"['got', 'one', 'well', 'know', 'noth', 'chine', 'phone', 'made', 'huawei', 'xiaomi', 'etc', 'exemplari', 'build', 'qualiti', 'cheapli', 'made', 'littl', 'know']"
Poco X3 NFC,"['4', 'year', 'still', 'work', 'well', 'camera', 'good', 'replac', 'batteri', 'like', 'phone', 'like', 'poco', 'phone', 'next', 'phone', 'surli', 'would', 'poco', 'f', 'x', 'seri']"
Poco X3 NFC,"['amaz', 'phone', 'use', 'sinc', '4', 'year', 'still', 'work', 'flawlessli', 'drop', 'multipl', 'time', 'last', 'blow', 'cobbleston', 'realli', 'crack', 'touch', 'top', 'corner', 'howev', 'still', 'work', 'hope', 'new', 'seri', 'poco', 'x7', 'pro', 'w']"
Poco X3 NFC,"['drop', 'like', 'month', 'someth', 'ye', 'im', 'clumsi', 'go', 'strong', 'last', '4', 'year']"
Android 11,"['develop', 'option']"
Android 11,"['dont', 'upgrad', '10', '11', 'good', 'compar', '10']"
Android 11,"['android', '11', 'worst', 'android', 'ever', 'tri', 'improv', 'featur', 'downgrad', 'perspect', 'convers', 'bubbl', 'straight', 'downgrad', 'messeng', 'chat', 'head', 'far', 'better', 'new', 'bubbl', 'look', 'uglier', 'bugg']"
Samsung Galaxy Z Fold2,"['strip', 'issu', 'time', 'usesif', 'unfold', 'switch', 'manufactur', 'defect']"
Samsung Galaxy Z Fold2,"['samsung', 'galaxi', 'fold', '2']"
Samsung Galaxy Z Fold2,"['hi', 'fold', '2', 'phone', 'phone', 'ever', 'worst', 'phone', 'bought', 'mobil', '15', 'day', 'ago', 'screen', 'show', 'bubbl', 'neither', 'phone', 'fallen', 'damagedbut', 'custom', 'care', 'state', 'take', 'back', 'without', 'pay', 'money', 'switch']"
Samsung Galaxy M31s hands-on,"['poor', 'network', 'connect']"
Samsung Galaxy M31s hands-on,"['design', 'properli', 'uphold', 'updat', 'within', '2', 'yr', 'use', 'corrupt', 'mother', 'board', 'lost', 'data', 'samsung', 'charg', '8k', 'new', 'mother', 'board', 'usei', 'dont', 'felt', 'worthi', 'product']"
Samsung Galaxy M31s hands-on,"['motherboard', 'first', '6', 'month', 'use', 'luckili', 'warranti', 'got', 'replac', 'slow', 'laggard', 'perform', 'due', 'outdat', 'chip', 'set', 'recent', 'face', 'issu', 'batteri', 'fail', 'charg']"
OnePlus 8 Pro long-term,"['come', 'back', 'phone', 'year', 'realli', 'say', 'phone', 'age', 'realli', 'well', 'instal', 'gcam', 'would', 'great', 'idea', 'plu', 'phone', 'display', 'still', 'way', 'impress', 'iphon', '12', 'pro', 'max']"
OnePlus 8 Pro long-term,"['actual', 'oneplu', 'never', 'origin', 'design', 'base', 'oppo', 'bbk', 'compani', 'thing', 'oneplu', 'awesom', 'free', 'bloatwar', 'light', 'softwar', 'person', 'still', 'like', 'oneplu', 'btw', 'thing', 'lack']"
OnePlus 8 Pro long-term,['ye']
Xiaomi Mi 10 Ultra,"['wont', 'chang', '9t', 'make', 'someth', 'similair', 'smaller', 'would', 'even', 'better']"
Xiaomi Mi 10 Ultra,[]
Xiaomi Mi 10 Ultra,"['would', 'damn', 'happi', 'made', '2022', 'version', 'k20mi', '9t', 'seri']"
Infinix Zero 8,['ye']
Infinix Zero 8,"['play', 'pubg', 'mobi', 'infnix', 'zero', '8']"
Infinix Zero 8,"['zero', '8', 'boot', 'issu']"
Realme 7 Pro hands-on,"['network', 'go', 'use', '5g', 'phone', 'reaserwch', '5g', 'first', 'talk', 'instead', 'make', 'stupid', 'comment']"
Realme 7 Pro hands-on,['ye']
Realme 7 Pro hands-on,[]
Realme 7 hands-on,"['use', 'phone', 'bright', 'less', 'perform', 'good', 'photo', 'also', 'good']"
Realme 7 hands-on,"['differ', 'ram', 'soc', 'good', 'realm']"
Realme 7 hands-on,"['depend', 'model', 'phone', 'recommend', 'realm', '7', 'delay', 'touch', 'issu', 'phone', 'sinc', '8', 'month', 'ago', 'use', 'realm', 'gt', 'master', 'good', 'realm', 'gt', 'master', 'recommend', 'realm', '7']"
Oppo F17 Pro hands-on,"['nice', 'one', 'like', 'use', '5', 'year', 'happi', 'thankyou', 'oppo']"
Oppo F17 Pro hands-on,"['oppo', 'best', 'phone', 'use', 'sinc', '2020', 'batteri', 'servic', 'littl', 'damag', '5', 'year', 'long', 'electron', 'devic', 'good', 'phone', 'full', 'paisa', 'wosul']"
Oppo F17 Pro hands-on,"['lost', 'mine', 'best', 'ever', 'f17', 'pro']"
Asus Zenfone 7 Pro,"['better', 'choic', 'asu', 'samsung', 's20', 'fe', '5g']"
Asus Zenfone 7 Pro,"['zenfon', '7pro', 'dlna', 'function', 'dont', 'find', 'spec']"
Asus Zenfone 7 Pro,"['zenfon', '7', 'telephoto', 'oi', '1', '8t', 'oi', 'telephoto']"
Realme C15 hands-on,"['also', 'realm', 'c15', 'handset', '5g', 'work', 'plea', 'suggest', 'solut']"
Realme C15 hands-on,"['im', 'use', 'unit', '4gb', '128gb', 'use', '256gb', 'extern', 'memori']"
Realme C15 hands-on,[]
RedMagic 5S,"['support', '90fp', 'mobil', 'legend']"
RedMagic 5S,"['brow', 'phone', 'coz', 'ive', 'seen', 'use', 'fav', 'streamer', 'facebook', 'yt', 'name', 'narco', 'hope', 'id', 'still', 'get', 'one', '3', 'year']"
RedMagic 5S,"['seem', 'like', 'io', 'design', 'kid', 'play', 'power', 'game', 'o', 'doesnt', 'let', 'get', 'potenti', 'advantag', 'specificationscap', 'hand', 'year', 'android', 'almost', 'overcom', 'lag', 'day', 'andro']"
Fairphone 3+ hands-on,"['read', 'watch', 'review', 'feel', 'nostalgia', 'upgrad', 'fp3', 'six', 'year', 'still', 'go', 'strong', 'instal', 'februari', 'secur', 'updat', 'great', 'fun', 'read', 'comment', 'peopl', 'doubt', 'longev', 'phone']"
Fairphone 3+ hands-on,"['wonder', 'could', 'make', 'even', 'cheaper', 'even', 'assembl', 'pack', 'box', 'like', 'lego', 'let', 'user', 'assembl', 'think', 'lot', 'cost', 'come', 'labor', 'charg', 'assembl', 'wouldnt', 'mind', 'assembl']"
Fairphone 3+ hands-on,"['ill', 'buy', 'fairphon', 'provid', '5', 'year', 'tech', 'support', 'replac', 'part', 'fp', '3', 'offici', 'e', 'lineageo', 'support', 'that', 'basic', 'need', 'phone', 'long', 'softwar', 'support', 'period', 'part', 'avail', 'custom', 'o']"
Asus Zenfone 7 Pro hands-on,"['got', 'zenfon', '7', 'knew', 'advanc', 'didnt', '35', 'headphon', 'jack', 'surpris', 'didnt', 'usb', 'adaptor', 'headset', 'like', 'pixel', '5', 'case', 'zenfon', '7', 'miss', 'someth']"
Asus Zenfone 7 Pro hands-on,"['optic', 'finger', 'print', 'sensor', 'lag', 'clearli', 'never', 'use', 'oneplu', 'flagship', 'devic', 'optic', 'take', 'like', '001', 'second', 'unlock', 'instant', 'alway', 'reliabl', 'price', 'right', 'cost', 'fortun', 'clo']"
Asus Zenfone 7 Pro hands-on,"['final', 'oi', 'camera', 'flagship', 'phone', 'ultrason', 'fingerprint', 'sensor', 'side', 'optic', 'finger', 'print', 'sensor', 'lag', 'hate', 'much', 'longer', 'use', 'samsung', 'price', 'right', 'definit', 'buy', 'phone']"
Oppo Watch,"['connect', 'appl']"
Oppo Watch,"['cant', 'connect', 'hey', 'tap', 'health']"
Oppo Watch,"['bought', 'oppo', '41', 'mm', 'today', 'feel', 'much', 'disappoint', 'batteri', 'seller', 'cheat', 'say', 'batteri', 'life', '14', 'day', 'less', '6', 'hour', 'batteri', 'almost', 'fulli', 'drain', 'say']"
Samsung Galaxy Watch3,['made']
Samsung Galaxy Watch3,['love']
Samsung Galaxy Watch3,"['know', 'sinc', 'screen', 'smaller', 'way', 'wors', 'pay', 'watch', 'nfc', 'use', 'time', 'ago', 'one', 'nice', 'summer', 'day', '2016', 'pay', 'tesco', 'counter', 'got', 'call', 'bank', 'told']"
Samsung Galaxy Note20 Ultra 5G,"['tri', 'note', '20', 'ultra']"
Samsung Galaxy Note20 Ultra 5G,"['think', 'go', 'budget', 'phone']"
Samsung Galaxy Note20 Ultra 5G,"['depend', 'budget', 'guess', 'go', 'note', '20', 'ultra']"
Samsung Galaxy Tab S7+,"['camera', 'lot', 'option', 'expo', 'gcam', 'stock', 'camera', 'app', 'complet', 'restrict', 'softwar']"
Samsung Galaxy Tab S7+,"['tab', 'probabl', 'wifi', 'version', 'doesnt', 'sim', 'slot', 'even', 'remov', 'black', 'thing', 'sim', 'wont', 'work', 'there', 'noth', 'tab', 'read', 'sim', 'antenna', 'signal', 'transmiss']"
Samsung Galaxy Tab S7+,"['screen', 'plenti', 'bright', 'matter', 'issu', 'even', 'brightest', 'day', 'ahha', 'that', 'cant', 'see', 'shade']"
Google Pixel 4a,"['camera', '100', '6a']"
Google Pixel 4a,"['question', 'pictur', 'qualiti', 'compar', '6a', 'brief', 'comparison', 'found', 'differ', 'especi', 'open', 'sunni', 'day', 'sun', 'face', '6a', 'better', 'flare', 'control', 'obvious', 'hdr']"
Google Pixel 4a,"['im', 'amaz', 'mani', 'neg', 'comment', 'ive', '4a', 'sinc', 'came', 'nearli', '4', 'year', 'second', 'phone', '6a', 'got', 'nearli', '2', 'year', 'ago', '4a', 'perform', 'outstandingli', 'batteri', 'good', 'new', 'even']"
OnePlus Nord,"['ye', 'abl', 'use', '5g', 'hope', 'your', 'softwar', 'version', '121']"
OnePlus Nord,"['bought', 'oneplu', 'nord', 'start', 'releas', 'date', 'purchas', 'onward', 'im', 'get', 'issu', 'overheatingspe', 'drain', 'batteri', 'camera', 'automat', 'close', 'issu', 'devic', 'oneplu', 'nord', '5g', '12', '256']"
OnePlus Nord,"['one', 'plu', 'nord', 'batteri', 'life', 'doesnt', 'last', 'long', 'without', 'game', 'drop', 'around', '40', 'percent', 'sinc', 'bought', 'use', 'almost', '2', 'year', 'get', 'heat', 'dust', 'water', 'proof']"
Samsung Galaxy Note20 Ultra hands-on,"['holi', 'poop', 'ive', 'drop', 'phone', 'horrend', 'angl', 'quit', 'time', 'without', 'case', 'still', 'doesnt', 'scratch', 'top', 'teir', 'phone', 'qualiti', 'strength', 'last', 'phone', 'huawei', 'p90', 'smart', 'crack', 'pocket', 'small']"
Samsung Galaxy Note20 Ultra hands-on,"['ye', 'water', 'dust', 'proof', 'around', '30', 'minut', '1m', 'depth', 'pool']"
Samsung Galaxy Note20 Ultra hands-on,"['samsung', 'tire', 'complaint', 'regard', 'broken', 'back', 'panel', 'drop', 'floor', 'use', 'phone', 'case', 'phone', 'case', 'close', 'shini', 'back', 'panel', 'plu', 'free', 'doubt', 'glass', 'broke', 'whil']"
vivo X50 hands-on,"['x50', 'say', 'macro', 'mode', 'main', 'camera', 'len', '25mm', 'tele', '50mm', 'one']"
vivo X50 hands-on,"['guy', 'plan', 'buy', 'read', 'except', 'camera', 'look', 'everyth', 'cheap', 'spend', '34k', 'useless']"
vivo X50 hands-on,"['cheap', 'earphonebuy', '35k', 'provid', 'decent', 'ear', 'phone']"
Samsung Galaxy A21s,"['use', '21', 'sinc', '2019it', 'still', 'use', 'degre']"
Samsung Galaxy A21s,"['post', 'comment', 'a21', 'phone', 'best', 'price', 'sooo', 'bad', 'hope', 'upgrad', 'nearli', 'say', 'perfect', 'doesnt']"
Samsung Galaxy A21s,['wow']
Oppo Reno4 Pro,"['plea', 'would', 'like', 'know', 'origin', 'phone']"
Oppo Reno4 Pro,"['reno', '4', 'pro', 'got', 'three', 'green', 'line', 'latest', 'updatei', 'oppo', 'user', 'sinc', 'oppo', 'f1i', 'use', 'almost', '4', 'half', 'year', 'time', 'result', 'unsatisfi', 'oppo', 'compani', 'take', 'care', 'user', 'pay', 'lot', 'money', 'mobi']"
Oppo Reno4 Pro,"['actual', '720g', 'much', 'differ', '732g', 'logic', 'oppo', 'bought', 'mani', '720g', 'also', 'realm', 'get', 'higher', 'bulk', 'discount', 'price', 'rather', 'buy', 'similar', '732g', 'that', 'get', 'margin', 'higher', 'think', 'also', 'look', 'like']"
Motorola Moto G 5G Plus,"['extrem', 'bad', 'buy', 'follow', 'reason', '1', 'slow', 'softwar', 'updat', '2', 'short', 'life', 'updat', 'model', 'releas', 'juli', '2020', 'last', 'updat', 'juli', '2022', 'android', '3', 'softwar', 'bug', 'fix', 'extrem', 'slowli', '4', 'h']"
Motorola Moto G 5G Plus,"['custom', 'rom', 'develop', 'ongo', 'lineageo', 'bring', 'devic', 'offici', 'support', 'android', '13']"
Motorola Moto G 5G Plus,"['think', 'phone', 'discontinu', 'android', '12', 'updat']"
Xiaomi Redmi 9 (Prime),"['huh', 'stole', 'mt', 'nicknam']"
Xiaomi Redmi 9 (Prime),['yssjhshfgf']
Xiaomi Redmi 9 (Prime),"['phone', 'sinc', 'march', '2021', 'still', 'run', 'smoothli', 'got', 'lcd', 'replac', 'one', 'time', 'month', 'ago', 'overal', 'good', 'budget', 'phone', 'dont', 'use', 'game', 'think', 'android', 'version', 'phone', 'final', 'caught', 'ha']"
Motorola Moto G Pro / G Stylus,"['ive', 'moto', 'g', 'stylu', '2020', '3', 'year', 'love', 'great', 'phone', 'time', 'get', 'new', 'one', 'ive', 'faith', 'motorola', 'brand', 'sinc', 'droid', 'x', 'purchas', '2010', 'im', 'disappo']"
Motorola Moto G Pro / G Stylus,"['mine', 'doesnt', 'batteri', 'last', 'day', 'use', 'samssung', 'note', 'got', 'hot', 'need', 'charg', 'daili', 'moto', 'vast', 'improv']"
Motorola Moto G Pro / G Stylus,"['purchas', 'data', 'transfer', 'cabl']"
Realme 6i/6S hands-on,"['samsung', 'gm2']"
Realme 6i/6S hands-on,"['main', 'camera', 'sensor', 'realm', '6i6', 'use', 'realm', '6', 'samsung', 'gw1']"
Realme 6i/6S hands-on,"['actual', 'ive', 'use', 'phone', '3', 'month', 'trust', 'buy', 'garbag', 'connect', 'realli', 'goddamn', 'slow', 'id', 'prefer', 'redmi', 'phone', 'realm', 'phone']"
Asus ROG Phone 3,"['resolv', 'issu', 'conduct', 'cpu', 'rebal', '448', 'usd', 'repair', 'cost']"
Asus ROG Phone 3,"['wifi', 'suddenli', 'dont', 'work', 'updat', 'press', 'wifi', 'button', 'set', 'go', 'back', 'home', 'return', 'set', 'turn', 'stay', 'wifi', 'week', 'reset', 'phone', 'wifi']"
Asus ROG Phone 3,"['mine', 'still', 'run', 'android', '10', 'download', 'uodat', 'manual', 'refus', 'updat', 'show', 'updat', 'fail', 'apart', 'issu', 'phone', 'everyth', 'still', 'work', 'perfectli']"
OnePlus Nord hands-on,"['oneplu', 'nord', 'issu', 'list', 'defici', 'list', '24', 'total', 'issu', 'think', 'buy', 'oneplu', 'nord', 'issu', 'list', '1', 'phone', 'call', 'screen', 'get', 'lock', 'unlock', 'anyth', 'like', 'disconnect', 'call', '2', 'everi', 'c']"
OnePlus Nord hands-on,"['cant', 'understand', 'your', 'call', 'terribl', 'price', 'go', 'velvet', 'would', 'afford', 'midrang', 'phone', 'premium', 'look', 'also', 'didnt', 'tri', 'gcam', 'v30', 'anyway', 'stock', 'camera', 'app', 'terribl', 'add', 'lot']"
OnePlus Nord hands-on,"['lg', 'v30', 'garbag', 'selfi', 'camera', 'imagin', 'terribl', 'g6', 'one', 'cours', 'im', 'go', 'complain', 'price', 'nobodi', 'want', 'wait', 'month', 'alreadi', 'terribl', 'phone', 'buy', 'use']"
Samsung Galaxy S20 Ultra long-term,"['2nd', 'dat']"
Samsung Galaxy S20 Ultra long-term,"['samsung', 'super', 'class', 'alway', 'good', 'qualiti']"
Samsung Galaxy S20 Ultra long-term,['28']
vivo X50 Pro,"['plea', 'dont', 'buy', 'mani', 'friend', 'purchas', 'phone', 'almost', 'one', 'year', 'green', 'vertic', 'line', 'appear', 'screen', 'pathet']"
vivo X50 Pro,"['use', 'imag', 'resiz', 'app', 'android', 'window', 'simpli', 'use', 'm', 'paint', 'even', 'use', 'photoshop', 'photopea', 'browserbas', 'opensourc', 'altern', 'photoshop', 'want', 'freedom']"
vivo X50 Pro,"['downsiz', 'imag', 'manual']"
Xiaomi Mi 10 Lite 5G,"['hi', 'phone', 'better', 'camera', 'redmi', 'note', '10', 'pro', 'thank']"
Xiaomi Mi 10 Lite 5G,"['asd', 'liquid', 'cool']"
Xiaomi Mi 10 Lite 5G,"['mi', '10', 'lite', 'mi', 'note', '10', 'lite', 'differ', 'phone', 'guy', 'daili', 'drive', '10', 'lite', 'almost', 'year', 'say', 'colour', 'excel']"
Samsung Galaxy A41,"['2020', 'a41', 'work', 'usa', 'tmobil', 'sim', 'card', 'thank']"
Samsung Galaxy A41,"['got', 'phone', '2', 'week', 'ago', 'mother', 'replac', 'name', '5yo', 'singl', 'cam', 'dual', 'sim', 'android', 'better', 'aspect', 'good', 'phone', 'expect', 'phone', 'havent', 'chang', 'much', 'low', 'end']"
Samsung Galaxy A41,"['soooo', 'agree', 'want', 'small', 'compact', 'phone']"
Honor 30 Pro+,"['android', 'liter', 'googl', 'syay', 'dont', 'need', 'googl', 'android', 'basic', 'say', 'dont', 'need', 'leg', 'walk']"
Honor 30 Pro+,"['give', 'honor', '30', 'pro', 'plu']"
Honor 30 Pro+,"['phone', 'good', 'bypass', 'bypass', 'instal', 'app', 'simpl', 'touch', 'instal', 'button']"
Samsung Galaxy A31,"['ethiopia', 'phone', 'samsung', 'galaxi', '31', 'call', 'record', 'avail']"
Samsung Galaxy A31,"['use', 'a31', '6gb', 'past', '4', 'yr', 'issu', 'except', 'android', '12', 'camera', 'good', 'daytim', 'batteri', 'excel', 'occasion', 'lag']"
Samsung Galaxy A31,"['go', 'servic', 'point', 'bro', 'use', 'past', '5', 'year', 'never', 'ever', 'face', 'betteri', 'issu', 'singl', 'charg', 'work', 'whole', 'day', 'without', 'issu', 'far', 'till']"
Motorola One Fusion+,"['may', '2026', 'still', 'go', 'strong', 'two', 'day', 'batteri', 'life', 'time', 'run', 'quit', 'ok', 'still', 'amaz', 'valu', 'batteri', 'resili', 'consid', 'wasnt', 'expens', 'begin', 'bad', 'nfc']"
Motorola One Fusion+,"['today', 'date', 'aug', '26', '2023', 'mine', 'still', 'run', 'fast', 'n', 'smooth', 'ive', 'alway', 'motorola', 'fan', 'howev', 'found', 'deal', 'research', 'phone', 'specd', '6gb', 'ram', 'bc', 'im', 'heavi', 'ram', 'user', 'bought']"
Motorola One Fusion+,"['ive', 'use', 'phone', 'sinc', 'septemb', '2020', '2', 'year', 'use', 'singl', 'issu', 'realli', 'happi', 'phone', 'keep', 'great', 'work', 'go', 'motorola']"
Samsung Galaxy A51 5G,"['samsung', '51']"
Samsung Galaxy A51 5G,"['even', 'gsmarena', 'review', 'said', 'exyno', '980', 'effici', 'sd765g', 'perform', 'probabl', 'dont', 'even', 'tri', 'phone', 'think', 'exyno', 'chip', 'bad']"
Samsung Galaxy A51 5G,"['samsung', 'a51', 'doesnt', 'back', 'case']"
Oppo Reno3 Pro 5G  / Find X2 Neo,"['bought', '299', 'price', 'nice', 'phone', 'agre', 'build', 'screen', 'overal', 'feel', 'like', 'flagship', 'sadli', 'im', 'impress', 'front', 'camera', 'imho', 'problem', 'colour', 'light', 'adapt', 'sensor', 'also', 'w']"
Oppo Reno3 Pro 5G  / Find X2 Neo,['mistak']
Oppo Reno3 Pro 5G  / Find X2 Neo,"['yep', 'mine']"
Realme X3 hands-on,['ye']
Realme X3 hands-on,"['best', 'photo']"
Realme X3 hands-on,"['hello', 'take', 'pubg', 'think', 'devic', 'good', 'devic', 'what', 'good', 'what', 'bad']"
LG Velvet with DualScreen,"['phone', 'esim']"
LG Velvet with DualScreen,"['buy', 'today', 'lg', 'dualscreen', 'case', 'velvet', 'thank']"
LG Velvet with DualScreen,"['built', 'modem', 'processor', 'sd765g', 'came', 'oneplu', 'nord', 'toother', 'might', 'much', 'band', 'support', 'servic', 'provid', 'might', 'requisit', 'band']"
Xiaomi Redmi Note 9 Pro/9 Pro Max,"['buy', 'high', 'speed', 'micro', 'sd', 'card', 'around', '128', 'gb', 'format', 'intern', 'storag', 'ye', 'option', 'avail', 'phone', 'default', 'done', 'around', '90', 'gb', 'free', 'intern', 'storag', '64', '6', 'gb', 'model', 'also', 'addit']"
Xiaomi Redmi Note 9 Pro/9 Pro Max,"['use', 'sinc', '4', 'half', 'year', 'still', 'butter', 'smooth', 'except', 'run', 'short', 'memori', 'model', '464']"
Xiaomi Redmi Note 9 Pro/9 Pro Max,"['still', 'best', 'xiaomi', 'phone', 'camera', 'redmi', 'note', '10', 'proredmi', 'seri', 'like', 'note', '10', 'note', '11', 'seri', 'note', '12', 'seri', 'good', 'camera']"
Xiaomi Redmi Note 9,"['use', 'phone', 'recommend', 'play', 'sky', 'child', 'light', 'mani', 'lag']"
Xiaomi Redmi Note 9,"['internet', 'alway', 'turn']"
Xiaomi Redmi Note 9,"['world', 'wors', 'phone', 'ever', 'use', 'redmi', 'note', '9', 'wast', 'phone', 'normal', 'network', 'signal', 'wors', 'worst', 'cant', 'abl', 'connect', 'proper', 'network', 'wifi', 'signal', 'person', 'suggest', 'peopl', 'world', 'dont', 'ever', 'buy', 'th']"
Xiaomi Mi Note 10 Lite,"['essu', 'mi', 'note', '10', 'lite', 'camera', 'front']"
Xiaomi Mi Note 10 Lite,"['page', 'love', '10lite', 'one', 'best', 'phone', 'ever', 'work', 'flawlessli', '4', 'year', 'unfortun', 'also', 'upgrad', 'due', 'storag', '64gb', 'killer', 'day', 'bought', 'new', 'redmi', '13', 'pro', 'dissapoint']"
Xiaomi Mi Note 10 Lite,['also']
Testing 5G: Hype vs. Reality,"['wow', 'must', 'live', 'good', 'spot']"
Testing 5G: Hype vs. Reality,"['your', 'cap', 'bro']"
Testing 5G: Hype vs. Reality,"['ive', 'subscrib', '5g', 'last', 'year', 'alreadi', 'averag', 'monthli', 'usag', '15', '2', 'terrbyt', 'per', 'month', 'stream', '4', 'user', 'got', 's20', 'ultra', 'around', '2', 'month', 'ago', 'got', 'add', '5g', 'sim', 'ive', 'never', 'go']"
Samsung Galaxy M21 hands-on,"['4', 'half', 'year', 'still', 'run', 'pretti', 'good', 'daili', 'use']"
Samsung Galaxy M21 hands-on,"['one', 'worst', 'phone', 'ever', 'use']"
Samsung Galaxy M21 hands-on,"['purchas', 'refurbish', 'm21', 'xtracov', 'mobil', 'sell', 'phone', '1', 'year', 'warranti', 'six', 'month', 'problem', 'ic', 'mean', 'whole', 'phone', 'useless', 'complaint', 'queri', 'onlin', 'get', 'cc', 'address', 'reach', 'told', 'phone', 'w']"
Huawei P40 Pro+,"['repackag', 'phone', 'new', 'bodi', 'youll', 'never', 'notic', '4yearold', 'devic', 'optic', 'still', 'great', 'day', 'mention', 'two', 'telephoto', 'modul', 'great', 'ultrawid', 'macro', 'shoot', 'featur', 'charg']"
Huawei P40 Pro+,"['khadenga', 'po', 'deobharandi', 'pin', '764074']"
Huawei P40 Pro+,['good']
Sony Xperia 10 II,"['soni', 'one', 'best', 'afford', 'mobil', 'amazon', 'websit', 'stock', 'india', 'im', 'wait', 'soni', '10', 'ii', 'mobil', 'india']"
Sony Xperia 10 II,"['great', 'phone', 'price', 'rang', 'processor', 'could', 'tad', 'better', 'wise', 'superb', 'midrang', 'soni', 'camera', 'pretti', 'good']"
Sony Xperia 10 II,"['big', 'fun', 'soni', 'model', 'last', '6', 'month', 'say', 'pretti', 'good', 'today', 'put', 'accident', 'wash', 'machin', '15', 'minut', 'later', 'realiz', 'didnt', 'want', 'test', 'water', 'resist', 'bu']"
Realme X3 SuperZoom,"['tri', 'clean', 'camera', 'cach', 'everi', 'often', 'boost', 'perform', 'consider', 'regard', 'qualiti', 'definit', 'think', 'x3', 'good', 'depend', 'lot', 'subject', 'matter', 'light', 'standard', 'comparison', 'nikon', 'd610', 'd']"
Realme X3 SuperZoom,"['phone', 'absolut', 'right', 'condit', 'dole', 'im', 'use', 'realm', '6', 'pro', 'realm', '5', '5i', 'realm', '7pro', 'speaker', 'absolut', 'right']"
Realme X3 SuperZoom,"['dead', 'trigger', '2', 'run', '120fp']"
Poco F2 Pro,"['instal', 'new', 'android', '14', 'build', 'crdroid', 'httpsxdaforumscomtrom140betaofficiallmicrdroidv100121120234640996post89157409']"
Poco F2 Pro,"['agre', 'phone', 'issu', 'charg', 'port', 'problem', 'common', 'poco', 'f2', 'pro', 'replac', 'charg', 'circuit', 'assembl', 'includ', 'type', 'c', 'port', 'cabl', 'connect', 'charg', 'circuit', 'main', 'motherboard']"
Poco F2 Pro,"['ive', 'phone', '30month', 'still', 'love', '6gb', 'ram', 'reason', 'look', 'new', 'phone', 'go', 'back', 'intern', 'charg', 'cabl', 'issu', 'paid', 'batteri', 'swap', 'point', 'perfect']"
Sony Xperia 1 II,['sadli']
Sony Xperia 1 II,"['hey', 'u', 'see', 'differ', 'clearli', 'satsung', 'flagship', 'chappal', 'flagship', 'phone', 'download', '4k', 'movi', 'play', 'simultan', 'look', 'clear', 'without', 'motion', 'blur', 'u', 'see', 'differ', 'dont', 'go', 'colou', 'movi', 'look', 'nice']"
Sony Xperia 1 II,"['soni', 'xperia', '1', 'ii', 'x', 'realiti', 'engin', 'trilumino', 'display']"
Huawei P40 Pro long-term,"['ye', 'confirm', 'best', 'phone', 'never', 'that', 'wait', 'p70']"
Huawei P40 Pro long-term,"['p40', 'pro', 'still', 'camera', 'king', 'even', 's22', 'ultra', 'photo', 'wors', 'sometim', 'selfi', '3dtof', 'way', 'superior', 'dunno', 'one', 'includ', 'anymor', 'googlefi', 'googl', 'work', 'like', '95', 'plea', 'smartphon', 'compani', 'build', 'phone']"
Huawei P40 Pro long-term,"['huawei', 'p40', 'best', 'huawei', 'user', 'googl', 'issu', 'infact', 'googl', 'author', 'phone', 'issu']"
Amazfit T-Rex,"['must', 'serious', 'damag', 'watch', 'stop', 'water', 'trex', '1', 'worn', '2', 'year', 'work', 'technician', 'physic', 'labour', 'sea', '4', 'day', 'week', 'long', 'summer', 'think', 'brill']"
Amazfit T-Rex,"['dont', 'know', 'use', 'trex', 'pro', 'two', 'year', '0', 'issu', 'take', 'charg', 'use', 'everywher', 'dive', 'work', 'take', 'even', 'go', 'sauna']"
Amazfit T-Rex,"['junk', 'two', 'trex', 'smartwatch', 'dead', 'less', 'year', 'one', 'dead', 'swim', '3', 'foot', 'sea', 'water', 'swim', 'pool', 'water', 'test', 'fals', 'compani', 'poor', 'qualiti', 'warranti']"
Motorola Edge+,"['beauti', 'nice']"
Motorola Edge+,"['mayb', 'get', 'insur', 'cover', 'thing', 'hand', 'wife']"
Motorola Edge+,"['ask', 'mani', 'question', 'live', 'life', 'instead', 'ask', 'go', 'other']"
Motorola Edge,"['get', 'first']"
Motorola Edge,"['love', 'way', 'phone', 'work', 'super', 'fragil', 'even', 'liquid', 'glass', 'case', 'third', 'screen', 'thing']"
Motorola Edge,"['go', 'collect', 'check', 'samsung', 'anytim', 'want']"
Huawei Mate Xs,"['bought', '2024', 'wonder', 'first', 'huawei', 'p30', 'pro', 'swich', 'xiaomi', '13', 'pro', 'realisez', 'snapdragon', 'that', 'consumin', 'lot', 'energi', 'wast', 'heat']"
Huawei Mate Xs,"['cant', 'help', 'think', 'lg', 'brand', 'use', 'phone', 'inspir', 'rollabl', 'screen', 'smartphon', 'mean', 'camera', 'powervolum', 'button', 'place', 'one', 'side', 'bezel', 'notch', 'even', 'punchhol', 'interrupt']"
Huawei Mate Xs,"['come', 'pre', 'instal', 'screen', 'protector', 'ive', 'mine', '9', 'month', 'still']"
Moto G8 Power,"['rubbish', 'wifi', 'disconnect', 'constantli', '5ghz', 'wifi']"
Moto G8 Power,"['one', 'probabl', 'g8', 'power', 'sold', 'intern', 'one', 'g', 'powerthey', 'look', 'differ']"
Moto G8 Power,"['plastic', 'harm', 'environ', 'thoughtless', 'litter', 'andor', 'improp', 'dispos', 'plastic', 'self', 'absorb', 'moron']"
Oppo Find X2,"['case', 'iphon', '11', 'pro', 'max', 'around', '550']"
Oppo Find X2,['china']
Oppo Find X2,"['anyon', 'call', 'issu', 'devic']"
Xiaomi Mi 10 5G,"['instal', 'miui', '1405', 'work', 'much', 'better', 'current', 'best', 'midrang', 'phone']"
Xiaomi Mi 10 5G,"['still', 'use', 'amaz', 'phone', '2025', 'got', 'chine', 'version', 'excel', 'advertis', 'android', '13', 'secur', 'patch', 'novemb', 'last', 'year', 'think', 'theyr', 'discontinu', 'still', 'amaz', 'big', 'up', 'xiaomi']"
Xiaomi Mi 10 5G,"['hyper', 'o', 'download', 'secur', 'patch', '032024', 'happi', 'might', 'keep', 'anoth', 'year', 'good', 'job', 'xiaomi']"
Apple iPhone SE (2020),"['use', 'phone', 'around', 'year', 'happi', 'batteri', 'issu']"
Apple iPhone SE (2020),"['wish', 'guy', 'would', 'consid', 'old', 'db', 'level', 'least', 'ring', 'tone', 'loudspeak', 'level', 'new', 'method', 'isnt', 'practic', '2', 'import', 'need', 'know', 'item', 'imo', 'thank']"
Apple iPhone SE (2020),"['complain', 'idl', 'batteri', 'drain', 'drain', 'like', '10', '8', 'hour', 'night', 'much', 'appl', 'forc', 'bluetooth', 'scan', 'smart', 'devic', 'tag', 'sht', 'even', 'disabl', 'bt', 'also', 'suspect', 'wideband', 'network', 'manag', 'scan', 'bad']"
OnePlus 8 Pro,"['8pro', 'better']"
OnePlus 8 Pro,"['8pro', 'best']"
OnePlus 8 Pro,"['plea', 'suggest', 'buy', 'oneplu', '8pro', 'oneplu', '9r', 'oneplu', '7prowhich', 'best', 'model']"
Xiaomi Redmi Note 9S / 9 Pro,"['use', 'phone', 'post', 'comment', 'phone', 'sinc', 'may', '2020', '2', 'week', 'releas', 'sure', 'peopl', 'said', 'issu', '2', 'year', 'ive', 'almost', '6', 'year', 'still', 'issu', 'doesnt', 'fulli', 'supp']"
Xiaomi Redmi Note 9S / 9 Pro,"['use', 'phone', '3', 'year', 'would', 'say', 'last', 'long', 'enough', 'heavi', 'phone', 'user', 'play', 'game', 'use', 'extend', 'hour', 'ok', '2', 'year', 'didnt', 'face', 'major', 'issu', 'start', 'face', 'hardwar', 'issu', 'like', 'vol']"
Xiaomi Redmi Note 9S / 9 Pro,"['itni', 'shiddat', 'se', 'main', 'tumh', 'paan', 'ki', 'koshish', 'ki', 'hai', 'ki', 'har', 'zarr', 'ne', 'mujh', 'tum', 'milan', 'ki', 'saazish', 'ki', 'hai']"
OnePlus 8,"['plea', 'mobil', 'updat', 'one', 'plu', '8']"
OnePlus 8,"['would', 'like', 'new', 'oneplu', 'base', 'size', 'op8', 'bigger']"
OnePlus 8,"['use', 'oneplu', '8', 'well', 'year', 'batteri', 'last', 'least', 'day', 'sometim', '2', 'use', 'phone', '3', 'hour', 'day', 'game', 'like', 'clash', 'clan', 'fallout', 'shelter', 'watch', 'youtub', 'use', 'snapchat', 'search']"
vivo iQOO 3 5G,"['use', '12256', '5g', 'version', 'bought', '2020', 'still', 'work', 'inconveni', 'nfc', 'that', 'otherwis', 'everyth', 'awesom']"
vivo iQOO 3 5G,"['connect', '5g', 'network', 'option', 'avail']"
vivo iQOO 3 5G,['display']
Xiaomi Mi 10 Pro 5G,"['one', 'lock']"
Xiaomi Mi 10 Pro 5G,"['ye', 'good', 'mobil']"
Xiaomi Mi 10 Pro 5G,[]
LG V60 ThinQ 5G,"['would', 'go', 'refurbish', 'done', 'v60', 'old', 'clue', 'batteri', 'get', 'wors', 'wors', 'want', 'give', 'best', 'phone', 'ever', 'made', 'finish', 'refurb', 'two', 'dual', 'screen', 'v60', 'wit']"
LG V60 ThinQ 5G,"['difficult', 'replac', 'back', 'glass', 'everyon', 'broken', 'back', 'anyway', 'involv']"
LG V60 ThinQ 5G,"['finish', 'refurb', 'two', 'dual', 'screen', 'v60', 'new', 'batteri', 'charg', 'port', 'back', 'glass', 'like', 'brand', 'new', 'notic', 'newer', 'phone', '1t', 'byte', 'storag', 'may', 'look', 'coupl', 'year', 'use', 'headphon', 'qub']"
Realme X50 Pro 5G,"['camera', '10', '8', 'display', '10', '7', 'interfac', '10', '9', 'charg', '10', '10', 'overal', '10', '85']"
Realme X50 Pro 5G,"['camera', 'good', 'iphon', '12', 'use', 'sinc', '15', 'year']"
Realme X50 Pro 5G,"['phone', 'better', 'phonethi', 'realm', 'x50', 'pro', 'standard', 'one', 'plu', '8both', 'run', 'snapdragon', '865', '90', 'refresh', 'screen', 'cost', '2022', '250', 'pound', 'newi', 'need', 'know', 'plea']"
OnePlus 8 Pro hands-on,"['ye', 'avail']"
OnePlus 8 Pro hands-on,"['plea', 'dxomark', 'oneplu', '8', 'pro', 'preview', 'dxomark', 'also', 'plea', 'gsmarena', 'full', 'review', 'oneplu', '8', 'pro']"
OnePlus 8 Pro hands-on,['yesss']
OnePlus 8 hands-on,"['woah', 'care', 'dude', 'everyon', 'like', 'android']"
OnePlus 8 hands-on,"['where', 'bloodi', 'review']"
OnePlus 8 hands-on,"['oneplus8', 'esim', 'option', 'anyon', 'suggest']"
Realme 6i,"['tell', 'short', 'display', 'led', 'lcd', 'cant', 'understand']"
Realme 6i,"['full', 'day', 'come', 'batteri']"
Realme 6i,"['mmsd', 'card', 'much', 'sd', 'size']"
Huawei P40,"['xiaomi', '13', 'pro', '12', 'ultra', 'got', 'better', 'cameta', 'mi', '11', 'ultra']"
Huawei P40,['ye']
Huawei P40,"['think', 'flagship', '2020', 'better', 'flagship', '2023']"
"TCL 10 Pro, 10 5G and 10L hands-on","['tcl', '10', '5g', 'dual', 'sim', 'micro', 'sd', 'slot', 'second', 'sim', 'slot', '5g', 'connect', 'use', 'togeth', 't790i', 'model', 'number']"
"TCL 10 Pro, 10 5G and 10L hands-on",['ye']
"TCL 10 Pro, 10 5G and 10L hands-on","['tcl', '10', '5g', 'dual', 'sim', 'devic']"
Realme 6 Pro,"['best', 'phone', 'use', 'last', '5', 'year', 'work', 'without', 'issu']"
Realme 6 Pro,"['camera', 'defin', 'poor', 'camera', 'lot', 'featur', 'youll', 'get', 'flagship', 'phone', 'like', 'telephoto', 'len', 'ultra', 'wide', 'ultra', 'wide', 'selfi', 'camera', 'never', 'heard', 'phone', 'ultra', 'wide', 'len', 'selfi', 'camera']"
Realme 6 Pro,"['quit', 'surpris', 'phone', 'like', 'never', 'got', 'almost', 'absolut', 'review', 'phone', '3', 'year', 'yet', 'found', 'realm', 'product', 'superced', '6', 'except', 'camera', 'output', 'upgrad', 'success', 'corr']"
RedMagic 5G,"['game', 'max', 'graphic', '60fp', 'mobil', 'game', 'current', 'downsid', 'phone', 'melt', 'skin', 'hand', 'get', 'hot']"
RedMagic 5G,"['pogo', 'pin']"
RedMagic 5G,"['phone', 'avail', 'phillippin']"
Realme 6,['ye']
Realme 6,"['still', 'use', 'realm', '6', 'know2025']"
Realme 6,"['realm', '6', 'wifi', 'connect', '24ghz', 'low', 'like', 'one', 'bar', 'connect', '5g', 'good', 'fix']"
Huawei P40 Pro,"['ye', 'got', 'mine', '3', 'week', 'ago', 'got', 'easili', '67', 'hour', 'sot']"
Huawei P40 Pro,"['buy', 'second', 'hand', 'still', 'give', '5', 'hour', 'sot']"
Huawei P40 Pro,"['anyon', '2025', 'current', 'still', 'use', 'huawei', 'p40', 'pro', 'type', 'comment', 'still', 'best', 'phone', '5yr', 'count', 'issu', 'whatsov']"
Huawei P40 hands-on,"['think', 'neg', 'comment', 'p40', 'seri', 'never', 'hold', 'phonefor', 'gm', 'deal', 'breaker', 'use', 'older', 'phone', 'bussi', 'new', 'gm', 'phone', 'privat', 'time', 'power', 'p40', 'seri', 'camera', 'main', 'reason', 'th']"
Huawei P40 hands-on,"['im', 'buy', 'huawei', 'p40', 'pro', 'god', 'will', 'huawei', 'enthusiast', 'sinc', 'day', 'p8', 'gm', 'belong']"
Huawei P40 hands-on,"['wont', 'buy', 'transfer', 'app', 'saidi', 'dont', 'care', 'gm']"
Samsung Galaxy S20+,['damn']
Samsung Galaxy S20+,['ok']
Samsung Galaxy S20+,"['ive', 'got', 'two']"
OnePlus 7T Pro long-term,"['think', '7t', 'pro', '7t', 'pro', 'maclean', 'best', 'phn', 'oneplu']"
OnePlus 7T Pro long-term,"['still', 'love', 'phone', 'think', 'still', 'go', 'phone', 'next', '5', 'year']"
OnePlus 7T Pro long-term,"['2g', 'standbi', 'think', 'peopl', 'use', '2nd', 'busi', 'line', 'person', 'smartphon', '1st', 'sim']"
Xiaomi Redmi Note 8 Pro long-term,"['best', 'camera', 'phone', 'compar', 'phone', 'that', 'chang', 'phone']"
Xiaomi Redmi Note 8 Pro long-term,"['use', 'rn8p', '5', 'year', 'better', 'lot', 'flagship', 'idk', 'hell', 'u', 'talk']"
Xiaomi Redmi Note 8 Pro long-term,"['ye', 'nice', 'phone', 'also', 'use', 'sinc', '2019', 'work', 'well']"
Oppo Find X2 Pro,"['ive', 'use', 'beast', 'devic', 'sinc', 'april', '2021', 'wow', 'cant', 'get', 'enough', 'last', 'year', 'batteri', 'issu', 'drain', 'fast', 'chang', '44', 'euro', 'like', 'new', 'devic', 'today', '062025', 'got', 'black', 'screen', 'probl']"
Oppo Find X2 Pro,"['oppo', 'find', 'x2', 'pro', 'beast', 'devic', 'still', 'hold', 'remark', 'well', 'even', '2025', 'here', 'design', 'display', 'phone', 'stunner', 'sleek', 'design', 'that', 'premium', 'comfort', 'hold', '678inch']"
Oppo Find X2 Pro,"['hello', 'buy', 'second', 'hand', 'januari', '2025', 'batteri', 'lot', 'wors', 'use', '60hz', 'screen', 'refresh', 'rate', 'well', 'help', 'thank']"
Huawei P40 Lite / nova 7i,"['play', 'store', 'work']"
Huawei P40 Lite / nova 7i,"['huawei', 'p40', 'lite', 'two', 'place', 'sim', 'card', 'sim1', 'sim', 'card', 'sim', '1', 'read', 'l', 'cant', 'activ', 'sim', '2', 'could', 'problem', 'caus', 'sim', '1', 'show']"
Huawei P40 Lite / nova 7i,"['phone', 'amaz', 'use', 'phone', '4', 'year', 'even', 'still', 'use', 'phone', 'game', 'one', 'thing', 'disappoint', 'buy', 'memori', 'card', 'phone', 'countri', 'malaysia', 'way', 'expens']"
Samsung Galaxy S20,"['yeah', 's20', 'better', 'somehow', 's20', 'valu', 'drop', 'lot', 'particularli', 'second', 'hand', 'market', 'compar', 's21', 'even', 's10', 'much', 'like', 'bc', 'outdat', 'android', 'overal', 'design', 's10', 's21', 'still', 'look', 'nice', '2026', 's20', 'lo']"
Samsung Galaxy S20,"['bought', 's20', 'plu', '5', 'cant', 'reset', 'enter', 'wrong', 'pin', 'sever', 'time', 'lock', 'unlock', 'box', 'voic', 'activ']"
Samsung Galaxy S20,"['stil', 'well', 'nowfast', 's20', '5g']"
Honor 9X Pro,"['good', 'phone']"
Honor 9X Pro,['ok']
Honor 9X Pro,"['agre', 'u', 'great', 'phone', 'depend', 'look', 'gaminig', 'perfect', 'look']"
Infinix S5 Pro,"['phone', 'nice', 'good', 'gamingth', 'screen', 'type', 'best', 'overheat', 'lot', 'ever', 'overheat', 'batteri', 'run', 'lastli', 'phone', 'ugli']"
Infinix S5 Pro,"['updat', 'android', 'version']"
Infinix S5 Pro,"['brilliant', 'phone']"
Realme 6 Pro hands-on,"['question', 'realm', '6', 'pro', 'support', '50w', 'fast', 'charg']"
Realme 6 Pro hands-on,"['ye', 'absolut', 'better', 'camera', 'configur']"
Realme 6 Pro hands-on,"['hi', 'gsmarena', 'team', 'im', 'michael', 'india', 'got', 'confus', 'littl', 'realm', '6', 'pro', 'review', 'youv', 'given', '283789', '6', 'pro', 'antutu', '8', 'youv', 'given', 'pro', 'hand', 'review', 'review', 'realm', '6', 'lower', 'pro', 'antutu', '8']"
Oppo Find X2 Pro hands-on,"['dear', 'smart', 'phone', 'compani', 'plea', 'make', 'small', 'smartphonescompact', 'one', '55', 'inch', 'one']"
Oppo Find X2 Pro hands-on,"['camera', 'perform', 'worri', 'noth', 'el', 'let', 'see', 'final', 'softwar', 'product', 'camera', 'video', 'sampl', 'decid', 'def', 'promis', '2020', 'contend']"
Oppo Find X2 Pro hands-on,"['think', 'isnt', 'problem', 'regular', 'backup', 'like', 'desktop', 'hdd', 'intern', 'storag', 'fail', 'anytim', 'multipl', 'reason', 'thing', 'save', 'regular', 'backup', 'besid', 'lose', 'phone', 'lose', 'data', 'plu', 'th']"
TCL futuristic foldables hands-on,"['design', 'unnecessarili', 'flashi']"
TCL futuristic foldables hands-on,"['glass', 'cant', 'bend', 'ever', 'heard', 'optic', 'fiber']"
TCL futuristic foldables hands-on,"['tcl', 'keep']"
Realme 6 hands-on,"['camera', 'fine', 'could', 'take', 'stun', 'photo', 'friend', 'would', 'alway', 'use', 'phonerealm', '6', 'photo', 'op']"
Realme 6 hands-on,"['avail', 'egypt']"
Realme 6 hands-on,"['bought', 'comment', 'camera', 'wasnt', 'good', 'blur']"
Samsung Galaxy Z Flip,"['phone', 'crack', 'middlei', 'would', 'recommend', 'phone', 'anyon', 'take', 'warranti', 'due', 'normal', 'solid', 'samsung', 'qualiti', 'howev', 'miss', 'boat', 'one']"
Samsung Galaxy Z Flip,"['buy', 'warranti', 'worth', 'got', 'mind', 'chang', '13000', 'got', 'replac', '2', 'time', 'alreadi']"
Samsung Galaxy Z Flip,"['number', 'plea', 'want', 'talk', 'plea', 'go', 'purchas', 'one', 'mobil']"
Oppo Reno3 Pro,"['best', 'best', 'phone']"
Oppo Reno3 Pro,[]
Oppo Reno3 Pro,"['use', 'phone', '5', 'year', 'best', 'phone']"
Samsung Galaxy S20 Ultra,['ultra']
Samsung Galaxy S20 Ultra,"['thank', 'info', 'would', 'never', 'thought', 'give', 'tri']"
Samsung Galaxy S20 Ultra,"['batteri', 'test', 'made', '3', 'g', 'net', 'work', 'what', 'purpos', 'network', 'time', '4g', '5', 'g']"
LG V60 ThinQ 5G hands-on,"['foon', 'contract', '36', 'month', 'price', 'play', 'wma', 'filesdoesnt', 'file', 'system', 'use', 'googl', 'filesfing', 'print', 'scanner', 'work', 'your', 'lucki', 'lost', 'contact']"
LG V60 ThinQ 5G hands-on,"['phone', 'avail', 'u', 'bad', 'lg', 'lose', 'buyer', 'poor', 'distribut', 'sell', 'polici', 'latest', 'model', 'avail', 'countri', 'v40', 'cmon', 'fault']"
LG V60 ThinQ 5G hands-on,"['lg', 'go', 'allow', 'other', 'around', 'world', 'purchas', 'im', 'australia', 'realli', 'would', 'like', 'distribut', 'truli', 'suck']"
Galaxy S20 Ultra camera comparison,"['cours', 'didnt', 'use', 'phone', 'stupid', 'think', 'think', 'use', 'nokia', '6120c', 'time', 'internet', 'gsmarena', 'lot', 'sampl', 'check', 'make', 'sure', 'check', 'good', 'srg']"
Galaxy S20 Ultra camera comparison,"['there', 'also', 'third', 'possibl', 'never', '808', 'stupid', 'enough', 'show', 'ignor']"
Galaxy S20 Ultra camera comparison,"['p30pro', 'lumia', '950xl', 'great', 'camera', 'phone', 'detail', 'colour', 'depart', '808', 'better', 'thing', 'wors', 'dynam', 'rang', 'due', 'lack', 'hdr', 'sush']"
vivo iQOO 3 hands-on,"['im', 'posit', 'think', 'black', 'shark', '3', 'pro', 'cuz', 'trigger', 'batteri', 'there', 'good', 'phone', '665and', '5000', 'mah', 'cheaper', 'price', 'might', 'consid', 'one']"
vivo iQOO 3 hands-on,['mean']
vivo iQOO 3 hands-on,"['lost', '60hz']"
Samsung Galaxy M31 hands-on,"['m31f15d', 'sinc', '2020', 'face', 'mobil', 'network', 'problem', '1st', 'sim', '_', 'jio', 'mobil', 'data', 'signal', 'becom', 'weak', 'network', 'data', 'check', 'found', 'instrument', '3g']"
Samsung Galaxy M31 hands-on,"['phone', 'year', 'charg', 'problem', 'start', 'display', 'got', 'problem', 'replac', 'final', 'softwar', 'issu', 'came', 'phone', 'activ', 'use', 'samsung', 'phone', 'long', 'time', 'whenev', 'go']"
Samsung Galaxy M31 hands-on,"['bought', 'phone', '2020', 'still', 'use', '2025', 'issu']"
Huawei Mate Xs hands-on,"['im', 'go', 'go', 'total', 'rant', 'ill', 'save', 'huawei', 'custom', 'servic', 'im', 'disappoint', 'two', 'thing', '1', 'rather', 'phone', 'open', 'like', 'book', 'reveal', 'screen', 'see', 'littl', 'metrial', 'scratch']"
Huawei Mate Xs hands-on,"['stereo', 'speaker', 'headphon', 'jackcreas', 'fold', 'unfold', 'wildli', 'expensiveearli', 'day', 'yet']"
Huawei Mate Xs hands-on,['three']
Realme X50 Pro 5G hands-on,"['realm', 'x', '50', 'pro', 'frant', 'camera', 'better', 'one', 'plu']"
Realme X50 Pro 5G hands-on,"['everi', 'yeara', 'phone', 'miss', 'someth', 'eant', 'phone', 'jackirdu', 'front', 'tripl', 'back', 'camerastereo', 'speakers4000mah', 'batterysd', 'card', 'slot', 'much', 'ask', 'phone', 'maker']"
Realme X50 Pro 5G hands-on,"['full', 'review', 'come', 'confus', 'oneplu', '7t', 'x50', 'pro', 'like', 'chipset', 'ram', 'x50', 'want', 'know', 'camera', 'compar', 'x50', 'pro']"
Samsung Galaxy S10 Lite,"['post', '2026', '55', 'year', 'old', 's10', 'lite', 'great', 'phone', 'compar', 'see', 'fair', 'new', 'phone', 'seem', 'havent', 'come', 'far', 'nice', 'technolog', 'upgrad']"
Samsung Galaxy S10 Lite,"['post', '2026', '55', 'year', 'old', 's10', 'lite', 'plan', 'buy', 'new', 'phone', 'want', 'compar', 'far', 'come', 'seem', 'havent', 'leap', 'exponenti', 'one', 'great', 'phone', 'though']"
Samsung Galaxy S10 Lite,['ye']
Realme C3 hands-on,"['use', 'mobil', 'sinc', '2020', 'batteri', 'amaz']"
Realme C3 hands-on,"['na', 'wala', 'po', 'yan', 'yon', 'cp', 'ko']"
Realme C3 hands-on,"['absolut', 'thought']"
Xiaomi Mi Note 10 long-term,"['long', 'rang', 'wifai', 'work']"
Xiaomi Mi Note 10 long-term,"['phone', 'best', 'phone', 'ever']"
Xiaomi Mi Note 10 long-term,"['anyon', 'face', 'display', 'blind', 'problem']"
Samsung Galaxy A51,"['overal', 'a51', 'remain', 'best', 'categorylatest', 'develop', 'improv', 'size', 'processor', 'mainlycamera', 'rest', 'remain', 'basic', 'price', 'slightli', 'increas', 'also', '51', 'memori', 'card', 'availablea', 'real']"
Samsung Galaxy A51,"['command', 'text', 'translat']"
Samsung Galaxy A51,"['like', 'phone']"
Xiaomi Redmi K30,"['compat', 'screen', 'display', 'draw', 'tablet', 'devic', 'xp', 'pen']"
Xiaomi Redmi K30,"['like', 'phone']"
Xiaomi Redmi K30,"['plastic', 'aluminum', 'frame', 'sure', 'buy']"
Honor V30 Pro,"['price', 'high', 'compar', 'qualiti', 'perform', 'processor', 'kirin', 'paper', 'spec', 'great', 'realli', 'perform', 'averag', 'dont', 'understand', 'manufactur', 'think', 'price', 'handset']"
Honor V30 Pro,['nice']
Honor V30 Pro,"['front', 'camera', 'hole', 'utterli', 'ugli', 'doesnt', 'fit', 'ui', 'pad', 'huge', 'pad', 's10e', 'singl', 'well', 'posit', 'ui', 'hole', 'right', 'far', 'better']"
"Best phones for selfies, Jan 2020","['wouldnt', 'samsung', 'galaxi', 'a80', 'decent', 'offer', 'pretti', 'cool', 'flippi', 'camera', '48mp', 'selfi']"
"Best phones for selfies, Jan 2020","['give', 'top', '10', 'rank']"
"Best phones for selfies, Jan 2020","['your', 'talk', 'samsung', 'say', 'sensat', 'might', 'actual', 'true', 'though', 'like', 'xiaomi', 'oppo', 'huawei', 'sort', 'that', 'one', 'good', 'joke', 'lock', 'bootload', 'stay', 'right', 'got', 'madenot', 'mention', 'labo']"
vivo U20 hands-on,['wow']
vivo U20 hands-on,['superb']
vivo U20 hands-on,"['redmi', 'note', '8', 'pro', 'ip', 'screen', 'v17', 'pro', 'super', 'amol', 'display', 'v17', 'prov17', 's1', 'pro', 'much', 'better', 'display', 'qualiti', 'compar', 'redmi', 'note', '8', 'pro']"
Mi Note 10 vs. Galaxy Note10+: Do you really need 108MP in a phone?,['good']
Mi Note 10 vs. Galaxy Note10+: Do you really need 108MP in a phone?,"['actual', 'need', '8k', '50mp', 'enough']"
Mi Note 10 vs. Galaxy Note10+: Do you really need 108MP in a phone?,"['dslr', 'camera', 'phone', 'm8']"
Redmi Note 8 Pro vs. Realme X2: Showdown,"['bst', 'featur', 'ir', 'blaster']"
Redmi Note 8 Pro vs. Realme X2: Showdown,"['mi', 'note', '8', 'pro', 'first', 'super', 'slow', 'motion', 'camera', 'u', 'remov', 'need', 'camera']"
Redmi Note 8 Pro vs. Realme X2: Showdown,"['think', 'choos', 'redmi', 'note', '8', 'pro', 'power', 'perform', 'long', 'batteri', 'life', 'like', 'gamer']"
Xiaomi Redmi 8a hands-on,['ok']
Xiaomi Redmi 8a hands-on,"['exactli', 'im', 'face', 'challeng']"
Xiaomi Redmi 8a hands-on,"['redmi', '8a', 'tri', 'updat', 'phone', 'system', 'soon', 'done', 'went', 'cant', 'want', 'work', 'vibrat']"
Samsung Galaxy M30s,"['cant', 'upgrad', 'past', 'android', '11']"
Samsung Galaxy M30s,"['upgrad', 'm30', 'higher', 'android', 'version', '11']"
Samsung Galaxy M30s,"['m30', 'exyno', 'chipset', 'kind', 'chipset', 'directli', 'give', 'amount', 'power', 'cpu', 'product', 'got', 'stuck', 'hot', 'sometim', 'qualcomm', 'alway', 'use', 'charg', 'ic', 'mediat', 'give', 'power', 'ic']"
Samsung Galaxy Note10+ long-term,"['phone', 'sinc', 'launch', 'still', 'go', 'strong', 'asid', 'follow', 'big', 'deal', 'may', 'batteri', 'spen', 'fail', 'limit', 'featur', 'wireless', 'charg', 'work', 'intermitt', 'sure', 'damag']"
Samsung Galaxy Note10+ long-term,"['kinda', 'dont', 'recommend', 'screen', 'protector', 'case', 'fingerprint', 'sensor', 'unus', 'screen', 'protector']"
Samsung Galaxy Note10+ long-term,"['issu', 'ultra', 'sonic', 'fingerprint', 'fast']"
LG V50 ThinQ 5G Dual Screen,"['u', 'found', 'anyth', 'replac', '65', 'solid', 'audio', 'video', 'captur']"
LG V50 ThinQ 5G Dual Screen,"['duo', 'screen', 'killer', 'weapon', 'phone', 'sadli', '95', 'peopl', 'arent', 'interest']"
LG V50 ThinQ 5G Dual Screen,"['great', 'time', 'updat', 'lg', 'phone', 'product', 'phone', 'switch', 'watt', 'app', 'duo', 'handheld', 'comput', 'smartphon', 'steroid', 'one', 'kind']"
Motorola Moto G8 Plus,"['moto', 'g8', 'plu', 'resist', 'moto', 'e7i', 'power']"
Motorola Moto G8 Plus,"['sum', 'well']"
Motorola Moto G8 Plus,"['tha', 'stok', 'motorola', 'moto', 'g8', 'plu']"
OnePlus 7T long-term,"['use', 'adb', 'trim', 'telemetri', 'servic', 'enabl', 'unus', 'resourc', 'like', 'gpu', 'acceler', 'n', 'graphic', 'handl', 'easili', 'get', '6', 'hr', 'sot', 'normal', 'daili', 'use', 'exclud', 'game', 'get', 'heavier', 'stay']"
OnePlus 7T long-term,"['oneplu', '7t', '8128gb', 'bought', '2019', 'still', 'hold', 'today', 'smartphon', 'batteri', 'life', 'reduc', 'still', 'bad', 'still', 'charg', 'rapidli', 'warpcharg', 'downsid', '4g', 'phone']"
OnePlus 7T long-term,"['would', 'say', 'use', '3', 'year', 'seen', 'amaz', 'smartphon', 'time', 'still', 'copup', 'today', 'flagship', 'batteri', 'show', 'littl', 'fastter', 'discharg', 'manag', 'usag', 'smartphon', 'serv', 'purp']"
Xiaomi Redmi Note 8T,['epic']
Xiaomi Redmi Note 8T,"['remov', 'everyth', 'adb']"
Xiaomi Redmi Note 8T,"['ive', 'better', 'experi', 'camera', 'captur', 'stun', 'detail', 'smooth', 'beta', 'updat', 'run', 'latest', 'miui', 'avail', 'note', '8t', 'none', 'help', 'take', 'xiaomi', 'throug']"
Realme 5s,"['phone', 'amaz', 'iam', 'use', '5year', 'weri', 'thank', 'realm']"
Realme 5s,"['absolut', 'right']"
Realme 5s,"['ye', 'phone', 'bad', 'didnt', 'give', 'softwar', 'updat', 'sinc', '3', 'year', 'riski', 'phone', 'cyber', 'secur', 'also', 'heat', 'hang', 'mani', 'time', 'day', 'also', '10w', 'charg', 'capabl', 'take', 'upto', '3ho']"
Google Pixel 4,['n9']
Google Pixel 4,"['that', 'fanat']"
Google Pixel 4,"['think', 'pretti', 'good', 'option', '100200', 'perform', 'good', 'averag', 'use', 'game', 'camera', 'qualiti', 'way', 'better', 'option', 'price']"
Xiaomi Redmi Note 8,"['use', '64gb4gb', 'version', '2020', 'model', 'work', 'fine', 'replac', 'batteri', '4year', 'display', 'bright', 'good', 'compar', 'modelsi', 'bought', 'phone', 'mainli', 'sensor', 'compassgyro', 'accelerometerfing', 'print', 'wont', 'find', 'g']"
Xiaomi Redmi Note 8,['ye']
Xiaomi Redmi Note 8,"['upgrad', 'redmi', 'note', '8', 'mini', '13', 'android']"
Honor V30/V30 Pro hands-on,"['lcd', 'littl', 'bit', 'setback', 'case', 'phone', 'end', 'world', 'like', 'kirin', '990', 'separ', 'balong', '5000', 'chipset', '5g', 'better', 'batteri', 'save', 'option', 'process', 'integrat']"
Honor V30/V30 Pro hands-on,"['ip', 'lcd', 'deal', 'breaker']"
Honor V30/V30 Pro hands-on,"['checkmat', 'edit']"
Best smartphones of 2026 - buyer’s guide,"['2026', 'best', 'smartphon', 'realli', 'depend', 'need', 'clear', 'flagship', 'stand', 'across', 'review', 'rank', 'toptier', 'phone', 'like', 'iphon', '17', 'pro', 'max', 'samsung', 'galaxi', 's26', 'ultra', 'googl', 'pixel', '10', 'pro', 'xl', 'consist', 'ra']"
Best smartphones of 2026 - buyer’s guide,"['bold', 'confid', 'wrong', 'honor', 'magic', 'seri', 'get', '7', 'year', 'softwar', 'updat', 'seem', 'thing', 'short', 'lifespan', 'accuraci', 'comment']"
Best smartphones of 2026 - buyer’s guide,"['guid', 'alway', 'updat', 'period', 'period', 'seem', 'good', 'guid', 'help', 'choos', 'good', 'android', 'sinc', 'ton', 'android', 'phone', 'market', 'im', 'even', 'familiar']"
Realme 5s hands-on,"['realli', 'nice', 'reason', 'phone', 'allim', 'satisfiedq']"
Realme 5s hands-on,"['yeah', 'got', 'mine', 'camera', 'upgrad', 'doesnt', 'seem', 'tempt', 'swop', 'set', 'newer', 'one']"
Realme 5s hands-on,"['mean', 'thing', 'budget', 'chine', 'brand', 'care', 'custom', 'point', 'buy', 'devic', 'fck', 'right', 'care', 'there', 'reason', 'devic', 'strong', 'p']"
RedMagic 3s,"['3', 'month', 'user', 'record', 'lag', 'audio', 'buzz', 'cast', 'auto', 'record', 'start', 'reset', 'factori', 'updat', 'noth', 'chang', 'goodluck', 'boy']"
RedMagic 3s,"['hi', 'gsmarena', 'iwoul', 'like', 'ask', 'use', 'game', 'captur', 'devic', 'dock', 'accessori', 'magic', '3', 'idea', 'would', 'magic3', 'game', 'dock', 'type', 'c', 'hdmi', 'power', 'elgato', 'hd60', 'plu']"
RedMagic 3s,"['need', 'softwar', 'updat', 'sometim', 'home', 'button', 'disappear', 'even', 'file', 'messag', 'compani', 'major', 'problem', 'give', 'u', 'support', 'sale']"
Best flagship phones 2026 - buyer’s guide,"['need', 'separ', 'flagship', 'section', 'foldabl']"
Best flagship phones 2026 - buyer’s guide,"['dxomark', 'hahahaha', 'joke']"
Best flagship phones 2026 - buyer’s guide,"['gsmarena', 'specif', 'mobil', 'review', 'reliabl', 'instead', 'dxomark', 'best', 'sourc', 'compress', 'costum', 'guid']"
Phones with best battery life 2026 - buyer’s guide,"['honor', 'x9d', '8300', 'batteri', 'revers', 'charg', 'superb']"
Phones with best battery life 2026 - buyer’s guide,"['iqoo', 'z11', 'samsung', 'galaxi', 's26', 'ultra', 'list']"
Phones with best battery life 2026 - buyer’s guide,"['poco', 'x8', 'pro', 'max', 'best', 'batteri', 'life']"
Best compact phones 2026 - buyer’s guide,"['oneplu', '13s13t', 'list', 'list', 'joke']"
Best compact phones 2026 - buyer’s guide,"['right', 'realli', 'want', 'buy', 'compact', 'phone', 'tablet', 'lenovo', 'legion', 'y700', '88', 'inch', 'big', 'enough', 'tablet', 'phone', '5659']"
Best compact phones 2026 - buyer’s guide,"['unreal', '63', 'inch', 'anyth', 'compact', 'tablet', 'christ', 'sake', 'buy', 'zenfon', '910', 'want', 'someth', 'even', 'remot', 'small']"
Best camera phones 2026 - buyer’s guide,"['exactli', 'test', 'compar', 'cameraphon', 'want', 'creat', 'profession', 'look', 'imag', 'want', 'rememb', 'moment', 'never', 'thought', 'id', 'use', 'xiaomi', 'devic']"
Best camera phones 2026 - buyer’s guide,"['wait', 'price', 'oppo', 'find', 'x9', 'ultra', 'go', 'bit', 'phone', 'everyth', 'could', 'ask', 'price', 'high', 'moment']"
Best camera phones 2026 - buyer’s guide,"['xiaomi', '15t', 'pro', 'better', 'camera', 'higher', 'rate', 'xiaomi', '15']"
Best gaming phones 2026 - buyer’s guide,"['where', 'infinix', 'gt', '50', 'poco', 'x8', 'pro', 'max', 'list']"
Best gaming phones 2026 - buyer’s guide,"['appl', 'io', '26', 'chaotic', 'wdym', 'io', '26', 'chaotic']"
Best gaming phones 2026 - buyer’s guide,"['hey', 'think', 'redmag', '11', 'air']"
Best midrange all-rounders 2026 - buyer’s guide,"['countri', '2g', 'outdat', 'network', 'insecur', 'authent', 'tower', 'cell', 'phone', 'poor', 'expir', 'encrypt', 'possibl', 'hack', 'real', 'time', 'call', 'conversationsm', 'data', 'gpr', 'edg', 'w']"
Best midrange all-rounders 2026 - buyer’s guide,"['wouldnt', 'remov', 'poco', 'x7', 'pro', 'list', 'avail', '200230', 'massiv', 'outperform', 'everyth', 'el', '200', 'categori', 'game']"
Best midrange all-rounders 2026 - buyer’s guide,"['xiaomi', 'everi', 'list', 'o', 'absolut', 'cr4p']"
Best premium all-rounders 2026 - buyer’s guide,"['look', 'good']"
Best premium all-rounders 2026 - buyer’s guide,"['hell', 'realm', '12', 'pro', 'two', 'year', 'old', 'alreadi', 'plu', 'never', 'even', 'suppos', 'categori', 'lmao']"
Best premium all-rounders 2026 - buyer’s guide,"['realm', 'gt', '6', 'got', 'remov', 'listand', 'u', 'dont', 'samsung', 'phone', 'mayb', 's24', 'fealsopixel', '8', 'pro', 'like', '600', 'eurosno', 'point', 'keep', 'pixel', '8', 'mile', 'better', '14t', 'pro']"
Best entry-level smartphones 2026 - buyer’s guide,"['garbag', 'ad', 'sprinkl']"
Best entry-level smartphones 2026 - buyer’s guide,"['motorola', 'g45', 'def']"
Best entry-level smartphones 2026 - buyer’s guide,"['hmm', 'infinix', 'note', '50x', 'didnt', 'make', 'list', 'wonder']"
Best flagship killers 2026 - buyer’s guide,"['honor', '400', 'pro', 'excel', 'aspect', 'price', 'notic', 'weak', 'point', 'use', 'usb', '20', 'slow', 'regular', 'backup', 'take', '3', '4', 'hour', 'backup', '350gb', 'wouldnt', 'matter', 'cloud', 'backup', 'u']"
Best flagship killers 2026 - buyer’s guide,"['fck', 'flagship', 'killer', 'gsmarena', 'fking', 'kid']"
Best flagship killers 2026 - buyer’s guide,"['consid', 'honor', '400', 'pro', 'flagship', 'level', 'perform', 'camera', 'ai', 'excel', 'experi', 'goodfor', 'price', 'flagship', 'killer']"
Motorola Razr hands-on,"['bought', 'razr', 'need', 'repair', '3', 'time', 'ownership', 'without', '94', 'day', '7', 'week', 'dont', 'buy', 'motorola']"
Motorola Razr hands-on,"['motorola', 'must', 'launch', 'budget', 'razar', 'phonew', 'still', 'miss', 'old', 'razerbut', 'new', 'one', 'expens']"
Motorola Razr hands-on,"['issu', 'iron', 'prob', 'mean', 'till', 'price', 'come', 'razr', 'z', 'flip', 'trust', 'neg', 'review', 'use', 'razr', '6', 'month', 'issu', 'neg', 'far', 'nicer', 'hold', 'z', 'flip']"
Nokia 6.2,"['nokia', '62', 'power', 'button', 'stuck', 'power', 'offcontinu', 'restart', 'network', 'disconnect', 'network', 'bar', 'disappear', 'happen', 'often']"
Nokia 6.2,"['hi', 'nokia', '62', 'volum', 'app', 'voic', 'messag', 'low', 'hear', 'anyth']"
Nokia 6.2,"['option', 'save', 'eye', 'stop', 'time']"
Samsung Galaxy Fold long-term,"['quick', 'answer', 'question', 'silli', 'answer', 'peopl', 'talk', 'thick', 'foldabl', 'phone', 'plastic', 'screen', 'size', 'front', 'screen', '4in', 'etc', 'realist', '1', 'ever', 'tri', 'use', 'nokia', 'communicatior', '13', 'year', 'back', 'e90', 'com']"
Samsung Galaxy Fold long-term,"['great', 'concept', 'feel', 'sturdi', 'howev', 'screen', 'ridicul', 'sensit', 'even', 'put', 'pocket', 'hazard', 'dust', 'get', 'damag', 'first', 'got', 'novemb', 'last', 'year', 'week', 'screen', 'manag', 'get', 'small', 'indent', 'end']"
Samsung Galaxy Fold long-term,"['that', 'cool']"
Realme X2,"['think', 'someth', 'phone', 'everybodi', 'think', 'hope', 'phone', 'batteri', 'health', 'still', 'good', 'think', 'get', '12', '14', 'hour', 'still', 'use', 'buy', '2019', 'decemb', '3', 'year', 'ago']"
Realme X2,"['super', 'excel', 'phone', 'mid', 'rang', 'segment', 'use', '3', 'year', 'still', 'go', 'awesom', 'camera', 'leg', 'hang', 'anyth', 'el', 'still', 'uniqu']"
Realme X2,"['nfc', 'work', 'phone']"
Xiaomi Mi Note 10,"['need', 'chang', 'skin', 'get', 'origin', 'one']"
Xiaomi Mi Note 10,"['issu', 'bottom', 'part', 'broken', 'still', 'work', 'want', 'chang', 'screen', 'order', 'also', 'back', 'cover', 'broken']"
Xiaomi Mi Note 10,"['use', 'phone', '4', 'year', '2', 'month', 'display', 'broken', 'cant', 'get', 'display', 'anyon', 'know', 'get', 'display']"
Xiaomi Mi CC9 Pro hands-on,['good']
Xiaomi Mi CC9 Pro hands-on,"['abl', 'use', 'phone', '1', 'year', 'camera', 'perform', 'phone', 'good', 'mani', 'hit', 'result', 'phone', 'processor', 'rebal', 'issu', 'display', 'show', '67', 'green', 'line', 'entir', 'di']"
Xiaomi Mi CC9 Pro hands-on,"['find', 'back', 'cover']"
Xiaomi Mi 9T Pro/Redmi K20 Pro long-term,"['year', '3', 'year', 'could', 'minimum', '45', 'year', 'long', 'last']"
Xiaomi Mi 9T Pro/Redmi K20 Pro long-term,"['defect', 'unit', 'fake', 'one', 'usual', 'kind', 'one', 'fkae', 'cheaper', 'real', 'price']"
Xiaomi Mi 9T Pro/Redmi K20 Pro long-term,"['nah', 'stuff', 'pop', 'break', 'fragil', 'fake', 'last', 'year']"
LG G8X ThinQ Dual Screen,"['g8x', 'thinq', 'support', 'volt', 'fido', 'leav', '3g', 'move', 'volt', 'say', 'phone', 'longer', 'support', 'call']"
LG G8X ThinQ Dual Screen,"['sinc', 'lg', 'longer', 'around', 'smartphon', 'busi', 'look', 'like', 'updat', 'sinc', 'ver10', 'find', 'lg', 'server', 'updat', 'that', 'alway', 'habit', 'check', 'o', 'updat', 'manufactur', 'reall']"
LG G8X ThinQ Dual Screen,"['still', 'android', '10', 'tell', 'date']"
Oppo Reno Ace,"['launch', 'india']"
Oppo Reno Ace,"['hey', 'guysthi', 'phone', 'come', 'ad', 'like', 'xiaomi', 'phone']"
Oppo Reno Ace,"['launch', 'oppo', 'reno', 'ace', 'launch', 'india', 'plea']"
Amazfit GTR watch,"['bought', 'one', 'still', 'work', 'lost', 'charg', 'cablei', 'cannot', 'use', 'spare', 'cabl', 'avail', 'buy', 'plea', 'guid', 'place', 'buy', 'cabl', 'gtr']"
Amazfit GTR watch,"['option', 'user', 'choic', 'either', 'select', 'alway', 'display']"
Amazfit GTR watch,"['watch', 'display', 'alway', 'wrist', 'connect']"
Google Pixel 4 XL,['simpli']
Google Pixel 4 XL,"['mean', 'want', 'qhd', 'display', 'price', 'definit', 'buy']"
Google Pixel 4 XL,"['use', 'pixel', '4xl', 'main', 'phone', 'everyday', 'decent', 'complain', 'never', 'lag', 'thing', 'dont', 'like', 'small', 'storag', 'space', '64gb', 'version', 'fact', 'doesnt', 'headphon', 'jac']"
OnePlus 7T Pro vs. OnePlus 7T,[]
OnePlus 7T Pro vs. OnePlus 7T,['5g']
OnePlus 7T Pro vs. OnePlus 7T,['right']
Realme X2 Pro,"['also', 'switch', 'one', 'plu', '12', '24gb', 'ram', '850']"
Realme X2 Pro,"['use', 'phone12256', 'cn', 'rom', 'sinc', '2019', 'good', 'experi', 'far', 'gotta', 'buy', 'new', 'phone', 'tho', 'might', 'give', 'granni', 'imma', 'buy', 'vivox100', 'pro', '1tb', 'anoth', '5', 'year', 'use']"
Realme X2 Pro,"['bought', 'x2', 'pro', '12', '256back', 'year', '2020', 'use', 'year', 'suddenli', 'lag', 'w', 'text', 'son', 'via', 'whtsapp', 'nvr', 'reviv', 'felt', 'cheat', 'disappoint', 'hv', 'nvr', 'trust', 'realm', 'ever', 'sinc', 'use', 'regular']"
Honor 9X,"['honor', '9x', 'harmoni', 'softwar', 'instal']"
Honor 9X,"['huawei', 'habit', 'launch', 'devic', 'differ', 'name', 'variou', 'market', 'reason', 'sell', 'slightli', 'modifi', 'version', 'p', 'smart', 'z', 'honor', '9x', 'noth', 'unseen', 'first', 'time', 'see', 'honor', 'devic', 'bear']"
Honor 9X,"['problem', 'phone', 'make', 'video', 'back', 'camera', 'video', 'crope', 'want', 'see', 'littl', 'cube', 'video', '30', 'sec', 'see', '5', 'sec', 'cant', 'see', 'anyth']"
Nokia 7.2,"['im', 'use', 'phone', '5year', 'solid', 'phone', 'im', 'use', 'vivo', 'v', '29but', 'still', 'im', 'miss', 'nokiaeveri', 'time', 'im', 'dorp', 'still', 'usenot', 'like', 'nokia', 'vivo', 'one', 'drop', 'chang', 'screen', 'love', 'nokia', 'alot']"
Nokia 7.2,"['updat', 'cameraflashlight', 'also', 'work']"
Nokia 7.2,"['still', 'use', 'phone', 'sinc', '2020', 'south', 'africa', 'camera', 'good', 'use', 'valu', 'money', 'piti', 'free', 'firmwar', 'updat', 'stop', 'still', 'good', 'solid', 'phone', 'like', 'gorilla', 'glass', 'therefor', 'need', 'buy', 'screen', 'protector']"
Motorola One Zoom,"['im', 'still', 'use', '8hr', 'day', '2024', 'best', 'sound', 'ever', 'heard', 'music', 'richest', 'tone', 'like', 'dolbi', 'digit', 'keep', '1011', 'hr', 'brow', 'disadvantag', 'sound', 'volum', 'record', 'video', 'lower', 'other', 'great', 'ph']"
Motorola One Zoom,"['2', 'year', 'later', '2018', 'chipset', '675', 'still', 'beat', '695', 'sinc', '4k', '200', 'bit', 'rate', 'mean', 'phone', 'burst', 'full', 'size', '8mp', 'pictur', '30time', 'secound', 'samsung', '8k', 'doesnt', 'even', 'reach', '200', 'bit', 'rate', 'detail']"
Motorola One Zoom,"['kid', 'stock', 'android', 'best', 'phone', 'isnt', 'lag', 'annoy', 'skin', 'like', 'samsung', 'seri', 'also', 'alreadi', 'newest', 'version', 'android', 'thank', 'larg', 'limit', 'alter', 'ui', 'make', 'nearli', 'quick', 'fla']"
OnePlus 7T Pro,"['still', 'go', 'strong', 'see', 'altern', 'beauti', 'piec', 'art']"
OnePlus 7T Pro,[]
OnePlus 7T Pro,"['alway', 'way', 'around']"
vivo V17 Pro,"['hi', 'issu', 'vivo', 'v17', 'pro', 'connect', 'wifi', 'enter', 'wifi', 'code', 'do', 'connect', 'wifi', 'wifi', 'network', 'phone', 'tri', 'wifi', 'connect', 'still', 'problem', 'om', 'data', 'network', 'work']"
vivo V17 Pro,"['hi', 'vivo', 'v17', 'pro', 'issu', 'connect', 'wifi', 'enter', 'wifi', 'code', 'do', 'connect', 'wifi', 'network', 'wifi', 'phone', 'tri', 'outer', 'wifi', 'network', 'show', 'result', 'data', 'work']"
vivo V17 Pro,"['good', 'morningit', 'phone', 'screen', 'protector', 'pouch', 'jacket', 'hardli', 'get', 'still', 'look']"
OnePlus 7T Pro McLaren Edition hands-on,"['older', '7', 'pro', 'still', 'avail', 'lte', '4g']"
OnePlus 7T Pro McLaren Edition hands-on,"['unless', 'contain', 'metal']"
OnePlus 7T Pro McLaren Edition hands-on,"['turn', 'selfi', 'camera', 'world', 'well', 'better', 'instantli']"
vivo NEX 3 5G,"['support', 'wireless', 'charg']"
vivo NEX 3 5G,"['like', 'vivo', 'nex', '3', '5g']"
vivo NEX 3 5G,"['vivo', 'nex3', 'avail', 'brazil']"
"Realme X2, X2 Pro hands-on","['would', 'u', 'need']"
"Realme X2, X2 Pro hands-on","['mimo', 'network', 'antenna', 'hire', 'audio', 'liquid', 'specif', 'cool', 'system', 'curv', 'display', 'glass', 'stereo', 'speaker']"
"Realme X2, X2 Pro hands-on","['easili', 'last', 'day', 'regular', 'usag', '89', 'hour', 'extrem', 'usag', 'last', 'nearli', '2', 'day', 'lowmedium', 'usag']"
ZTE nubia Z20,"['comment', 'test', 'reaction', 'dont', 'delet']"
ZTE nubia Z20,"['yellow', 'tint', 'blue', 'eye', 'filter', 'turn', 'set', 'im', 'plea', 'nubia', 'z20', 'z17', 'lite', 'bargain', 'think', 'like', 'like', 'someth', 'bit', 'differ', 'nubia']"
ZTE nubia Z20,"['anybodi', 'tell', 'flash', 'nubia', 'ui', 'nubia', 'z20', 'global', 'rom']"
Xiaomi Mi 9 Lite/Mi CC9,"['ye', 'option', 'hidden', 'factori', 'need', 'download', 'app', 'call', 'anc', 'camera', 'pro', 'unlock']"
Xiaomi Mi 9 Lite/Mi CC9,"['glass', 'mate']"
Xiaomi Mi 9 Lite/Mi CC9,"['dont', 'know', 'mine', 'glass', 'ye']"
OnePlus 7T Pro hands-on,"['full', 'review', 'oneplu', '7t', 'pro', 'publish']"
OnePlus 7T Pro hands-on,"['nokia', 'n82', 'great', 'macro', 'mode']"
OnePlus 7T Pro hands-on,"['could', 'updat', 'give', 'competit', 'edg', 'manufactur', '855', 'phone', 'assum', '7t', 'pro', 'price', '7', 'came']"
Motorola One Macro,['nice']
Motorola One Macro,"['nice', 'phone']"
Motorola One Macro,"['plea', 'dont', 'purchas', 'motorola', 'one', 'macro', 'drop', 'data', 'signal']"
Oppo Reno2,"['sinc', '2019', 'day', 'go', 'backup', 'phone', 'whenev', 'switch', 'phone', 'requir', '2nd', 'phone', 'quit', 'tough', 'case', 'provid', 'excel', 'grip', 'without', 'slipperi', 'often', 'slip', 'pocket', 'de']"
Oppo Reno2,"['son', 'bought', 'reno', '2', '2019', 'hand', 'brother', '3', 'year', 'later', 'got', 'iphon', 'brother', 'still', 'use', 'today', '2025', 'replac', 'galaxi', 'edg', 'phone', '4', 'year', 'ago', 'im', 'still', 'use', 'mine', '40', 'mp', 'camera', 'excel']"
Oppo Reno2,['dear']
Huawei P30 Pro long-term,"['depend', 'price', 'pay', 'app', 'servic', 'exampl', 'buy', 'iphon', 'due', 'intun', 'complianc', 'work', 'end', 'take', 'huawei', 'everytim', 'reach', 'disappoint', 'like', '3x', 'macro', 'zoom']"
Huawei P30 Pro long-term,"['sinc', '6', 'year', 'rais', 'expect', 'mobil', 'phone', 'deal', 'googl', 'servic']"
Huawei P30 Pro long-term,"['ye', 'screen', 'middl', 'bottom', 'side']"
Xiaomi Redmi Note 8 Pro,"['im', 'think', 'buy', 'phone', '3', 'option', 'sharp', 'aquo', 'r7', 'nokia', '8v', '5g', 'redmi', 'note', '9pro', 'redmi', 'note', '8pro', 'one', 'buy']"
Xiaomi Redmi Note 8 Pro,"['use', 'phone', '7', 'yr']"
Xiaomi Redmi Note 8 Pro,"['redmi', 'note', '8', 'pro', 'hold', 'strong', 'still', '5', 'year', 'everyday', 'usag', 'everyday', 'charg', 'unbeliev', 'strong', 'still', 'batteri', 'like', 'day', 'one', 'never', 'lag', 'never', 'lag', 'daili', 'usag', 'amaz', 'phone', 'xiaomi', 'lo']"
Huawei Mate 30 Pro,"['samsung', '108mp', 's20', 'ultra']"
Huawei Mate 30 Pro,"['mate', '30', 'pro', 'oneplu', '7t', 'pro', 'mclaren']"
Huawei Mate 30 Pro,"['wtfjust', 'watch', 'youtub', 'learn', 'fast', 'put', 'gapp', 'huawei', 'smartphon', 'great', 'concern']"
Samsung Galaxy A50s hands-on,"['charg', 'port', 'problem', 'due', 'frequent', 'usag', 'either', 'clog', 'dirt', 'loo', 'damag', 'good', 'phone', 'repair', 'fix', 'reinstat', 'slow', 'charg', 'issu', 'got', 'slow', 'charg', 'problem', 'fix']"
Samsung Galaxy A50s hands-on,"['great', 'devic', 'samsung', 'a30', 'a50']"
Samsung Galaxy A50s hands-on,"['5th', 'year', 'smatphon', 'moment', 'still', 'work', 'well', 'except', 'slight', 'problem', 'charg', 'port']"
Realme 5,"['realm', '5', 'backup', 'lock', 'pictur', 'mobil', 'lock']"
Realme 5,"['use', 'realm', '5', 'sinc', 'octob', '2019', 'issuebest', 'low', 'budget', 'handphon', 'may', 'say']"
Realme 5,"['realmi', '5', 'phone', '2', 'year', 'updat']"
Apple iPhone 11,['realli']
Apple iPhone 11,"['iphon', 'lack', 'accessori', 'new', 'purchas', 'senseless']"
Apple iPhone 11,"['reason', 'get', 'money', 'good', 'place', 'get', 'money', 'pay', 'great', 'friend', 'one', 'iphon', 'appl', 'laura', 'n', 'vue']"
OnePlus 7T,"['agre', '20266', 'year', 'pas', 'still', 'rockin', 'power', 'beauti']"
OnePlus 7T,"['be', 'product', 'phone', 'updat', '3', 'year', 'use', 'overpow', 'phone', 'day', 'oneplu', 'dint', 'dissapoint', 'best', 'price', 'best', 'thing', 'buy', 'well', 'new', 'model', 'weaker', 'old', 'phone', 'that', 'bit', 'shame', 'sinc', 'compar', 'benchmark', '3']"
OnePlus 7T,"['batteri', 'weak']"
Apple iPhone 11 Pro and Pro Max,"['price', 'iphon', '11', 'pro', 'max', 'pta', 'approv', 'haiv', '516', 'gb', 'storag', 'white', 'colour']"
Apple iPhone 11 Pro and Pro Max,['mean']
Apple iPhone 11 Pro and Pro Max,"['dear', 'current', '2025']"
Samsung Galaxy A60/M40,"['phone', 'bizarr', '35mm', 'jack', 'fm', 'radio', '3500', 'mah', 'batteri', 'everi', 'samsung', 'phone', '5000', 'mah', 'batteri', 'era', 'phone', 'releas']"
Samsung Galaxy A60/M40,"['spare', 'part', 'avail', 'samsung', 'servic', 'centr', 'start', 'button', 'got', 'problem', 'took', '2', 'centera', 'told', 'oart', 'avial', 'better', 'tri', 'side', 'el', 'buy', 'new', 'one', 'realli', 'horribl', 'answer']"
Samsung Galaxy A60/M40,"['bad', 'batteryrun', 'faltu']"
"Huawei Mate 30, 30 Pro, 30 RS hands-on","['well', 'done', 'thank', 'u', 'much']"
"Huawei Mate 30, 30 Pro, 30 RS hands-on","['dont', 'cri', 'kid', 'huawei', 'mate', '30', 'pro', 'ive', 'googl', 'care', 'ive', 'facebook', 'instagram', 'etc', 'via', 'apkpur', 'add', 'anyth', 'u', 'dont', 'onw', 'phone', 'mate', '39', 'pro', 'dont', 'talk', 'u', 'say', 'bullshit']"
"Huawei Mate 30, 30 Pro, 30 RS hands-on",['price']
Sony Xperia 5,"['water', 'proof', 'use', 'underwat']"
Sony Xperia 5,"['android', '11', 'come', 'system', '901so', 'end', 'hit', 'problem']"
Sony Xperia 5,"['soni', 'xperia', '5', 'model', '90s10', 'recod', 'system', 'activ', 'plea']"
vivo NEX 3 hands-on,"['love', 'vivo', 'brand', 'new', 'flagship', 'disappoint', 'mehe', 'still', 'wireless', 'charg', 'phone', 'realli']"
vivo NEX 3 hands-on,"['sowhich', 'juices8', 'vivo']"
vivo NEX 3 hands-on,"['dot', 'know', 'hw', '2', 'appreci', 'da', 'great', 'innov', 'bt', 'thank', 'go', '2', 'u']"
Realme XT,"['outofspac', 'peopl', 'alway', 'post', 'thing', 'like', 'servic', 'center', 'chat', 'room']"
Realme XT,"['mobil', 'phone', 'screen', 'white', 'work', 'resolv', 'problem']"
Realme XT,"['absolut', 'agre', 'excel', 'mobil', 'phone', 'especi', 'price', '220', 'back', 'januari', '2020', 'charg', 'hadnt', 'gone', 'crazi', 'think', 'charg', 'time', 'take', '93', 'origin', 'charger', 'wou']"
Asus ROG Phone II,"['dream', 'phone', 'dont', 'enough', 'money', 'buy', 'cant', 'afford', 'price']"
Asus ROG Phone II,"['irrit', 'rog', '2', 'auto', 'reboot', 'frequent', 'seem', 'phone', 'cannot', 'handl', 'abit', 'usag', 'keep', 'shut', 'emerg', 'also']"
Asus ROG Phone II,"['get', 'accessori', 'along', 'phone', 'togeth', 'jst', 'like', 'complet', 'setup']"
Redmi K20 Pro vs. OnePlus 7,"['k20', 'pro', 'record', '480fp', 'use', 'frame', 'interpol', 'method', 'doubl', 'frame', 'rate']"
Redmi K20 Pro vs. OnePlus 7,"['bought', 'oneplu', '7', 'last', 'week', '8256', '32k', 'inr', '450', 'japan', 'sensibl', 'buy', 'op7', 'better', 'ui', 'price', 'cuz', 'k20', 'pro', 'also', 'durabl', 'factor', 'play', 'big', 'role', 'k20', 'pro', 'better', 'b']"
Redmi K20 Pro vs. OnePlus 7,"['bought', 'oneplu', '7', 'last', 'week', '8256', '32k', 'inr', '450', 'japan', 'sensibl', 'buy', 'op7', 'better', 'ui', 'price', 'cuz', 'k20', 'pro', '2000', 'inr', 'costlier', 'op7', 'felt', 'valu', 'money', 'knew', 'id', 'compromi']"
Samsung Galaxy A90 5G hands-on,"['rear', 'glass', 'mine', 'crack', 'get', 'pl', 'gomb']"
Samsung Galaxy A90 5G hands-on,"['keep', 'away', 'water']"
Samsung Galaxy A90 5G hands-on,"['big', 'hand', 'saw', 'bright', 'wouldnt', 'say']"
LG G8X ThinQ first look,"['im', 'suspici', 'lg', 'claim', '2nd', 'screen', 'suck', '20', 'juic', 'screen', 'singl', 'largest', 'power', 'draw', 'everi', 'phone', 'ive', 'ever', 'use', 'make', 'sen', 'lg', 'get', '20', 'number', 'im', 'guess', 'turn', 'lighti']"
LG G8X ThinQ first look,"['want', 'without', 'dual', 'screen']"
LG G8X ThinQ first look,"['sever', 'lg', 'phone', 'even', 'though', 'batteri', 'seem', 'small', 'paper', 'phone', 'actual', 'good', 'batteri', 'life', 'quick', 'charg', 'well']"
Motorola One Zoom hands-on,"['android', 'one', 'think', 'saw', 'quick', 'guid', 'box', 'bought', 'suppos']"
Motorola One Zoom hands-on,"['utterli', 'disappoint', 'android', '10', 'updat', 'delayi', 'hardcor', 'fan', 'motorola', 'phone', 'ever', 'sinc', 'first', 'android', 'phone', 'moto', 'g1', 'pure', 'android', 'experi', 'thing', 'made', 'opt', 'phone', 'among', 'mani', 'least', 'three']"
Motorola One Zoom hands-on,"['android', '10', 'updat', 'still', 'pend', 'utterli', 'disappoint', 'ignor', 'par', 'spec', 'pure', 'android', 'phone', 'guessi', 'love', 'motorola', 'g', 'z', 'seri', 'hardcor', 'fan', 'motorola', 'phone', 'ever', 'sinc', 'first', 'first']"
Sony Xperia 5 hands-on,"['listen', 'soni', 'dc', 'boy', 'peopl', 'love', 'play', 'station', '5', 'peopl', 'dont', 'soni', 'xperia', 'pro', 'phone', 'phone', 'make', 'like', 'new', 'phone', 'way', 'peopl', 'buy', 'one', 'bunbl', 'packag', 'soni', 'earbud', 'son']"
Sony Xperia 5 hands-on,"['good', 'phone', 'batteri', 'downgrad', 'overh']"
Sony Xperia 5 hands-on,"['own', '2', 'soni', 'xperia', 'phone', 'owner', 'samsung', 'galaxi', 's10e', 'size', 'soni', 'need', 'showel']"
"Nokia 7.2, 6.2, 2720, 800 hands-on","['manual', '139', 'cannot', 'find', 'anywher']"
"Nokia 7.2, 6.2, 2720, 800 hands-on","['terribl', 'phone', 'make', 'stop']"
"Nokia 7.2, 6.2, 2720, 800 hands-on","['love', 'need', 'purchas', 'one']"
Android 10,"['great', 'read', 'android', '10', 'sure', 'wish', 'simpl', 'way', 'find', 'phone', 'word', '10', 'go', 'ad', 'filter', 'option', 'phone', 'finder', 'apolog', 'address', 'damn', 'difficult']"
Android 10,"['yep', 'true', 'realli', 'miss', 'old', 'cs', 'trick', 'make', '3d', 'effect', 'like', 'bevel', 'button', 'edg', 'could', 'much', 'color', 'shade', 'materi', 'design', 'suitabl', 'peep', 'whose', 'right', 'brain', 'numb']"
Android 10,"['cannot', 'agre', 'tradit', 'threebutton', 'navig', 'bar', 'return', 'bafflingli', 'what', 'baffl', 'spout', 'piec', 'nonsens', 'right', 'trash', 'altern', 'new', 'gestur', 'navig', 'well', 'deser']"
Samsung Galaxy Note10,"['ive', 'batteri', 'replac', 'recent', 'batteri', 'drainag', 'fact', 'least', 'twice', 'day', 'need', 'recharg', 'batteri', 'im', 'also', 'told', 'fact', 'updat', 'availbl', 'note', '10', 'contribut', 'issuesamsung', 'want', 'u', 'invest']"
Samsung Galaxy Note10,"['2', 'year', 'face', 'batteri', 'drainag', 'problem', 'charg', 'phone', '3', '4', 'time', 'per', 'day', 'alway', 'charger', 'packet']"
Samsung Galaxy Note10,"['ye', '5', 'year', 'batteri', 'problem', 'phone', 'gave', 'good', 'experi', 'lag', 'need', 'charg', '3', 'time', 'day', 'normal', 'use', 'sometim', 'switch', '20', 'need', 'chang', 'batteri']"
Realme 5 Pro,"['mean', 'alr', 'know', 'capabl', '60fp']"
Realme 5 Pro,"['expect', 'play', '4k', '120', 'fp', 'game', 'without', 'lag', 'budget', 'phone', '2019', '10gb', 'ram', 'snapdragon', 'isnt', 'capabl', 'newer', 'game', 'nowaday']"
Realme 5 Pro,"['mom', 'still', 'use', 'phone', 'till', 'today', 'watch', 'youtub', 'basic', 'phone', 'usag', 'two', 'year', 'agoth', 'screen', 'came', 'fix', 'doubl', 'side', 'tape', 'stay', 'till', 'today', 'speaker', 'still', 'sound', 'good', 'even', 'today', 'snappi', 'enough']"
Xiaomi Redmi K20 Pro/Mi 9T Pro,"['bought', 'beauti', '5', 'year', 'back', 'corona', 'time', '1', 'year', 'launch', 'use', '2', 'year', 'elder', 'son', 'use', '2', 'year', 'younger', 'son', 'use', 'last', '1', 'year', 'redmi', 'k20', 'pro', 'run', 'last', '5', 'year']"
Xiaomi Redmi K20 Pro/Mi 9T Pro,"['march', '2025', 'mi9t', 'pro', 'still', 'rockin', 'wait', 'nonnubia', 'display', 'selfi', 'camera', 'selfi', 'camer']"
Xiaomi Redmi K20 Pro/Mi 9T Pro,"['poco', 'f3', 'xiaomi', 'realli', 'good', 'xiaomi', 'fell']"
Lenovo Z6 Pro,"['faith', '5', 'year', 'servic', 'glass', 'phone', 'crack', 'drop', 'cant', 'find', 'replac', 'anywher', 'anyon', 'suggest', 'order', 'glass', 'screen', 'work']"
Lenovo Z6 Pro,"['last', 'lenovo', 'smartphon', 'review', 'ever']"
Lenovo Z6 Pro,"['lenovo', 'z6pro', 'facial', 'recognit', 'gone', 'sudden']"
Samsung Galaxy Note10+,"['look', 'spire', 'part', 'samsung', 'galax', 'note', '10', 'plu', 'avair', 'murch']"
Samsung Galaxy Note10+,"['much', 'lcd', 'samsung', 'galax', 'note', '10', 'plu']"
Samsung Galaxy Note10+,"['note', '20', 'fell', 's24', 'long', 'note', '20', 'still']"
Realme 5 and 5 Pro hands-on,"['go', 'set', 'sound', 'vibrat', 'scroll', 'bottom', 'look', 'real', 'sound', 'technolog', 'turn', 'eq']"
Realme 5 and 5 Pro hands-on,"['realm', '5', 'pro', 'audio', 'use', 'headset', 'sound', 'like', 'bathroom', 'echoy', 'pl', 'comment', 'tq']"
Realme 5 and 5 Pro hands-on,[]
LG W30 hands-on,"['troll', 'singl', 'bloatwar', 'app', 'stop', 'st', 'clean', 'android', 'even', 'app', 'devic']"
LG W30 hands-on,"['got', 'june', '2020', 'secur', 'patch', 'sep19', 'secur', 'patch', 'android', '10', 'yet']"
LG W30 hands-on,"['good', 'superb', 'got', '3', 'gift', 'phone', 'one', 'selfi', 'stick', 'one', 'ring', 'one', 'bluetooth', 'headset', 'also', 'thank', 'launch', 'lg', 'w', '30']"
Motorola One Action,"['autofocu', 'front', 'camera', 'mean', 'facial', 'recognit', 'app', 'wont', 'work', 'face', 'becom', 'blurri', 'need', 'get', 'closer', 'wish', 'known', 'prior', 'purchas', 'keep', 'two', 'devic', 'abl', 'use']"
Motorola One Action,"['hmmm', 'good', 'manufactur', 'bodi', 'high', 'speed', 'resolut', 'display', 'good', 'work', 'like', 'moto', 'mobil', 'suggest', 'buy', 'best', 'model', 'moto', '1', 'action', 'realli']"
Motorola One Action,"['love', 'phone', 'pretti', 'good', 'till', 'complet', 'nearli', '2', 'year']"
vivo Z1Pro hands-on,"['run', '8year', 'still', 'good', 'work', 'good']"
vivo Z1Pro hands-on,"['good', 'fingerprint', 'sensor', 'doesnt', 'work']"
vivo Z1Pro hands-on,"['best', 'phone', 'phone', '5', 'year', 'old', 'good', 'condit']"
Samsung Galaxy Note10 and Note10+ hands-on,"['dont', 'believ', 'samsung', 'note', '10', 'dont', 'function', 'record', 'convers', 'xiaomi', '6', 'alreadi']"
Samsung Galaxy Note10 and Note10+ hands-on,"['said', 'earlier', 'sorri', 'samsung', 'iam', 'long', 'year', 'one', 'hour', 'laiter', 'use', 'huawei', 'last', 'messag', 'samsong', 'phone', 'wish', 'samsung', 'listen', 'user', 'followng', 'appl', 'phone', 'one', 'happi', 'wi']"
Samsung Galaxy Note10 and Note10+ hands-on,"['agre', 'well', 'high', 'end', 'profession', 'need', 'answer', 'call', 'attend', 'confer', 'call', 'without', '35', 'mm', 'jack', 'requir', 'wire', 'headset', 'also', 'high', 'end', 'profession', 'need', 'note', 'seri', 'phone', 'stylu', 'sign']"
Samsung Galaxy Tab S5e hands-on,"['get', 'slot', 'order', 'amazon']"
Samsung Galaxy Tab S5e hands-on,"['tablet', 'around', '2', 'year', 'realli', 'great', 'multimedia', 'tablet', 'grant', 'fastest', 'game', 'netflix', 'web', 'brow', 'still', 'perfectli', 'fine', 'screen', 'fantast', 'sound', 'speaker', 'rea']"
Samsung Galaxy Tab S5e hands-on,"['tablet', 'around', '2', 'year', 'realli', 'great', 'multimedia', 'tablet', 'grant', 'fastest', 'game', 'netflix', 'web', 'brow', 'still', 'perfectli', 'fine', 'screen', 'fantast', 'sound', 'speaker', 'rea']"
Xiaomi Redmi K20 Pro hands-on,"['high', 'qualityrich', 'louder', 'soundbut', 'think', 'wont', 'get', 'headphon', 'phone']"
Xiaomi Redmi K20 Pro hands-on,"['perfect', 'reviewredmi', 'k20', 'pro', 'rule', 'oneplu', '7asu', '6', 'mani', 'overal', 'perform']"
Xiaomi Redmi K20 Pro hands-on,"['noyou', 'get', 'gorilla', 'glass', '5', 'protect', 'side', 'phone']"
Asus Zenfone 6 vs. Samsung Galaxy A80,"['a80', 'best', 'smartphon', 'w', 'camera', 'flip']"
Asus Zenfone 6 vs. Samsung Galaxy A80,"['love', 'samsung', 'galaxi', 'phone', 'samsung', 'galaxi', 'best']"
Asus Zenfone 6 vs. Samsung Galaxy A80,"['could', 'use', 'better', 'english', 'almost', 'unread', 'go', '1', 'though']"
Xiaomi Mi A3,['excel']
Xiaomi Mi A3,"['im', 'fulli', 'satisfi', 'user', '5', 'year', 'great', 'nonsens', 'valu', 'money', 'work', 'hors', 'jungl', 'smart', 'phone', 'googl', 'xiaomi', 'stand', 'apart', 'use', 'choic']"
Xiaomi Mi A3,"['want', 'say', 'phone', 'almost', 'coverd', 'word', 'also', 'use', 'sinc', '2019', 'complet', '5', 'year', 'august', 'realli', 'nice', 'machin']"
Samsung Galaxy S10+ long-term,"['s10', 'green', 'line', 'center', 'display', 'without', 'hit', 'damag', 'solut', 'problem']"
Samsung Galaxy S10+ long-term,"['use', 'sinc', 'may', '1', '2019', 'replac', 'batteri', 'year', 'test', 'result', 'samsung', 'center', 'batteri', 'capac', 'remain', '7080']"
Samsung Galaxy S10+ long-term,"['plan', 'buy', 'one', 'good', 'choic', 'though', 'run', 'car', 'x', 'street', 'latest', 'version', 'game', 'properli']"
Mobvoi TicWatch Pro 4G LTE,"['clock', 'databas']"
Mobvoi TicWatch Pro 4G LTE,"['your', 'think', 'ticwatch', 'pro', '3', 'review', '2019', 'model']"
Mobvoi TicWatch Pro 4G LTE,"['check', 'chipset', 'snapdragon', 'wear', '2100', 'qualcomm', 'snapdragon', 'wear', '4100', 'platform']"
RedMagic 3,"['hi', 'guy', 'want', 'ask', 'worth', 'buy', 'nubia', 'red', 'magic', '3', 'plan', 'buy', 'need', 'advic', 'worth', 'get', 'one', 'thank', 'answer', 'good', 'day', 'everyon']"
RedMagic 3,"['hi', 'dont', 'know', 'anyon', 'experienc', 'red', 'magic', '3', 'yet', 'mine', 'show', 'pink', 'line', 'idea', 'remov']"
RedMagic 3,"['gsmarena', 'anyon', 'confirm', 'phone', 'support', 'lte', 'carrier', 'aggreg', 'cant', 'seem', 'get', 'work', 'phone', 'know', 'snapdragon', '855', 'x24', 'modem', 'support', 'fear', 'nubia', 'intent', 'disabl', 'featur', 'pho']"
Honor 20,"['someon', 'confirm', 'honor', '20', 'screen', 'gorilla', 'glass']"
Honor 20,"['use', 'honor', '20', 'last', '6', 'month', 'get', '5', 'star', 'phone', 'good', 'camera', 'profam', 'battreylif', 'good', 'work', 'everi', 'time']"
Honor 20,"['tri', 'wipe', 'partit', 'cach', 'phone', 'run', 'better']"
Asus ROG Phone II hands-on,"['play', 'game', 'underwat', 'eh', 'xd']"
Asus ROG Phone II hands-on,"['dev', 'earn', 'via', 'sell', 'game', 'user', 'buy', 'game', 'data', 'diamond', 'shell', 'game', 'bundl', 'etc', 'sell', 'game', 'battl', 'pas', 'mani', 'think', 'coc', 'mlbb', 'vainglori', 'flourinsh']"
Asus ROG Phone II hands-on,"['phone', 'waterproof']"
"Black Shark, Red Magic vs mainstream flagships","['hi', 'plea', '2022', 'version', 'includ', 'flagship', 'midrang', 'entri', 'level', 'phone']"
"Black Shark, Red Magic vs mainstream flagships","['oneplu', '7t', '855']"
"Black Shark, Red Magic vs mainstream flagships","['sd845', 'devic', 'unlock', 'version', 'lgv40', 'doesnt', 'throttl', 'throttl', 'test', 'shouldv', 'use', 'gpu', 'gflop', 'fp32', 'test', 'base', 'comparison', 'new', 'mate', '40', 'pro', 'exampl', 'arm', 'malig']"
Our editors talk: 2019 H1 highs and lows,"['look', 'best', 'telephon', 'power', 'mani', 'devic', 'suffer', 'power', 'faroff', 'geograph', 'locat', 'good', 'network', 'cover']"
Our editors talk: 2019 H1 highs and lows,"['may', 'right', 'one', 'aspect', 'much', 'qualiti', 'give', 'phone', 'life', 'small', 'reason', 'ultra', 'good', 'opinion', 'one', 'plu', 'phone', 'small', 'life', 'compar', 'samsung', 'phone', 'import', 'aspect']"
Our editors talk: 2019 H1 highs and lows,"['opinion', 'import', 'smartphon', 'game', 'hold', 'performancepric', 'ratio', 'higher', 'exampl', 'differ', 'oneplu', '7', 'pro', 'samsung', 'galaxi', 's10', 'seri', 'ratio', 'oneplu', 'phone', 'deliv', 'equal', 'even', 'better', 'perform']"
"Realme 3i, Realme X hands-on","['realm', 'good', 'phone']"
"Realme 3i, Realme X hands-on","['3i', 'arriv', 'myanmar']"
"Realme 3i, Realme X hands-on","['india', 'get', 'upgrad', 'p70', 'cpu', 'cheaper', 'price']"
OnePlus 7,"['real', 'gem', 'well', 'balanc', 'perform', 'life', 'busi', 'sorri', 'oneplu', 'make', '64', 'inch', 'smaller', 'unit']"
OnePlus 7,"['good', 'phone', 'still', 'work', 'excel', 'condit', 'purchas', '2019', 'still', 'work', 'fine', 'replac', 'phone', 'batteri', 'servic', 'center', 'year', 'issu', 'except', 'batteri', 'perform', 'averag', 'softwar', 'display', 'charg', 'time', 'n']"
OnePlus 7,"['2024', 'septemb', 'im', 'text', 'oneplu', '7', '5yr', 'great', 'perform', 'happi', 'purchas', 'storag', 'full', 'couldnt', 'run', 'heavi', 'task', 'broke', 'screen', 'got', 'replac', 'outsid', 'store', 'accident', 'touc']"
Black Shark 2,"['code', 'realli', 'work']"
Black Shark 2,"['batter', 'realm', '8', '1month', 'old', 'black', 'shark', '2', '13month', 'old', 'best']"
Black Shark 2,"['gpu', 'boost', '666', 'improv', 'game', 'perform', 'overal', 'bhenchmark', 'get', 'frame', 'drop', 'turn', 'gpu', 'boost', 'dont', 'know', 'tho', 'plea', 'repli']"
MOQI i7s Android game console,"['verizon', 'work', 'fine', 'phone', 'call', 'mobil', 'data', 'send', 'text', 'receiv', 'text', 'work', 'sim', 'setup', 'cdmaless', 'devic', 'one', 'use', 'tcl', '10', 'pro', 'think', 'oneplu', 'nord', 'n200', '5g', 'would', 'also', 'trig']"
MOQI i7s Android game console,"['unfortun', 'devic', 'got', 'stuck', 'android', '81', 'still', 'latest', 'game', 'test', 'run', 'quit', 'well', 'good', 'emul']"
MOQI i7s Android game console,"['phone', 'servic', 'use', 'devic', 'tri', 'verizon', 'doesnt', 'work', 'put', 'sim', 'card', 'talk', 'verizon', 'repres', 'also', 'couldnt', 'get', 'work', 'verizon']"
Xiaomi Mi 9 SE,"['im', 'use', 'phone', 'like', '28', 'month', 'thebonli', 'flaw', 'batteri', 'tl', 'small']"
Xiaomi Mi 9 SE,"['gp', 'problem', 'phone', 'annoy']"
Xiaomi Mi 9 SE,"['feel', 'size', 'perfect', 'bought', '1st', 'day', 'avail', 'malaysia', '2', 'year', 'ago', 'mi', '11', 'lite', 'come', 'display', 'size', 'got', 'replac']"
OnePlus 7 Pro vs. Samsung Galaxy S10+,"['oneplu', '7', 'pro']"
OnePlus 7 Pro vs. Samsung Galaxy S10+,['sooooo']
OnePlus 7 Pro vs. Samsung Galaxy S10+,"['s10', 'obviou', 'champion']"
Xiaomi Mi 9T/Redmi K20,['good']
Xiaomi Mi 9T/Redmi K20,['good']
Xiaomi Mi 9T/Redmi K20,['wonder']
Samsung Galaxy M30,"['put', 'softwar', 'samsung', 'galaxi', 'm30', 'come', 'china']"
Samsung Galaxy M30,"['super', 'phone', 'fine', 'clariti', 'photo', 'took']"
Samsung Galaxy M30,"['bro', 'u', 'right']"
Samsung Galaxy A30,"['restor', 'clean', 'android', 'phone', 'galay', 'a30']"
Samsung Galaxy A30,"['use', 'samsung', 'a30', 'custom', 'rom', 'oneui61', 'android', '14', 'thank', 'xda', 'forum', 'idk', 'id', 'phone', 'without', 'still', 'feel', 'smoothhh', 'sinc', '2019', 'im', 'use', 'a30']"
Samsung Galaxy A30,['good']
Motorola Moto Z4,"['model', 'z3', 'forc', 'doesnt', 'exist']"
Motorola Moto Z4,"['moto', 'z3', 'forc', 'better', 'z4']"
Motorola Moto Z4,"['love', 'phone', 'take', 'best', 'pictur', 'ever', 'screen', 'crack', 'quit', 'work', 'went', 'edg', 'hate', 'camera', 'near', 'good', 'z4', 'pictur', 'awesom', 'take', 'z4', 'cannot', 'say', 'edg', 'th']"
Xiaomi Redmi Note 7 Pro hands-on,['ye']
Xiaomi Redmi Note 7 Pro hands-on,['ye']
Xiaomi Redmi Note 7 Pro hands-on,"['phone', 'evaryday', '11', '30', 'pm']"
Sony Xperia 1 vs. Samsung Galaxy S10+,"['qualiti', 'never', 'goe', 'stylethat', 'soni']"
Sony Xperia 1 vs. Samsung Galaxy S10+,"['soni', 'boy', 'childhood', 'day', 'tri', 'tri', 'mani', 'brandsbut', 'experi', 'soni', 'marvel', 'soni', 'phone', 'like', 'someth', 'connect', 'mind', 'bodi', 'soni', 'never', 'compromis', 'qualiti']"
Sony Xperia 1 vs. Samsung Galaxy S10+,['yeah']
Smartphone buyer's guide: Mid-2019 edition,"['s10e', 'also', 'phablet']"
Smartphone buyer's guide: Mid-2019 edition,"['smartphon', 'phablet']"
Smartphone buyer's guide: Mid-2019 edition,"['think', 'peopl', 'consid', 'realm', '5', 'instead', 'realmeit', 'bigger', 'screenbigg', 'batteri', 'quad', 'cameraand', 'better', 'soc']"
Sony Xperia L3,"['good', 'use', 'could', 'understand', 'manyon', 'call', 'worst', 'phone', 'good', 'experi', 'soni', 'i4312']"
Sony Xperia L3,"['that', 'simpl', 'phone', 'dri', 'spell', 'like', 'happen', 'galaxi', 'note', '7', 'way', 'wors', 'issu', 'could', 'soni', 'model', 'say', 'samsung', 'bad', 'compani', 'point', 'everi', 'compani']"
Sony Xperia L3,"['soni', 'still', 'phone', 'market', 'soni', 'xperia', 'l3', 'worst', 'phone', 'ever', 'use']"
Sony Xperia 1,"['tf', 'mean', '5g', 'lack', 'special', 'version', 'sd855', 'phone', '5g', 'like', 's10', '5g', 'time', 'tbh', 'wireless', 'charg', 'isnt', 'great', 'complaint', 'nitpicki', '4k', 'screen', '3300mah', 'anyon', 'brain', 'know', 'b']"
Sony Xperia 1,"['soni', 'xperia', '1', 'never', 'think', 'phone', 'heat', 'etc', 'think', 'soni', 'xperia', '5', 'best', 'batteri', 'life', 'long', 'compar', '1', 'have', 'xperia', 'samsung']"
Sony Xperia 1,"['two', 'half', 'year', 'phone', 'still', '88', 'batteri', 'capac', 'batteri', 'small', 'good', 'qualiti']"
Samsung Galaxy A80,"['learn', 'hard', 'lesson', 'go', 'back', 'mum', 'rural', 'hometown', 'that', 'learn', 'stop', 'reli', 'internet', 'time', 'time', 'like', 'make', 'realiz', 'socal', 'outdat', 'old', 'tech', 'still', 'far']"
Samsung Galaxy A80,"['come', 'back', 'rural', 'place', 'stabl', 'internet', 'coverag', 'cours', 'wont', 'much', 'get', 'time']"
Samsung Galaxy A80,"['releas', '2019']"
Honor 20 Pro,"['btw', 'ir', 'blaster', 'great', 'phone']"
Honor 20 Pro,['ye']
Honor 20 Pro,"['ir', 'blaster', 'use', 'tv', 'remot']"
Oppo Reno 10x zoom,"['oppo', 'reno', '5g', 'ye']"
Oppo Reno 10x zoom,"['two', 'model', 'devic', 'singl', 'sim', 'dual', 'sim']"
Oppo Reno 10x zoom,"['cost', 'like']"
Asus Zenfone 6,"['5', 'year', 'in2024', 'everyth', 'even', 'batteri', 'still', 'fine']"
Asus Zenfone 6,"['best', 'rounder', 'phone', 'asu', 'great', 'flip', 'camera', 'mean', 'high', 'qualiti', 'selfi', 'great', 'sound', 'qualiti', 'full', 'screen', 'ip', 'display', '5000', 'mah', 'batteri', '35mm', 'jack', 'sd', 'card', 'slot', 'slim', 'compact', 'built', 'sadli', 'type', 'innov', 'phone', 'long']"
Asus Zenfone 6,"['best', 'use', 'comment', 'till', 'year']"
Samsung Galaxy A70,"['phone', 'sinc', 'feb', '2019', 'think', 'still', 'go', 'strong', 'got', 'new', 'phone', 'today', 'australia', 'shut', 'support', 'a70', 'someth', 'secur', 'law', 'particular', 'model', 'liabl', 'well', 'samsung']"
Samsung Galaxy A70,"['ive', 'sinc', 'octob', '2021', 'best', 'valu', 'money', 'hiccup', 'solid', 'phone']"
Samsung Galaxy A70,"['think', 'phone', 'manufactur', '2018', 'releas', 'public', '2019', 'bought', 'mine', '2020', 'march', 'sadli', 'need', 'batteri', 'chang', 'recent', 'batteri', 'date', '2018', 'manufactur']"
Android 10 Q beta,"['current', 'updat', 'pixel', '3', 'updat', 'stuck', 'boot', 'logo', 'pixel', 'wont', 'even', 'access', 'anyth', 'tri', 'hard', 'reset', 'still', 'noth', 'advic']"
Android 10 Q beta,"['inde', 'bring', 'compact', 'line', 'back', 'might', 'worth']"
Android 10 Q beta,"['heard', 'far', 'xperia', '4', 'name', 'base', 'rumor', 'go', 'esato', 'forum', 'one', 'place', 'soni', 'fan', 'gather', 'get', 'news', 'rumor', 'one', 'reliabl', 'soni', 'leaker', 'said', 'xperia', '4', 'could', 'chosen', 'name', 'compact', 'line']"
Honor 20 and 20 Pro hands-on,"['honor', '20', 'pro', 'v', 'reno', '10x', 'zoom', 'one', 'better']"
Honor 20 and 20 Pro hands-on,"['okay', 'current', 'phone', 'still', 'work']"
Honor 20 and 20 Pro hands-on,"['honor', '20', 'pro', 'way', 'better']"
Asus Zenfone 6 hands-on,"['still', 'great', 'phone', '2021', 'especi', 'nonag', 'lcd', 'ip', 'display']"
Asus Zenfone 6 hands-on,"['unfortun', 'zenfon', '6', 'launch', 'malaysia', 'promis', 'get', 'unit', 'unless', 'import', 'countri', 'onlin', 'shop', 'platform', 'like', 'shope', 'lazada', 'sad', 'say']"
Asus Zenfone 6 hands-on,"['ye', 'hidden', 'cabinet', 'file', 'manag']"
Motorola One Vision,['good']
Motorola One Vision,"['suddenli', 'android', '11', 'updat', 'phone', 'charg', 'realli', 'slowand', 'sometim', 'doesnt', 'charg', 'factori', 'reset', 'still', 'batteri', 'issu', 'persist', 'suggest', 'great', 'help']"
Motorola One Vision,"['phone', '15', 'year', 'camera', 'good', 'charg', 'fast', 'compat', 'fast', 'charger', 'vendor', 'samsung', 'hmd', 'usual', 'charg', '3040', 'min', 'get', '50', 'juic', 'batteri', 'health', '99', 'handl', '8h']"
OnePlus 7 Pro,"['still', 'use', 'incred', 'phone', 'perform', 'still', 'nice', 'batteri', 'life', 'poor', '1', 'day', 'normal', 'usag', 'usb', 'port', 'becom', 'caprici', 'phone', '5', 'year', 'still', 'nice']"
OnePlus 7 Pro,"['wonder', 'mobil', 'one', 'plu', 'amaz']"
OnePlus 7 Pro,"['xiaomi', 'poco', 'f5', 'pro', 'best', 'option']"
Realme X,"['1', 'abl', 'open', 'front', 'camera', '2', 'phone', 'vibrat', '3', 'speaker', 'volum', 'low', '4', 'screen', 'doesnt', 'get', 'call', 'come', '5', 'charg', 'get', 'rapidli', 'bought', 'august', '2019']"
Realme X,"['abl', 'open', 'front', 'camera']"
Realme X,"['difficult', 'ansew', 'call']"
Huawei P30 Lite,"['careless', 'broke', 'back', 'cover']"
Huawei P30 Lite,"['1t', 'gb', 'mine']"
Huawei P30 Lite,"['got', 'one', 'phone', 'phone', 'function', 'sinc', 'yesterday', 'doesnt', 'display', 'light', 'cant', 'anyth', 'go', 'enlight', 'huawei', 'p30', 'lite']"
Google Pixel 3a XL,['waterproof']
Google Pixel 3a XL,"['phone', 'completli', 'made', 'without', 'metal', 'even', 'insid', 'batteri', 'etc']"
Google Pixel 3a XL,"['pixel', '3a', 'xl', 'readi', 'v', '12']"
OnePlus 6T long-term,"['good', 'phone', 'without', 'problem', '6', 'year', 'hear', 'problem', 'finger', 'burn', 'sensat', 'much', 'use', 'also', 'heat']"
OnePlus 6T long-term,"['best', 'phone', 'ever', 'sinc', 'use', 'phone', 'entir', 'life']"
OnePlus 6T long-term,"['great', 'phone', 'actual', 'tiktok', 'burn', 'screen', 'like', '1', 'year', 'tiktok']"
Samsung Galaxy A40,"['expect', 'smartphon', 'like', 'a40', 'price', 'bought', 'mine', '2019', 'still', 'use', 'batteri', 'problem', 'social', 'medium', 'user', 'twitter', 'x', 'instagram', 'youtub', 'fine', 'buy', 'new', 'one', 'still', 'know', 'bran']"
Samsung Galaxy A40,"['a40', 'oneui', '61', 'instal', '0', 'problem', 'ye', 'speed', 'demon', 'far', 'bad', 'netflix', 'work', 'fine', 'bank', 'app', 'reli', 'strong', 'devic', 'integr', 'work']"
Samsung Galaxy A40,[]
Samsung Galaxy Fold,"['return', 'devic', 'place', 'got', 'fold']"
Samsung Galaxy Fold,"['email', 'samsung', 'isnt', 'gsmarena', 'issu']"
Samsung Galaxy Fold,"['use', 'samsung', 'gallaxi', '5g', 'fold', 'charg', 'plea', 'rectifi', 'problem']"
Oppo Reno 10x zoom hands-on,"['96kbp', 'realli', 'enough', 'good', 'qualiti', 'sound', 'alreadi', 'almost', 'mp3', 'begin', 'day', 'definetli', 'modern', 'encod', 'without', 'listen', 'vid', 'id', 'say', 'problem', 'microphon', 'qualiti', 'size', 'placement']"
Oppo Reno 10x zoom hands-on,"['hear', 'low', 'qualiti', 'sound', 'video', 'taken', 'oppo', 'didnt', 'learn', 'past', 'see', 'earth', 'would', 'set', 'bitrat', 'camera', 'audio', '96kbp', 'oppo', 'would']"
Oppo Reno 10x zoom hands-on,"['sensibl', 'notch', 'less', 'option', 'order']"
Realme 3 Pro,"['ye', 'confirm', 'mine', 'still', 'crack', 'origin', 'screen', 'protector', 'sinc', 'bought', 'earli', 'releas', 'date']"
Realme 3 Pro,"['use', 'phone', '5', 'year', 'month', 'never', 'use', 'screen', 'protector', 'rather', 'one', 'that', 'alreadi', 'phone', 'thin', 'protector', 'drop', 'phone', 'countless', 'time', 'even', '16', 'meter', '5ft', 'noth', 'happen', 'screen']"
Realme 3 Pro,"['ive', 'realm', '3', 'pro', 'sinc', 'jul', '2019', 'great', 'phone', 'look', 'replac', 'month', 'ago', 'drop', 'crack', 'screen', 'screen', 'replac', 'put', 'protector', 'screen', 'start']"
Samsung Galaxy S10e vs. Apple iPhone XR,"['s10e', 'sharp', 'realli', 'best', 'anyth', 'iphon', '11', 'dont', 'tri', 'might', 'end', 'regret']"
Samsung Galaxy S10e vs. Apple iPhone XR,"['far', 'goe', 'cant', 'thesam', 'xr', 'mayb', 'similar', 'never', 'good', 'work', 'xr', 'like', 'cheat', 's10e', 'still', 'everyth']"
Samsung Galaxy S10e vs. Apple iPhone XR,"['go', 'xr', 'xr', 'supereb', 'perform']"
Samsung Galaxy A50,"['mobil', 'slow', 'charg']"
Samsung Galaxy A50,"['batteri', 'problem', 'replac', 'batteri', 'dont', 'overcharg', 'pho', 'e']"
Samsung Galaxy A50,"['im', 'brother', 'slick', 'smooth']"
Samsung Galaxy Fold hands-on,"['love', 'origin', 'fold', 'ive', '7', 'month', 'still', 'love', 'couldnt', 'go', 'back', 'normal', 'phone', 'foldabl', 'phone', 'definit', 'futur']"
Samsung Galaxy Fold hands-on,"['futur', 'phone', 'one', 'await', 'devic']"
Samsung Galaxy Fold hands-on,"['hey', 'edinburgh', 'museum', 'pictur']"
Huawei P30,"['cant', 'find', 'way', 'testi', 'display', 'use', 'pop', 'time', 'want', 'test', 'display', 'cant', 'find', 'guess', 'dont', 'like', 'bad', 'review']"
Huawei P30,"['ye', 'still', 'use', 'nu', 'p20', 'p30', 'sparen', 'box', 'charg', 'weekli', 'tot', 'user', 'nu', 'p20', 'die', 'that', 'nog', 'happen']"
Huawei P30,"['astonish', 'p30', 'gone', '6', 'yearsand', 'even', 'plan', 'chang']"
Samsung Galaxy A80 and A70 hands-on,"['got', 'cheat', 'fingerprint', 'notwork']"
Samsung Galaxy A80 and A70 hands-on,"['plea', 'dont', 'compar', 'cheap', 'crap', 'adwar', 'phone']"
Samsung Galaxy A80 and A70 hands-on,"['display', 'fingerprint', 'make', 'place', 'mani', 'time', 'apart', 'option', 'nice']"
LG G8 ThinQ,"['recent', 'got', 'phone', 'employ', 'work', 'phone', 'never', 'lg', 'fan', 'phone', 'far', 'one', 'treat', 'well', 'time', 'tell']"
LG G8 ThinQ,"['love', 'lg', 'phone', 'much', 'bloatwar', 'bought', 'mine', 'renew', '176', '129', 'flagship', 'phone', 'boot', 'say', 'verizon', 'think', 'updat', 'android', '10', 'got', '11', '12']"
LG G8 ThinQ,"['lg', 'cost', '250', 'asu', 'cost', '650', 'basicli', 'featur', 'problem', 'definit', 'keep', '400', 'differ', 'pocket', 'buy', 'lg']"
Nokia 9 PureView,"['batteri', 'much', 'small']"
Nokia 9 PureView,"['took', 'smartphon', 'batteri', 'exhaust', 'replac', 'particip', 'photo', 'contest', 'small', 'countri', 'resid', 'well']"
Nokia 9 PureView,"['sadli', 'give', 'lumia', '1020', 'regular', 'phone', 'year', 'ago', 'whatsapp', 'wasnt', 'support', 'anymor', 'shame', '9', 'cannot', 'compet', '1020', 'yet', 'disappoint', 'photo', 'qualiti', 'even', 'manag', 'get', 'good', 'resu']"
Samsung Galaxy M20,"['aug', '2025', 'still', 'use', 'old', 'phone', 'daili', 'sinc', 'bought', 'new', '2019', 'still', 'solid', 'competitor', 'famili', 'phone', 'era', 'class', 'name', 'asu', 'zf', 'mp', '1', 'etc', 'alreadi', 'dead']"
Samsung Galaxy M20,"['phone', 'nice', 'broke', 'display']"
Samsung Galaxy M20,"['phone', 'vari', 'nace']"
Honor View 20 long-term,"['honor', 'view', '20', 'far', 'still', 'good', 'nowvideo', 'plu', 'photo', 'still', 'beauti', 'problrm', 'cannot', 'put', 'sd', 'card', 'intern', 'memori', 'enough']"
Honor View 20 long-term,"['ebay', 'stock', '25']"
Honor View 20 long-term,"['honor', 'view', '20', 'broken', 'one', 'know', 'find', 'lcd', 'phone']"
Samsung Galaxy M10,"['3', 'year', 'absolut', 'good', 'love', 'phone']"
Samsung Galaxy M10,"['bought', 'm10', 'feel', 'phone', 'creat', 'bolster', 'm20', 'market', 'campaign', 'focu', 'm20', 'there', 'whole', 'lot', 'm10', 'still', 'feel', 'way', 'better', 'chine', 'competitor', 'though', 'say']"
Samsung Galaxy M10,"['superb', 'phone', 'bought', 'upset', 'fingerprint', 'sensor', 'purchas', 'm20', 'alway', 'compar', 'm20', 'm20', '1k', 'costli', 'form', 'phone', 'time', 'pas', 'pas', 'averag', 'phone', 'also']"
Camera VS: Huawei P30 Pro against the world,['good']
Camera VS: Huawei P30 Pro against the world,['true']
Camera VS: Huawei P30 Pro against the world,"['remot', 'hub']"
Huawei P30 Pro,['configur']
Huawei P30 Pro,"['second', 'p30', 'pro', 'ive', 'own', '2025', 'youd', 'date', 'said', 'camera', 'still', 'good', 'use', 'macro', 'camera', 'lot', 'work', 'microscop', 'batteri', 'still', '2', 'day', 'batteri', 'thing']"
Huawei P30 Pro,"['great', 'camera', 'great', 'len', 'make', 'great', 'photo', 'love', 'leica', 'preset', 'great', 'carri', 'around', 'next', 'leica', 'q', 'canon', 'd1']"
Huawei P30 hands-on,"['notic', 'second', 'photo', 'sampl', 'cup', 'telephoto', 'camera', 'digit', 'zoom', 'main', 'camera', 'wonder', 'decid', 'camera', 'use', '3x', '5x', 'photo', 'look', 'pretti', 'bad', 'pixel', '3', 'rest', 'photo', 'take']"
Huawei P30 hands-on,"['fake', 'news', '4200', 'mah']"
Huawei P30 hands-on,"['nice', 'prais']"
Sony Xperia 10,"['unlock', 'soni', 'xperia', '10', 'forget', 'pin']"
Sony Xperia 10,"['3gb', 'ram', 'small', 'snapdragon', '630', 'reli', 'a53', 'core', 'low', 'perform', 'core', 'mean', 'snap630', 'ident', 'like', '4xx', '480', 'want', 'reliabl', 'phone', 'buy', 'flagship', '8xx', 'uf', 'regret', 'eve']"
Sony Xperia 10,"['soni', 'fan', 'mani', 'year', 'own', 'mani', 'soni', 'product', 'phone', 'howev', 'soni', 'brand', 'justic', 'worst', 'soni', 'devic', 'ever', 'own', '2', 'year', 'use', 'like', 'mani', 'user']"
Samsung Galaxy S10e,"['nice', 'mobil', 'phone']"
Samsung Galaxy S10e,"['great', 'phone']"
Samsung Galaxy S10e,['ye']
Oppo F11 Pro,"['hello', 'oppo', 'f11', 'pro', 'user', 'almost', '3', 'year', 'ive', 'encount', 'problem', 'popupcamera', 'show', 'ask', 'uncl', 'kinda', 'expert', 'phone', 'told', 'there', 'ribbon', 'thingi', 'need']"
Oppo F11 Pro,"['get', 'front', 'selfi', 'camera', 'start', 'work']"
Oppo F11 Pro,"['stop', 'volum', 'reduc']"
Sony Xperia 10 Plus,"['screenshot', 'system', 'video', 'call', 'batteri', 'dead', '12', 'hour']"
Sony Xperia 10 Plus,"['samsung', 'a50', 'a70', 'android', 'pie', 'uf', 'better', 'chipset', 'plu', 'ole', 'also', 'oppo', 'reno', 'realm', 'also', 'offer', 'similar', 'like', 'samsung', 'lower', 'cost', 'soni', 'mani', 'oem', 'offer', 'interest', 'featur', 'soni', 'similar', 'premium', 'price']"
Sony Xperia 10 Plus,"['still', 'water', 'proof', 'soni']"
vivo V15 Pro,"['phone', 'fine', 'speacilli', 'camera', 'best', 'love', 'vivi', 'v15', 'pro']"
vivo V15 Pro,"['phone', 'pop', 'camera', 'work', 'properli']"
vivo V15 Pro,"['nice', 'phone', 'look', 'display', 'smart', 'phone']"
Sony Xperia XZ3 long-term,"['still', 'perform', 'great', 'year']"
Sony Xperia XZ3 long-term,"['version', '11', '12', 'late', 'mobil']"
Sony Xperia XZ3 long-term,"['anyon', 'know', 'buy', 'good', 'batteri', 'z3', 'dd300', 'thank']"
Samsung Galaxy S10,"['android', 'galaxi', 's10', '5g']"
Samsung Galaxy S10,"['usb', 'charg', 'work', 'anymor', 'crack', 'glass', 'front', 'side', 'back', 'side', 'due', 'uselli', 'still', 'work', 'perfectli', 'wireless', 'charg', '86', 'batteri', 'health', 'connect', 'window', '11', 'use', 'web']"
Samsung Galaxy S10,['yessir']
Realme 3,"['use', 'realm', '3', 'sinc', 'may', '2019', 'still', 'work', 'face', 'problem', 'android', '10', 'lag', 'slow', 'go', 'back', 'android', '9', 'work', 'better']"
Realme 3,"['realme3', '4gb', 'rem64gb', 'storag']"
Realme 3,"['use', 'realm', '3', 'sinc', 'juli', '2019', 'work', 'well', 'issu', 'batteri', 'life', 'obviou', 'almost', '4', 'year', 'old', 'phone', 'lag', 'issu', 'sometim', 'fingerprint', 'doesnt', 'work']"
Motorola Moto G7 Play,"['ohk', 'phone', 'lost', 'pin', 'use', 'open', 'sd', 'area', 'im', 'also', 'wonder', 'dual', 'singl', 'sim', 'phone', 'memori', 'space', 'rather', 'small']"
Motorola Moto G7 Play,"['hate', 'phone', 'month', 'laggi', 'even', 'basic', 'task', 'like', 'open', 'keyboard', 'type', 'app', 'liter', '45', 'second', 'delay', 'get', 'keyboard', 'reboot', 'constantli', 'keep', 'snappier', 'still']"
Motorola Moto G7 Play,"['snapdragon', '632', 'whip', 'game', 'without', 'issu', 'lower', 'level', 'adreno', '506', 'kind', 'let', 'your', 'get', 'game', 'still', 'itll', 'handl', 'almost', 'anyth', 'throw']"
Samsung Galaxy S10+,"['phone', 'insan', '12gb', 'ram', '1tb', 'storag', '2019', '7', 'year', 'later', 'get', 's26fe', '8gb', 'ram', 's26', 'ultra', 'also', 'goe', '1tb']"
Samsung Galaxy S10+,"['how', 'batteri', 'life', 'compar', 'note', '10', 'plu']"
Samsung Galaxy S10+,"['great', 'phone']"
"Samsung Galaxy A50, A30, Tab S5e hands-on","['bought', 'new', 'a50', 'chang', 'huawei', 'y9comapr', 'y9', 'samsung', 'a50', 'near', 'huawei', '9', 'poor', 'network', 'qualiti', '3g', '4gcompar', 'y9', 'y9', 'user', 'friendli', 'camera', 'better', 'y9', 'regret', 'pick', 'a50']"
"Samsung Galaxy A50, A30, Tab S5e hands-on","['bought', 'new', 'a50', 'chang', 'huawei', 'y9comapr', 'y9', 'samsung', 'a50', 'near', 'huawei', '9', 'poor', 'network', 'qualiti', '3g', '4gcompar', 'y9', 'y9', 'user', 'friendli', 'camera', 'better', 'y9', 'regret', 'pick', 'a50']"
"Samsung Galaxy A50, A30, Tab S5e hands-on","['normal', 'dude']"
"Sony Xperia 1, 10 Plus, 10, L3 hands-on","['wow', 'phone', 'hand']"
"Sony Xperia 1, 10 Plus, 10, L3 hands-on","['cant', 'delet', 'comment', 'caus', 'mention', 'mistak', 'guy', 'devic', 'label', '4kqhdfhdhd', 'look', 'vertic', 'pixel', 'horizont', 'pixel', 'elementari', 'term', 'resolut', 'topic', 'devic', 'doesnt', 'ha']"
"Sony Xperia 1, 10 Plus, 10, L3 hands-on","['65', '219', 'equal', '52', 'display', '169', 'stretch']"
"Xiaomi Mi Mix 3 5G, Mi 9 Explorer, and Mi 9 SE hands-on",['price']
"Xiaomi Mi Mix 3 5G, Mi 9 Explorer, and Mi 9 SE hands-on","['wow', 'nice', 'display', 'qualiti']"
"Xiaomi Mi Mix 3 5G, Mi 9 Explorer, and Mi 9 SE hands-on","['xiaomi', 'mi', '5g', 'mobil', 'infrar', 'sensor', 'light', 'sensor', '5000', 'mh', 'batteri', '5', 'inch', 'display', 'choic']"
LG V50 ThinQ 5G and LG G8 ThinQ hands-on,"['lg', 'g7', 'older', 'phone', 'plea', 'upgrad', 'lg', 'g6', 'mani', 'problem', 'cant', 'charg', 'due', 'moistur', 'detect', 'use', 'wireless', 'charg', 'bought', 'lg', 'g8', 'red', 'tmobil', 'may', '2019', 'discount', 'price', '600', 'omg']"
LG V50 ThinQ 5G and LG G8 ThinQ hands-on,"['lg', 'v20', 'last', 'good', 'phone', 'remov', 'batteri', 'sad', 'dont', 'make', 'anymor', 'batteri', 'last', '2', 'year', 'max', 'phone', 'dispos', 'premium', 'price', 'sad', 'sad', 'sad']"
LG V50 ThinQ 5G and LG G8 ThinQ hands-on,"['may', 'choic', 'lg', 'v50', 'thinq', '5g']"
Nokia 9 PureView hands-on,"['nokia', 'manag', 'love', 'joke', 'use', 'silli', 'custom', 'make', 'expens', 'phone', 'shitti', 'batteri', 'doesnt', 'stop', 'nokia', 'lover', 'fall', 'hater', 'side', 'im', 'neutral', 'still', 'watch', 'nasti', 'sili']"
Nokia 9 PureView hands-on,['zte']
Nokia 9 PureView hands-on,"['nice', 'phone']"
"Nokia 4.2, 3.2, 1 Plus and 210 hands-on","['approv', 'good', 'qualiti', 'product']"
"Nokia 4.2, 3.2, 1 Plus and 210 hands-on",['3000']
"Nokia 4.2, 3.2, 1 Plus and 210 hands-on","['love', 'phone', 'sad', 'want', 'record', 'convers', 'allow', 'end', 'receiv', 'know', 'want', 'start', 'record', 'wtf', 'essenc', 'make', 'record', 'person', 'use']"
Huawei Mate X hands-on,"['hi', 'fine', 'also', 'find', 'phoneit', 'look', 'nice', 'l', 'need', 'long', 'batteri', 'time']"
Huawei Mate X hands-on,"['huawei', 'clearli', 'tell', 'u', 'phone', 'manufactur', 'week', 'day', 'go', 'sale', 'friday', 'im', 'curious', 'sale', 'showroom', 'around', 'china', 'think', 'make', 'fair', 'comparison', 'brand']"
Huawei Mate X hands-on,"['awesom', 'devic']"
"Samsung Galaxy S10, S10+, S10e, S10 5G handson","['screen', 'still', 'need']"
"Samsung Galaxy S10, S10+, S10e, S10 5G handson","['wow', 'mine', 'also', 'broken', 'got', 'lot', 'stuff', 'want', 'retriev', 'back', 'current', 'gave', 'fix', 'shop', 'best', 'go', 'shop', 'fix', 'phone', 'screen', 'fix', 'look', 'good', 'brand', 'new', 'face']"
"Samsung Galaxy S10, S10+, S10e, S10 5G handson","['himi', 's10', '5g', 'screen', 'got', 'damag', 'need', 'replac', 'caus', 'lot', 'inform', 'need', 'retriev', 'help', 'get', 'screen', 'replac', 'realli', 'tri', 'couldnt', 'get', 'though', 'credibl', 'inform', 'would', 'duli']"
Xiaomi Mi 9,"['phone', 'outlast', '2', 'phone', 'date', 'post', 'lg', 'oneplu', 'batteri', 'phone', 'go', 'strong', 'thing', 'fear', 'undermin', 'phone', 'bottleneck', 'phone', '13', 'year', 'would', 'support']"
Xiaomi Mi 9,"['use', 'sinc', '2019', 'system', 'almost', 'flawless', 'work', 'swiftli', 'minor', 'hiccup', 'wish', 'receiv', 'updat', 'though', 'camera', 'still', 'great', 'gcam', 'mod']"
Xiaomi Mi 9,"['use', 'mine', 'sinc', '2019', 'singl', 'fault', 'till', 'date', 'apart', 'batteri', 'slightli', 'weaker']"
vivo V15 Pro hands-on,"['side', 'frame', '175mm', 'top', 'one', 'mere', '222mm', 'didnt', 'mention', 'bottom', 'bezel', 'size', 'well']"
vivo V15 Pro hands-on,"['almost', 'vivo', 'quit', 'small', 'chin']"
vivo V15 Pro hands-on,"['camera', 'result', 'good', 'price', 'pixel', 'peeper', 'good', 'small', 'screen', 'zoom', 'terrif', 'phone']"
Motorola Moto G7 Plus,"['come', 'case']"
Motorola Moto G7 Plus,"['phone', '120', 'right', 'make', 'great', 'deal', 'problem', 'tri', 'find', 'case']"
Motorola Moto G7 Plus,"['long', 'get', 'also', 'slow', 'breakdown', 'happen', 'sinc', 'day', '1']"
Motorola Moto G7 Power,"['love', 'moto', 'g7', 'power', 'didnt', 'cost', 'much', 'doesnt', 'much', 'bloat', 'samsung', 'simpl', 'actual', 'return', 'pixel', '9', 'much', 'reason', 'im', 'upgrad', 'new', 'phone', 'stop', 'updat', 'o']"
Motorola Moto G7 Power,"['moto', 'g7', 'power', 'piec', 'crap', 'speaker', 'noth', 'rubbish', 'junk', 'dont', 'recommend', 'anyon', 'buy', 'decid', 'get', 'one', 'make', 'sure', 'get', 'hear', 'aid', 'mayb', 'might', 'hear', 'also', 'text', 'notif', 'suc']"
Motorola Moto G7 Power,"['phone', 'batteri', 'replac', 'think', 'need', 'take', 'phone', 'shop', 'expect', 'pay', '50']"
Motorola Moto G7,"['capat', 'audio', 'stream', 'hear', 'aid', 'protoc']"
Motorola Moto G7,"['partner', 'phone', 'two', 'year', 'point', 'updat', 'android', '9', '10', 'believ', 'upgrad', 'possibl', 'select', '4g', 'call', 'option', 'doesnt', 'appear', 'menu', 'pro']"
Motorola Moto G7,"['hi', 'moto', 'g7', 'good', 'would', 'recommend']"
Asus Zenfone Max M2 hands-on,"['asus_x01ad', 'cant', 'activ', 'volt', 'fulli', 'updat']"
Asus Zenfone Max M2 hands-on,"['ive', 'use', 'asu', 'zenfon', 'max', 'm2', 'year', 'alreadi', 'satisfi', 'satisfact', 'depend', 'usag', 'want', 'long', 'life', 'batteri', 'say', 'worth', 'last', '48', 'hour', 'depend', 'usag']"
Asus Zenfone Max M2 hands-on,"['asu', 'zenfon', 'max', 'm2', 'worst', 'handset', 'ever', 'purchas', 'purchas', 'year', 'jan', '2019', 'perform', 'jan', '2020', 'replac', 'motherboard', 'due', 'softwar', 'issu', 'incur', '4', 'month', 'without', 'physic', 'damag', 'compa']"
Moto G7 family hands-on,"['appl', 'qualiti', 'top', 'wonder', 'basic', 'major', 'function', 'issu', 'apprear', 'devic', 'im', 'pretti', 'sure', 'test', 'devic', 'think', 'well', 'think', 'dev', 'team', 'unit']"
Moto G7 family hands-on,"['appl', 'qualiti', 'still', 'top', 'hahaha', 'comedian', 'xd', 'appl', 'got', 'lot', 'money', 'obviosli', 'save', 'lot', 'test', 'clearli', 'dont', 'much', 'lucki', 'wife', 'got', '5', '5', 'public', 'beta']"
Moto G7 family hands-on,"['vanilla', 'android', 'help', 'open', 'basic', 'app', 'milisencond', 'faster', 'take', 'away', 'perform', 'advantag', 'sd660', 'sd636', 'actual', 'matter', 'game', 'sure', 'version', 'note', '7', 'compar', '3', '4']"
Xiaomi Mi 8 long-term,"['im', 'write', 'doesnt', 'issu']"
Xiaomi Mi 8 long-term,"['love', 'mi8', 'sinc', 'fell', 'screen', 'ink', 'cant', 'get', 'screen', 'phone', 'anywher', 'el', 'anyon', 'plea', 'help', 'get', 'screen', 'plea', 'im', 'bloemfontein', 'free', 'state', 'south', 'africa']"
Xiaomi Mi 8 long-term,"['use', '4', 'year', 'without', 'issu', 'would', 'fell', 'water', 'must', 'find', 'new']"
Xiaomi Redmi Note 7,"['note', '7', 'pro', 'use', 'snapdragon', '675', 'capabl', 'take', 'actual', '48', 'mp', 'photo', '4k', 'video', 'note', '7', 'use', 'snapdragon', '660', 'isnt', 'capabl', 'much']"
Xiaomi Redmi Note 7,['chipset']
Xiaomi Redmi Note 7,"['pl', 'differ', 'redmi', 'note', '7', 'note', '7', 'pro']"
Huawei Mate 20 X,"['definit', 'doesnt', 'last', '6', 'hour', 'anymor', 'that', 'like', 'due', 'batteri', 'degrad', 'might', 'worth', 'see', 'put', 'new', 'batteri', 'one']"
Huawei Mate 20 X,"['thank', 'much', 'rear', 'camera', 'fast', 'focu', 'even', 'indoor', 'shot', 'regular', 'pdaf', 'laser', 'autofocu', 'autofocu', 'speed', 'matter', 'much']"
Huawei Mate 20 X,"['ye', 'ive', 'mine', 'sinc', '2019', 'start', 'use', 'sit', 'sinc', '2022', 'still', 'gate', '8', 'hour', 'problem']"
Huawei P Smart 2019,"['phone', 'power', 'batteri', 'okay', 'make', '6000ah', 'batteri', 'phone', 'becom', 'proper', 'like', 'p', 'smart', '2019', 'batteri', 'good', 'thank', 'product']"
Huawei P Smart 2019,"['best', 'phone', 'ever', 'servic', '2019', 'till', '2025', 'without', 'singl', 'problem', 'plan', 'obsolesc', 'still', 'work', 'good', 'day', 'got', 'sure', 'got', 'scratch', 'best', 'phone', 'ever']"
Huawei P Smart 2019,"['phone', '2019', '2024', 'never', 'freezebaterri', '1', 'day', 'never', 'problem', '55']"
Honor View 20,"['proxim', 'sensor']"
Honor View 20,"['anyon', 'confirm', 'what', 'topbesid', 'microphon', 'one', 'ir']"
Honor View 20,"['display', 'qualiti', 'isnt', 'flagshipworthi', 'actual', 'ip', 'screen', 'singl', 'dot', '35', 'jack', 'go', 'buy', 'phone', '2020', 'even', '31', 'usb', 'typec', 'even', 'despit', 'newer', 'flagman', 'use', '20', 'sadthey', 'skip', 'sd', 'card', 'need', 'hun']"
vivo NEX Dual Display,"['may', 'contact', 'local', 'vivo', 'inform']"
vivo NEX Dual Display,"['bought', 'ghana', 'cant', 'even', 'chang', 'countri', 'region', 'phone', 'anyon', 'assist', 'plea']"
vivo NEX Dual Display,['nice']
Pocophone F1 long-term,"['2026', 'still', 'monster', 'devic']"
Pocophone F1 long-term,"['hi', 'bought', 'model', 'start', 'produc', 'price', '310', 'second', 'xiaomi', 'best', 'thing', 'someth', 'break', 'fix', 'right', 'away', 'ip', 'great', 'safe', 'phone', 'batteri', 'good', 'condit', 'ive', 'use', '5']"
Pocophone F1 long-term,"['omg', 'keep', 'chug', 'along']"
Honor View 20 hands-on,"['popup', 'slefi', 'camera', 'ont', 'good']"
Honor View 20 hands-on,"['plea', 'post', 'full', 'review', 'mobil', 'discus', 'phone']"
Honor View 20 hands-on,"['48', 'mpix', 'shot', 'still', 'wors', '38', 'mpix', 'one', 'old', 'nokia', '808', '2019', 'that', 'incred', 'ye', 'probabl', 'unfair', 'compar', 'quadbay', 'filter', 'sensor']"
Xiaomi Mi Mix 3,"['brilliant', 'design', 'drop', 'punch', 'hole', 'udc']"
Xiaomi Mi Mix 3,"['lmao', 'failur', 'get', '24', 'mp', 'front', 'camera', 'portrait', 'camera', 'individu', 'get', 'two', 'high', 'megapixel', 'count', 'camera', 'back', '4k', '60fp', 'record', 'get', 'slider', 'face', 'id', 'immedi', 'open']"
Xiaomi Mi Mix 3,"['mi', 'mix', '3', 'dual', 'camera', 'mode', 'ie', 'pictureinpictur', 'front', 'back', 'camera', 'record']"
Samsung Galaxy A9 (2018),"['favourit', 'phone']"
Samsung Galaxy A9 (2018),"['samsung', 'galaxi', 'a9', '2018', 'mobil', 'phone', 'excel', 'batteri', 'problem', 'therefor', 'new', 'samsung', 'want', 'chang', 'kindli', 'accept', 'request', 'new', 'phone', 'exchang']"
Samsung Galaxy A9 (2018),"['devic', 'use']"
Our editors' favorite smartphones of 2018,"['htc', 'fan', 'team']"
Our editors' favorite smartphones of 2018,"['honestli', 'speak', 'xiaomi', 'nokia', 'better', 'year', 'term', 'smartphon', 'pugb', 'fortnit', 'term', 'game', 'ofcours', 'meme', 'like', 'httpswwwtecholeaksofficialcom201901bestsmartphonesgamesandmemeshtmlm1']"
Our editors' favorite smartphones of 2018,"['also', 'ask', 'question', 'want', 'know', 'will', 'favourit', 'smartphon']"
Camera test: The phone with the best Portrait mode,"['think', 'need', 'photo', 'angi', 'determin', 'camera', 'qualiti', 'brain', 'look', 'wow', 'angi']"
Camera test: The phone with the best Portrait mode,"['ill', 'split', 'money', 'budget', 'phone', 'nikon', 'd750', 'problem', 'solv', 'hurray']"
Camera test: The phone with the best Portrait mode,"['dont', 'think', 'nikon', 'd3400', 'probbabl', 'best', 'dslr', 'money', 'buy', 'price', '250', 'euro', 'less', 'domin', 'nikon', 'd3500', '499', 'know', 'hhow', 'buy', 'around', '350400', 'buck']"
Best and worst smartphone trends of 2018,"['wire', 'headphon', '1986', 'mean', 'cmon', 'one', 'day', 'well', 'transmitt', 'ear', 'canal', 'pick', 'music', 'implant', 'antenna']"
Best and worst smartphone trends of 2018,"['ye', 'your', 'right']"
Best and worst smartphone trends of 2018,"['said', 'everyth', 'go', 'say', 'bravo']"
Honor 10 Lite,"['solid', 'phone', 'isnt', 'sharp', 'newer', 'phone', 'look', 'someth', 'reliabl', 'durabl', 'expens', 'great']"
Honor 10 Lite,"['cant', 'beat', 'selfi', 'camera', 'screen']"
Honor 10 Lite,"['got', 'phone', '2', 'year', 'ago', 'happi', 'like', 'interfac', 'less', 'bloatwar', 'samsung', 'phone', 'love', 'selfi', 'camera', 'main', 'reason', 'got', 'phone', 'second', 'low', 'price', 'problem']"
Asus Zenfone Max Pro (M2) ZB631KL,"['phone', 'newli', 'bought', 'onlin', 'open', 'phone', 'want', 'updat', 'system', 'due', 'poor', 'signal', 'place', 'updat', 'went', 'long', 'turn', 'open', 'back', 'signal', 'wifi', 'disabl', 'bluetooth']"
Asus Zenfone Max Pro (M2) ZB631KL,['13jun']
Asus Zenfone Max Pro (M2) ZB631KL,"['asu', 'zenfon', 'max', 'pro', 'm2', 'android', '10', 'offici', 'releas', 'date']"
Asus ROG Phone,"['desktop', 'dock', 'applic', 'gaminglik', 'busi', 'profession', 'work', 'bill', 'softwar', 'etc', 'use', 'phone', 'pc', 'keyboard', 'mous', 'extern', 'displaymonitor', 'without', 'pc']"
Asus ROG Phone,"['worth', 'drop', 'phone', 'knee', 'high', 'display', 'got', 'broken', 'first', 'display', 'light', 'screen', 'time', 'goe', 'display', 'black', 'screen', 'touch', 'sensor', 'still', 'work', 'disp']"
Asus ROG Phone,"['2020', 'christ']"
OnePlus 6T McLaren Edition,"['thought', 'headphon', 'jack', 'remov', 'use', 'wire', 'headphon', 'wonder', 'whether', 'get', 'phone']"
OnePlus 6T McLaren Edition,"['ye', 'simpl', 'addict', 'phone', 'work', 'seamlessli', 'speed', 'phone', 'top', 'notch', 'excel', 'camera', 'thing', 'think', 'buy', 'phone', 'fantast', 'phone', 'worth', 'phone', 'aggr']"
OnePlus 6T McLaren Edition,"['size', 'quit', 'comfort', 'use', '3', 'month', 'best', 'phone', 'ever', 'use', 'much', 'better', 'camera', 'iphon']"
Honor Magic 2,"['hey', 'honor', 'cellphon', 'scenario', 'juat', 'super', 'weird', 'pull', 'camera', 'goe', 'blackscreen', 'troubleshoot', 'fix', 'plea', 'help', 'honor']"
Honor Magic 2,"['itll', 'releas', 'pakistan']"
Honor Magic 2,"['im', 'repli', 'honor', 'magic', '2', 'whole', 'differ', 'wonder', 'experi']"
vivo NEX Dual Display Edition hands-on,"['question', 'alreadi', 'answer', 'top', 'need', 'open', 'mind']"
vivo NEX Dual Display Edition hands-on,"['best', 'phone', 'ever']"
vivo NEX Dual Display Edition hands-on,"['second', 'screen', 'take', 'selfi', 'back', 'phone', 'leav', 'entir', 'front', 'free', 'notch', 'hole', 'selfi', 'camera', 'entir', 'front', 'phone', 'screen']"
OnePlus 6T McLaren Edition hands-on,"['10gb', 'ram', 'processor', 'support', '8gb', 'youv', 'play', 'one', 'plu', 'shit', 'engin', 'market', 'peopl', 'must']"
OnePlus 6T McLaren Edition hands-on,"['design', 'feel', 'luxuri', 'design', 'like', 'vertu', 'glass', 'cover', 'carbon', 'fibr', 'make', 'less', 'premium']"
OnePlus 6T McLaren Edition hands-on,"['depth', 'sensor', 'studio', 'light', 'portrait', 'mode', 'would', 'boughtit', 'tick', 'almost', 'everyth']"
Oppo RX17 Pro,"['yup', 'could', 'eye', 'sauron', 'tof', 'camera']"
Oppo RX17 Pro,"['that', 'die', 'quickli']"
Oppo RX17 Pro,"['mention', 'review', 'biggest', 'problem', 'capabl', 'record', '60', 'fp', 'even', 'lastest', 'updat', 'oppo', 'still', 'dont', 'bring', 'notic', 'bought', 'phone', 'bit', 'let', 'didnt', 'read', 'review', 'befo']"
Apple iPad Pro 12.9 (2018),"['use', '24w', '61w', 'charger', 'charg', 'ipad', 'pro', '2018', 'plz', 'need', 'help']"
Apple iPad Pro 12.9 (2018),"['big', 'price', 'korea']"
Apple iPad Pro 12.9 (2018),"['plz', 'anyon', 'tell', 'use', 'memoji', 'featur', 'ipad', 'plz']"
OnePlus 6T vs. 5T vs. 3T,"['instal', 'gcam', 'find', 'hard', 'see', 'differ', 'im', 'use', 'xiamio', 'a3', 'didnt', 'need', 'search', 'model', 'thought', 'remark', 'close', 'might', 'better', 'also', 'phone', 'close', 'u']"
OnePlus 6T vs. 5T vs. 3T,"['oneplu', 'line', 'phone', 'alway', 'ahead', 'rest', 'come', 'hardwar', 'spec', '3t', '6gb', 'ram', '128gb', 'storag', 'along', 'snapdragon', '821', 'processor', 'amol', 'display', 'spec', 'alon', 'good', 'get', '2016']"
OnePlus 6T vs. 5T vs. 3T,"['kikikikik', 'like']"
Realme U1,"['think', 'dont', 'take', 'photo', 'realm', 'u1']"
Realme U1,"['use', 'helio', 'p70', 'clock', 'speed', '21', 'new', 'processor', 'g90t', 'clock', 'speed', '205', 'interest']"
Realme U1,"['poor', 'flash', 'qualiti', 'like', 'nokia', '1100', 'led', 'torch', 'disappoint']"
Xiaomi Mi 8 Lite,"['august', '2024', 'upgad', 'android', '10', 'old', 'phone', 'mi', '8', 'lite', 'still', 'aliv', 'compact', 'enough', 'daili', 'job']"
Xiaomi Mi 8 Lite,"['batteri', 'spoil', 'need', 'new', 'one', 'get']"
Xiaomi Mi 8 Lite,"['mine', 'xiaomi', 'mi', '8', 'lite', 'sinc', 'came', 'still', 'excel', 'phone', 'reliabl']"
ZenFone Max M1 and Lite L1 hands-on,"['nice', 'phone', 'quaiti', 'phone']"
ZenFone Max M1 and Lite L1 hands-on,"['phone', 'darkar', 'asu', 'zenfon', 'max', 'lite', 'l1']"
ZenFone Max M1 and Lite L1 hands-on,"['review', 'rog', 'phone']"
Night mode ON: Pixel 3 vs. Mate 20 Pro,"['huawei', 'better', 'job', 'even', 'light', 'less', 'nois', 'night', 'sight', 'bring', 'detail', 'come', 'long', 'way']"
Night mode ON: Pixel 3 vs. Mate 20 Pro,"['huawei', 'come', 'long', 'way', 'start', 'trade', 'blow', 'biggest', 'name', 'competit', 'drive', 'innov', 'actual', 'prefer', 'look', 'mate', '20', 'night', 'shot', 'pixel', '3', 'pixel', '3', 'xl', 'well', 'pixel', '2', 'xl']"
Night mode ON: Pixel 3 vs. Mate 20 Pro,"['troll', 'fli', 'cow', 'test', 'said', 'see']"
Smartphone buyer's guide,"['mate', '20', 'pro', 'camera', 'phone', 'depart']"
Smartphone buyer's guide,"['enjoy', 'smartphon', 'buyer', 'guid', 'articl', 'awesom', 'practic', 'guid', 'love', 'colleagu', 'work', 'trust', 'buy', 'smartphon', 'famili', 'friend', 'wish', 'guid', 'featur', 'monthli', 'perhap']"
Smartphone buyer's guide,"['plea', 'add', 'section', 'basi', 'audio', 'qualiti']"
Xiaomi Mi A2 long-term,"['switch', 'app', 'galleryvert', 'horizont']"
Xiaomi Mi A2 long-term,"['hi', 'bought', 'phone', 'son', '21nd', 'birthday', 'year', 'later', 'bought', 'anoth', 'phone', 'need', 'option', 'pay', 'use', 'phone', 'nfc', 'phone', 'doesnt', 'support', 'option', 'later', 'phone', 'return', 'back']"
Xiaomi Mi A2 long-term,"['model', 'use', 'review', '464', 'face', 'readwrit', 'lag', 'referrign', 'infam', 'emmc', 'storag']"
LG V40 ThinQ,"['great', 'cell', 'phone', 'huge', 'problem', '1', 'cell', 'phone', 'batteri', 'absolut', 'scandal', 'first', 'moment', 'realiz', 'charg', 'last', 'littl', 'year', 'found', 'recharg', 'cell', 'phone', 'even', '45', 'time', 'day']"
LG V40 ThinQ,"['speaker', 'mic', 'tri', 'look', 'aliexpress']"
LG V40 ThinQ,"['anyon', 'know', 'remov', 'navig', 'bar', 'recent', 'app', 'launcher', 'navig', 'bar', 'doesnt', 'show', 'home', 'screen', 'want', 'keep', 'pop', 'hit', 'recent', 'app', 'button', 'remov']"
Motorola One,"['2024', 'still', 'babi', 'phone', 'endur', 'nasti', 'badass']"
Motorola One,"['also', 'appl', 'defect', 'love', 'moto', 'one', 'even', '2020', 'still', 'work', 'great', 'definit', 'get', 'anoth', 'motorola', 'miss', 'appl', 'way']"
Motorola One,"['u', 'damn', 'right']"
Honor 8X,"['honor', '8x', 'dont', 'fingerprint', 'option']"
Honor 8X,"['honor8x', 'good']"
Honor 8X,"['8x', '6', 'year', 'old', 'flawlessli', 'reliabl', 'good', 'camera', 'good', 'batteri', 'life', 'wont', 'buy', 'anoth', 'phone', 'die']"
Google Pixel 3 XL,"['set', 'network']"
Google Pixel 3 XL,"['devic', 'one', 'beauti', 'piec', 'uniqu', 'hardwar', 'ergonom']"
Google Pixel 3 XL,"['pixel', '3', 'xl']"
Samsung Galaxy A7 (2018),"['good', 'phone', 'work', 'perfectli', '2026', 'thank', 'samsung']"
Samsung Galaxy A7 (2018),"['a7', '2018', 'model', '2018', 'work', 'fine', 'batteri', 'issu', 'heat', 'issu', 'noth', 'first', '2', 'year', 'use', 'phone', '1yr', 'mom', '1', 'yr', 'till', 'day', 'mom', 'use', 'phone', 'thank', 'samsung', 'make', 'gadget']"
Samsung Galaxy A7 (2018),"['past', 'year', 'ive', 'realiz', 'run', 'phone', 'anim', 'turn', 'make', 'everi', 'process', 'especi', 'launch', 'system', 'app', 'littl', 'faster', 'howev', 'find', 'phone', 'drain', 'everi', 'day', 'leav', 'charg', 'hour']"
Xiaomi Redmi 6 and Redmi 6A,"['cellphon', 'thank', 'god', 'still', 'good', 'worth', '2026', 'still', 'mani', 'shortcom', 'sever', 'lag', 'sometim', 'screen', 'doesnt', 'respond', 'howev', 'year', 'still', 'open', 'app', 'take', 'long', 'time', 'stora']"
Xiaomi Redmi 6 and Redmi 6A,"['realli', 'help', 'review']"
Xiaomi Redmi 6 and Redmi 6A,"['solv', 'problem', 'get', 'messag', 'ram', 'ia', 'occupi', 'phone', 'ream', '6']"
Razer Phone 2,"['cant', 'use', 'mine', 'got', 'way', 'charg', 'anyon', 'help', 'plea']"
Razer Phone 2,"['love', 'phone']"
Razer Phone 2,"['phone', 'sin', '2018', 'love', 'screen', 'shatter', 'drop', 'balconi', 'love', 'razer', 'product']"
Oppo RX17 Pro hands-on,"['yeah', 'still', 'audio', 'jack', 'irblast', 'what', 'ridicul', 'tripl', 'camera', 'setup', 'rear']"
Oppo RX17 Pro hands-on,"['like', 'camera', 'modul', 'three', 'use', 'soni', 'made', 'sensor', 'imx363', 'mi', 'mix', '3', 'imx345', 'samsung', 's9', 'oppo', 'rx17', 'pro', 'your', 'ask', 'imag', 'qualiti', 'person', 'would', 'rate', 'lik']"
Oppo RX17 Pro hands-on,"['hey', 'pentil', 'awesom', 'make', 'think', 'great', 'nowaday', 'dont', 'see', 'individu', 'pixel', 'everyth', 'retina', 'qualiti', 'anyway', 'dunno', 'say', 'dont', 'even', 'lul']"
Apple iPhone XR,"['updat', 'full', 'testimoni', 'find', 'iphon', 'xr', 'third', 'iphon', 'launch', 'year', 'iphon', 'x', 'iphon', 'max']"
Apple iPhone XR,"['phone', 'xr']"
Apple iPhone XR,['good']
Huawei Mate 20,"['bought', 'phone', '664', 'back', '2020', 'almost', '5', 'year', 'im', 'use', 'phone', 'impress', 'phone', 'remain', 'fast', 'heavi', 'task', 'problem', 'face', 'power', 'button', 'volum', 'butt']"
Huawei Mate 20,"['user', 'sińc', '2019', 'great', 'phone', 'over', 'still', 'fast', 'everyth', 'head', 'phone', 'jack', 'ir', 'blaster', 'fm', 'radio', 'memori', 'card', 'even', 'batteri', 'ok', '4gb', 'ram', 'bit', 'small', 'broke', 'weather', 'app', 'stupid', 'ad']"
Huawei Mate 20,"['still', 'use', 'februari', '2025', 'work', 'fine', 'everyday', 'task', 'great', 'main', 'camera', 'good', 'selfi', 'one', 'tho', 'lag', 'sometim', 'disconnect', 'bluetooth', 'take', 'photo', 'phone', 'bought', '6', 'year', 'ago']"
Google Pixel 3,"['googl', 'pixel', '3', 'fell', 'hand', 'screen', 'wont', 'turn', 'want', 'know']"
Google Pixel 3,"['pixel', '3', 'japanes', 'model', 'esim', 'facil']"
Google Pixel 3,"['googl', 'pixel', '3', 'cant', 'make', 'receiv', 'call', 'fulli', 'unlock', 'manufactur']"
OnePlus 6T,"['comment', 'age', 'like', 'spoilt', 'milk']"
OnePlus 6T,"['hate', 'notch', 'full', 'dust', 'go', 'insid', 'front', 'camera', 'call', 'speakerther', 'gap', 'display', 'call', 'speaker']"
OnePlus 6T,"['gsmarena', 'realli', 'consid', 'drop', 'geekbench', 'benchmark', 'test', 'realli', 'inconsist', 'shadi', 'like', 'antutu', 'technic', 'site', 'like', 'anandtech', 'includ', 'geekbench', 'test', 'result', 'review', 'cpu', 'gee']"
Huawei Mate 20 Pro,"['mate', '20', 'pro', 'camera', 'doesnt', 'take', 'clear', 'pictur', 'especi', 'back', 'camera', 'take', 'blurr', 'pictur', 'solut']"
Huawei Mate 20 Pro,"['simpli', 'give', 'screen', 'two', 'knock', 'consecut', 'screen', 'grab']"
Huawei Mate 20 Pro,"['tri', 'use', 'assist', 'ball', 'take', 'screenshot', 'volum', 'control', 'power', 'onoff', 'set', 'phone', 'prevent', 'button', 'overwork']"
Xiaomi Mi Mix 3 hands-on,"['doesnt', 'phone', 'deserv', 'proper', 'review']"
Xiaomi Mi Mix 3 hands-on,"['one', 'realli', 'great', 'phone', 'full', 'review']"
Xiaomi Mi Mix 3 hands-on,"['love', 'mobil']"
Nokia 7.1,"['experi', 'phone', 'quit', 'ride', 'android', '10', 'updat', 'brick', 'phone', 'go', 'servic', 'center', 'clean', 'wipe', '9', 'later', 'abl', 'instal', 'android', '10', 'charg', 'part', 'gave', 'away', 'less', 'year', 'coul']"
Nokia 7.1,"['real', 'problem', 'ive', 'nokia', '71', 'usb', 'charg', 'connect', 'port', 'port', 'fail', 'connect', 'properli', 'number', 'connect', 'howev', 'replac', 'port', 'kit', 'purchas', 'amazon', 'newegg', 'fo']"
Nokia 7.1,"['worst', 'phone', 'humbl', 'request', 'plea', 'purchas', 'phone', 'two', 'year', 'experi', 'batteri', 'problem', 'sound', 'problem', 'mani', 'time', 'hang', 'mani', 'time']"
Oppo Find X Lamborghini Edition,"['android', 'one', 'o', 'custom', 'icon', 'includ', 'color', 'would', 'great']"
Oppo Find X Lamborghini Edition,"['dream', 'charger']"
Oppo Find X Lamborghini Edition,"['fail', 'bend', 'test', 'low', 'qualiti', 'phone']"
Xiaomi Redmi Note 6 Pro,"['phone', 'tap', 'call', 'back', 'youtub', 'work', 'speaker', 'sound', 'problem', 'headphon', 'problem']"
Xiaomi Redmi Note 6 Pro,"['look', 'design', 'iphon', 'x', 'max']"
Xiaomi Redmi Note 6 Pro,"['xiaomiredmi', 'give', 'phone', 'night', 'mode', 'featur', 'camera', 'softwar', 'right', 'dont', 'want', 'instal', '3rd', 'app', 'parti', 'like', 'googl', 'phote', 'get', 'night', 'mode', 'featur']"
"Huawei Mate 20, 20 Pro, 20 X hands-on","['fair', 'proper', 'critic', 'huawei', 'go', 'proprietari', 'memori', 'card', 'sd', 'card', 'smartphon', 'maker', 'use', 'also', 'proprietari', 'patent', 'copyright', 'manufactur', 'need', 'get', 'licens', 'produc', 'sd', 'card', 'h']"
"Huawei Mate 20, 20 Pro, 20 X hands-on","['disagre', 'expect', 'huawei', 'keep', 'use', 'nm', 'card', 'plan', 'obsolesc', 'reason', 'memori', 'card', 'size', 'sd', 'card', 'gener', 'use', 'nano', 'sim', 'card', 'make', 'sen', 'make', 'memori', 'card', 'matc']"
"Huawei Mate 20, 20 Pro, 20 X hands-on","['standard', 'format', 'talk', 'sd', 'card', 'adopt', 'smarphon', 'maker', 'open', 'standard', 'format', 'sd', 'card', 'proprietari', 'format', 'well', 'like', 'huawei', 'nm', 'format']"
Apple iPhone XS Max vs. Samsung Galaxy Note9,"['get', 'note', '9', 'new', 'main', 'next', 'year']"
Apple iPhone XS Max vs. Samsung Galaxy Note9,"['note', '9', 'especi', 'caus', 'camera', 'batteri', 'life']"
Apple iPhone XS Max vs. Samsung Galaxy Note9,"['note', '9', 'way']"
Samsung Galaxy A9 (2018) hands-on,"['woukd', 'someon', 'buy', 'phone', 'oneplu', '6t', 'top', 'notch', 'specif', 'snapdragon', '845', 'chip', 'cheaper', 'price']"
Samsung Galaxy A9 (2018) hands-on,"['bro', 'mirror', 'never', 'give', 'accur', 'pictur', 'also', 'make', 'video', 'call', 'imposs', 'cant', 'look', 'mirror', 'idea', 'hand', 'replac', '2', 'front', 'camera', '2', 'simpl', 'motor', 'rotat', 'insid', 'devic', 'out']"
Samsung Galaxy A9 (2018) hands-on,"['600', 'kid', 'wait', 'waht', 'euro', 'ohh', 'sht', '4', 'camera', 'good', 'way', 'rip', 'peopl', 'pocket', '300', 'price', 'fine', 'sami', 'lover']"
Honor 8X hands-on,"['charg', 'pretti', 'fast']"
Honor 8X hands-on,"['umm', 'guy', 'forgot', 'review', 'devic', 'think']"
Honor 8X hands-on,"['didnt', 'find', 'problem', 'charg', 'fast']"
Razer Phone 2 hands-on,"['razor', 'earphon', 'built', 'botton', 'razor', 'remov', 'headphon', 'jack', 'problem', 'razor', 'make', 'earphon', 'razor', '2', 'problem', 'fix']"
Razer Phone 2 hands-on,"['reason', 'design', 'chang', 'much', 'rememb', 'laptop', 'dock', 'use', 'phone', 'entir', 'think', 'center', 'unit', 'cheer']"
Razer Phone 2 hands-on,"['omg', 'design', 'terribl', 'learn', 'first', 'gener', 'look', 'like']"
Google Pixel 3 and Pixel 3 XL hands-on,"['note', '9', 'doesnt', 'better', 'display', 'display', 'regard', 'speaker', 'pixel', '3', 'much', 'better', 'speaker']"
Google Pixel 3 and Pixel 3 XL hands-on,"['hand', 'want', 'best', 'camera', 'ai', 'secur', 'top', 'free', 'unlimit', 'storag', 'photo', '3', 'year', 'instant', 'o', 'updat', 'go', 'pixel3', 'pixel', '3', 'xl']"
Google Pixel 3 and Pixel 3 XL hands-on,"['batteri', 'test']"
Nokia 5.1 Plus,"['caus', 'phone', 'fingerprint', 'sensor', 'display', 'scree', 'lock']"
Nokia 5.1 Plus,"['micro', 'sd', 'card']"
Nokia 5.1 Plus,"['expand', 'phone', 'space']"
Nokia 7.1 hands-on,"['mia2', 'mean']"
Nokia 7.1 hands-on,['nope']
Nokia 7.1 hands-on,"['even', 'close', 'design', 'one', 'rest', 'better', 'batteri', 'life', 'actual', 'good', 'comparison', 'lot', 'devic', 'price']"
LG V40 ThinQ hands-on,"['realli', 'like', 'v40', 'good', 'size', 'good', 'screen', 'softwar', 'fine', 'batteri', 'small', 'im', 'alway', 'charg', 'devic', 'love', 'god', 'cannot', 'take', 'decent', 'enough', 'photo', 'auto', 'mode', 'photo', 'look', 'flat', 'least', 'book', 'whenev']"
LG V40 ThinQ hands-on,"['would', 'make', 'real', 'review', 'lg', 'v40', 'still', 'wait']"
LG V40 ThinQ hands-on,"['bad', 'think', 'got', 'pick', 'comment', 'state', 'heard', 'mean', 'confirm', 'yet', 'gossip', 'australia', 'pick', 'one', 'particular', 'countri', 'could', 'spi', 'special', 'hack', 'softwar', 'come', 'almost', 'everi', 'countr']"
Apple iPhone XS Max,['said']
Apple iPhone XS Max,"['delet', 'app', 'dont', 'need', 'turn', 'app', 'dont', 'use', 'drain', 'batteri', 'background', 'cellular', 'tab', 'devic', 'batteri', 'improv', 'significantli']"
Apple iPhone XS Max,"['refurbish', 'appl', 'iphon', 'x', 'max', 'best', 'hand', 'impress', 'featur', 'devic', 'offer', 'video', 'ive', 'watch', 'ad', 'assist', 'touch', '3d', 'add', 'addit', 'layer', 'secur', 'confirm', 'appl', 'pay']"
Realme 2 Pro,"['use', 'realm', '2pro', 'sinc', 'oct', '2018', 'still', 'fabul']"
Realme 2 Pro,"['use', 'realme2', 'pro', 'januari', '2019lat', '5', 'year', 'wonder', 'journey', 'best', 'mobil', 'phone', 'ever', 'use']"
Realme 2 Pro,"['excel', 'smart', 'devic', 'use', 'sinc', '2019', 'singl', 'door', 'step', 'servic', 'center', 'one', 'advic', 'similar', 'devic', 'like', 'real', 'one', 'use']"
Apple iPhone XS,['good']
Apple iPhone XS,['ios16']
Apple iPhone XS,"['x', 'hasent', 'gotten', 'io', '26']"
Huawei Mate 20 lite,['lie']
Huawei Mate 20 lite,"['ive', 'use', '11', 'year', 'straight', 'surviv', 'drop', 'punch', 'still', 'work', 'best', 'first', 'phone', 'ever']"
Huawei Mate 20 lite,"['use', 'phone', '4', 'year', 'game', 'mainli', 'busi', 'upload', 'imag', 'shop', 'etc', 'say', '2023', 'still', 'perform', 'amazingli', 'lag', 'charg', 'quickli', 'huawei', '9v', 'charger', 'screen', 'got', 'detach', 'ov']"
OnePlus 6 long-term,"['hey', 'plea', 'tell', 'batteri', 'brand', 'replac', 'batteri', 'cost', 'also', 'plea', 'tell', 'screen', 'thank']"
OnePlus 6 long-term,"['oh', 'man', 'best', 'phone', 'ever', 'bought', 'bought', '6t', 'replac', 'oneplu', '2', 'previou', 'favourit', 'gotta', 'say', 'even', 'mid', '2023', 'good', 'three', 'half', 'year', 'bought', 'still', 'lag', 'free', 'phone', 'use', '6t']"
OnePlus 6 long-term,"['simpli', 'wonder', 'phone', 'everyth', 'need', 'that', 'say', 'lot', 'soon', '5', 'yr', 'old', 'phone', 'recent', 'chang', 'batteri', 'replac', 'screen', 'feel', 'brand', 'new']"
Sony Xperia XA2 Plus,[]
Sony Xperia XA2 Plus,"['heavi', 'sharp', 'corner', 'super', 'annoy']"
Sony Xperia XA2 Plus,"['buy', 'shope']"
Sony Xperia XZ3,"['l', 'soni', 'phoneso', 'soni', 'ph', 'verynic', 'thank']"
Sony Xperia XZ3,"['devic', 'everyday', 'activ', 'includ', 'xz2']"
Sony Xperia XZ3,"['drop', 'mani', 'time', 'never', 'break']"
Samsung Galaxy Watch,"['websit', 'doesnt', 'even', 'exist']"
Samsung Galaxy Watch,"['dont', 'buy', 'second', 'hand', 'still', 'avail']"
Samsung Galaxy Watch,"['purchas', 'gear', 's3', 'march', '2020', 'first', 'great', 'everi', 'time', 'download', 'upgrad', 'watch', 'stop', 'work', 'delet', 'app', 'reopen', 'last', 'month', 'perform', 'anoth', 'upgrad', 'time', 'watch', 'stop', 'char']"
Oppo F9/F9 Pro,"['devic', 'problem', 'got', 'whatsapp', 'regist', 'devic']"
Oppo F9/F9 Pro,"['plea', 'oppo', 'f9', 'whatsap', 'tri', 'everyth', 'work', 'way', 'plea', 'need', 'help']"
Oppo F9/F9 Pro,"['use', 'oppo', 'f9one', 'faith', 'morn', 'use', 'phone', 'went', 'sudden', 'sinc', 'june', 'till', 'phone', 'isnt', 'work', 'boost', 'wont', 'plea', 'fix']"
vivo V11,"['stilk', 'use', 'phone', 'sinc', '2018', 'prblm', 'batteri', 'backup']"
vivo V11,"['hi', 'friend', 'think', 'never', 'seen', 'wonder', 'phone', 'life', 'addict', 'game', 'also', 'use', 'phone', '12', 'hour', 'till', 'date', 'couldnt', 'feel', 'problem', 'phone', 'realli', 'awesom', 'rarest', 'rare', 'gem']"
vivo V11,"['cant', 'use', 'wireless', 'headphon', 'v11', 'said', 'instal', 'devic', 'dont', 'know', 'kind', 'devic', 'instal', 'connect', 'bluetooth', 'wireless', 'headphon', 'plea', 'help', 'thank', 'u']"
Asus Zenfone 5z,"['still', 'use', '2024']"
Asus Zenfone 5z,"['anybodi', 'still', 'use', '2024']"
Asus Zenfone 5z,"['hello', '5mb']"
HTC U12 life hands-on,"['sen', 'make', 'phone', 'challeng', 'xiaomi', 'lose', 'start', 'great', 'home', 'make', 'top', 'model', 'updat']"
HTC U12 life hands-on,"['day', 'review', 'sight', 'xd', 'well', 'get', 'back', 'ohkay']"
HTC U12 life hands-on,['wonder']
Huawei Mate 20 Lite hands-on,"['hate', 'notch', 'dont', 'buy', 'ugli', 'phone']"
Huawei Mate 20 Lite hands-on,"['kind', 'issu', 'u', 'get', 'u', 'plea', 'say']"
Huawei Mate 20 Lite hands-on,"['anybodi', 'know', 'mate', '20', 'lite', 'frontal', 'notificationl', 'like', 'mate', '10', 'lite', 'eatenup', 'notch', 'like', 'part', 'imag', 'screen', 'your', 'watch', 'fullscreen', 'video', 'fullscreen', 'photo', 'fullscreen', 'ga']"
Honor Play,"['bought', 'phone', 'back', '2018', 'one', 'best', 'devic', 'ever', 'use', 'still', 'use', '17052025', 'due', 'mistak', 'destroy', 'drop']"
Honor Play,"['still', 'use', 'devic', 'still', 'satisfi', '5', 'year', 'play', 'pubgm', 'v10', 'still', 'work', 'gpu', 'turbo', 'v30', 'whether', 'devic', 'never', 'updat', 'new', 'emui', '10']"
Honor Play,"['expect', 's25', 'ultra', '20gb', 'ram']"
ZTE Axon 9 Pro hands-on,"['iwant', 'sim', 'card', 'mobil', 'zte', 'cricket', 'model', 'z851']"
ZTE Axon 9 Pro hands-on,"['know', 'old', 'news', 'still', 'havent', 'found', 'replac', 'axon', '7', 'struggl', 'find', 'someth', 'worth', 'upgrad', 'pretti', 'easi', 'formula', 'get', 'right', 'ole', 'screen', 'resolut', '1920x1080', 'better', 'mani', 'forward', 'descent', 'face', 'sp']"
ZTE Axon 9 Pro hands-on,"['brought', 'phone', 'last', 'monday', 'charg', '2hr', '3min', 'phone', 'suddenli', 'explod']"
BlackBerry KEY2 LE hands-on,"['ye', 'lui', 'cruz', 'new', 'phone', 'blackberri', 'key2', 'le']"
BlackBerry KEY2 LE hands-on,"['hope', 'blackberri', 'comeback', 'wrap', 'caus', 'wont', 'back', 'havent', 'made', 'shit', 'sinc', '2018', 'fm', 'radio', 'appeal', 'beach', 'suburbanit', 'pair', 'along', 'iphon', 'storm', 'warn', 'wont']"
BlackBerry KEY2 LE hands-on,"['key', '2', 'le', 'avail', 'gsmarena', 'bd']"
Sony Xperia XZ3 hands-on,"['bewar', 'xz', 'premium', 'frame', 'polycarbon', 'plastic', 'use', 'head', 'light', 'cover', 'car', 'mine', 'end', 'get', 'bent', 'let', 'water', 'pour', 'phone', 'short', 'backlight', 'make', 'sure', 'look', 'frame', 'made', 'speci']"
Sony Xperia XZ3 hands-on,"['think', 'get', 'xz', 'premium', 'malaysia', 'idea', 'get']"
Sony Xperia XZ3 hands-on,"['im', 'soni', 'fan', 'xperia', 'spxperia', 'z2xperia', 'z3xz', 'premiumcurr', 'use', 'im', 'buy', 'onlin', 'xz3still', 'wait', 'arriv', 'malaysia', 'soni', 'never', 'carri', 'use', '4', 'type', 'soni', 'mobil', 'overheat', 'except', 'xz', 'pr']"
"LG G7 One, G7 Fit hands-on","['use', 'lg', 'g7', 'reason', 'good', 'phone', 'disappoint', 'face', 'unlock', 'open', 'close', 'eye', 'well']"
"LG G7 One, G7 Fit hands-on","['hell', 'releas', '32gb', 'intern', 'good', 'phone', '32', 'gb', 'option', 'seriou']"
"LG G7 One, G7 Fit hands-on","['bootloop', 'bonu', 'cheap', 'freez', 'go', 'grab', 'poco', '6', 'prefer', 'motorola', 'z3']"
Oppo Realme 2,"['thought', 'exactlya', '10', 'year', 'old', 'come', 'better', 'name']"
Oppo Realme 2,"['good', 'phone', 'good', 'batteri']"
Oppo Realme 2,"['phone', 'real', '2', 'phone', 'io', 'theme', 'support', 'may', 'caus', 'hang', 'problem']"
Sony Xperia XZ2 Premium,"['im', 'look', 'get', 'phone', 'blackwhit', 'camera', 'may', 'ask', 'monochrom', 'camera', 'shoot', '1080p', 'goe', 'way', '4k', 'youtub', 'sampl', 'ive', 'seen', 'far', 'go', '1080p', 'mostli', 'plan', 'shoo']"
Sony Xperia XZ2 Premium,"['sov37', 'xz2', 'premium', 'compact', 'middl', 'one']"
Sony Xperia XZ2 Premium,"['bought', 'use', 'soni', 'formerli', 'lock', 'carrier']"
Pocophone F1 by Xiaomi,"['serv', '6', 'year', 'variou', 'custom', 'rom', 'time', 'chang', 'chang', 'redmag', '9', 'pro', 'mobil', 'phone', 'anoth', '6', 'year', 'minut', 'silenc', 'poco', 'f1']"
Pocophone F1 by Xiaomi,"['chang', 'batteri', '3½', 'year', 'bulg', 'mayb', 'intens', 'game', 'majorli', 'pubgrocket', 'leagu', 'etc', 'apart', 'issu']"
Pocophone F1 by Xiaomi,"['use', '32ohm', 'iem', 'blon', 'bl03', 'directli', 'without', 'extern', 'amp', 'poco', 'f1', 'use', 'headphon', 'jack']"
Xiaomi Mi Max 3,['agre']
Xiaomi Mi Max 3,['true']
Xiaomi Mi Max 3,"['best', 'phone', 'ever', '5', 'year', 'plu', 'still', 'good', 'ever', 'still', 'better', 'phone', 'label', 'latest', 'phone']"
Moto Z3,"['verzon', 'use', 'moto', 'z3', 'play', 'cover', 'avail', 'market', 'accessori', 'moto', 'z3', 'play']"
Moto Z3,"['come', 'back', 'phone', 'review', '2022', 'notic', 'impress', 'batteri', 'endur', 'rate', '2016', 'moto', 'z', 'forc', 'smaller', 'shorter', '169', 'screen', 'extra', '500mah', 'batteri', 'capac', 'yet', 'z3', 'two', 'hour', 'beh']"
Moto Z3,"['lol', 'prefer', 'moto', 'mod', 'addon', 'instead', 'use', 'bluetooth', 'connect', 'bt', 'lag', 'use', 'moto', 'mod', 'especi', 'moto', '360', 'camera', 'moto', 'gamepad', 'solid', 'big', 'win']"
Nokia 6.1 Plus (X6),"['bought', 'mine', 'august', '2019', 'still', 'good', 'new', 'septemb', '2024', 'look', 'nokia', 'g60', 'stock', 'android', 'ip', 'lcd', 'serv', 'well', '61', 'plu']"
Nokia 6.1 Plus (X6),"['phone', 'went', 'dead', 'without', 'reason', 'date', 'bad', 'experi', 'phone']"
Nokia 6.1 Plus (X6),"['best', 'phone']"
Samsung Galaxy Note9,"['oneui', '25', 'batteri', 'life', 'around', '5', 'hour', 'realli', 'bad', 'turn', 'batteri', 'saver', 'youll', 'get', '7', 'hour', 'max', 'turn', 'ultra', 'batteri', 'saver', 'youll', 'get', '10', 'hour', 'batteri', 'life', 'realli', 'bad', 'use', 'note9', 'sinc', '2019', 'id']"
Samsung Galaxy Note9,"['what', 'oneui', 'batteri', 'life', 'like', 'note', '9']"
Samsung Galaxy Note9,"['sinc', '2019', 'use', 'note', '9', 'still', 'good', 'work', 'littl', 'crack', 'screen', 'still', 'good', 'thank', 'samsung', 'good', 'unit', 'produc']"
Xiaomi Mi A2 Lite,"['reft', 'right', 'speaker', 'work']"
Xiaomi Mi A2 Lite,"['phone', 'good', 'screen', 'came', 'yellow', 'line', 'told', 'cant', 'replac', 'screen']"
Xiaomi Mi A2 Lite,"['check', 'batteri', 'health']"
Samsung Galaxy Note9 hands-on,"['friend', 'one', 'better', 'note', '9singl', 'sim', 'duel', 'simne', 'expert', 'opinion']"
Samsung Galaxy Note9 hands-on,"['samsubg', 'galaxi', 'note', '9', 'upgrad', 'android', '90', 'pie']"
Samsung Galaxy Note9 hands-on,"['best', 'advanc', 'pen', 'featur', 'enhanc', 'camera', 'dual', 'apertur']"
Android 9 Pie,"['even', 'aleadi', 'turn', 'sim', 'call', 'text', 'plea', 'fix', 'thank', 'much', 'samsung', 'j7', 'pro', 'user', 'great', 'day']"
Android 9 Pie,"['let', 'wait', 'android', 'q', 'launch']"
Android 9 Pie,"['cant', 'even', 'move', 'file', 'folder', 'within', 'storag', 'exampl', 'file', 'movedcopi', 'intern', 'memori', 'sd', 'card', 'vice', 'versa', 'cant', 'done', 'within', 'intern', 'storag', 'sd', 'card']"
Oppo Find X,"['weve', 'drop', 'marbl', 'floor', 'surviv']"
Oppo Find X,"['purchas', 'last', 'month', 'pretti', 'awesom', 'beauti', 'front', 'httpsc2staticflickrcom2194744209446724_4ea360fcd4_h_djpg', 'back', 'httpsc2staticflickrcom2194929992896967_9810f170d4_h_djpg']"
Oppo Find X,"['oppo', 'find', 'x', 'avil', 'top', 'notif', 'bar', 'like', 'samsung', 'mobil']"
Nokia 8110 4G,"['phone', 'crap', 'id', 'rather', 'n86', '8mp', 'n82', 'symbian', 'still', 'better', 'kaio']"
Nokia 8110 4G,"['bought', 'one', 'wife', '75th', 'birthday', 'blog', 'said', 'simpl', 'use', 'peopl', 'good', 'mobil', 'load', 'rubbish', 'took', 'hour', 'reset', 'english', 'russian', 'inadvert', 'press', 'thought', 'tur']"
Nokia 8110 4G,"['phone', 'support', 'voic', 'call', 'googl', 'duo', 'imo', 'what', 'app', 'call']"
Motorola Moto Z3 hands-on,"['compani', 'cheat', 'custom', 'servic', 'badunprofession', 'person', 'hire', 'servic', 'centr', 'accord', 'experi', 'compani', 'full', 'thief', 'buy']"
Motorola Moto Z3 hands-on,"['omg', 'upgrad', 'z3', 'play', 'truli', 'awesom', 'hope', 'reach', 'philippin', 'im', 'confus', 'phone', 'get', 'im', 'still', 'love', 'daili', 'driver', 'moto', 'z', 'play', 'droid', 'razr']"
Motorola Moto Z3 hands-on,"['whole', 'point', 'devic', 'zseri', 'mod', 'actual', 'get', 'versatil', 'one', 'day', 'slim', 'devic', 'dinner', 'jacket', 'build', 'batteri', 'anoth', 'day', 'click', 'batteri', 'pack', 'demand']"
Xiaomi Mi A2,['sure']
Xiaomi Mi A2,"['best', 'phone', 'android', 'one']"
Xiaomi Mi A2,"['actual', 'mi', 'a2', 'bad', 'imag', 'proces', 'actual', 'camera', 'len', 'good', 'process', 'imag', 'look', 'bad', 'notic', 'lowlight', 'tho', 'given', 'proper', 'light', 'camera', 'qualiti', 'show']"
Samsung Galaxy Tab S4 10.5 hands-on,"['analyst', 'got', 'wrong', 'postpc', 'predict', 'instead', 'move', 'one', 'doital', 'devic', 'consum', 'bought', 'sever', 'devic', 'smartphon', 'tablet', 'smartwatch', 'duti', 'key', 'talk', 'eac']"
Samsung Galaxy Tab S4 10.5 hands-on,"['best', 'tablet', 'ever', 'made']"
Samsung Galaxy Tab S4 10.5 hands-on,"['2016', 'refresh', 'tab', 's2', 'snapdragon', '652']"
Huawei Nova 3,"['still', 'exact', 'phone', 'year', 'broke', 'display', 'unfortun', 'last', 'week', 'due', 'slipperi', 'featur', 'hope', 'huawei', 'make', 'like', 'phone', 'quit', 'good', 'year']"
Huawei Nova 3,"['support', 'huawei', 'mani', 'mode', 'phone', 'like', 'maintenc', 'mode', 'pl', 'sir']"
Huawei Nova 3,"['huawei', 'nova', '3i', 'best', 'phone', 'ive', 'ever', 'noba', '3i', 'comeback', 'buy']"
Nokia 3.1,"['find', 'your', 'phone', 'model', 'settingsabout', 'phone']"
Nokia 3.1,"['u', 'put', 'passcod', 'wait']"
Nokia 3.1,"['conect', '5ghz', 'band', 'wifi']"
Xiaomi Mi 8 SE,['noic']
Xiaomi Mi 8 SE,"['care', 'radio', 'download', 'g', 'infrar', 'think', 'oi', 'import', 'front', 'face', 'stereo', 'speaker', 'dolbi', 'atmo', '2016', 'zte', 'axon', 'beat', 'mi', '8', 'still']"
Xiaomi Mi 8 SE,"['white', 'one']"
Xiaomi Mi A2 and Mi A2 Lite hands-on,"['use', 'phonesand', 'current', 'use', 'mi', 'a2but', 'found', 'mi', 'a1', 'camera', 'still', 'better', 'mi', 'a2']"
Xiaomi Mi A2 and Mi A2 Lite hands-on,"['cannot', 'instal', 'updat', 'version', 'tell']"
Xiaomi Mi A2 and Mi A2 Lite hands-on,"['consid', 'file', 'manag', 'tv', 'control', 'app', 'bloatwar', 'first', '2', 'app', 'would', 'download', 'would', 'probabl', 'ad', 'includ', 'bonu', 'crud', 'att', 'samsung', 'put', 'phone']"
Sony Xperia XZ2 Premium hands-on,[]
Sony Xperia XZ2 Premium hands-on,"['full', 'review', 'come']"
Sony Xperia XZ2 Premium hands-on,"['assum', 'naiv', 'believ', 'anyth', 'iso', '800', 'smartphon', 'camera', 'usabl', 'probabl', 'dont', 'dslr', '28', '4k', 'monitor', 'see', 'garbag', 'anyth', 'iso', '800', 'smartphon', 'import', 'manual', 'control']"
Huawei P20 Pro long-term,"['origin', 'huawei', 'batteri', 'thesam', 'size', 'flexyou', 'replac']"
Huawei P20 Pro long-term,"['realli', 'love', 'phone', 'easi', 'manag', 'perform', 'insan', 'time', 'oldest', 'phone', 'ive', 'got', 'huawei', 'p20', 'pro', 'legendari', 'sana', 'mag', 'releas', 'ng', 'softwar', 'updat', 'pra', 'dimapag', 'iwanan']"
Huawei P20 Pro long-term,"['phone', '7', 'year', 'everyth', 'still', 'work', 'drop', 'time', 'submerg', 'water', 'issu', 'video', 'stabil', 'worsen', 'overtim', 'tri', 'newer', 'flagship', 'phone', 'seem', 'noth', 'realli', 'n']"
Samsung Galaxy A6+ (2018),"['phone', 'best', 'phone', 'ever', 'want', 'buy', 'new', 'samsung', 'phone', 'anyon', 'recommend', 'phone', 'match', 'a6']"
Samsung Galaxy A6+ (2018),"['similar', 'thought', 'a6', 'user', 'replac', 'piec', 'one', 's23', 's24']"
Samsung Galaxy A6+ (2018),"['use', 'sinc', '2018', 'date', 'issu', 'tri', 'upgrad', 'wonder', 'samsung', 'give', 'match']"
Huawei Y7 Prime (2018),"['come', 'cover']"
Huawei Y7 Prime (2018),"['ive', 'tri', 'download', 'avenza', 'map', 'app', 'googl', 'play', 'store', 'said', 'cant', 'work', 'devic', 'feel', 'terribl', 'right', 'co', 'need', 'app', 'new', 'job', 'plea', 'help']"
Huawei Y7 Prime (2018),['realli']
BlackBerry KEY2,"['doesnt', 'want', 'sleep', 'id', 'suggest', 'dont', 'sleep', 'otherwis', 'shell', 'suicid', 'alway', 'v']"
BlackBerry KEY2,"['done', 'buy', 'one', 'give', 'headec', 'dont', 'know', 'sleep', 'im', 'realli', 'like', 'phone', 'solut']"
BlackBerry KEY2,"['go', 'bye', 'one']"
Meizu 15,"['bought', 'mobil', 'phone', 'like', 'two', 'pea', 'websit', '10', 'new', 'nice', 'comput', 'long', 'life', 'quick', 'respons', 'exactli', 'like', 'carton', 'exactli', 'friend', 'bought', 'offici', 'websit', 'boug']"
Meizu 15,"['xiaomi', 'cant', 'make', 'phone', 'like', 'mi6', 'outdat', 'doesnt', 'support', 'xiaomi']"
Meizu 15,"['suggest', 'read', 'review', 'talk', 'samsung', 'galaxi', 's7']"
LG G7 ThinQ,['ye']
LG G7 ThinQ,"['lg', 'g7', 'thinq', 'better', 'use', 'year', 'noth', 'wroong', 'execpt', 'batteri', 'asid', 'good', 'phone']"
LG G7 ThinQ,"['wanna', 'know', 'phone', 'dual', 'sim']"
vivo NEX S,"['correct', 'wrong', 'vivo', 'nex', 'first', 'devic', 'world', 'sport', 'pop', 'selfi', 'shooter', 'nex', 'selfi', 'camera', 'take', 'averag', 'photo', 'howev', 'good', 'first', 'tri', 'vivo', 'noth', 'great', 'talk', 'imag', 'qualiti', 'though', 'ho']"
vivo NEX S,"['never', 'problem', 'hear', 'everyth', 'clearli']"
vivo NEX S,"['also', 'face', 'problem', 'voic', 'clear', 'hear', 'sent', 'back', 'replac', 'use', '1', 'day', 'defici', 'cover', 'good', 'thing', 'phone', 'basic', 'function', 'must', 'perfect']"
Xiaomi Mi 8,"['nice', 'iphon', 'x']"
Xiaomi Mi 8,"['xiaomi', 'mi', '8', 'hdr', 'video', 'play', 'screen', 'colour', 'chang', 'total', 'still', 'fix', 'iss']"
Xiaomi Mi 8,"['omg', 'that', 'geniu', 'co', 'newer', 'better', 'wrong', 'choos', 'phone', 'base', 'need']"
Samsung Galaxy S9+ long-term,"['friend', 's9plu', 'issu', 'googl', 'version', 'android', 'garbag', 'liter', 'produc', 'issu', 'certain', 'amount', 'time', 'order', 'forc', 'chang', 'phone', 'internet', 'sourc', 'whp', 'deni']"
Samsung Galaxy S9+ long-term,"['quit', 'slow', 'nowaday', 'softwar', 'updat', 'secur', 'updat', 'alreadi', 'stop', 'phone', 'recommend', 'someth', 'support', 'futur', 'o', 'updat', 'plu', 'exyno', 's9', 'plu', 'drain', 'lot', 'batteri', 'best', 'luck']"
Samsung Galaxy S9+ long-term,"['plea', 'good', 'recommend', 'go', 's9', '2024']"
Xiaomi Redmi S2 (Y2),"['display', 'protect']"
Xiaomi Redmi S2 (Y2),"['mobil', 'phone', 'less', 'luxuri', 'necess', 'common', 'knowledg', 'use', '3', 'samsung', '1', 'microsoft', 'phone', 'switch', 'redmi', 'y2', '2018', 'use', 'workshop', 'best', 'phone', 'far', 'valu']"
Xiaomi Redmi S2 (Y2),['s2']
HTC U12+,"['plea', 'advic', 'switch', 'vibrat', 'volum', 'power', 'key']"
HTC U12+,"['take', 'screenshot', 'becom', 'imposs', 'default', 'key', 'default', 'key', 'htc', 'hold', 'power', 'button', 'press', 'home', 'work', 'perfectli', 'u12']"
HTC U12+,"['adapt', 'use', 'audio', 'test']"
Oppo Find X hands-on,"['rate', '300000', 'use', 'use', '100', 'time', 'day', 'that', 'still', '3000', 'day', 'worth', 'use', '82', 'year', 'worth', 'even', 'overst', 'reliabl', 'twice', 'much', 'still', 'mean', '4', 'year', 'worth', 'use', 'id', 'keen', 'see']"
Oppo Find X hands-on,"['how', 'o', 'phone', 'look', 'soo', 'beauti', 'tempt', 'buy']"
Oppo Find X hands-on,"['chine', 'softwar', 'isnt', 'bad', 'look', 'huawei', 'big', 'oppo', 'softwar', 'way', 'beauti', 'stabl', 'than', 'huawei', 'reason', 'everi', 'new', 'samsung', 'phone', 'lag', 'due', 'way', 'korean', 'dec', 'write', 'o', 'look', 'youtub']"
Samsung Galaxy A6 (2018),"['absolut', '100', 'garbag', 'never', 'use', 'electron', 'devic', 'technolog', 'worst', 'one']"
Samsung Galaxy A6 (2018),"['mum', 'old', 'phone', 'look', 'instal', 'lineageo', '22', 'test', 'rom', 'suggest', 'go']"
Samsung Galaxy A6 (2018),"['problem', 'galaxi', 'a6', 'storag', 'andcov', 'rare', 'citi']"
Xiaomi Redmi Note 5 AI Dual Camera,"['use', 'redim', 'note', '5', 'doesnt', 'open', 'whatsapp', 'what', 'problem']"
Xiaomi Redmi Note 5 AI Dual Camera,"['servic', '2', '3', 'year', 'old', 'model', 'repli', 'older', 'model', 'part', 'avail', 'care', 'purchas', 'old', 'model']"
Xiaomi Redmi Note 5 AI Dual Camera,"['support', 'hdmi']"
vivo NEX S and NEX A hands-on,"['hi', 'everi', 'bodi', 'want', 'know', 'move', 'samsung', 'note5', 'vivo', 'nex', 'phone', 'want', 'focu', 'nex', '1', 'indic', 'led', '2not', 'clear', 'sound', 'earphon', 'speaker', 'great', '3o', 'system']"
vivo NEX S and NEX A hands-on,"['compani', 'asid', 'soni', 'see', 'realli', 'love', 'make', 'mini', 'phone', 'zte', 'tell', 'inca', 'look', 'compact', 'flagship', 'mini', 'phone', 'appl', 'googl', 'make', 'mini', 'flagship', 'rumor', 'side', 'year', 'said', 'sm']"
vivo NEX S and NEX A hands-on,"['flagship', 'wannab', 'camera', 'qualiti', 'decid']"
OnePlus 6,"['bought', 'mine', '2018', 'chang', 'batteri', 'last', 'year', '2025', 'still', 'kick', 'around', 'great', 'machin', '8gb', 'ram', '256', 'hd']"
OnePlus 6,"['ive', 'phone', 'sinc', 'launch', 'still', 'work', 'incred', 'well', 'cannot', 'find', 'new', 'devic', 'fit', 'criterion', 'well', 'phone', 'price', 'rang', 'least', 'noth', 'phone', '2', 'closest', 'could', 'find']"
OnePlus 6,"['late', 'june', '2024', 'root', 'oneplu', '6', 'still', 'perform', 'better', 'newer', 'devic', 'reason', 'wast', 'money']"
BlackBerry Key2 hands-on,[]
BlackBerry Key2 hands-on,"['dual', 'camera', 'back', 'look', 'like', 'two', 'tire', 'eye']"
BlackBerry Key2 hands-on,"['rumor', 'key2', 'lite', 'hope', 'blackberri', 'gonna', 'releas', 'blackberri', 'classic', 'blackberri', 'torch', '9800', 'oreo', 'go', 'someth']"
Moto Z3 Play hands-on,"['agre', 'could', 'better', 'packag', 'z3', 'even']"
Moto Z3 Play hands-on,"['where', 'full', 'review', 'shame', 'gsmarena', 'doesnt', 'provid', 'review', 'main', 'phone', 'model', 'major', 'manufactur', 'big', 'ommiss', 'imo']"
Moto Z3 Play hands-on,"['636', 'adequ', 'anyth', 'could', 'ever', 'play', 'intens', 'game', 'isnt', 'good', 'enough', 'need', 'highest', 'benchmark', 'phone', 'accept', 'probabl', 'get', 'iphon']"
Moto G6,"['came', 'couldnt', 'rememb', 'old', 'phone', 'think', 'bought', 'year', 'came', 'mine', 'still', 'kick', 'problem', 'good', 'simpl', 'need', 'light', 'use']"
Moto G6,"['inherit', 'mine', 'son', 'issu', 'past', 'two', 'year', 'fast', 'enough', 'need', 'good', 'screen', 'resolut', 'sound', 'qualiti', 'screen', 'size', 'work', 'well', 'old', 'eye', 'previou', 'xiaomi', 'screen', 'small', 'comfort', 'view']"
Moto G6,"['phone', 'horribl', 'dont', 'wast', 'money', 'buy', 'samsung', 'brought', 'think', 'softwar', 'would', 'make', 'camera', 'small', 'problem', 'wifi', 'sinc', 'day', '1', 'get', 'whenev', 'play', 'game']"
Nokia 8 Sirocco,"['compact', 'smartphon', 'larg', '169', 'display', 'ngl']"
Nokia 8 Sirocco,"['nokia', '8', 'sirocco', 'doesnt', '4k', 'video', 'record', 'front', 'camera', 'nokia', '8']"
Nokia 8 Sirocco,"['pl', 'hw', '5mp', 'selfi', 'sirocco', 'compar', '13mp', 'nokia', '8', 'selfi']"
Honor 10,"['bought', 'honor', '10', 'oct', '2018', 'still', 'use', 'today', '12th', 'may', '2025', '7', 'year', 'still', 'run', 'without', 'issu', 'even', 'batteri', 'life', 'good', 'process', 'speed', 'better', 'mid', 'rang', 'perform', 'phone', '2025', 'servic', 'cost', 'repair', 'cost']"
Honor 10,"['restor', 'honor']"
Honor 10,"['got', 'huawei', 'honor', '10i', '2018', 'use', 'fantast', 'high', 'perform', 'high', 'resolut', 'display', 'high', 'resolut', 'still', 'pictur', 'video', 'record', 'capabl', 'dicov', 'new', 'techniqu', 'everi', 'new']"
"Nokia 5.1, 3.1 and 2.1 hands-on","['sinc', 'last', 'updat', 'android', '10', 'phone', 'useless', 'simpli', 'cant', 'handl', 'updat', 'sluggish', 'freez', 'pretti', 'much', 'unrespons']"
"Nokia 5.1, 3.1 and 2.1 hands-on","['nokia', '21', '1', 'problem', 'sd', 'card', 'phone', 'keep', 'reject', 'card', 'l', 'dont', 'know']"
"Nokia 5.1, 3.1 and 2.1 hands-on","['best', 'mobil', 'forev']"
Oppo Realme 1,"['excel', 'perform', 'still', 'im', 'use', 'purchas', '3rd', 'jun', '2018', 'one', 'best', 'mobil', 'realli', 'impress', 'perform', 'mani', 'thank', 'oppo', 'realm']"
Oppo Realme 1,"['use', 'till', 'apr', '25']"
Oppo Realme 1,"['brought', '2018', 'exclus', 'sale', 'one', 'best', 'mobil', 'still', 'use', 'post', 'comment', 'phone', '2024', 'dec', '25']"
Huawei P20 Lite,"['one', 'use']"
Huawei P20 Lite,"['old', '2025', 'still', 'support', 'app', 'batteri', 'small', 'time', 'good']"
Huawei P20 Lite,"['still', 'p20', 'light', 'use', 'like', 'second', 'phone', 'next', 'newest', 'pura70', 'front', 'rear', 'protect', 'sinc', 'day', 'one', 'serv', 'well']"
Sony Xperia XZ2 long-term,"['use', 'right', 'hand', 'finger', 'finger', 'print', 'sensor', 'easi']"
Sony Xperia XZ2 long-term,"['im', 'phone', 'fanboy', 'paid', 'flagship', 'xperia', 'xz2', '5', 'year', 'ago', 'contract', 'long', 'ran', 'still', 'go', 'absolut', 'fine', 'im', 'type', 'phone', 'memori', 'nearli', 'fill', 'memori', 'card']"
Sony Xperia XZ2 long-term,"['got', 'k800i', 'octob', '2006', '32mp', 'xenon', 'flashstil', 'epic', 'tini', 'phone', 'camera']"
HTC U12+ hands-on,"['bluetooth', 'connect', 'friend']"
HTC U12+ hands-on,"['35', 'jack', 'imposs', 'listen', 'music', 'headphon', 'use', 'loudspeak']"
HTC U12+ hands-on,"['35', 'jack', 'imposs', 'listen', 'music', 'headphon', 'use', 'loudspeak']"
Motorola Moto G6 Play,"['moto', 'g6', 'playit', 'signal', 'qualiti', 'excel', 'bought', 'samsung', '40', 'unless', 'take', 'resid', 'close', 'local', 'mast', 'almost', 'uselesswould', 'bought', 'anoth', 'moto', 'dont', 'fanci', '65', 'inch', 'phone']"
Motorola Moto G6 Play,"['compat', 'batteri', 'moto', 'g6play']"
Motorola Moto G6 Play,"['great', 'phone', 'best', 'still', 'love', 'phone', 'also', 'love', 'price', 'phone', 'fell', 'like', 'im', 'pay', 'inof', 'less', 'btw', 'live', 'macidonia', 'price', 'differ']"
OnePlus 6 hands-on,"['batteri', 'low', 'config']"
OnePlus 6 hands-on,"['less', '4000mah', 'batteri', 'one', 'would', 'interest', 'spec', 'good', 'except', 'batteri']"
OnePlus 6 hands-on,['good']
Huawei Honor 10 hands-on,"['normal', 'honor', '10', 'produc', 'heat', 'although', 'use', 'app', 'exampl', 'instagram', 'mean', 'heat', 'produc', 'quit', 'hot']"
Huawei Honor 10 hands-on,"['well', 'would', 'rather', 'get', 'phone', 'get', 'intent', 'alow', 'updat', 'updat', 'mostli', 'give', 'noth', 'new', 'use', 'done', 'finw', 'wirh', 'honor', '6', 'glass', 'broke']"
Huawei Honor 10 hands-on,"['dude', 'kid', 'glacier', 'grey', 'look', 'gorgeou']"
Motorola Moto G6 Plus,"['made', 'mistak', 'purchas', 'moto', 'g6', 'piec', 'junk', 'ad', 'lot', 'app', 'supposedli', 'motorola', 'cannot', 'disabl', 'uninstal', 'told', 'would', 'take', 'phone', 'back', 'repair', 'yet']"
Motorola Moto G6 Plus,"['phone', 'liter', 'piec', 'crud', 'avoid', 'cost', 'never', 'ever', 'touch', 'motorola', 'phone', 'incompat', 'batteri', 'demolish', 'plain', 'terribl', 'interfac', 'issu', 'thing', 'piec', 'junk', 'hate']"
Motorola Moto G6 Plus,"['auto', 'screen', 'rotat', 'infuri', 'unrespons', 'nonsens', 'motorola', 'never', 'figur']"
Android P public beta first-look,"['good', 'question', 'suggest', 'show', 'option', '1', 'second', 'cycl', 'az', '2', 'itll', 'begin', 'comput', 'aa', 'ab', 'ac', 'etc', '3', 'itll', 'stop', 'use', 'letter', 'altogeth', 'reli', 'number']"
Android P public beta first-look,"['wich', 'android', 'come', 'android', 'z']"
Android P public beta first-look,"['bb10', 'o', 'gestur', '2014', 'alreadi']"
Asus Zenfone Max Pro M1 hands-on,"['sure', 'there', 'ad', 'android', 'stock', '5', 'year', 'there', 'ad', 'come', 'applic', 'phone']"
Asus Zenfone Max Pro M1 hands-on,"['asu', 'xtootd', 'bad', 'mobil', 'ad', 'lage', 'phone', 'bad', 'servic', 'asu', 'xtootd', 'network', 'problem']"
Asus Zenfone Max Pro M1 hands-on,"['use', '4', 'complet', 'year', 'switch', '5g', 'phone', 'still', 'work', 'fine', 'backup', 'phone', '55', 'year', 'plan', 'import', 'zenfon', '10']"
Oppo F7,"['phone', 'friendli', 'whatsapp', 'app', 'read', 'your', 'use', 'unoffici', 'account', 'tri', 'login', 'offici', 'whatsapp']"
Oppo F7,"['log', 'whatsapp']"
Oppo F7,"['im', 'use', 'mobli', '10', 'year', 'complet', 'love', 'mobli']"
Xiaomi Mi Mix 2S,"['get', 'lcd', 'phone']"
Xiaomi Mi Mix 2S,"['use', 'phone', 'screen', 'bad', 'cheap', 'redmi', 'phone', 'avoid', 'xiaomi', 'lcd', 'screen']"
Xiaomi Mi Mix 2S,"['got', 'lot', 'feedback', 'telegram', 'group', 'buy', 'phone', '2019', 'want', 'know', 'user', 'give', 'honest', 'review', 'firstli', 'much', 'cheaper', 'flagship', 'price', 'samecheap', 'pocomi9t', 'without', 'critic']"
LG G7 ThinQ hands-on,"['handson', 'review', 'publish', '2', 'may', 'almost', '2', 'month', 'sign', 'full', 'review', 'show', 'gsmarena', 'team', 'realli', 'forget', 'phone', 'even', 'xiaomi', 'mi', '8', 'alreadi', 'review']"
LG G7 ThinQ hands-on,"['disappoint', 'review', 'arent', 'highlight', 'high', 'end', 'audio', 'gear', 'g7', 'wireless', 'solut', 'compromis', 'arent', 'everyon']"
LG G7 ThinQ hands-on,"['your', 'right', 'agre', 'term', 'signal', 'recept', 'im', 'happi', 'tell', 'better', 'lg', 'g6', 'better', 'recept', 'much', 'less', 'signal', 'lost', 'also', 'better', 'keep', '4g', 'network', 'batteri', 'use', 'ye']"
LG V30S ThinQ long-term,"['agre', 'situat', 'phone', 'nice']"
LG V30S ThinQ long-term,"['creat', 'account', 'rate', 'phone', 'bought', 'like', '12', 'year', 'ago', 'great', 'phone', 'ive', 'unicorn', 'beetl', 'case', 'drop', 'time', 'remain', 'super', 'condit', 'great', 'batteri', 'still', 'everyth', 'work', 'sm']"
LG V30S ThinQ long-term,"['like', 'pple', 'paid', 'jst', 'talk', 'neg', 'abt', 'lg']"
Huawei P20 Pro vs. Samsung Galaxy S9+,['samsung']
Huawei P20 Pro vs. Samsung Galaxy S9+,"['connect', 'camera', 'display', 'exactli']"
Huawei P20 Pro vs. Samsung Galaxy S9+,"['definit', 's9', 'dont', 'fool', 'camera', 'megapixel', 'look', 'display', 'resolut', '407', 'ppi', 's9', 'come', '530', 'ppi', 'dual', 'appetur', 'camera', 'sensor', 'opinion', 'would', '100', 's9']"
Nokia 6 (2018),"['use', '4', 'gb', 'version', 'june', '18', 'broke', 'front', 'glass', 'got', 'repair', 'local', 'vendor', 'phone', 'stop', 'updat', 'android', '10', 'perform', 'slow', 'time', 'howev', 'still', 'manag', 'work', 'modern', 'day', 'app']"
Nokia 6 (2018),['super']
Nokia 6 (2018),"['one', 'bit', 'tank', 'jeez', 'couldnot', 'beleiv', 'use', '4', 'year', 'without', 'drop', 'perform', 'mine', 'light', 'moder', 'usag']"
"Meizu 15, 15 Plus, and 15 Lite hands-on","['full', 'review']"
"Meizu 15, 15 Plus, and 15 Lite hands-on","['use', 'fan', 'nougat', 'summer', '2018', 'serious']"
"Meizu 15, 15 Plus, and 15 Lite hands-on","['end', 'get', 'updat', 'also', 'interest', 'get', '15', 'standard', 'version', 'sinc', 'nice', 'small', 'form', 'factor', 'decent', 'hardwar', 'thank']"
Nokia 7 plus,"['got', 'charg', 'port', 'chang', 'twice', 'stop', 'use', '2023', 'absolut', 'issu', 'face']"
Nokia 7 plus,"['other', 'note', 'great', 'phone', 'howev', 'charg', 'port', 'gave', 'month']"
Nokia 7 plus,"['featur', 'love', 'phone', 'simultan', 'use', 'front', 'rear', 'camera', 'either', 'still', 'video', 'though', 'use', 'video', 'would', 'want', 'narrat', 'someth', 'either', 'appear', 'half', 'screen', 'pic', 'p']"
"Moto G6, G6 Plus, and G6 Play hands-on","['recent', 'purchas', 'moto', 'g6', 'play', '5192018', 'love', 'spec', 'devic', 'major', 'glitch', 'alert', 'phone', 'continu', 'shut', 'middl', 'phone', 'call', 'ive', 'research', 'solut', 'yet', 'find', 'good', 'luck']"
"Moto G6, G6 Plus, and G6 Play hands-on","['compar', 'moto', 'vivo', 'bro', 'friend', 'moto', 'exchang', 'phone', '3', 'time', '2', 'year', 'satisfi', 'freak', 'bad', 'user', 'moto', 'support', 'rock']"
"Moto G6, G6 Plus, and G6 Play hands-on","['india', 'moto', 'g6', 'plu', 'price', '25000', 'vivo', 'v9', 'price', '23000', 'vivo', 'v9', 'almost', 'configur', 'better', 'camera']"
Moto E5 Plus and E5 hands-on,"['good', 'cellphon']"
Moto E5 Plus and E5 hands-on,"['one', 'phone', 'love', 'phone', 'goodest', 'phone', 'ever']"
Moto E5 Plus and E5 hands-on,"['e5', 'lock', 'safe', 'mode', 'get', 'safe', 'mode']"
Huawei P20,"['huawei', 'p20', 'sinc', '2020', 'issu', 'first', 'come', 'home', 'vacat', 'start', 'restart', 'multipl', 'time', 'got', 'check', 'friend', 'know', 'thing', 'phone', 'he', 'profession', 'sinc']"
Huawei P20,"['review', 'huawei', 'p20', 'use', 'huawei', 'p20', 'six', 'year', 'confid', 'say', 'phone', 'proven', 'power', 'reliabl', 'devic', 'without', 'issu', 'time', 'design', 'pho']"
Huawei P20,"['phone', '3', 'year', 'sudden', 'youtub', 'tri', 'type', 'comment', 'keypad', 'freez', 'ridicul', 'tri', 'soft', 'reset', 'doesnt', 'solv', 'problemwouldnt', 'recommend', 'shit', 'phone']"
Oppo R15 Pro,"['own', 'phone', 'five', 'half', 'year', 'oper', 'flawlessli', 'final', 'replac', 'batteri', 'life', 'reach', 'point', 'doesnt', 'last', 'long', 'want', 'camera', 'upgrad', 'sold', 'perform']"
Oppo R15 Pro,"['im', 'use', 'mobil', 'sinc', '1', 'year', 'still', 'work', 'great', 'without', 'problem']"
Oppo R15 Pro,"['use', 'nowalmost', '1', 'yeargood', 'gaminglov']"
Huawei P20 Pro,"['would', 'entir', 'wrong', 'howev', 'judg', '40mp', 'imag', 'werent', 'meant', 'use', 'way', 'technic', 'perspect', 'check', 'articl', 'topic', 'let', 'say', 'entir', 'point', '40m']"
Huawei P20 Pro,['doesnt']
Huawei P20 Pro,"['seem', 'bit', 'pointless', 'argu', '5', 'year', 'old', 'phone', 'case', 'oi', 'disabl', 'massiv', 'issu', 'involv', 'combin', 'imag', '4', 'lens', 'feasibl']"
Lumia 1020 vs. Huawei P20 Pro,"['notic', 'sign', 'put', 'slider', 'bisect', 'one', 'letter', 'seen', 'flat', 'white', 'plastic', 'backlit', 'sign', 'make', 'one', 'color', 'one', 'way', 'applianc', 'flat', 'white', '20mp', 'camer']"
Lumia 1020 vs. Huawei P20 Pro,"['there', 'much', 'softwar', 'process', 'go', 'hate']"
Lumia 1020 vs. Huawei P20 Pro,"['softwar', 'ai', 'could', 'never', 'beat', 'real', 'physic', 'p20', 'may', 'look', 'attract', 'due', 'color', 'process', 'understand', 'natur', 'photographi', 'lumia', '1020', 'would', 'clear', 'winner', 'also', 'lumia', '1020', 'equip', 'xenon', 'flash', 'b']"
Oppo F5 long-term,"['oppo', 'f5', '6gb', 'work', 'well', 'sinc', 'today', 'abl', 'connect', 'wifi', 'even', 'bluetooth', 'work', 'show', 'devic', 'name', 'plz', 'help']"
Oppo F5 long-term,"['everyon', 'mumbl', 'xiaomi', 'phone', 'ye', 'got', 'good', 'spec', 'cheaper', 'price', 'come', 'doesnt', 'offici', 'store', 'ph', 'buy', 'would', 'bring', 'repair', 'unless', 'cours', 'total', 'unbreak', 'oppo']"
Oppo F5 long-term,"['hahaha', 'crazi', 'oppo', 'f5', 'great', 'phone']"
Huawei P20 Pro: a photo walk around Paris,"['yeah', 'understand', 'your', 'say', 'reason', 'wouldnt', 'buy', 'phone', 'said', 'huawei', 'pick', 'obviou', 'choic', 'biggest', 'partli', 'reason', 'mention', 'also', 'would', 'number']"
Huawei P20 Pro: a photo walk around Paris,"['well', 'mateit', 'wellbut', 'reffer', 'acommun', 'actmayb', 'youv', 'read', 'iti', 'guess', 'haveal', 'chine', 'smartphon', 'maker', 'tie', 'communist', 'partysurelybut', 'chose', 'huawei', 'enemi', 'that', 'misteryor', 'isnt']"
Huawei P20 Pro: a photo walk around Paris,"['actual', 'daili', 'driver', 'lumia', '950', 'xl', 'think', 'pretti', 'good', 'idea', 'abput', 'nowaday', 'lensesprocess', 'although', 'mention', 'camera', 'still', 'nokia', 'school', 'exess', 'oversharpen']"
Galaxy S9 vs. Xperia XZ2 shootout,"['samsung', 's9', 'plu']"
Galaxy S9 vs. Xperia XZ2 shootout,"['nevertheless', 'galaxi', 's9', 'best', 'shot', 'reflect', 'mostli', 'realiti', 'object', 'colour', 'atmospher', 'that', 'kind', 'reason', 'contrast', 'latest', 's23', 'also', 'compar', 'photo', 'confi']"
Galaxy S9 vs. Xperia XZ2 shootout,"['xperia', 'good', 'phone']"
Oppo R15 and R15 Pro hands-on,"['oppo', 'r15', 'pro', 'screen', 'kinda', 'faulti', 'want', 'replac', 'new', 'one', 'possil', 'use', 'oppo', 'r15', 'lcd', 'instead', 'r15', 'pro', 'lcd']"
Oppo R15 and R15 Pro hands-on,"['notch', 'design', 'isnt', 'great', 'notch', 'trend', 'block', 'notif', 'bar', 'make', '6', 'inch', 'screen', 'proper', 'display', 'without', 'notch', 'would', 'better']"
Oppo R15 and R15 Pro hands-on,"['micro', 'usb', 'great']"
"Huawei P20, P20 Pro and Mate RS hands-on","['bought', 'porch', 'design', 'phone', 'great', 'phone', 'one', 'best', 'use', '1', 'g', 'b', 'data', 'four', 'day', 'done', 'normal', 'auto', 'updat', 'etc', 'shop', 'also', 'tri', 'still', 'anyon', 'advic', 'plea']"
"Huawei P20, P20 Pro and Mate RS hands-on","['realli', 'fond', 'notch', 'statu', 'icon', 'sit', 'artifici', 'bezel', 'get', 'littl', 'bit', 'extra', 'space']"
"Huawei P20, P20 Pro and Mate RS hands-on","['price', '30000']"
Xiaomi Mi Mix 2s hands-on,"['turn', 'ole', 'pwm', 'problem', 'caus', 'eye', 'strain', 'almost', 'ole', 'phone', 'affect', 'search']"
Xiaomi Mi Mix 2s hands-on,"['get', 'annoy', 'lack', 'amol', 'someon', 'strictli', 'use', 'amol', 'phone', 'sinc', '2009', 'object', 'look', 'get', 'price', 'ive', 'bag', 'one', '440', 'yet', 'everyth', 'avail', 'highend', 'c']"
Xiaomi Mi Mix 2s hands-on,"['origin', 'mi', 'mix', 'larger', 'physic', 'point', 'larger', 'silli', 'measur', 'larger']"
iPhone X vs. Galaxy S9+ shootout,"['galaxi', '9plu', 'good', 'phone', 'issu', 'ran', 'memory64gbfamili', 'want', 'get', 'iphon', 'look', 'tri', 'someth', 'new', 'suggest', '10plu', 'iphon', '15', 'plu']"
iPhone X vs. Galaxy S9+ shootout,"['iphon', 'x', 'galaxi', 's9', 'pair', '12mp', 'camera', 'back']"
iPhone X vs. Galaxy S9+ shootout,"['s9', 'best']"
Huawei Mate 10 Lite long-term,"['use', 'phone', 'sinc', 'dec', '2017', 'til', '2022', 'believ', 'devic', 'zero', 'lag', 'even', 'batteri', 'saver', 'mode', 'use', 'realli', 'heavi', 'social', 'medium', 'whatsapp', 'day', '1', 'batteri', 'life', 'hell', 'new', 'rare', 'notic']"
Huawei Mate 10 Lite long-term,[]
Huawei Mate 10 Lite long-term,"['plea', 'tell', 'mate', '10', 'lite', 'stop', '80', 'sometim', 'ago', 'announc', 'huawei', 'forum', 'get', '10', 'without', '9', 'updat', 'silent', 'late', 'announc', 'mate', '10', 'mate', '10', 'pro', 'receiv', '10', 'within']"
Sony Xperia XZ2 Compact,"['die', 'hard', 'fan', 'soni', 'love', 'previou', 'compact', 'one', 'disappoint', 'aluminium', 'black', 'finish', 'easili', 'scratch', 'colour', 'fade', 'brighter', 'blue', 'previou', 'x', 'compact', 'much', 'durabl', 'design', 'durabl', 'materi']"
Sony Xperia XZ2 Compact,"['bought', 'slightli', 'use', 'good', 'condit', 'last', 'year', 'like', 'everyth', 'said', 'true', 'excel', 'batteri', 'life', 'cheap', 'price', 'true']"
Sony Xperia XZ2 Compact,"['day', 'im', 'still', 'baffl', 'phone', 'batteri', 'endur', 'rate', 'right', 'achiev', 'exact', 'score', 'bigger', '57', 'xz2', 'sport', 'bigger', 'batteri', 'capac', 'extra', '10', 'mm', 'bodi', 'thick', 'phone', 'wo']"
Samsung Galaxy S9+,"['still', 'mile', 'better', 'ubllock', 'snapdragon', 'version']"
Samsung Galaxy S9+,"['check', 'your', 'phone', 'exyno', 'version', 'normal', 'exyno', 'phone', 'overheat']"
Samsung Galaxy S9+,"['s9', 'exyno', 'version', 'pretti', 'fast', 'also', 'love', 'heartrat', 'sensor']"
Sony Xperia XZ2,"['find', 'origin', 'batteri', 'soni', 'xperia', 'sov37', 'xz2']"
Sony Xperia XZ2,"['gonna', 'buy', 'phone', 'got', 'money', 'sell', 'redmi', '12ceven', 'downgrad', 'gb', 'space', 'get', 'best', 'perform', 'play', 'cod', 'mayb']"
Sony Xperia XZ2,"['use', 'sinc', 'first', 'releas', 'everyth', 'still', 'perfectli', 'fine', '2024', 'perform', 'bad', '4', 'gb', 'ram', '64gb', 'storag', 'sd', 'card', 'solutionth', 'camera', 'bad']"
Samsung Galaxy S9,"['australian', 'spell', 'may', 'align', 'american', 'still', 'use', 'devic', '2025', 'samsung', 's9', 'truli', 'one', 'last', 'good', 'phone', 'made', '35', 'mm', 'headphon', 'socket', 'sd', 'card', 'slot', 'great', 'damag', 'phone', 'like']"
Samsung Galaxy S9,"['samsung', 'galaxi', 's9', 'great', 'phone', 'age', 'love', 'design', 'also', 'camera', 'featur', 'iri', 'scanner', 'fingerprint', 'face', 'identif', 'good', 'phone', 'age', 'best', 'phone', 'second', 'use', 'main']"
Samsung Galaxy S9,"['3', 'yr', 'servic', 's9', 'switch', '1', 'minut', 'use', 'start', 'whole', 'process', 'switch']"
LG V30 vs LG V30S ThinQ camera comparison,"['never', 'issu', 'lg', 'phone', 'g4', 'stylo', '2', 'v20', 'phone', 'v30', 'v30', 'best', 'android', 'current']"
LG V30 vs LG V30S ThinQ camera comparison,"['got', 'thinq', 'updat', 'v30', 'see', 'improv']"
LG V30 vs LG V30S ThinQ camera comparison,"['camera', 'dont', 'beat', 's7', 'edg', 'note', '7fe', 'camera', 's7', 'edg', 'rethinq', 'phone', 'note', '7fe', 'smartphon', 'thinq', 'big']"
"Asus Zenfone 5, 5z, 5 Lite hands-on","['love', 'spec', 'asus_x00qdbest', 'qualiti', 'engin', 'great', 'support', 'fast']"
"Asus Zenfone 5, 5z, 5 Lite hands-on","['mediocr', 'phone', 'bad', 'camera', 'sound', 'good', 'batteri', 'look', 'like', 'pro', 'nice', 'manufact', 'evryth', 'el', 'poor', 'im', 'dissapoint', 'buy', 'samsung', '51', 'diffrenc', 'si', 'gorgeou']"
"Asus Zenfone 5, 5z, 5 Lite hands-on",[]
Sony Xperia XZ2 and XZ2 Compact hands-on,"['want', 'see', 'appl', 'copypast', 'phone', 'quick', 'charg', '2', 'xiaomi', 'friend', 'least', '3', 'tha', 'galaxi', 'fan', 'boy', 'come', 'tri', 'copi', 'soni', 'ip', 'certif']"
Sony Xperia XZ2 and XZ2 Compact hands-on,"['go', 'deflect', 'usual']"
Sony Xperia XZ2 and XZ2 Compact hands-on,"['tri', 'turn', 'ole', 'display', 'alway', 'next', 'day', 'morn', 'know', 'qualiti', 'risk', 'mayb', 'tri', 'home']"
Samsung Galaxy S9 and S9+ hands-on,"['wait', '9', 'mini', 'around', '135140mmx6569mm', 'x7mm', '140150', 'gm', 'compact', 'current', 'galaxi', 'big', 'comfort', 'handl', 'even', '8', '2018', 'edit', 'fit', 'bill', 'hope', 'samsung', 'manner', 'one', 'el', 'listen']"
Samsung Galaxy S9 and S9+ hands-on,"['wont', 'mostli', 'design', 'processor', 'display', 'would', 'better', 'camera', 'pen', 'right']"
Samsung Galaxy S9 and S9+ hands-on,"['irish', 'scan', 'face', 'scan', 'finger', 'scan', 'pul', 'oximet', 'heart', 'rate', 'minitor', 'bp', 'check', 'what', 'next', 'ecg', 'xray', 'microscop', 'portabl', 'oxygen', 'concentr', 'ultrasound', 'defibril', 'wow', 'that', 'cool']"
"Nokia  8 Sirocco, 7 Plus, and 8110 4G hands-on","['confirm', 'sync', 'googl', 'contact', 'android', 'phone', 'nokia', '8810', 'phone']"
"Nokia  8 Sirocco, 7 Plus, and 8110 4G hands-on","['nice', 'model']"
"Nokia  8 Sirocco, 7 Plus, and 8110 4G hands-on","['matt', 'finish', 'back', '6', '2018']"
Alcatel at MWC 2018,"['need', 'bring', 'alcatel', 'phone', 'back', 'bought', 'first', 'one', '2018', 'realli', 'enjoy', 'crack', 'front', 'phone', '5', 'month', 'ago', 'hard', 'replac', 'werent', 'make', 'phone', 'anymor', 'realli', 'enjoy']"
Alcatel at MWC 2018,"['need', 'battari', 'alcatel', '3', 'v']"
Alcatel at MWC 2018,"['alcatel', 'tabl']"
Samsung Galaxy Note8 long-term,"['phone', 'good']"
Samsung Galaxy Note8 long-term,"['jan', '25', 'note', '8', 'nearli', '8', 'year', 'batteri', 'begin', 'last', '12hr', 'fantast', 'phone', 'time', 'upgrad', 'hope', 'new', 'one', 'last', 'long', 'perform', 'well']"
Samsung Galaxy Note8 long-term,"['recommend', 'get', 'note', '8', 'second', 'phone']"
Xiaomi Redmi Note 5 Pro hands-on,"['phone', 'actual', 'good', '2018', '2023', '2024', 'phone', 'experi', 'sever', 'thing', 'bug', 'decreas', 'perform', 'increas', 'temperatur', 'buy', 'phone', '2025', 'beyond', 'suggest', 'dont', 'bu']"
Xiaomi Redmi Note 5 Pro hands-on,"['ive', 'use', 'phone', 'sinc', 'june', '2019', 'wild', 'ride', 'great', 'choic', 'continu', 'serv', 'despit', '5', 'year', 'old', 'volum', 'power', 'button', 'die', '3', 'year', 'ago', 'camera', 'qualiti', 'decreas', 'consideri']"
Xiaomi Redmi Note 5 Pro hands-on,"['one', 'best', 'mobil', 'said', 'use', 'model', '26th', 'jan', '2019', 'today', 'qualiti', 'manufactur', 'function', 'aspect', 'superb', 'honest', 'review']"
Huawei P Smart,"['phone', 'case', 'bad', 'much', 'new', 'huawei', 'p', 'smart', 'case']"
Huawei P Smart,"['need', 'help', 'guy', 'press', 'phone', 'give', 'problem', 'switch', 'n', 'guy', 'ive', 'updat', 'softwar', 'still']"
Huawei P Smart,"['version', 'p', 'smart', 'phone', 'featur', 'wireless', 'batteri', 'charg', 'thank']"
Apple iPhone 8 Plus long-term,"['im', 'sure', 'wors', 'longterm', 'batteri', 'health', 'want', 'fastest', 'possibl', 'charg', 'bought', 'appl', '20w', 'usbc', 'power', 'adapt', '6ft18m', 'anker', '641', 'cabl', 'new', 'batteri', 'arent', 'expens']"
Apple iPhone 8 Plus long-term,"['charg', '8', 'plu', '24a12w', '1a5w', 'slow', 'might', 'even', 'less', 'healthi', 'batteri', 'fast', 'charg', 'still', 'tri', 'stop', 'charg', 'reach', '90', 'believ', 'help', 'studi', 'done']"
Apple iPhone 8 Plus long-term,"['believ', 'batteri', 'health', 'maximum', 'capac', 'iphon', '8', 'plu', 'goe', 'slower', 'time', 'charg', 'standard', '1', 'amp', 'rather', 'fast', 'charg', 'higher', 'amp', 'thing', 'stop', 'charg', '89']"
Sony Xperia L2,"['noth', 'wrong', 'phone', 'well', 'done', 'soni']"
Sony Xperia L2,"['ff', '200', 'soni', 'xperia', 'budget', 'smart', 'phone', 'deliv', 'great', 'user', 'experi', 'give', 'decent', 'function', 'stop', 'hate', 'compar', 'highend', 'expens', 'phone', 'simpli', 'appreci', 'representsdec', 'smart', 'phone']"
Sony Xperia L2,"['model', 'root', 'unlock', 'bootload', 'model', 'still', 'list', 'unlock', 'soni', 'unlock', 'websit', 'although', '2018', 'model', 'unlock']"
The best phone cameras for selfie videos,"['opinion', 'asu', 'zenphon', '5']"
The best phone cameras for selfie videos,"['strangein', 'xperia', 'm5', '13mpix', 'autofocu', 'good', 'ff']"
The best phone cameras for selfie videos,"['surpris', 'nokia', '8', 'made', 'list', 'selfi', 'camera', 'good']"
Sony Xperia XA2 Ultra,['love']
Sony Xperia XA2 Ultra,"['good', 'phone', 'use', '3', 'year', 'apprici', 'good', 'job', 'compani', 'screen', 'also', 'good', 'replac', 'fake']"
Sony Xperia XA2 Ultra,"['phone', '2', 'year', 'batteri', 'life', 'still', 'good', 'except', 'leav', 'game', 'play', 'use', '8', 'hour', 'zoom', 'skype', 'call', 'surviv', 'one', 'charg', 'photo', 'good', 'zoom', 'though']"
Xiaomi Redmi Note 5A (Y1),['good']
Xiaomi Redmi Note 5A (Y1),"['good', 'p']"
Xiaomi Redmi Note 5A (Y1),"['make', 'sen']"
Nokia 8 long-term,"['4', 'year', 'still', 'phone', 'super', 'fastit', 'fallen', 'hand', 'n', 'number', 'time', 'still', 'issu', 'much', 'satisfi', 'wish', 'nokia', 'continu', 'seri', 'phone']"
Nokia 8 long-term,"['bought', 'phone', 'amazon', 'less', '300', 'amazon', 'summer', '2018', 'still', 'use', 'happi', '4', 'year', 'usag', 'problem', 'far', 'recent', 'usb', 'charg', 'port', 'issu', 'need', 'plugit', 'sever', 'time', 'befo']"
Nokia 8 long-term,"['shake', 'phone', 'ok', 'shake', 'tightli']"
Honor View 10,"['game', 'kirin', '970', 'superior', 'sd', '845', 'face', 'much', 'heat', 'lag', 'issu', 'sd845', 'oneplu', '6t']"
Honor View 10,"['honor', 'view', 'use', 'long', 'time', 'format', 'automat', 'good']"
Honor View 10,"['kirin', 'much', 'power', 'sdm835']"
Xiaomi Redmi 5,"['sometim', 'memori', 'full', 'even', 'though', 'photo', 'two', 'applic', 'play', 'store', 'memori', 'still', 'full', 'even', 'though', 'dilig', 'clean']"
Xiaomi Redmi 5,"['56', 'year', 'use', 'phoneit', 'touch', 'problem', 'mayb', 'lcd', 'crack', 'weak', 'networkth', 'screen', 'stuck', 'u', 'tri', 'clear', 'background', 'appsi', 'like', 'phone', 'size', 'recommend', 'game', 'laggi', 'u', 'play', 'big', 'gamesit', 'actual']"
Xiaomi Redmi 5,"['agre', 'that', 'problem', 'faceotherwis', 'amaz', 'phone']"
Sony Xperia XA2,"['although', 'phone', 'discontinu', 'still', 'usabl', 'phone', 'still', 'run', 'modern', 'app', 'pretti', 'good', 'processor', '4g', 'network', 'still', 'use', '2026', 'easili']"
Sony Xperia XA2,"['batteri', 'isnt', 'quit', 'good', 'though', 'dad', 'one', 'expand', 'one', 'year']"
Sony Xperia XA2,"['hi', 'like', 'phone', 'point', 'camera', 'fast', 'ok', 'situat', 'best', 'small', 'size', 'phone', 'slide', 'easi', 'pocket']"
Xiaomi Redmi 5 Plus,"['mi', 'note', '5', 'problem', 'whatsapp', 'facebook']"
Xiaomi Redmi 5 Plus,['ye']
Xiaomi Redmi 5 Plus,"['hello', 'bless', 'redmi', '5', 'problem', 'whatspp', 'applic', 'like', 'tonkeep', 'spp', 'thank']"
Moto G5S Plus,"['couldnt', 'make', 'call', 'set', 'give', 'servic', 'said', 'sim', 'tray', 'damagedc', 'replac', 'sim', 'tray', 'new', 'oneonli', 'creplac', 'mother', 'board', 'nearli', 'cost', 'new', 'one', 'would', 'like', 'get', 'answer', 'servic', 'centr']"
Moto G5S Plus,"['know', 'time', 'come', 'purchas', 'new', 'mobil', 'handset', 'go', 'brand']"
Moto G5S Plus,"['motorola', 'g5', 'plu', 'good', 'hand', 'set', 'find', 'two', 'problem', 'minut', 'onlin', 'heat', 'side', 'mobil', 'handset', 'contact', 'list', 'call', 'goe', 'self', 'due', 'delet', 'number', 'contact', 'list', 'time', 'pu']"
Apple iPhone X long-term,['sure']
Apple iPhone X long-term,"['reduc', 'volum']"
Apple iPhone X long-term,"['ipx', 'area', 'got', 'one', 'major', 'problem', 'face', 'id', 'friend', 'whose', 'use', 'ipx', 'includ', 'face', 'problem', 'face', 'id', 'faulti', 'right', 'warranti', 'expir', 'lol', 'sent', 'mine', 'switch', 'servic', 'center']"
BlackBerry Motion,['wrong']
BlackBerry Motion,"['buy', 'blackberri', 'phone', 'namibia']"
BlackBerry Motion,['elabor']
Huawei Honor 7X,"['buy', 'screem', 'bad', 'two', 'month']"
Huawei Honor 7X,"['dear', 'plea', 'help', 'soul', 'unabl', 'use', 'whatsapp', 'huawei', 'honor', 'x7', 'phone', 'whatsapp', 'get', 'block', 'becom', 'difficult', 'access']"
Huawei Honor 7X,['ador']
Samsung Galaxy A8 (2018),"['phone', 'use', 'mobil', 'network', 'say', 'regist', 'network', 'plea', 'help', 'updat', 'phone', 'work', 'l', 'cant', 'phone', 'one', 'plea', 'help', 'plea', 'help', 'phone', 'galaxi', 'a8']"
Samsung Galaxy A8 (2018),"['almost', '6', 'year', 'sinc', 'novemb', '1st', '2018', 'still', 'use', 'write', 'messag', 'bought', 'back', 'dual', 'sim', 'ip68', 'certif', 'mainli', 'didnt', 'cost', 'much', 'bought', 'bundl', 'contract']"
Samsung Galaxy A8 (2018),"['point', 'consid', 'lucki', 'didnt', 'blow', 'load', 'webpag']"
"Xperia XA2, XA2 Ultra, L2 hands-on","['xperia', 'l2', 'best', 'xa2']"
"Xperia XA2, XA2 Ultra, L2 hands-on","['peopl', 'expect', 'would', 'like', 'see', 'product', 'compet', 'soni', 'fail', 'deliv', 'latest', 'time', 'peopl', 'bash', 'model', 'look', 'alik', 'gave', 'problem', 'subpar', 'camera', 'heat', 'issu', 'lack', 'updat', 'thu', 'peopl', 'inter']"
"Xperia XA2, XA2 Ultra, L2 hands-on","['could', 'use', 'use', 'stack', 'also', '1', 'poor', 'shote', 'imagin', 'great', 'shot', 'would', 'least', '4', '10', 'second', 'oppos', 'pro', 'shoot', 'long', 'exposur', 'stead', 'high', 'iso', 'also', 'use', 'iso', 'even', 'shutter', 'spee']"
Nokia 2,"['hate', 'phone', 'cant', 'even', 'load', 'viber', 'ig', 'load', 'hour', 'sometim', 'doesnt', 'even', 'load', 'slow', 'heat', 'quickli', 'im', 'gonna', 'smash', 'phone', 'hammer', 'get', 'new', 'one']"
Nokia 2,"['bought', 'batteri', 'life', 'know', 'gb', 'ram', '8', 'gb', 'rom', 'enough', 'video', 'store', 'much', 'frustrat', 'batteri', 'run', 'quickli', 'soon', 'becam', 'swollen', 'visit', 'authoris', 'servic', 'centr', 'got', 'new', 'one']"
Nokia 2,"['purchas', 'poorvika', 'mobiletuticorin', 'worst', 'product', 'nokia2', '3month', 'properli', 'use', 'fulli', 'complain', 'batteri', 'charg', 'mobil', 'hang', 'etc']"
Google Pixel 2 XL long-term,"['strong', 'batteri', 'googl', 'pixel', '2xl']"
Google Pixel 2 XL long-term,"['long', 'time', 'revisioni', 'star']"
Google Pixel 2 XL long-term,"['think', 'batteri', 'cold', 'shutdown', 'phone', 'first', '20', 'like', 'closer', '50', 'batteri', 'intern', 'cant', 'chang']"
GSMArena smartphone buyer's guide,"['spent', 'time', 'devic', 'cant', 'say', 'camera', 'great', 'dont', 'reason', 'dxomark', 'gave', 'better', 'grade', 'thana', 'huawei', 'mate', '9caus', 'waay', 'behind', 'overexpos', 'lot', 'photo', 'lack', 'contrast', 'eay', 'near', 'ta']"
GSMArena smartphone buyer's guide,"['ikr', 'mi', 'note', '3', 'possibl', 'balanc', 'phone', 'year', 'amaz', 'camera', 'like', 'htc', 'u11', 'good', 'perform', 'similar', 'oneplu', '3t', 'fast', 'fingerprint', 'scanner', 'good', 'sound', 'qualiti', 'etc']"
GSMArena smartphone buyer's guide,"['perfect', 'phone', 'opinion', 'metal', 'bodi', 'water', 'resist', 'like', 'iphon', '7', 'googl', 'pixel', '2', 'camera', 'lg', 'v30', 'wide', 'angl', 'len', 'fingerprint', 'scanner', 'posit', 'like', 'g6', 'accuraci', 'like', 'mi', '6', 'front', 'fire', 'speaker', '18']"
LG Q6,"['great', 'cp', 'easi', 'handl', 'senior', 'nice', 'one', 'think', 'enjoy', 'use', 'lg', 'q6']"
LG Q6,"['countri', 'seacrch', 'batteri', 'buy']"
LG Q6,"['compani', 'give', 'lg', 'q6', 'lg', 'ui', 'android', 'version', 'updat', '2021']"
"Best phones, worst phones 2017","['oneplu', 'xiaomi', 'amol', 'display', 'still', 'headphon', 'jack', 'better', 'camera', 'close', 'stock', 'androidcompar', 'xiaomi', 'mi', '6mix', '2']"
"Best phones, worst phones 2017","['say', 'kid', 'love', 'e7', 'lowkey', 'samsung', 'note', '4', 'note', '8', 'love', 'old', 'symbean', 'older', 'phone', 'would', 'trash', 'other', 'like', 'older', 'model', 'thumb', 'logic']"
"Best phones, worst phones 2017","['galaxi', 'j7', 'samsung', 'good', 'phone', 'normal', 'routin', 'use', 'nt', 'basic', 'featur', 'like', 'screen', 'mirror', 'cast', 'screennfcgyroscop', 'sensor', 'face', 'recognit', 'lock', 'technic', 'use', 'point', 'view', 'wors', 'phone']"
vivo V7,"['tooi', 'bought', '2017', 'still', 'use']"
vivo V7,"['bought', 'back', 'earli', '2019', 'im', 'still', 'use', 'phone', 'although', 'minor', 'screen', 'crack', 'still', 'function', 'properli']"
vivo V7,"['use', 'mani', 'year', 'still', 'work', 'finestcamera', 'allno', 'issu', 'encount', 'far']"
Sharp Aquos S2 hands-on,"['2021', 'version', 'wd', 'still', 'compak', 'size', 'pleassss']"
Sharp Aquos S2 hands-on,"['igzo', 'screen', 'imposs', 'find']"
Sharp Aquos S2 hands-on,"['dongl', 'ultim', 'accessori', '_', 'add', 'satir']"
Apple TV 4K,"['nvidia', 'shield', 'tv', 'pro', '2019', 'version']"
Apple TV 4K,"['collect', 'movi', '10gb', '30gb', 'file', 'access', 'appl', 'tv', 'box', 'caus', 'im', 'think', 'switch', 'tv', 'interfac', 'android', 'io']"
Apple TV 4K,"['ever', 'want', 'buy', 'stream', 'box', 'prefer', 'appl', 'compani', 'mostli', 'appl', 'tv', '4k']"
Samsung Galaxy A8 (2018) hands-on,"['got', 'phone', 'samsung', 'neon', 'flip', 'case', 'im', 'get', 'notif', 'light', 'receiv', 'text', 'messag', 'whatsapp', 'messag', 'suggest', 'fix']"
Samsung Galaxy A8 (2018) hands-on,"['samsung', 'a8', '2018', 'mobil', 'isnt', 'come', 'india', 'a8', 'success', 'higher', 'price', 'samsung', 'provid', 'market', 'share', 'compani', 'plz', 'provid', 'good', 'phone', '15000', 'provid', 'good', 'spec', 'like', '55', 'infin', 'display', '18']"
Samsung Galaxy A8 (2018) hands-on,"['plea', 'post', 'full', 'review', 'a8', '2018']"
Huawei Mate 10 Lite,"['camera', 'ordinari']"
Huawei Mate 10 Lite,"['smooth', 'phone', 'accruali', 'like', 'almost', '3', 'year', 'use']"
Huawei Mate 10 Lite,"['plea', 'buy', 'screen', 'huawei', 'mate', '10', 'lite']"
Oppo R11s,"['hi', 'guy', 'satisfi', 'user', 'oppor11', 'sinc', '2017', 'plan', 'buy', 'new', 'oppo', 'phone', 'higher', 'qualiti', 'camera', 'oppo', 'r11', 'tri', 'search', 'oppo', 'phone', 'better', 'r11', 'store', 'though', 'tell', '6']"
Oppo R11s,"['side', 'left', 'lower', 'button', 'side', 'right', 'button', 'simultani']"
Oppo R11s,"['swipe', 'diagon', 'use', 'three', 'finger', 'time']"
Archos Diamond Omega,"['much', 'french', 'left', '99', 'china']"
Archos Diamond Omega,"['zte', 'z17', 'quickcharg', '40', 'archo', '30v']"
Archos Diamond Omega,"['honor', 'v10', 'come', 'also', 'around', '500a', 'much', 'better', 'deal', 'see']"
Samsung Gear Sport,"['total', 'agre', 'gear', 'fit', '1', 'great', 'watch', 'rub', 'worn', 'metal', 'bezel', 'look', 'stun', 'need', 'never', 'miss', 'call', 'show', 'who', 'call', 'text', 'quick', 'answer', 'email', 'medium', 'control', 'count', 'step', 'good', 'sleep', 'trac']"
Samsung Gear Sport,"['garmin', '935', 'much', 'expens', 'understand', 'logic', 'howev', 'want', 'charg', 'smart', 'watch', 'everi', 'second', 'third', 'day', 'especi', 'also', 'use', 'track', 'sleep']"
Samsung Gear Sport,"['point', 'get', 'smart', 'watch', 'cant', 'even', 'last', 'week', 'featur', 'alreadi', 'batteri', 'life', 'meh']"
Huawei Honor View 10 hands-on,"['pl', 'pl', 'pl', 'tell', 'loud', 'speaker', 'volum', 'v10']"
Huawei Honor View 10 hands-on,"['avail', 'launch', '8th', 'jan', '2018']"
Huawei Honor View 10 hands-on,"['auto', 'call', 'record', 'facil']"
HTC U11 Life,"['auto', 'forward', 'app', 'use']"
HTC U11 Life,"['selfi', 'camera', 'sensor', 'actual', '4', 'mpix', 'antutu', 'say', '4mpix', 'hd', 'kamera', 'app', '4mpix', 'pictur', 'nativ', 'htc', 'app', 'fanci', 'superr', 'upscal', 'sever', 'shot', 'taken', 'buffer', 'effect', 'quadrupl', 'th']"
HTC U11 Life,"['anyon', 'know', 'rear', 'camera', 'sensor', 'u11', 'life', 'doesnt', 'seem', 'info', 'htc', 'hdr', 'boost', 'algorithm', 'extrem', 'impress', 'tini', '10', 'micron', 'pixel', 'sensor', 'like', 'imx351', 'use', 'u', 'play', 'that', 'guess']"
Motorola Moto X4,"['phone', '3', 'year', 'bad', 'thing', 'say']"
Motorola Moto X4,"['karachi', 'sind', 'pakistan']"
Motorola Moto X4,"['best', 'phone', 'ever', 'creat']"
HTC U11+,"['best', 'phone', 'ive', 'ever', 'ive', 'htc', 'one', 'm7', 'm9', 'iphon', '7', 'iphone6']"
HTC U11+,"['long', 'stori', 'short', 'alot', 'phoneson', 'plu', '7', 'pixel', '3', 'etc', 'last', 'year', 'end', 'use', 'u11', 'dirt', 'cheap', '150', 'dollar', 'disapoint', 'first', 'screen', 'littl', 'meh', 'quit', 'nice', 'natur', 'colour', '810', 'nice', 'camera', '810', 'ergonomyc', '610but']"
HTC U11+,"['problem', 'bright', 'solut', 'updat']"
vivo V7+,"['phone', 'good', 'fool', 'went', 'buy', 'told', '8', 'gb', 'ram', '256', 'gb', 'rom', 'two', 'day', 'phone', 'settingd', 'test', 'start', 'see', '4', 'gb', 'ram', '64', 'gb', 'rom', 'saw', '3225', 'mah', 'mt', '3900', 'mah']"
vivo V7+,"['phone', 'realli', 'awesom', '1', 'year', 'problem', 'noth', 'realli', 'fast', 'nice', 'phone', 'vivo', 'nice', 'thank', 'awesom', 'work']"
vivo V7+,"['pathet', 'phone', 'absolut', 'wast', 'price', 'high', 'spece', 'phone', 'money', 'gone', 'market', 'instead', 'make', 'good', 'phone', 'dual', 'band', 'wifi', 'fast', 'charg', 'thing', 'support', 'soc', '450', 'snap', '6', 'inch', 'hd', 'resolut']"
Oppo F5,"['phone', 'doesnt', 'support', 'whatsapp', 'though', 'messeng', 'cannot', 'plea', 'kindli', 'request', 'fix', 'problem', 'caus', 'realli', 'miss', 'lot', 'thank']"
Oppo F5,"['phone', 'doesnt', 'support', 'whatsapp', 'though', 'messeng', 'cannot', 'plea', 'kindli', 'request', 'fix', 'problem', 'caus', 'realli', 'miss', 'lot', 'thank']"
Oppo F5,"['worst', 'smartphon', 'ive', 'ever', 'use', 'featur', 'compar', 'smartphon', 'restart', 'button', 'shortcut', 'featur', 'much', 'hardwar', 'also', 'often', 'problem', 'ghost', 'touchscreen', 'power', 'volum']"
OnePlus 5T,['yeah']
OnePlus 5T,"['sinc', 'decemb', '2017', 'use', '5t', 'countinu', 'amaz', 'best', 'ever']"
OnePlus 5T,"['bought', 'oneplu', '5t', 'feb', '2018', 'still', 'work', 'fine', 'issu', 'great', 'phone', 'read', 'thru', 'review', 'none', 'neg', 'point', 'hv', 'impact']"
Samsung Galaxy S8 Active,"['work', 'camerafront', 'main', 'camerai', 'chek', 'camera', 'donebut', 'work']"
Samsung Galaxy S8 Active,"['found', 'new', 'phone', 'line', 'might', 'get', 'one', 'new', 'phone', 'thank', 'info']"
Samsung Galaxy S8 Active,"['support', 'indian', 'network', 'oper']"
OnePlus 5T hands-on,"['bad', 'camera', 'still', 'blur', 'face', 'macro', 'closeup', 'return', 'op5', 'issu', 'camera', 'excit', 'hear', 'op5t', 'would', 'new', 'len', 'look', 'sampl', 'dont', 'see', 'much', 'improv']"
OnePlus 5T hands-on,"['phone', 'next', 'op5', '145']"
OnePlus 5T hands-on,"['never', 'got', '3', 'half', 'hour', 'sot', 'op5', 'even', 'though', 'wasnt', 'use', 'heavili']"
Samsung Galaxy J7 Pro,"['nice', 'long', 'last', 'phone']"
Samsung Galaxy J7 Pro,[]
Samsung Galaxy J7 Pro,"['midrang', 'devic', 'releas', '2017', '5g', 'start', 'roll', '2020', '5g', 'came', 'midrang', 'devic', '2022']"
Razer Phone,"['ive', 'phone', 'year', 'havent', 'singl', 'problem', 'imo', 'main', 'reason', 'buy', 'phone', 'time', 'sound', 'qualiti', 'gui', 'respons', 'stock', 'android', 'fact', 'look', 'differ', 'phone']"
Razer Phone,"['4', 'month', 'purchas', 'charger', 'stop', 'work', '5', 'month', 'purchas', 'screen', 'develop', 'issu', 'found', 'upon', 'research', 'onlin', 'common', 'phone', 'half', 'screen', 'freez', 'would', 'respond', 'reboot', 'p']"
Razer Phone,"['love', 'phone', 'sinc', 'phone', 'abl', 'updat', 'updat', 'app', 'love', 'perform', 'phone', 'awesom']"
Nokia 2 hands-on,"['see', 'old', 'nokia', 'mobil', 'modl', 'use', 'diffrent', 'diffrent', 'modl', 'use', 'bodi', 'mobil', 'ex', 'nokia', '7210', '3310', 'etc']"
Nokia 2 hands-on,"['see', 'old', 'nokia', 'mobil', 'modl', 'use', 'diffrent', 'diffrent', 'modl', 'use', 'bodi', 'mobil']"
Nokia 2 hands-on,"['xiomi', 'crap', 'nokia', 'best']"
Apple iPhone X,"['alway', '3']"
Apple iPhone X,"['face', 'recognit', 'doesnt', 'work', 'also', 'phone', 'jam']"
Apple iPhone X,['nice']
Google Pixel 2,"['dont', 'know', 'smoke', 'pas', 'well']"
Google Pixel 2,"['pixel', '2', 'isnt', 'bad', 'well', 'that', 'consid', 'get', 'pixel', '2', 'reburb', '100', 'paid', '900', 'first', 'came', 'return', 'couldnt', 'justifi', 'cost', 'flagship', 'a6', 'month', 'lifespan', 'for100', 'ill', 'l']"
Google Pixel 2,"['thing', 'found', 'awkward', 'bezel', 'everyth', 'el', 'great', 'ip68', 'sometim', 'good', 'amount', 'better', 'think', 'ip67', 'good', 'enough', 'overprotect', 'phone', 'much', 'sometim', 'forget', 'water', 'resist', 'feel', 'like', 'weak', 'spr']"
Huawei Mate 10 Pro,"['experienc', 'problem', 'web', 'browser', 'hang', 'time', 'upgrad']"
Huawei Mate 10 Pro,"['huawei', 'mate', '10', 'pro', 'still', 'hold', 'solid', 'smartphon', 'especi', 'power', 'perform', 'great', 'batteri', 'life', 'impress', 'leica', 'dual', 'camera', 'great', 'pick', 'valu', 'speed', 'photographi', 'sleek', 'design', 'visit', 'web']"
Huawei Mate 10 Pro,"['best', 'mobil', 'ever', 'use']"
Razer Phone hands-on,['httpswwwebaycomi302622706259chnp']
Razer Phone hands-on,"['benchmark', 'seem', 'disappoint', 'smartphon', 'tout', 'superior', 'game', 'poorli', 'go', 'give', 'anyth', 'better', 'flagship', 'case', 'clearli', 'far', 'wors', 'also', 'use', 'smartphon']"
Razer Phone hands-on,"['bet', 'think', 'futur', 'phone', 'glue', 'batteri', 'futur', 'fool', 'keep', 'part', 'money', 'everi', 'year', 'two']"
HTC U11 Life hands-on,"['devic', 'realli', '05', 'star', 'refresh', 'page', '5', 'time', 'star', 'rate', 'still', '05']"
HTC U11 Life hands-on,"['oppo', 'r11', 'even', 'better', 'selfi']"
HTC U11 Life hands-on,"['great', 'littl', 'review', 'especi', 'appreci', 'gener', 'wellpres', 'camera', 'review', 'damn', 'nice', 'phone', 'price']"
Google Pixel 2 XL,"['look', 'type', 'press', 'submit', 'button', 'realli', 'embarrass']"
Google Pixel 2 XL,"['gotten', 'yet', 'im', 'still', 'use', '1st', 'gen', 'recent', 'got', 'audio', 'problem', 'want', 'switch']"
Google Pixel 2 XL,"['got', 'brand', 'new', 'ebay', 'unlock', '180', 'dollar', 'last', 'year', 'unlock', 'boot', 'loader', 'instal', 'lineag', 'custom', 'rom', 'everyth', 'work', 'great', 'latest', 'android', 'secur', 'patch', 'nice', 'phone', 'still', 'today', 'nice', 'photo', 'also']"
Huawei Mate 10,"['excel', 'phone', 'still', 'work', 'perfectli', '5', 'year', 'use', 'proud', 'huawei', 'make', 'wonder', 'hardwar', 'harmoni', 'o']"
Huawei Mate 10,"['purchas', 'phone', '90000', 'namibian', 'dollar', 'great', 'phone']"
Huawei Mate 10,"['4g', 'sport']"
Xiaomi Mi Mix 2,"['kind', 'strang', 'mi', 'mix', '2', 'coupl', 'month', 'see', 'last', 'bit', 'less', 'mi', '5', 'replac', 'endur', 'rate', 'seem', 'suspici', 'low', 'get', '2', 'full', 'day', 'moder', 'usag', 'sometim', 'mi', '5', 'alway', 'ga']"
Xiaomi Mi Mix 2,"['havent', 'tri', 'stock', 'lock', 'bootload']"
Xiaomi Mi Mix 2,"['may', 'gsm', 'arena', 'need', 'retest', 'batteri', 'life', 'comfort', 'give', 'endur', 'rate', '80', 'hr', 'dual', 'sim']"
Galaxy Note8 vs iPhone 8 Plus,"['love', 'iphon', '8', 'plu', 'probabl', 'one', 'best', 'phone', 'ever', 'made', 'call', 'fanboy', 'dont', 'care', 'next', 'phone', 'might', 'iphon', '20', 'xx', 'thatll', 'probabl', 'come', 'septemb', 'next', 'year', '2027', 'hope', 'dont', 'run', 'problem']"
Galaxy Note8 vs iPhone 8 Plus,"['note', 'best', 'anyth']"
Galaxy Note8 vs iPhone 8 Plus,"['iphon', 'samsung', 'qualiti', 'camera']"
Galaxy Note8 vs iPhone 8 Plus camera blind vote,"['mmm', 'result', 'show', 'otherwis', 'stop', 'fool', 'iphon', 'camera', 'best', 'world', 'that', 'absolut', 'rubbish', 'even', 'iphon', 'x', 'struggl', 'keep', 'samsung', 'camera', 'samsung', 'cheaper', 'flagship', 'provid', 'better', 'experi', 'p']"
Galaxy Note8 vs iPhone 8 Plus camera blind vote,"['iphon', 'good', 'camera', 'phone', 'cant', 'compear', 'iphon', 'world', 'wide', 'natur', 'camera', 'phone']"
Galaxy Note8 vs iPhone 8 Plus camera blind vote,"['galaxi', 'note', '8', 'king', 'best', 'camera', 'samsung', 'histori']"
Honor 9i/Mate 10 Lite hands-on,"['need', 'buy', 'temper', 'glass', 'screen', 'protector', 'yup', 'gorilla', 'glass']"
Honor 9i/Mate 10 Lite hands-on,"['hi', 'guy', 'bought', 'nova', '2i', 'honor', '9i', 'say', 'fast', 'want', 'charg', 'phone', 'fast', 'turn', 'devic', 'switch', 'phone', 'airplan', 'mode', 'camera', 'auto', 'mode', 'good', 'also', 'captur', 'burst', 'mod']"
Honor 9i/Mate 10 Lite hands-on,"['use', 'phone', 'without', 'screen', 'protector', 'say', 'corn', 'gorilla', 'glass', 'though']"
Google Pixel 2 XL hands-on,"['didnt', 'say', 'appl', 'right', 'ad', 'sd', 'card', 'slot', 'critic', 'everi', 'one', 'excus', 'sd', 'card', 'slot', 'someth', 'mess', 'integr', 'design', 'waterproof', 'anyth', 'pure', 'market', 'techniqu']"
Google Pixel 2 XL hands-on,"['soni', 'irrelev']"
Google Pixel 2 XL hands-on,"['serious', 'stop', 'blindli', 'defend', 'that', 'foolish', 'interfer', 'help', 'work', 'problem', 'issu', 'introduc', 'issu', 'wireless', 'futur', 'that', 'futur', 'present', 'current']"
"Huawei Mate 10, 10 Pro, Porsche Design hands-on","['small', 'playersaid', 'dope', 'everyon', 'huawei', '2', 'phone', 'mfg', 'world', 'next', 'samsung', 'ahead', 'appl']"
"Huawei Mate 10, 10 Pro, Porsche Design hands-on","['far', 'earli', 'morn', 'til', 'go', 'bed', 'night', 'im', 'still', 'left', 'batteri', '3565', 'phone', 'definit', 'last', 'day', 'also', 'want', 'mention', 'respons', 'fast', 'charg', 'realli', 'fast', 'tho']"
"Huawei Mate 10, 10 Pro, Porsche Design hands-on","['wharev', 'still', 'cant', 'wont', 'ever', 'reli', 'chine', 'product', 'also', 'leica', 'charg', 'ridicul', 'amount', 'use', 'red', 'dot', 'even', 'appl', 'gener', 'cheapo', 'compar', 'leica', 'excel', 'effort', 'huawei', 'nevertheless']"
Xiaomi Mi A1,"['cpu', 'rebal']"
Xiaomi Mi A1,"['xiaomi', 'mi', 'a1', 'phobe', 'avail', 'market', 'stock', 'stock', '2ndli', 'what', 'price', 'model', 'market', 'right']"
Xiaomi Mi A1,"['rock', 'a1', '2024', 'lineag', '13', 'gcam', 'gcam', 'aux', 'modul', 'magisk', 'pretti', 'decent', 'need']"
Honor 7X hands-on,"['fantastici', 'havent', 'seen', 'mobileevey', 'one', 'excit', 'mobilebut', 'price', 'offcours', 'tri', 'buy', 'mobil', 'borrow', 'money', 'rel', 'friend']"
Honor 7X hands-on,['200']
Honor 7X hands-on,"['noth', 'honor', '7x', 'doesnt', 'support', 'also', 'gyroscop']"
Moto Z2 Play,"['buy', 'new', 'phone', 'moto', 'z2', 'play', 'need', 'updat']"
Moto Z2 Play,"['review', 'say', 'z2', 'play', 'wifi', 'ac', '5ghz', 'wave', '2', 'wifi', 'n', '5ghz']"
Moto Z2 Play,"['audio', 'gp']"
Sony Xperia XA1 Plus,"['correctmi', 'kid', 'use', 'pleasur', 'soni', 'brand', 'good', 'price']"
Sony Xperia XA1 Plus,"['updat', 'flash', 'offici', 'oreo', 'xa', '1', 'plu', 'unless', 'know', 'root', 'themyou', 'edit', 'buildprop', 'reinstal', 'origin', 'kernel', 'profession']"
Sony Xperia XA1 Plus,"['anoth', 'major', 'bad', 'thing', 'xperia', 'xa1', 'plu', 'screen', 'even', 'full', 'bright', 'outsid', 'sun', 'cant', 'see', 'anyth', 'screen', 'gener', 'take', 'pictur', 'video', 'rubbish', 'cant', 'see']"
Google Pixel 2 and Pixel 2 XL hands-on,"['android', 'gmail', 'googl', 'youtub']"
Google Pixel 2 and Pixel 2 XL hands-on,"['errrr', 'android', 'map', 'chromeo', 'tensorflow', 'docsgsuit', 'drive', 'adsenseword']"
Google Pixel 2 and Pixel 2 XL hands-on,"['origin', 'pixel', 'well', 'enough', 'sale', 'make', 'anoth', 'nexu', '5', 'sold', 'well', 'also', 'chromebook', 'pop']"
Apple iPhone 8,"['android', 'develop', '2025', '2026', 'iphon', '8', 'great', 'experi', 'life']"
Apple iPhone 8,"['good', 'day', 'see', 'get', 'dont']"
Apple iPhone 8,['8']
Apple iPhone 8 Plus,"['notic', 'least', 'one', 'app', 'app', 'store', 'requir', 'io', '170', 'later', 'itll', 'let', 'download', 'use', 'older', 'version', 'case', 'app', 'requir', 'io', '170', 'later', 'though', 'still', 'worth', 'mention']"
Apple iPhone 8 Plus,"['great', 'phone', 'even', 'today', 'great', 'thing', 'app', 'start', 'requir', 'io', '17', 'later', 'issu', 'yet', 'futur', 'might']"
Apple iPhone 8 Plus,"['8', 'best', 'choic', 'use', 'todaysom', 'one', 'help', 'buy']"
Asus Zenfone 4 family hands-on,"['yeswhi', 'price', 'drop', 'highli']"
Asus Zenfone 4 family hands-on,"['price', 'drop', 'phone', 'happen']"
Asus Zenfone 4 family hands-on,"['also', 'review', 'unit', 'zenfon', '4', 'offic', 'set', 'enter', 'review', 'pipelin', 'expect', 'detail', 'review', 'come', 'week', 'right']"
Sony Xperia XZ1 Compact,"['favourit', 'phone', 'still', 'use', 'secondari', 'devic', 'reason', 'upgrad', 'xiaomi', '15', 'softwar', 'support', '32gb', 'intern', 'storag', 'isnt', 'enough', '2025', 'app', 'get', 'bigger', 'bigger', 'gp', 'problem', 'lose', 'connect']"
Sony Xperia XZ1 Compact,"['still', 'use', 'xz1', 'compact', 'second', 'devic', 'current', 'write', 'upgrad', 'xiaomi', '15', 'want', 'replac', 'xz1', 'compact', 'mayb', 'look', 'asu', 'zenfon', '9', '10', 'galaxi', 's25', 'iphon', '16', 'pixel', '5', 'huawei', 'p30', 'phone', 'may']"
Sony Xperia XZ1 Compact,"['bought', 'mine', '2018', 'still', 'use', 'time', 'replac', 'cant', 'find', 'anyth', 'compar']"
Xiaomi Mi 5X,"['know', '6', 'year', 'yet', 'mi', 'a15x', 'share', 'codenam', 'tissot', 'model', 'daisi', 'like', '9a', 'dandelion', '9at', 'dandelion_eea', 'ect', 'still', 'good', '202425', 'lineageo', 'support', 'offici']"
Xiaomi Mi 5X,"['im', 'interest', 'game']"
Xiaomi Mi 5X,"['good', 'compani', 'featur', 'best']"
Samsung Galaxy Note8,"['7', 'year', 'sinc', 'bought', '2018']"
Samsung Galaxy Note8,"['one', 'unfortun', 'screen', 'problem', 'much', 'screen', 'get', 'nigeria']"
Samsung Galaxy Note8,"['best', 'samsung', 'time', 'atleast']"
LG V30,"['that', 'lie', 'mate', 'come', 'camera', 'sound', 'v60', 'best', 'lg', 'ever', 'made']"
LG V30,"['2022', 'love', 'snap', 'movi', 'featur', 'lg', 'v30', 'sadli', 'lg', 'v40', 'thru', 'lg', 'v60']"
LG V30,"['yeah', 'agre', 'one', 'batteri', 'v30', 'horribl']"
Sony Xperia XZ1,"['android', '1402']"
Sony Xperia XZ1,"['love', 'phone', 'wish', 'slightli', 'updat', 'model', 'could', 'buy', '2023', 'corner', 'could', 'stand', 'touch', 'round', 'otherwis', 'pretti', 'amaz', 'wont', 'anyon', 'make', 'small', 'android', 'phone', 'decent', 'spec']"
Sony Xperia XZ1,"['today', '2022', 'basic', 'bore', 'design', 'headphon', 'jack', 'guess', 'still', 'notch', 'led', 'notif', 'headphon', 'jack', 'that', 'right']"
LG Q6 p,"['wrong', 'said', 'slow', 'charg', 'lg', 'q6', 'mobil', 'lg', 'q6', 'mobil', 'year', 'still', 'mobil', 'charg', 'maximum', '1', 'hour', '20', '30', 'minut', 'anoth', 'thing', 'also', 'fast', 'charg', 'option', 'note', 'say', 'ch']"
LG Q6 p,"['drope', 'phone', '2', 'stori', 'high', 'rock', 'face', 'damag']"
LG Q6 p,"['damn', 'love', 'front', 'design', 'much', 'yet', 'disappoint', 'soc', 'ff', 'sd435', 'im', 'doubt', 'purchas', 'devic']"
Meizu Pro 7 Plus,"['face', 'lock', 'yessssss']"
Meizu Pro 7 Plus,"['cpu', 'test']"
Meizu Pro 7 Plus,"['seem', 'pro', '7', 'plu', 'band', '20', 'support', 'correct']"
Android 8.0 Oreo,['8']
Android 8.0 Oreo,"['yesit', 'offici', 'list']"
Android 8.0 Oreo,"['oreo', 'updat', 'complet', 'stoop', 'samsung', 'galaxi', 's7', 'work', 'forc', 'factori', 'reset', 'caus', 'untold', 'problem']"
"Alcatel Idol 5s, Idol 5, A7 XL, A7 hands-on",['nice']
"Alcatel Idol 5s, Idol 5, A7 XL, A7 hands-on","['10', 'phone', 'come', 'hmm', 'mediatek', 'would', 'use', 'got', 'free', 'still', 'use', 'snapdragon', 'quad', 'core', 'lao', '141', 'best', 'ive', 'ever', 'use']"
"Alcatel Idol 5s, Idol 5, A7 XL, A7 hands-on","['smaller', 'bezel', 'x', 'devic']"
Motorola Moto X4 hands-on,"['cant', 'help', 'notic', 'similar', 'moto', 'x4', 'galaxi', 's7', 'front', 'design', 'look', 'pretti', 'similar', 's7', 'front', 'initi', 'impress', 'look', 'good', 'design', 'beauti', 'case', 'glass', 'build', 'although', 'prefer', 'amol', 'display', 'f']"
Motorola Moto X4 hands-on,"['alreadi', 'long', 'moto', 'brand', 'user', 'everyon', 'like', 'moto', 'produc', 'qualiti', 'proudli', 'use', 'first', 'brand', 'whoever', 'ask', 'purchas', 'say', 'go', 'moto', 'lenova', 'link', 'product', 'moto', 'lot', 'complain']"
Motorola Moto X4 hands-on,"['one', 'greatest', 'advantag', 'moto', 'devic', 'batteri', 'life', 'galaxi', 's7', 'last', '8', 'hour', 'best', 'return', '7', 'day', 'moto', 'g5', 'plu', 'batteri', 'last', '12', 'day', 'moto', 'z', 'play', 'current', 'devic', 'batteri', 'last', '23', 'day', 'heck', 'ev']"
Sony Xperia XZ1 hands-on,"['xz1', 'could', 'tap', 'wake', 'wake']"
Sony Xperia XZ1 hands-on,"['phone', 'look', 'much', 'better', 'copycat', 'xz2', 'lol', 'soni', 'alway', 'go', 'backward']"
Sony Xperia XZ1 hands-on,"['get', 'defens', 'start', 'make', 'indirect', 'insult']"
LG V30 hands-on,"['sooooo', 'still', 'wait']"
LG V30 hands-on,"['seem', 'your', 'possess', 'samsung', 'fanboy', 'child', 'cant', 'accept', 'truth', 'alreadi', 'said', 'lcd', 'screen', 'overal', 'better', 'amol', 'screen', 'amol', 'screen', 'burn', 'time', 'mean', 'recogn']"
LG V30 hands-on,"['look', 'like', 'cant', 'provid', 'seem', 'base', 'childish', 'attack', 'antic', 'sole', 'possibl', 'burn', 'serious', 'lcd', 'doesnt', 'get', 'imag', 'retent', 'issu', 'uniqu', 'one', 'lcd']"
Sony Xperia XA1 Plus hands-on,"['hi', 'dual', 'sim', 'model', 'dedic', 'slot', 'microsd', 'use', 'sim', 'card', '2', 'slot', 'share', 'ur', 'experi', 'use', 'phone', 'im', 'think', 'buy']"
Sony Xperia XA1 Plus hands-on,"['purchas', 'xperia', 'xa1', 'canada', 'phone', 'touch', 'screen', 'speaker', 'problem', 'read', 'review', 'buy']"
Sony Xperia XA1 Plus hands-on,"['love', 'screen', 'soni']"
Sony Xperia XZ1 Compact hands-on,"['peopl', 'like', 'know', 'complain', 'anyth', 'that', 'didnt', 'know', 'thing', 'workdual', 'speakerbig', 'batteri', '2700', 'mah', 'consid', 'big', '46', 'inch', 'phone', 'head', 'phone', 'jack', 'fingerprint', 'compact', 'phone', 'tell', 'manufact']"
Sony Xperia XZ1 Compact hands-on,"['dont', 'understand', 'peopl', 'want', 'compact', 'good', 'batteri', 'life', 'complain', 'low', 'resolut', 'thick', 'lower', 'resolut', 'better', 'batteri', 'life', 'compact', 'size', 'increas', 'thick', 'smh']"
Sony Xperia XZ1 Compact hands-on,"['dream', 'phone', 'peopl', 'like', 'need', 'coupl', 'phone', 'easi', 'access', 'email', 'data', 'requir', 'access', 'laptop', 'bigger', 'devic', 'proper', 'comput', 'want', '150mm', 'devic']"
"Gear Sport, Fit2 Pro, IconX (2018) hands-on","['disappoint', 'samsumg', 'gear', 'sport']"
"Gear Sport, Fit2 Pro, IconX (2018) hands-on","['gear', 'sport', 'make', 'receiv', 'call']"
"Gear Sport, Fit2 Pro, IconX (2018) hands-on","['way', 'hr', 'sensor', 'improv']"
Moto G5S Plus hands-on,['ye']
Moto G5S Plus hands-on,"['mi', 'a1', 'lot', 'better', 'crap', 'cheaper']"
Moto G5S Plus hands-on,"['purchas', 'devic', 'httpswwwqualcommcomnewsonq20171127deviceaiaccelerationdebutsmotorolasmartphonessnapdragonneuralprocessingcmpidfofyus1728']"
Nokia 8,"['phone', 'alway', 'restart', 'hate', 'duplic', 'app', 'delet', 'get', 'delet', 'need', 'new', 'phone']"
Nokia 8,"['sinc', 'unbox', 'use', 'screen', 'cold', 'weather', 'around', '10c', 'stop', 'respond', 'even', '15', 'windi', 'weather', 'nokia', '8', 'affect', 'problem', 'pretti', 'good', 'devic']"
Nokia 8,"['still', 'nokia', '8', 'nowaday', 'use', 'daili', 'lot', 'call', 'read', 'news', 'use', 'app', 'even', 'game', 'still', 'handl', 'pretti', 'solid', 'batteri', 'life', 'havent', 'chang', 'much', 'sinc', 'new', 'sad', 'kept', 'thi']"
Samsung Galaxy Note8 hands-on,"['stop', 'use', 'phone', 'drive', 'sir', 'harm', 'love', 'famili']"
Samsung Galaxy Note8 hands-on,"['cant', 'believ', 'didnt', 'includ', 'ir', 'port', 'useful', 'fingerprint', 'back', 'use', 'car', 'quick', 'tap', 'work', 'terribl', 'curv', 'screen', 'stylu', 'sure', 'samsung', 'know', 'best', 'anymor', 'must', 'see']"
Samsung Galaxy Note8 hands-on,"['mean', 'note', '4']"
Xiaomi Mi Max 2,"['mez', 'use', 'mi', 'max', '2', '8', 'year', 'still', 'function', 'truli', 'well', 'except', 'outdat', 'app', 'love', 'phone', 'true', 'legend', 'hope', 'launch', 'someth', 'new', 'mi', 'max', 'famili']"
Xiaomi Mi Max 2,"['use', '8', 'year', 'ive', 'drop', 'throw', 'water', 'open', 'mani', 'time', 'overcharg', 'still', 'good', 'phone', 'good']"
Xiaomi Mi Max 2,"['6', 'year', 'alreadi']"
Hands-on Nokia 8,"['welcom', 'back', 'nokia', 'wait', 'guy', 'long', 'time', 'guy', 'bring', 'beauti', 'handset', 'plea', 'market']"
Hands-on Nokia 8,"['phone', 'chine', 'phone', 'phone', 'made', 'china']"
Hands-on Nokia 8,"['nokia', 'back']"
Nokia 6,"['great', 'stuff']"
Nokia 6,"['hello', 'nokia', '6', 'expect', 'recent', 'app', 'button', 'work', 'batteri', 'saver', 'activ', 'download', 'app', 'via', 'playstor', 'support', 'featur', 'insert', 'earpiec', 'one', 'side', 'earpiec', 'work', 'fix', 'well']"
Nokia 6,"['phone', 'doesnt', 'provid', 'call', 'sound', 'second', 'parti', 'unless', 'put', 'speaker', 'also', 'loud', 'enough', 'en']"
Moto Z2 Force,"['nice', 'phone', '6', '7', 'hour', 'wifi', 'use', 'continus']"
Moto Z2 Force,"['nice', 'detail', 'bw', 'sensor', 'captur', 'dont', 'affect', 'color', 'pictur', 'though', 'right', 'color', 'pictur', 'detail', 'color', 'sensor', 'captur']"
Moto Z2 Force,"['hey', 'tell', 'india', 'festiv', 'offer', 'get', 'phone', '250', 'realli', 'good', 'deal', 'choos', 'go', 'new', 'devic', 'plea', 'tell']"
Doogee Mix,"['got', 'phone', 'iphone5', 'nearli', '4', 'year', 'never', 'miss', 'beat', 'drop', 'load', 'time', 'damag', 'pictur', 'qualiti', 'bit', 'hit', 'miss', 'worst', 'ive', 'use', 'charg', 'get', 'slower', 'batteri', 'last', 'ag']"
Doogee Mix,"['dont', 'get', 'fool', 'name', 'isocel', 's5k3p3', 'patent', 'garbag', 'toy', 'camera', 'imag', 'sensor', 'phone', 'imag', 'sensor', 'model', 'ulefon', 'armor', '2', 'also', 'produc', 'noisi', 'imag', 'perfect', 'daylight', 'coincid', 'ima']"
Doogee Mix,"['dont', 'dooge', 'mix']"
Samsung Galaxy J5 (2017),"['get', 'info', 'topic']"
Samsung Galaxy J5 (2017),"['use', 'past', 'ten']"
Samsung Galaxy J5 (2017),"['phone', 'doesnt', 'screen', 'fell', 'ground', 'got', 'black', 'screen', 'im', 'gonna', 'fix']"
Samsung Galaxy J7 Max p,"['still', 'use', 'phone', 'still', 'run', 'good', 'back', 'good']"
Samsung Galaxy J7 Max p,"['nice', 'phone', 'love']"
Samsung Galaxy J7 Max p,['order']
Our editors talk,"['hmmthat', 'right']"
Our editors talk,"['get', 'kind', 'stupid', 'theori']"
Our editors talk,"['phone', 'describ', 'market', 'fan', 'boy', 'could', 'read', 'list', 'state', 'matter', 'fact', 'favorit', 'phone', 'meet', '100', 'criterion']"
Nokia 5,"['use', '2019', 'send', 'voic', 'note', 'sinc', 'octob', 'last', 'year', 'took', 'profession', 'luck', 'could', 'problem']"
Nokia 5,"['like', 'find']"
Nokia 5,"['three', 'year', 'still', 'go', 'fine', '16gb', 'realli', '8', 'system', 'swallow', 'half', 'small', 'smart', 'phone', 'power', 'point', 'work', 'one', 'cabl', 'guess', 'origin', 'part']"
Samsung Galaxy J7 (2017),"['opinion', 'great', 'phone', 'mani', 'featur', 'look', 'premium', 'issu', 'well', 'built', 'storag', '16', 'gb', 'downsid', 'sd', 'card', 'thing', 'get', 'better']"
Samsung Galaxy J7 (2017),"['amaz', 'build', 'qualiti', 'bought', '2017', 'use', 'daili', '3', 'year', 'phone', 'work', 'like', '1st', 'day', 'bought', 'button', 'usb', 'head', 'phone', 'jack', 'tire', 'materi', 'whatsoev', 'batteri', 'last', 'forev', 'week', 'power', 'save']"
Samsung Galaxy J7 (2017),"['ive', 'bought', 'j7', 'around', 'june', '2017', 'still', 'ok', 'nowday']"
Oppo R11,"['oppon', 'r11', 'cant', 'save', 'video', 'pictur', 'music', 'wipe', 'away']"
Oppo R11,"['killer', 'phone', 'one', 'best', 'smartphon']"
Oppo R11,"['wish', 'spec', 'would', 'phone', '3d', '55', 'inch', 'super', 'amol', 'display', 'corn', 'gorilla', 'glass', '5', '1080p', 'screen', 'resolut', 'snapdragon', '660', '64gb', '4gb', 'ddr4', 'ram', 'dual', 'sim', 'sd', 'card', 'support', 'volt', 'nfc', '12mp', 'dual', 'rear', 'camera', 'f17', 'ki']"
ZTE Nubia Z17,"['fyi', 'z17', '6gb64gb', 'model', '390', 'import', 'site']"
ZTE Nubia Z17,"['dont', 'make', 'camera', 'comparison', 'phone', 'sampl', 'realli', 'nice', 'nicer', 'g6', 's8', 'iphon', '7', 'etc']"
ZTE Nubia Z17,"['appl', 'wasnt', 'first', 'think', 'leeco', 'le', 'max', '2']"
Honor 9,['good']
Honor 9,"['batteri', 'time', 'short']"
Honor 9,"['found', 'ifixit', 'ship', 'certain', 'eu', 'countri']"
Xiaomi Redmi 4,['isnt']
Xiaomi Redmi 4,"['still', 'rock', 'solid', 'late', '20225', 'year', 'alreadi', 'hand', 'still', 'run', 'smoothli', 'suppps', 'still', 'quit', 'well', 'given', 'age', 'bad', '5', 'inch', 'display', 'arent', 'thing', 'anymor']"
Xiaomi Redmi 4,"['nooo', 'xiaomi', 'redmi', 'note', '11', 'pro', 'best']"
Nokia 3,"['august', '2024', 'phone', 'alreadi', '7', 'year', 'old', 'im', 'still', 'use', 'still', 'work', 'fine', 'except', 'power', 'button', 'wear', 'quickli', 'alreadi', 'repair', 'power', 'button', '67', 'time', 'also', 'day', 'batteri', 'life']"
Nokia 3,"['five', 'year', 'sinc', 'bought', 'mobil', 'still', 'great', 'bought', 'juli', '2017', 'still', 'use', 'april', '2022']"
Nokia 3,"['agre', 'camera', 'standard', 'even', 'consid', 'price', 'rang', 'hand', 'realli', 'sturdi', 'phone', 'even', 'surviv', 'fall', 'twice', 'toilet']"
OnePlus 5 vs. Galaxy S8 vs. iPhone 7 Plus,"['ye', 'realli']"
OnePlus 5 vs. Galaxy S8 vs. iPhone 7 Plus,"['agre', 'bro', 'android', 'function', 'appl', 'devic', 'customiz', 'awesom', 'ui', 'appl', 'cheaper', 'access', 'system', 'configur', 'high', 'end', 'specsif', 'flagship', 'devic', 'etc']"
OnePlus 5 vs. Galaxy S8 vs. iPhone 7 Plus,['sad']
HTC U11 vs. iPhone 7 Plus vs. Xperia XZ Premium,"['unitel', 'iphon', '7plu']"
HTC U11 vs. iPhone 7 Plus vs. Xperia XZ Premium,"['im', 'sorri', 'dont', 'speak', 'english', 'im', 'difficult', 'understand', 'everyth', 'wrote', 'short', 'word', 'seem', 'equal', 'colorsdaylight', 'bit', 'nois', 'xzp', 'writer', 'opinion', 'tend', 'objectiveavoid', 'take', 'positio']"
HTC U11 vs. iPhone 7 Plus vs. Xperia XZ Premium,"['obvious', 'someon', 'tri', 'prove', 'u11', 'everyon', 'know', 'best', 'camera', 'good', 'expert', 'claim', 'xperia', 'certainli', 'better', 'shot', 'ad', 'detail', 'diall', 'exposur', 'win']"
Sony Xperia L1,"['brought', 'dual', 'card', 'phone', 'could', 'use', 'oversea', 'seper', 'sim', 'howev', 'cannot', 'find', 'usa', 'sim', 'compat', 'everytim', 'check', 'imei', 'number', 'come', 'back', 'coverag', 'usa', 'one', 'know', 'sim', 'work', 'even', '3g']"
Sony Xperia L1,"['also', 'phone', 'g3311i', 'instal', 'googl', '1', 'get', 'free', 'addit', '15g', 'memoryfor', 'save', 'document', 'well', 'dont', 'need', 'buy', 'sd', 'card', 'price', 'still', 'go', 'faster']"
Sony Xperia L1,"['ive', 'phone', 'sinc', '2018', 'realli', 'love', 'batteri', 'last', '2', 'day', 'kinda', 'fast', '16gb', 'isnt', 'much', 'though', 'phone', 'get', 'kinda', 'hot', 'stress', 'otherwis', 'realli', 'good', 'phone']"
OnePlus 5,"['still', 'use', 'phone', 'wife', 'good', 'work', 'other', 'get', 'worst', 'issu', 'there', 'brand', 'lol', 'wkkk']"
OnePlus 5,"['bought', 'sinc', 'august', '2017', 'still', 'glare', 'issu', 'except', 'batteri', 'life', 'expect', 'alreadi', 'nearli', '7', 'year', 'old', 'bit', 'screen', 'burn', 'top', 'right', 'signal', 'batteri', 'percentag', 'burn', 'rest', 'screen', 'sti']"
OnePlus 5,"['bought', 'juli', '2017', 'stil', 'work', 'perfectli', 'sinc', 'day', '1', 'batteri', 'perform', 'five', 'year', 'weaker', 'last', 'littl', 'one', 'day', 'definit', 'next', 'one', 'oneplu']"
Moto Z2 Play p,"['well', 'compani', 'wont', 'updat', 'phone', 'that', 'fine', 'cant', 'run', 'around', 'tell', 'world', 'provid', 'updat', 'wont', 'uneth', 'scam', 'motorola', 'scam', 'custom', 'bet']"
Moto Z2 Play p,"['care', 'much', 'updat', 'didnt', 'get', 'x', 'play', 'g', 'seri', 'low', 'end', 'budget', 'smartphon', 'wont', 'get', '1', 'major', 'softwar', 'updat', 'make', 'sen', 'cost', 'lot', 'money', 'mantain', 'older', 'devic', 'motorola', 'googl', 'e']"
Moto Z2 Play p,"['motorola', 'excel', 'brand', 'damag', 'poor', 'custom', 'servic', 'wont', 'buy', 'anoth', 'one', 'due', 'poor', 'experi']"
Oppo R11 p,['batteri']
Oppo R11 p,"['work', 'american', 'carrier', 'like', 'tmobil', 'think', 'id', 'rather', 'spend', '500600', 'r11', 'plu', '1000', 'note', '8']"
Oppo R11 p,"['micro', 'usb', '3000mah', 'batteri', 'realli', 'let']"
HTC U11,"['htc', 'u11', '3', 'yr', 'put', 'last', 'year', 'caus', 'upgrad', 'u12', 'u12', 'gotten', 'stolen', 'u11', 'boot', 'im', 'get', 'blink', 'light', 'tri', 'everi', 'method', 'get', 'turn', 'back', 'question']"
HTC U11,"['brought', 'phone', '2yr', 'back', 'within', 'month', 'fell', 'charg', 'due', 'slipperi', 'smooth', 'back', 'front', 'glass', 'crack', 'couldnt', 'fix', 'wise', 'smooth', 'run', 'batteri', 'complain', 'sinc', 'month', 'troubl']"
HTC U11,"['6', 'month', 'back', 'bought', 'gorilla', 'glass', 'boricken', 'sidei', 'dont', 'think', 'get', 'warranti', 'satisfiedin', 'u11']"
Xiaomi Redmi 4a,"['mi', '4a', 'best', 'best', 'best', 'phone', 'everyth', 'drop', 'sever', 'time', '5', 'year', 'even', 'scratch', 'dent', 'everyth', 'perfect', 'abput', 'phone', 'size', 'fit', 'pocket', 'handi', 'hefti', 'big', 'phone', 'full', 'day', 'life', '10']"
Xiaomi Redmi 4a,"['hope', 'get', 'new', 'phone']"
Xiaomi Redmi 4a,"['hope', 'get', 'new', 'phone']"
Sony Xperia XA1 Ultra,"['superb', 'phone', 'usingno', 'hang', 'hard', 'use', 'camera', 'qualiti', 'amazingphoto', 'qualiti', 'resolut', 'good', 'compar', 'iphon']"
Sony Xperia XA1 Ultra,"['instal', 'open', 'camera', 'give', 'option', 'turn', '4k', 'record', 'max', '4k', 'ultra', 'sure', 'realli', 'resolut', 'also', 'open', 'camera', 'set', 'video', 'bitrat', 'frame', 'rate', 'plea', 'let', 'know', 'sam']"
Sony Xperia XA1 Ultra,"['regret', 'gotten', 'smartphon', 'poor', 'batteri', 'life', 'poor', 'camera', 'resolut', 'practic', 'function']"
Huawei P10 Lite,"['challeng', 'plea', 'let', 'anyon', 'knowledg', 'help', 'u']"
Huawei P10 Lite,"['lite', 'p30', 'lite', 'must', 'say', 'one', 'best', 'p8lite', 'close', 'second']"
Huawei P10 Lite,"['phone', 'write', 'screen', 'emui', 'said', 'download', 'latest', 'version', 'recoveri', 'reboot', 'shutdown', 'doesnt', 'work', 'pl', 'help']"
BlackBerry KEYone,"['purchas', 'blackberri', 'keyon', 'two', 'year', 'back', 'use', 'disappoint', 'keyboard', 'didnt', 'work', 'properli', 'type', 'system', 'intric', 'pack', 'box', 'put', 'brief', 'case', 'blackberri', 'rubbish', 'phone', 'would', 'prefe']"
BlackBerry KEYone,"['blackberri', 'dont', 'want', 'pay', 'much', 'o', 'develop', 'sinc', 'market', 'nearli', 'zero', 'didnt', 'much', 'phone', 'develop', 'know', 'wait', 'complet', 'die', 'pay', 'o', 'develop', 'team', 'anymor', '1', 'major', 'upgrad']"
BlackBerry KEYone,"['messeng', 'activ']"
Xiaomi Mi 6,"['phone', 'sinc', '2016', 'still', 'work', 'like', 'first', 'day', 'bravo', 'xiaomi']"
Xiaomi Mi 6,"['phone', '2018', 'pretti', 'sure', 'ceram', 'model', 'also', 'like', 'blue', 'one', 'probabl', 'couldnt', 'get', 'hand', 'vagu', 'rememb', 'camera', 'pretti', 'good', 'pictur', 'cat']"
Xiaomi Mi 6,"['ive', 'got', 'one', 'almost', '3', 'year', 'realli', 'good', 'camera', 'function', 'power', 'shame', 'though', '64gb', 'enough']"
HTC U11 vs. Samsung Galaxy S8+,"['samsung', 'galaxi', 's8', 's21']"
HTC U11 vs. Samsung Galaxy S8+,"['htc', 'u11', 'definetli', 'better', 'tel', 'samsung', 's8plu', 'test', 'tim', 'kntrest', 'htc', 'ahead', 'samsung', 'app', 'im', 'open']"
HTC U11 vs. Samsung Galaxy S8+,"['funnywhat', 'surprisei', 'use', 'htc', 'one', 'beforeit', 'lag', 'timecamera', 'messui', 'gooddrain', 'batteri', 'fastpleas', 'dont', 'compar', 'samsung', 'phone', 'type', 'odd', 'phone']"
Moto G5 Plus p,"['post', 'moto', 'g5', 'display', 'work', 'perfectli', 'even', 'black', 'round', 'everyth', 'work', 'fine', 'phone', 'still', 'compani', 'fit', 'singl', 'repair', 'requir', 'till', 'term', 'tell', 'phone', 'etern']"
Moto G5 Plus p,"['moto', 'g5', 'plu', 'camera', 'take', 'worst', 'pictur', 'ive', 'seen', 'even', 'old', 'moto', 'g3', 'better', 'job', 'hdr', 'suck', 'know', 'softwar', 'sinc', 'sensor', 'quit', 'good', 'find', 'onlin', 'forum', 'peopl', 'report', 'excel', 're']"
Moto G5 Plus p,"['moto', 'g5', 'plu', 'new', 'android', 'softwar', 'come']"
LG G6 vs. Galaxy S8 vs. Xperia XZ Premium,['ok']
LG G6 vs. Galaxy S8 vs. Xperia XZ Premium,"['depend', 'u', 'bought']"
LG G6 vs. Galaxy S8 vs. Xperia XZ Premium,"['best', 'camera', 'result', 'phone', 'would', 'suggest', 'soni', 'xperia', 'xz1', 'lg', 'g6', 'thank']"
Blind shootout revealed,"['test', 'samsung', 's8', 'camera', 'good', 'gsmarena', 'review', 'use', 'custom', 'set', 'use', 'auto', 'set', 's8']"
Blind shootout revealed,"['omg', 'look', '3', 'phone', 'pictur', 'middl', 'one', 'biggest', 'size', 'worst', 'ergonom', 'almost', 'ident', 'screen', 'size', 'compar', 'two', 'two']"
Blind shootout revealed,"['samsung', 'overexpos', 'photo']"
HTC U11 hands-on,"['ir', 'blaster', 'deal', 'realli', 'like', 'phone', 'im', 'tire', 'compani', 'play', 'follow', 'game']"
HTC U11 hands-on,['best']
HTC U11 hands-on,"['check', 'mate', 'wrong', 'somewher', '11', '2hour', 'watch', 'video', 'happen', 'offlin', 'condit', 'even', 'imposs', '2', 'hour', 'normal', 'phone', 'high', 'cap', 'batteri', 'phone', 'take', '15', 'per', 'hour', 'play', 'video', 'onlin', 'know', 'l']"
Sony Xperia XZ Premium,"['hi', 'doen', 'anybodi', 'know', 'xz', 'premium', 'sudenli', 'start', 'charg', 'slow', '3watt', 'max', 'batteri', 'still', 'good', 'condit', 'like', 'new', 'last', 'day', '6year', 'charg', 'funni', 'plug', 'charg', 'stop', 'take']"
Sony Xperia XZ Premium,"['uae', 'origin', 'charger', 'leav', 'much', 'charg']"
Sony Xperia XZ Premium,"['test', 'enabl']"
Oppo F3,"['use', 'sinc', 'june', '2017', 'still', 'work', 'fine', 'app', 'cannot', 'instal', 'sinc', 'updat', 'anymor', 'drop', 'alreadi', 'mani', 'time', 'even', 'drop', 'toilet', 'bowl', 'clean', 'cours', 'lol']"
Oppo F3,"['im', 'use', 'phone', 'sinc', 'oct', '2017', 'still', 'work', 'problem', 'batteri', 'n', 'speed', 'also', 'app', 'support', 'often', 'drop', 'phone', 'display', 'durabl', 'scratch', 'broken', 'glass', 'nothi']"
Oppo F3,"['would', 'like', 'ask', 'broke', 'oppo', 'f3', 'phone', 'display', 'ic', 'oppo', 'f3', 'phone', 'thank']"
Sony Xperia XA1,"['never', 'ever', 'buy', 'one']"
Sony Xperia XA1,"['feel', 'bro', 'problem', 'great', 'phone', 'toushcreen', 'garbag']"
Sony Xperia XA1,"['bare', 'use', 'never', 'drop', 'brand', 'new', 'came', 'mani', 'problemserrorsdefect', 'compass', 'work', 'gp', 'good', 'touch', 'screen', 'stop', 'work', 'side', 'month', 'make', 'nearli', 'imposs', 'use', 'constant', 'crash', 'un']"
Samsung Galaxy C7 Pro p,"['worst', 'camera', 'ever']"
Samsung Galaxy C7 Pro p,['need']
Samsung Galaxy C7 Pro p,"['good', 'upgrabl', 'android', '9', 'pie']"
Oppo F3 Plus,['httpsmgsmarenacompostreviewcommentphp3idreview1605idcomment228364']
Oppo F3 Plus,"['80', 'oreo', 'updat', 'long', 'time']"
Oppo F3 Plus,['nope']
Honor 8 Pro,"['hi', 'interest', 'captur', 'true', 'bw', 'imag', 'cmo', 'sensor', 'without', 'bayer', 'filter', 'raw', 'format', 'capabl', 'oper', 'manual', 'mode', 'notic', 'phone', 'monochrom', 'sensor', 'allow', 'c']"
Honor 8 Pro,['ye']
Honor 8 Pro,"['honor', '8', 'pro', '6', '7', 'plu', '8', 'calm']"
Samsung Galaxy S8,"['need', 'use', 'third', 'parti', 'app', 'especi', 'use', 'volum', 'style', 'that', 'avail', 'googl', 'play']"
Samsung Galaxy S8,"['favorit', 'phone', 'time']"
Samsung Galaxy S8,"['cant', 'seem', 'find', 'screenshot', 'samsung', 's8', 'help']"
Samsung Galaxy S8+,"['good', 'phone']"
Samsung Galaxy S8+,"['replac', 'batteri']"
Samsung Galaxy S8+,"['nope', 'im', 'use', 's8', 'pli', '2024', 'lattest', 'android', 's8', 'plu', 'android', '9and', 'may', 'download', 'third', 'parti', 'app', 'might', 'trick']"
Motorola Moto G5 p,"['phone', 'problem', 'f', 'wrong', 'thing', 'million', 'unremovablegoogl', 'servic', 'app', 'endless', 'permiss', 'use', 'work', 'great', 'til', 'put', 'new', 'sim', 'card', 'seem', 'hack', 'hell', 'figur', 'pr']"
Motorola Moto G5 p,"['love', 'phone']"
Motorola Moto G5 p,"['moto', 'g5', 'work', 'well', 'call', 'turn', 'cellular', 'data', 'work', 'well', 'network', 'plea', 'help']"
Huawei Watch 2,"['featur', 'work', 'reliabl', 'read', 'hrm', 'much', '20', 'bpm', 'notif', 'sometim', 'lost', 'latest', 'firmwar', 'supposedli', 'made', 'hrm', 'detect', 'anyth', '141bpm']"
Huawei Watch 2,"['yup', 'mate', '9', 'watch', 'review', 'one', 'read']"
Huawei Watch 2,"['im', 'guy', 'custom', 'servic', 'month', 'got', 'watch', 'button', 'pop', 'warranti', 'refus', 'cover', 'cant', 'even', 'turn', 'thing', 'otherwis', 'perfect']"
Sony Xperia XZs,[]
Sony Xperia XZs,"['phone', 'good', 'problem', 'overh', 'issu']"
Sony Xperia XZs,['mayb']
Huawei P10 Plus,"['almost', 'problem', 'unfortun', 'use', 'devic', '7', 'year', 'never', 'thought', 'chang', 'coze', 'great', 'phone', 'went', 'local', 'servic', 'center', 'sudden', 'restart', 'problem', 'told']"
Huawei P10 Plus,"['huawei', 'p10', 'plu', 'suddenli', 'black', 'reboot', 'black', 'reboot', 'even', 'batteri', '50', '40', 'case']"
Huawei P10 Plus,"['hello', 'guyzam', 'use', 'huawei', '6x', 'uber', 'driverit', 'work', 'well', 'fast', 'googl', 'map', 'signal', 'lost', 'fast', 'charg', '3gb', 'ram32gb', 'ram', 'get', 'full', 'disturb', 'googl', 'map', 'kind', 'huawei', 'good', 'googl', 'map', 'like']"
Huawei P10 Plus vs P10,"['p10', 'plu', 'captur', 'light', 'p10', 'plu', 'low', 'light', 'well', 'uhm', 'sir', 'confus']"
Huawei P10 Plus vs P10,"['problem', 'camera', 'p10', 'plu', 'sinc', 'im', 'probut', 'like', 'take', 'pictur', 'realli', 'dont', 'know', 'set', 'alway', 'blue', 'dot', 'whenev', 'shoot', 'directli', 'lightbulbit', 'like', 'reflect']"
Huawei P10 Plus vs P10,"['disagre', 'gsmarenaon', 'p10', 'plu', 'captur', 'light', 'p10', 'plu', 'low', 'light', 'p10', 'plu', 'detail', 'p10']"
Samsung Galaxy S8 and S8+ hands-on,['agre']
Samsung Galaxy S8 and S8+ hands-on,"['fyi', 'xz', 'premium', 'use', 'display', 'panel', '4k', 'shift', 'save', 'energi', 'switch', 'fhd', '960fp', 'video', 'creativ', 'user', 'hire', 'audio', 'audiophil', 'imx400', 'xperia', 'xz', 'premium', 'xz', 's8', 's8']"
Samsung Galaxy S8 and S8+ hands-on,"['previou', 'gener', 'phone', 'use', '28', 'nm', 'process', 'need', 'larger', 'batteri', 's8', 'built', '10nm', 'process', '30', 'power', 'effici', '3000mah', 'batteri', 'suffic']"
Xiaomi Redmi Note 4 (S625),"['whatsapp', 'still', 'work', 'miui', '11', 'android', '7', 'n', 'applic', 'avail', 'play', 'store', 'insta', 'snap', 'pubg', 'work', 'well', 'batteri', 'life', 'around', '6', '7', 'hour', 'charg', 'speed', '130', 'min', 'full', 'charg', 'dont', 'root', 'phone', 'hi']"
Xiaomi Redmi Note 4 (S625),"['yeah', 'goog', 'still', 'work']"
Xiaomi Redmi Note 4 (S625),"['better', 'buy', 'use', 'googl', 'pixel', '4', '4xl', 'verizon', 'tmobil', 'need', 'wont', 'abl', 'flash', 'manufactur', 'lock', 'oem', 'xiaomi', 'redmi', 'note', '4', 'alreadi', 'outdat', 'even']"
Honor 6X vs. ZTE Blade V8 Pro,"['got', '6x', 'quit', 'time', 'say', 'perfect', 'everyth', 'play', 'asphalt8', 'hearth', 'stone', 'everyth', 'el', 'smoother', 'galaxi', 'note', '4', 'opinion', 'need', 'camera', 'stabilis', 'useless', 'dual', 'cam']"
Honor 6X vs. ZTE Blade V8 Pro,"['honor', '6x', 'face', 'problem', 'stabl', 'charg', 'updat', 'nougat', 'ui', 'much', 'better', 'overal', 'great', 'deal', 'price', '14k', 'india', 'better', 'note', '4', 'sure']"
Honor 6X vs. ZTE Blade V8 Pro,"['agre', 'point', 'camera', 'much', 'wors', 'redmi', 'note', '4']"
Samsung Galaxy A7 (2017),"['touch', 'screen', 'samsung', 'a7', '2017', 'work']"
Samsung Galaxy A7 (2017),"['common', 'error', 'moistur', 'detect', 'issu', 'pop', 'neither', 'dirt', 'moistur', 'charg', 'port']"
Samsung Galaxy A7 (2017),"['updat', 'android', 'version', '8', 'internet', '4g', 'slowli', 'tell', 'happen']"
